Date,Id,market value
2008,1,
2009,1,
2010,1,
2011,1,
2012,1,
2013,1,
2014,1,
2015,1,
2016,1,
2017,1,
2018,1,
2019,1,
2020,1,
2008,2,15.09
2009,2,42.66
2010,2,44.58
2011,2,21.86
2012,2,21.95
2013,2,47.05
2014,2,47.8
2015,2,40.67
2016,2,8.66
2017,2,7.86
2018,2,4.32
2019,2,4.32
2020,2,4.32
2008,3,
2009,3,
2010,3,
2011,3,
2012,3,
2013,3,18.05
2014,3,6.19
2015,3,10.44
2016,3,3.03
2017,3,7.65
2018,3,6.2
2019,3,29.88
2020,3,68.59
2008,4,
2009,4,
2010,4,
2011,4,
2012,4,
2013,4,13.4
2014,4,13.11
2015,4,13.28
2016,4,14.05
2017,4,13.76
2018,4,7.41
2019,4,10.01
2020,4,7.61
2008,5,
2009,5,
2010,5,
2011,5,
2012,5,
2013,5,
2014,5,19.78
2015,5,10.3
2016,5,5.61
2017,5,13.72
2018,5,7.45
2019,5,11.82
2020,5,13.54
2008,6,
2009,6,
2010,6,
2011,6,
2012,6,
2013,6,
2014,6,24.51
2015,6,21.12
2016,6,5.66
2017,6,7.29
2018,6,4.47
2019,6,4.47
2020,6,4.47
2008,7,
2009,7,
2010,7,
2011,7,
2012,7,
2013,7,
2014,7,49.99
2015,7,42.5
2016,7,58.5
2017,7,59.17
2018,7,61.71
2019,7,66.73
2020,7,66.73
2008,8,251.11
2009,8,348.61
2010,8,515.91
2011,8,442.11
2012,8,651.48
2013,8,1307.64
2014,8,1849.93
2015,8,2983.93
2016,8,3840.1
2017,8,4230.79
2018,8,2970.24
2019,8,3693.18
2020,8,3606.36
2008,9,238.7
2009,9,288.29
2010,9,279.88
2011,9,192.19
2012,9,153.68
2013,9,158.69
2014,9,183.89
2015,9,159.37
2016,9,125.89
2017,9,240.92
2018,9,137.23
2019,9,191.38
2020,9,140.81
2008,10,499.01
2009,10,792.08
2010,10,874.65
2011,10,675.92
2012,10,754.74
2013,10,870.48
2014,10,876.46
2015,10,840.17
2016,10,572.88
2017,10,823.75
2018,10,655.78
2019,10,984.21
2020,10,965.58
2008,11,370.12
2009,11,383.91
2010,11,335.81
2011,11,137.36
2012,11,166.5
2013,11,134.78
2014,11,111.38
2015,11,83.76
2016,11,38.86
2017,11,176.62
2018,11,126.45
2019,11,101.59
2020,11,92.03
2008,12,35.31
2009,12,83.79
2010,12,106.71
2011,12,96.53
2012,12,89.59
2013,12,93.21
2014,12,95.02
2015,12,111.62
2016,12,53.09
2017,12,107.76
2018,12,123.23
2019,12,88.6
2020,12,62.7
2008,13,144.02
2009,13,245.07
2010,13,287.59
2011,13,227.26
2012,13,225.92
2013,13,511.76
2014,13,245.58
2015,13,256.93
2016,13,290.75
2017,13,481.15
2018,13,171.89
2019,13,191.95
2020,13,141.98
2008,14,
2009,14,
2010,14,
2011,14,
2012,14,
2013,14,
2014,14,
2015,14,
2016,14,
2017,14,
2018,14,
2019,14,
2020,14,
2008,15,1377.48
2009,15,2197.92
2010,15,2878.23
2011,15,3094.69
2012,15,4117.53
2013,15,5984.81
2014,15,5333.04
2015,15,7121.82
2016,15,7121.82
2017,15,7121.82
2018,15,7121.82
2019,15,7121.82
2020,15,7121.82
2008,16,
2009,16,
2010,16,
2011,16,
2012,16,
2013,16,
2014,16,
2015,16,
2016,16,
2017,16,
2018,16,
2019,16,
2020,16,
2008,17,
2009,17,
2010,17,
2011,17,
2012,17,
2013,17,
2014,17,
2015,17,9068.22
2016,17,11274.71
2017,17,19809.93
2018,17,18686.82
2019,17,31108.38
2020,17,43131.54
2008,18,
2009,18,
2010,18,
2011,18,
2012,18,
2013,18,
2014,18,
2015,18,
2016,18,33.92
2017,18,40.8
2018,18,34.99
2019,18,41.06
2020,18,33.58
2008,19,1393.92
2009,19,2118.47
2010,19,2828.5
2011,19,2988.21
2012,19,3368.64
2013,19,3531.26
2014,19,2996.93
2015,19,4646.4
2016,19,5395.63
2017,19,7486.52
2018,19,8578.42
2019,19,9455.43
2020,19,10849.35
2008,20,
2009,20,
2010,20,
2011,20,
2012,20,
2013,20,
2014,20,
2015,20,52.27
2016,20,49.37
2017,20,71.57
2018,20,88.82
2019,20,94.38
2020,20,153.96
2008,21,
2009,21,
2010,21,
2011,21,
2012,21,
2013,21,
2014,21,
2015,21,326.02
2016,21,238.21
2017,21,253.82
2018,21,197.22
2019,21,201
2020,21,187.96
2008,22,
2009,22,
2010,22,
2011,22,
2012,22,
2013,22,
2014,22,
2015,22,138.7
2016,22,140.76
2017,22,142.43
2018,22,117.67
2019,22,100.95
2020,22,78.13
2008,23,44.93
2009,23,58.09
2010,23,59.58
2011,23,43.8
2012,23,37.38
2013,23,39.66
2014,23,35.4
2015,23,36.82
2016,23,27.08
2017,23,42.15
2018,23,33.88
2019,23,30.56
2020,23,27.74
2008,24,249.42
2009,24,360.53
2010,24,447.15
2011,24,371.87
2012,24,362.8
2013,24,514.72
2014,24,603.61
2015,24,749.18
2016,24,722.88
2017,24,964.14
2018,24,986.82
2019,24,952.35
2020,24,1269.8
2008,25,
2009,25,
2010,25,
2011,25,
2012,25,
2013,25,
2014,25,
2015,25,
2016,25,
2017,25,
2018,25,
2019,25,
2020,25,
2008,26,388.78
2009,26,589.07
2010,26,484.5
2011,26,487.2
2012,26,498.03
2013,26,753.44
2014,26,470.47
2015,26,552.66
2016,26,531.49
2017,26,208.66
2018,26,50.98
2019,26,55.07
2020,26,437.38
2008,27,102.05
2009,27,85.59
2010,27,69.53
2011,27,44.27
2012,27,49.35
2013,27,57.51
2014,27,56.69
2015,27,159.65
2016,27,151.49
2017,27,263.06
2018,27,66.67
2019,27,69.76
2020,27,41.27
2008,28,293.69
2009,28,293.69
2010,28,212.49
2011,28,166.97
2012,28,140.42
2013,28,243.6
2014,28,230.15
2015,28,283.48
2016,28,249.85
2017,28,362.52
2018,28,273.87
2019,28,348.35
2020,28,361.56
2008,29,104.59
2009,29,86.81
2010,29,86.81
2011,29,91.15
2012,29,89.37
2013,29,86.81
2014,29,88.54
2015,29,96.79
2016,29,79.99
2017,29,85.38
2018,29,91.15
2019,29,91.15
2020,29,91.15
2008,30,471.36
2009,30,705.92
2010,30,689.92
2011,30,345.07
2012,30,283.58
2013,30,441.52
2014,30,466.34
2015,30,301.55
2016,30,161.65
2017,30,51.76
2018,30,49.6
2019,30,26.28
2020,30,178.91
2008,31,
2009,31,
2010,31,7.35
2011,31,5.18
2012,31,0.43
2013,31,2.33
2014,31,14.25
2015,31,6.3
2016,31,1.81
2017,31,4.73
2018,31,0.92
2019,31,1.86
2020,31,6.54
2008,32,46.06
2009,32,41.85
2010,32,38.56
2011,32,37.93
2012,32,30.11
2013,32,36.4
2014,32,35.52
2015,32,36.4
2016,32,33.87
2017,32,37.18
2018,32,34.17
2019,32,34.02
2020,32,31.61
2008,33,53.5
2009,33,26.51
2010,33,21.28
2011,33,13.67
2012,33,14.53
2013,33,15.25
2014,33,18.06
2015,33,19.54
2016,33,13.91
2017,33,23
2018,33,17.51
2019,33,17.51
2020,33,17.51
2008,34,1591.4
2009,34,1695.9
2010,34,1120.27
2011,34,807.3
2012,34,750.98
2013,34,1101.67
2014,34,1725.4
2015,34,3580.02
2016,34,3695.28
2017,34,3695.28
2018,34,3695.28
2019,34,3695.28
2020,34,3695.28
2008,35,394.62
2009,35,537.83
2010,35,336.54
2011,35,253
2012,35,260.48
2013,35,662.26
2014,35,797.99
2015,35,939.6
2016,35,668.62
2017,35,1201.36
2018,35,819.47
2019,35,1069.92
2020,35,1058.15
2008,36,1914.74
2009,36,1865.14
2010,36,1412.08
2011,36,1117.76
2012,36,1742.78
2013,36,2167.73
2014,36,1737.82
2015,36,2744.8
2016,36,3722.01
2017,36,3720.36
2018,36,2484.37
2019,36,3712.09
2020,36,3224.31
2008,37,631.99
2009,37,686.55
2010,37,556.78
2011,37,322.98
2012,37,283.94
2013,37,544.58
2014,37,417.03
2015,37,933.89
2016,37,1063.42
2017,37,1136.07
2018,37,875.51
2019,37,1026.37
2020,37,1245.25
2008,38,808.94
2009,38,999.67
2010,38,852.2
2011,38,961.87
2012,38,1422.29
2013,38,1966.41
2014,38,1484.39
2015,38,1973.61
2016,38,1477.5
2017,38,1583.81
2018,38,696.92
2019,38,1431.94
2020,38,1054.55
2008,39,161.25
2009,39,227.1
2010,39,233.26
2011,39,181.77
2012,39,158.98
2013,39,142.94
2014,39,122.72
2015,39,104.59
2016,39,129.87
2017,39,130.04
2018,39,147.48
2019,39,157.73
2020,39,574.83
2008,40,206.42
2009,40,243.65
2010,40,147.37
2011,40,247.56
2012,40,283.69
2013,40,377.67
2014,40,270.87
2015,40,322.3
2016,40,269.12
2017,40,632.37
2018,40,683.37
2019,40,1387.13
2020,40,1920.42
2008,41,225.62
2009,41,141.32
2010,41,67.05
2011,41,60.09
2012,41,26.44
2013,41,64.22
2014,41,28.5
2015,41,22.2
2016,41,17.94
2017,41,20.28
2018,41,94.1
2019,41,77.57
2020,41,201.95
2008,42,27978.06
2009,42,38060.08
2010,42,35168.55
2011,42,29564.14
2012,42,29507.72
2013,42,29846.25
2014,42,34754.8
2015,42,36597.86
2016,42,42578.04
2017,42,52155.02
2018,42,51280.69
2019,42,71898.69
2020,42,84139.38
2008,43,4672.12
2009,43,6002.72
2010,43,6333.57
2011,43,5234.02
2012,43,6078.21
2013,43,7300.29
2014,43,7557.57
2015,43,9559.52
2016,43,8747.49
2017,43,9736.4
2018,43,9955.49
2019,43,11967.5
2020,43,12562.45
2008,44,27.88
2009,44,35.18
2010,44,45.57
2011,44,25.97
2012,44,12.53
2013,44,29.06
2014,44,15.1
2015,44,13.11
2016,44,9.62
2017,44,10.66
2018,44,10.66
2019,44,10.66
2020,44,10.66
2008,45,
2009,45,
2010,45,
2011,45,
2012,45,
2013,45,
2014,45,
2015,45,
2016,45,
2017,45,
2018,45,
2019,45,
2020,45,
2008,46,2051.92
2009,46,1592.98
2010,46,1831.5
2011,46,1040.97
2012,46,969.84
2013,46,1762.28
2014,46,1903.91
2015,46,3024.1
2016,46,2459.75
2017,46,3279.66
2018,46,2557.71
2019,46,3927.07
2020,46,3652.35
2008,47,3981.92
2009,47,4592.84
2010,47,3223.76
2011,47,2276.06
2012,47,1370.02
2013,47,2664.54
2014,47,2623.81
2015,47,3928.66
2016,47,3853.47
2017,47,4830.94
2018,47,4926.49
2019,47,5238.21
2020,47,4086.87
2008,48,
2009,48,
2010,48,7904.99
2011,48,8069.99
2012,48,7025
2013,48,9154.99
2014,48,8670
2015,48,9415
2016,48,9450
2017,48,9450
2018,48,9450
2019,48,9450
2020,48,9450
2008,49,
2009,49,
2010,49,
2011,49,
2012,49,32.6
2013,49,56.28
2014,49,43.61
2015,49,27.34
2016,49,16.22
2017,49,20.11
2018,49,19.34
2019,49,17.8
2020,49,17.91
2008,50,
2009,50,
2010,50,
2011,50,
2012,50,
2013,50,
2014,50,89.11
2015,50,75.97
2016,50,72.36
2017,50,77.56
2018,50,73.68
2019,50,63.98
2020,50,84.82
2008,51,
2009,51,
2010,51,
2011,51,
2012,51,
2013,51,
2014,51,
2015,51,
2016,51,
2017,51,
2018,51,
2019,51,
2020,51,
2008,52,
2009,52,
2010,52,
2011,52,
2012,52,
2013,52,
2014,52,
2015,52,16.06
2016,52,19.54
2017,52,37.95
2018,52,35.7
2019,52,32.47
2020,52,29.39
2008,53,91.32
2009,53,92.32
2010,53,101.82
2011,53,97.64
2012,53,101.53
2013,53,102.48
2014,53,89.57
2015,53,189.41
2016,53,175.03
2017,53,349.91
2018,53,266.72
2019,53,445.28
2020,53,338.17
2008,54,66.87
2009,54,57.65
2010,54,61.17
2011,54,48.24
2012,54,74.92
2013,54,75.79
2014,54,127.99
2015,54,193.94
2016,54,452.91
2017,54,502.31
2018,54,244.5
2019,54,644.66
2020,54,520.57
2008,55,279.23
2009,55,237.88
2010,55,353.89
2011,55,336.07
2012,55,386.04
2013,55,483.94
2014,55,520.17
2015,55,958.52
2016,55,1092.36
2017,55,1801.32
2018,55,1192.31
2019,55,985.99
2020,55,818.25
2008,56,60
2009,56,68
2010,56,62.6
2011,56,57.46
2012,56,79.94
2013,56,81.28
2014,56,141.42
2015,56,155.36
2016,56,165.85
2017,56,354.33
2018,56,180.31
2019,56,171.93
2020,56,146.35
2008,57,203
2009,57,348
2010,57,352.64
2011,57,277.24
2012,57,305.54
2013,57,319
2014,57,309.95
2015,57,284.66
2016,57,295.57
2017,57,403.68
2018,57,404.84
2019,57,404.84
2020,57,404.84
2008,58,2004.06
2009,58,2209.25
2010,58,2320.87
2011,58,2057.1
2012,58,3219.78
2013,58,4015.01
2014,58,3283.19
2015,58,4390.76
2016,58,5287.98
2017,58,5913.35
2018,58,4523.59
2019,58,5762.42
2020,58,7797.63
2008,59,56.14
2009,59,79.22
2010,59,106.16
2011,59,92.65
2012,59,107.69
2013,59,152.83
2014,59,173.57
2015,59,236.3
2016,59,236.3
2017,59,367.2
2018,59,344.25
2019,59,408
2020,59,320.45
2008,60,102
2009,60,138.1
2010,60,132.4
2011,60,89.8
2012,60,67.86
2013,60,84.96
2014,60,80.3
2015,60,95.58
2016,60,73.74
2017,60,83.2
2018,60,56.4
2019,60,43.2
2020,60,60.2
2008,61,42.66
2009,61,32.18
2010,61,61.49
2011,61,41.51
2012,61,37.44
2013,61,39.77
2014,61,43.34
2015,61,24.84
2016,61,40.67
2017,61,142.92
2018,61,96.62
2019,61,98.21
2020,61,88.7
2008,62,41.07
2009,62,43.23
2010,62,43.74
2011,62,52.04
2012,62,39.55
2013,62,47.31
2014,62,49.25
2015,62,60.03
2016,62,50.57
2017,62,73.75
2018,62,50.91
2019,62,50.21
2020,62,47.54
2008,63,53.91
2009,63,70.19
2010,63,56.71
2011,63,55.81
2012,63,77.13
2013,63,91.99
2014,63,95.27
2015,63,99.54
2016,63,175.76
2017,63,273.5
2018,63,224.22
2019,63,261.18
2020,63,362.2
2008,64,15387.91
2009,64,14558.29
2010,64,12965.5
2011,64,11149.39
2012,64,9163.7
2013,64,9673.68
2014,64,11881.38
2015,64,15862.39
2016,64,12725.01
2017,64,10953.84
2018,64,7347.66
2019,64,8459.01
2020,64,5785.34
2008,65,359.24
2009,65,395.82
2010,65,577.1
2011,65,431.41
2012,65,525.55
2013,65,803.62
2014,65,979.25
2015,65,1269.3
2016,65,1154.21
2017,65,1431.62
2018,65,1370.42
2019,65,1353.78
2020,65,1121.61
2008,66,
2009,66,
2010,66,
2011,66,147
2012,66,292.14
2013,66,282.41
2014,66,286.3
2015,66,342.78
2016,66,331.1
2017,66,509.5
2018,66,430.81
2019,66,338.89
2020,66,213.46
2008,67,21.2
2009,67,23.97
2010,67,24.05
2011,67,17.35
2012,67,14.51
2013,67,17.45
2014,67,26.84
2015,67,33.28
2016,67,44.97
2017,67,48.44
2018,67,38.22
2019,67,33.88
2020,67,35
2008,68,32.71
2009,68,14.74
2010,68,9.04
2011,68,15.66
2012,68,10.04
2013,68,13.85
2014,68,9.14
2015,68,13.19
2016,68,7.4
2017,68,7.43
2018,68,2.76
2019,68,3.78
2020,68,3.17
2008,69,1965.82
2009,69,3344.62
2010,69,3552.47
2011,69,2334.68
2012,69,3099.69
2013,69,4514.73
2014,69,4376.25
2015,69,4400.3
2016,69,5494.9
2017,69,5750.96
2018,69,5287.17
2019,69,5287.17
2020,69,5287.17
2008,70,24.26
2009,70,46.42
2010,70,43.91
2011,70,41.82
2012,70,39.52
2013,70,105.19
2014,70,158.51
2015,70,220.3
2016,70,169.1
2017,70,175.68
2018,70,118.36
2019,70,127.9
2020,70,140.45
2008,71,26.25
2009,71,24.92
2010,71,22.14
2011,71,33.82
2012,71,35.6
2013,71,56.78
2014,71,59.45
2015,71,50.41
2016,71,45.71
2017,71,60.88
2018,71,57.67
2019,71,60.7
2020,71,60.16
2008,72,32.39
2009,72,66.88
2010,72,58.56
2011,72,51.15
2012,72,52.7
2013,72,120.78
2014,72,251.41
2015,72,404.55
2016,72,278.07
2017,72,508.09
2018,72,245.52
2019,72,289.23
2020,72,424.08
2008,73,162.79
2009,73,196.88
2010,73,165.49
2011,73,110.25
2012,73,204.19
2013,73,196.14
2014,73,127.69
2015,73,149.15
2016,73,145.77
2017,73,197.5
2018,73,197.5
2019,73,197.5
2020,73,197.5
2008,74,
2009,74,
2010,74,
2011,74,
2012,74,
2013,74,
2014,74,
2015,74,
2016,74,
2017,74,
2018,74,
2019,74,
2020,74,
2008,75,
2009,75,
2010,75,
2011,75,
2012,75,
2013,75,31.1
2014,75,18.14
2015,75,15.1
2016,75,15.31
2017,75,13.52
2018,75,7.3
2019,75,3.74
2020,75,1.96
2008,76,7747.52
2009,76,12390.56
2010,76,13283.49
2011,76,12163.45
2012,76,11883.07
2013,76,13749.73
2014,76,14352.62
2015,76,16908.08
2016,76,13701.48
2017,76,14282.58
2018,76,13248.25
2019,76,15908.21
2020,76,15463.3
2008,77,687.76
2009,77,980.93
2010,77,1480.7
2011,77,859.7
2012,77,545.01
2013,77,1315.26
2014,77,1070.05
2015,77,1760.77
2016,77,1838.76
2017,77,2989.32
2018,77,2726.75
2019,77,3593.17
2020,77,2765.78
2008,78,1580.09
2009,78,1805.21
2010,78,1727.15
2011,78,1229.86
2012,78,1364.78
2013,78,2345.22
2014,78,2897.15
2015,78,3649.37
2016,78,3265.07
2017,78,4334.55
2018,78,3965.15
2019,78,5809.2
2020,78,4438.82
2008,79,43.12
2009,79,80.91
2010,79,84.13
2011,79,49.84
2012,79,47.08
2013,79,80.45
2014,79,84.28
2015,79,122.59
2016,79,122.59
2017,79,176.84
2018,79,326.6
2019,79,394.69
2020,79,449.94
2008,80,345.76
2009,80,353.02
2010,80,369.43
2011,80,316.69
2012,80,298.64
2013,80,419.83
2014,80,428.04
2015,80,511.95
2016,80,638.54
2017,80,831.22
2018,80,729.02
2019,80,894.28
2020,80,852.09
2008,81,128.29
2009,81,142.66
2010,81,135.48
2011,81,89.25
2012,81,96.05
2013,81,107.68
2014,81,94.07
2015,81,79.64
2016,81,82.84
2017,81,104.54
2018,81,104.21
2019,81,113.07
2020,81,110.71
2008,82,
2009,82,
2010,82,
2011,82,
2012,82,
2013,82,
2014,82,195.08
2015,82,62.03
2016,82,42.23
2017,82,19.64
2018,82,19.64
2019,82,19.64
2020,82,19.64
2008,83,272
2009,83,312
2010,83,382.4
2011,83,360.64
2012,83,397.76
2013,83,434.72
2014,83,446.16
2015,83,533.72
2016,83,485.76
2017,83,716.32
2018,83,748
2019,83,1117.6
2020,83,1203.84
2008,84,265.75
2009,84,474.68
2010,84,473.96
2011,84,400.6
2012,84,289.55
2013,84,402.4
2014,84,310.7
2015,84,299.19
2016,84,274.02
2017,84,416.42
2018,84,333.35
2019,84,394.13
2020,84,561.97
2008,85,56.6
2009,85,92.84
2010,85,91.87
2011,85,53.22
2012,85,58.21
2013,85,101.85
2014,85,102.38
2015,85,138.89
2016,85,115.34
2017,85,190.84
2018,85,234.08
2019,85,310.72
2020,85,366.23
2008,86,265.75
2009,86,474.68
2010,86,473.96
2011,86,400.6
2012,86,289.55
2013,86,402.4
2014,86,310.7
2015,86,299.19
2016,86,274.02
2017,86,416.42
2018,86,333.35
2019,86,394.13
2020,86,561.97
2008,87,27.25
2009,87,40.05
2010,87,22.34
2011,87,10.1
2012,87,3.23
2013,87,6.09
2014,87,3.52
2015,87,3.04
2016,87,136.12
2017,87,26.95
2018,87,22.01
2019,87,20.74
2020,87,11.31
2008,88,26.56
2009,88,27.46
2010,88,20.26
2011,88,12.77
2012,88,11.17
2013,88,9.99
2014,88,9.48
2015,88,8.98
2016,88,6.73
2017,88,6.52
2018,88,4.07
2019,88,6.83
2020,88,6.83
2008,89,68.52
2009,89,88.22
2010,89,67.65
2011,89,75.95
2012,89,76.16
2013,89,101.6
2014,89,103.08
2015,89,98.71
2016,89,80
2017,89,89.54
2018,89,71.04
2019,89,70.54
2020,89,70.54
2008,90,
2009,90,263.11
2010,90,497.97
2011,90,442.64
2012,90,683.17
2013,90,1897.56
2014,90,1139.61
2015,90,2944.36
2016,90,2447.1
2017,90,2654.67
2018,90,3642.56
2019,90,3642.56
2020,90,3642.56
2008,91,
2009,91,
2010,91,
2011,91,
2012,91,
2013,91,31.34
2014,91,12.55
2015,91,10.58
2016,91,12.25
2017,91,78.23
2018,91,58.38
2019,91,25.98
2020,91,15.25
2008,92,
2009,92,
2010,92,
2011,92,
2012,92,
2013,92,
2014,92,17.79
2015,92,14.86
2016,92,9.04
2017,92,19.96
2018,92,4.65
2019,92,15.21
2020,92,13.69
2008,93,
2009,93,
2010,93,
2011,93,
2012,93,
2013,93,
2014,93,11.36
2015,93,12.15
2016,93,6.56
2017,93,6.44
2018,93,6.44
2019,93,6.44
2020,93,6.44
2008,94,
2009,94,
2010,94,
2011,94,
2012,94,
2013,94,
2014,94,
2015,94,
2016,94,
2017,94,
2018,94,
2019,94,
2020,94,
2008,95,164.29
2009,95,602.2
2010,95,815.21
2011,95,722.04
2012,95,838.23
2013,95,904.92
2014,95,1101.43
2015,95,1802.05
2016,95,2047.22
2017,95,2906.08
2018,95,3180.27
2019,95,5804.6
2020,95,7706.26
2008,96,132.13
2009,96,171.3
2010,96,119.13
2011,96,55.94
2012,96,52.74
2013,96,54.15
2014,96,40.97
2015,96,43.56
2016,96,43.56
2017,96,43.56
2018,96,43.56
2019,96,43.56
2020,96,43.56
2008,97,96.77
2009,97,63.03
2010,97,39.05
2011,97,7.08
2012,97,10.11
2013,97,11.16
2014,97,17.86
2015,97,19.88
2016,97,23.76
2017,97,23.29
2018,97,22.06
2019,97,23.2
2020,97,25.47
2008,98,784.3
2009,98,1368.4
2010,98,1793.88
2011,98,1085.56
2012,98,1691.54
2013,98,1907.28
2014,98,1864.76
2015,98,2710.69
2016,98,3147.09
2017,98,4140.17
2018,98,3955.54
2019,98,6456.43
2020,98,9516.8
2008,99,
2009,99,104.94
2010,99,58.94
2011,99,35.31
2012,99,35.01
2013,99,40.6
2014,99,67.96
2015,99,63.49
2016,99,64.04
2017,99,74.25
2018,99,74.25
2019,99,74.25
2020,99,74.25
2008,100,215.28
2009,100,472.79
2010,100,879.06
2011,100,1021.09
2012,100,1632.54
2013,100,1774.56
2014,100,2238.01
2015,100,4136.66
2016,100,3375.71
2017,100,3771.88
2018,100,3303.95
2019,100,2818.07
2020,100,3881.14
2008,101,14.81
2009,101,14.24
2010,101,14
2011,101,20.54
2012,101,17.81
2013,101,18.37
2014,101,17.5
2015,101,15.63
2016,101,19.84
2017,101,23.29
2018,101,23.36
2019,101,19.07
2020,101,11.17
2008,102,52.56
2009,102,121.71
2010,102,90.87
2011,102,49.17
2012,102,63.32
2013,102,106
2014,102,105.5
2015,102,125.7
2016,102,117.46
2017,102,153.37
2018,102,82.57
2019,102,193.77
2020,102,195.67
2008,103,19.91
2009,103,37.09
2010,103,27.68
2011,103,19.13
2012,103,14.09
2013,103,16.84
2014,103,40.54
2015,103,40.85
2016,103,39.98
2017,103,56.3
2018,103,31.88
2019,103,30.41
2020,103,20.74
2008,104,37
2009,104,57.25
2010,104,93.9
2011,104,77.1
2012,104,78.9
2013,104,89.6
2014,104,70.75
2015,104,66.85
2016,104,57.2
2017,104,90.3
2018,104,84.25
2019,104,123.5
2020,104,75
2008,105,5.8
2009,105,14.17
2010,105,16.38
2011,105,9.12
2012,105,11.11
2013,105,15.38
2014,105,13.99
2015,105,10.99
2016,105,6.69
2017,105,13.29
2018,105,9.05
2019,105,6.88
2020,105,6.77
2008,106,109.44
2009,106,96.37
2010,106,122.78
2011,106,80.49
2012,106,88.69
2013,106,134.43
2014,106,140.9
2015,106,126.15
2016,106,149.18
2017,106,235.25
2018,106,205.25
2019,106,149.51
2020,106,180
2008,107,15.6
2009,107,11.07
2010,107,11.34
2011,107,19.46
2012,107,14.71
2013,107,27.81
2014,107,20.19
2015,107,15.31
2016,107,7.54
2017,107,9.75
2018,107,7.39
2019,107,7.37
2020,107,6.85
2008,108,
2009,108,
2010,108,
2011,108,
2012,108,
2013,108,127.4
2014,108,124.8
2015,108,352.24
2016,108,470.76
2017,108,684.19
2018,108,577.65
2019,108,615.57
2020,108,393.93
2008,109,
2009,109,
2010,109,
2011,109,
2012,109,
2013,109,339.2
2014,109,211.65
2015,109,361.13
2016,109,523.13
2017,109,522.69
2018,109,522.69
2019,109,522.69
2020,109,522.69
2008,110,38
2009,110,10.91
2010,110,5.36
2011,110,1
2012,110,4.36
2013,110,4.53
2014,110,2.21
2015,110,1.48
2016,110,0.58
2017,110,5.14
2018,110,2.3
2019,110,2.31
2020,110,2.51
2008,111,1.15
2009,111,1.23
2010,111,1.23
2011,111,1.2
2012,111,0.87
2013,111,0.86
2014,111,0.76
2015,111,0.35
2016,111,0.31
2017,111,0.28
2018,111,1.08
2019,111,1.18
2020,111,1.06
2008,112,478.69
2009,112,438.53
2010,112,499.22
2011,112,486.87
2012,112,530.32
2013,112,1031.18
2014,112,1336.86
2015,112,1800.1
2016,112,2261.38
2017,112,2661.83
2018,112,2135.74
2019,112,2516.57
2020,112,2934.13
2008,113,105.67
2009,113,145.87
2010,113,148.88
2011,113,78.23
2012,113,68.04
2013,113,144.22
2014,113,256.4
2015,113,436.1
2016,113,524.3
2017,113,1158.73
2018,113,470.34
2019,113,406.79
2020,113,515.81
2008,114,14.45
2009,114,23.69
2010,114,18.94
2011,114,14.29
2012,114,11.89
2013,114,12.09
2014,114,14.83
2015,114,32.66
2016,114,28.56
2017,114,35.43
2018,114,17.37
2019,114,19.47
2020,114,7.3
2008,115,47.78
2009,115,35.48
2010,115,56.6
2011,115,49.65
2012,115,53.5
2013,115,74.6
2014,115,72.78
2015,115,101.84
2016,115,111.62
2017,115,111.62
2018,115,111.62
2019,115,111.62
2020,115,111.62
2008,116,173
2009,116,187.88
2010,116,293.99
2011,116,129.06
2012,116,101.49
2013,116,148.55
2014,116,128.83
2015,116,130.9
2016,116,119.95
2017,116,229.63
2018,116,171.62
2019,116,154.55
2020,116,173.58
2008,117,
2009,117,
2010,117,69.07
2011,117,40.53
2012,117,49.23
2013,117,79.78
2014,117,63.18
2015,117,69.6
2016,117,58.31
2017,117,54.08
2018,117,44.55
2019,117,42.51
2020,117,48.64
2008,118,100.8
2009,118,92.82
2010,118,179.13
2011,118,67.97
2012,118,98.69
2013,118,139.26
2014,118,87.38
2015,118,88.58
2016,118,71.28
2017,118,298.58
2018,118,133.92
2019,118,176.97
2020,118,123.08
2008,119,334.3
2009,119,359
2010,119,556.19
2011,119,507.39
2012,119,630.96
2013,119,949.43
2014,119,1268.44
2015,119,1559.15
2016,119,1693.07
2017,119,2854.81
2018,119,2830.86
2019,119,3074.75
2020,119,4392.19
2008,120,
2009,120,
2010,120,
2011,120,
2012,120,
2013,120,
2014,120,1300.39
2015,120,677.35
2016,120,800.2
2017,120,2118.53
2018,120,1560.13
2019,120,1565.38
2020,120,932.26
2008,121,
2009,121,
2010,121,
2011,121,
2012,121,
2013,121,11175.36
2014,121,9073.1
2015,121,8630.79
2016,121,11264.44
2017,121,15240.36
2018,121,10707.82
2019,121,13357.48
2020,121,14087.44
2008,122,308.03
2009,122,710.89
2010,122,979.06
2011,122,666.74
2012,122,889.13
2013,122,1019.94
2014,122,841.3
2015,122,719.48
2016,122,789.38
2017,122,809.82
2018,122,623.82
2019,122,669.61
2020,122,587.85
2008,123,
2009,123,
2010,123,
2011,123,
2012,123,
2013,123,
2014,123,10.62
2015,123,18.05
2016,123,12.76
2017,123,11.23
2018,123,122.7
2019,123,92.03
2020,123,47.72
2008,124,
2009,124,
2010,124,
2011,124,
2012,124,
2013,124,
2014,124,
2015,124,9.97
2016,124,4.87
2017,124,23.47
2018,124,14.55
2019,124,10.64
2020,124,6.65
2008,125,
2009,125,
2010,125,
2011,125,
2012,125,
2013,125,
2014,125,
2015,125,196.09
2016,125,220.81
2017,125,238.35
2018,125,208.56
2019,125,284.6
2020,125,310.17
2008,126,104.56
2009,126,109.03
2010,126,148.72
2011,126,135.7
2012,126,114.81
2013,126,110.42
2014,126,112.84
2015,126,109.32
2016,126,70.76
2017,126,104.99
2018,126,120.63
2019,126,119.66
2020,126,137.36
2008,127,36.73
2009,127,69.74
2010,127,101.06
2011,127,72.32
2012,127,73.63
2013,127,69.21
2014,127,65.14
2015,127,77.83
2016,127,78.31
2017,127,121.19
2018,127,118.13
2019,127,133
2020,127,83.56
2008,128,1010.09
2009,128,1487.85
2010,128,1644.83
2011,128,1324.05
2012,128,1608.43
2013,128,1641.42
2014,128,1816.61
2015,128,2229.57
2016,128,1843.04
2017,128,3531.45
2018,128,2744.16
2019,128,3399.48
2020,128,3399.48
2008,129,230.08
2009,129,326.23
2010,129,425.01
2011,129,347.26
2012,129,446.04
2013,129,687.88
2014,129,729.93
2015,129,719.42
2016,129,962.92
2017,129,1159.93
2018,129,1159.93
2019,129,1159.93
2020,129,1159.93
2008,130,1002
2009,130,1331
2010,130,1286.4
2011,130,1029.7
2012,130,1128
2013,130,1413
2014,130,1666
2015,130,1974
2016,130,2368
2017,130,2400
2018,130,2540
2019,130,2536
2020,130,2536
2008,131,84.8
2009,131,104.71
2010,131,100.77
2011,131,90.12
2012,131,83.27
2013,131,108.46
2014,131,132.12
2015,131,276.02
2016,131,264.66
2017,131,300.58
2018,131,263.36
2019,131,323.85
2020,131,254.98
2008,132,7489.42
2009,132,10433.73
2010,132,9166.54
2011,132,7796.95
2012,132,9047.18
2013,132,13468.53
2014,132,15962.4
2015,132,20231.7
2016,132,18381.94
2017,132,21734.63
2018,132,14921.92
2019,132,17168.04
2020,132,12151.41
2008,133,151.04
2009,133,140.76
2010,133,142.38
2011,133,105.21
2012,133,44.86
2013,133,54.34
2014,133,31.7
2015,133,35.21
2016,133,10.51
2017,133,11.11
2018,133,11.11
2019,133,11.11
2020,133,11.11
2008,134,480.48
2009,134,908.16
2010,134,884.4
2011,134,658.68
2012,134,687.28
2013,134,1012
2014,134,841.28
2015,134,1016.4
2016,134,1024.64
2017,134,2398.73
2018,134,1730.49
2019,134,2669
2020,134,2894.61
2008,135,
2009,135,
2010,135,
2011,135,
2012,135,
2013,135,
2014,135,
2015,135,220.21
2016,135,357.64
2017,135,579.46
2018,135,414.72
2019,135,437.84
2020,135,306.35
2008,136,37.25
2009,136,31.82
2010,136,21.31
2011,136,17.86
2012,136,17.62
2013,136,31.44
2014,136,45.01
2015,136,104.84
2016,136,188.66
2017,136,154.3
2018,136,60.18
2019,136,177.98
2020,136,308.03
2008,137,28.46
2009,137,27.61
2010,137,41.58
2011,137,33.03
2012,137,33.53
2013,137,69.3
2014,137,66
2015,137,84.92
2016,137,87.72
2017,137,120.01
2018,137,116.6
2019,137,154.55
2020,137,113.85
2008,138,
2009,138,
2010,138,
2011,138,
2012,138,
2013,138,
2014,138,
2015,138,
2016,138,
2017,138,
2018,138,
2019,138,
2020,138,
2008,139,14.41
2009,139,32.72
2010,139,20.94
2011,139,12.01
2012,139,15.33
2013,139,13.27
2014,139,46.43
2015,139,157.89
2016,139,119.14
2017,139,192.75
2018,139,41.09
2019,139,82.25
2020,139,45.77
2008,140,19.45
2009,140,61.26
2010,140,43.86
2011,140,26.9
2012,140,24.76
2013,140,11.69
2014,140,14.86
2015,140,15.26
2016,140,11.98
2017,140,11.06
2018,140,9.15
2019,140,6.42
2020,140,3.47
2008,141,275.31
2009,141,218.38
2010,141,212.5
2011,141,120
2012,141,108.31
2013,141,134.75
2014,141,103.75
2015,141,125
2016,141,91.88
2017,141,160.13
2018,141,130
2019,141,137.5
2020,141,116.25
2008,142,160.6
2009,142,242.86
2010,142,213.09
2011,142,219.83
2012,142,193.51
2013,142,466.53
2014,142,380.28
2015,142,358.03
2016,142,512.13
2017,142,498.69
2018,142,460.38
2019,142,364.94
2020,142,169.9
2008,143,66.75
2009,143,67.5
2010,143,60.75
2011,143,43.26
2012,143,41.85
2013,143,66
2014,143,42.71
2015,143,39.9
2016,143,28.32
2017,143,28.74
2018,143,22.5
2019,143,23.18
2020,143,16.39
2008,144,98.37
2009,144,83.16
2010,144,59.93
2011,144,30.51
2012,144,22.81
2013,144,26.13
2014,144,25.74
2015,144,27.95
2016,144,15.97
2017,144,49.87
2018,144,21.41
2019,144,37.41
2020,144,25.69
2008,145,
2009,145,
2010,145,21.34
2011,145,14.33
2012,145,1.64
2013,145,9.24
2014,145,4.67
2015,145,8.54
2016,145,7.68
2017,145,21.25
2018,145,17.07
2019,145,17.68
2020,145,11.71
2008,146,70.53
2009,146,69.14
2010,146,46.85
2011,146,26.91
2012,146,23.04
2013,146,22.16
2014,146,86.9
2015,146,65.6
2016,146,29.73
2017,146,37.1
2018,146,17.62
2019,146,30.54
2020,146,18.01
2008,147,903.46
2009,147,803.58
2010,147,687.49
2011,147,333.46
2012,147,276.53
2013,147,346.03
2014,147,228.91
2015,147,271.65
2016,147,306.17
2017,147,544.36
2018,147,447.09
2019,147,538.6
2020,147,394.8
2008,148,49.76
2009,148,59.47
2010,148,62.96
2011,148,41.98
2012,148,34.98
2013,148,39.47
2014,148,29.74
2015,148,33.51
2016,148,20.09
2017,148,25.29
2018,148,24.95
2019,148,24.87
2020,148,17.42
2008,149,473.89
2009,149,919.04
2010,149,694.77
2011,149,446.74
2012,149,361
2013,149,557.91
2014,149,392.88
2015,149,416.98
2016,149,304.5
2017,149,356.85
2018,149,176.52
2019,149,232.47
2020,149,233.74
2008,150,4786.93
2009,150,6774.33
2010,150,5348
2011,150,2525.46
2012,150,1837.99
2013,150,4070.5
2014,150,4063.42
2015,150,4526.46
2016,150,4854.84
2017,150,3815.36
2018,150,3241.28
2019,150,3142.06
2020,150,2464.04
2008,151,
2009,151,
2010,151,
2011,151,
2012,151,
2013,151,
2014,151,60.52
2015,151,42.36
2016,151,77.83
2017,151,71.74
2018,151,45.12
2019,151,43.83
2020,151,30.46
2008,152,
2009,152,
2010,152,
2011,152,
2012,152,
2013,152,5.93
2014,152,13.13
2015,152,19.1
2016,152,12.37
2017,152,9.95
2018,152,3.12
2019,152,5.63
2020,152,3.34
2008,153,712.15
2009,153,929.02
2010,153,753.18
2011,153,495.28
2012,153,919.5
2013,153,560.89
2014,153,487.68
2015,153,323.82
2016,153,435.5
2017,153,637.72
2018,153,601.19
2019,153,526.04
2020,153,297.46
2008,154,
2009,154,
2010,154,
2011,154,
2012,154,
2013,154,
2014,154,61.59
2015,154,46.47
2016,154,18.87
2017,154,30.66
2018,154,71.97
2019,154,55.78
2020,154,38.91
2008,155,
2009,155,
2010,155,
2011,155,
2012,155,
2013,155,
2014,155,36.57
2015,155,28.12
2016,155,21.28
2017,155,35.89
2018,155,23.66
2019,155,21.57
2020,155,17.41
2008,156,
2009,156,
2010,156,
2011,156,
2012,156,
2013,156,
2014,156,867.68
2015,156,1283.3
2016,156,973.76
2017,156,1380.4
2018,156,1179.12
2019,156,1667.36
2020,156,1485.12
2008,157,
2009,157,
2010,157,
2011,157,
2012,157,
2013,157,
2014,157,74.8
2015,157,66.23
2016,157,39.77
2017,157,41.51
2018,157,18.77
2019,157,18.77
2020,157,18.77
2008,158,
2009,158,
2010,158,
2011,158,
2012,158,
2013,158,
2014,158,
2015,158,5.49
2016,158,4.44
2017,158,4.12
2018,158,1.46
2019,158,2.86
2020,158,0.26
2008,159,
2009,159,
2010,159,
2011,159,
2012,159,
2013,159,
2014,159,
2015,159,22.54
2016,159,12.73
2017,159,11.41
2018,159,5.4
2019,159,15.35
2020,159,8.18
2008,160,
2009,160,
2010,160,
2011,160,
2012,160,
2013,160,
2014,160,
2015,160,31.75
2016,160,43.57
2017,160,110.84
2018,160,33.84
2019,160,51.81
2020,160,43.39
2008,161,
2009,161,
2010,161,
2011,161,
2012,161,
2013,161,
2014,161,
2015,161,32.63
2016,161,16.63
2017,161,21.21
2018,161,17.72
2019,161,18.27
2020,161,16.95
2008,162,
2009,162,
2010,162,
2011,162,
2012,162,
2013,162,
2014,162,
2015,162,15.86
2016,162,5.94
2017,162,16.1
2018,162,9.25
2019,162,9.39
2020,162,5.87
2008,163,
2009,163,
2010,163,
2011,163,
2012,163,
2013,163,
2014,163,
2015,163,6.35
2016,163,6.29
2017,163,5.19
2018,163,3.17
2019,163,3.65
2020,163,6.67
2008,164,165.17
2009,164,287.31
2010,164,184.77
2011,164,81.32
2012,164,96.33
2013,164,82.07
2014,164,43.16
2015,164,35.72
2016,164,25.9
2017,164,18.26
2018,164,14.38
2019,164,14.28
2020,164,16.78
2008,165,
2009,165,
2010,165,
2011,165,
2012,165,
2013,165,
2014,165,
2015,165,25.8
2016,165,31.67
2017,165,31.67
2018,165,31.67
2019,165,31.67
2020,165,31.67
2008,166,
2009,166,
2010,166,
2011,166,
2012,166,
2013,166,
2014,166,
2015,166,3024
2016,166,2641.2
2017,166,3720
2018,166,3579
2019,166,5238
2020,166,9534.78
2008,167,2282.4
2009,167,2080.31
2010,167,1497.82
2011,167,919.14
2012,167,941.49
2013,167,790.28
2014,167,793.13
2015,167,1696.58
2016,167,1635.72
2017,167,1905.8
2018,167,1608.14
2019,167,1363.73
2020,167,565.37
2008,168,343.11
2009,168,274.62
2010,168,178.52
2011,168,222.3
2012,168,222.3
2013,168,213.32
2014,168,157.09
2015,168,162.12
2016,168,108.95
2017,168,117.48
2018,168,102.84
2019,168,108.68
2020,168,83.53
2008,169,67049.56
2009,169,71295.25
2010,169,65447.48
2011,169,64125.7
2012,169,66650.88
2013,169,63561.81
2014,169,52731.98
2015,169,50151.71
2016,169,56220.79
2017,169,50151.71
2018,169,49962.72
2019,169,50318.87
2020,169,30820.61
2008,170,1279.22
2009,170,1455.1
2010,170,1570.84
2011,170,1319.81
2012,170,1146.19
2013,170,1464.87
2014,170,1391.21
2015,170,1874.49
2016,170,1533.26
2017,170,2314.93
2018,170,2480.28
2019,170,2889.15
2020,170,3517.49
2008,171,462.79
2009,171,796.57
2010,171,1061.83
2011,171,319.76
2012,171,130.45
2013,171,498.01
2014,171,551.78
2015,171,766.87
2016,171,788.26
2017,171,1319.27
2018,171,1054.94
2019,171,813.06
2020,171,598.78
2008,172,
2009,172,
2010,172,120
2011,172,120
2012,172,136
2013,172,151.4
2014,172,143.6
2015,172,139.2
2016,172,138.68
2017,172,142.8
2018,172,164
2019,172,160
2020,172,140.8
2008,173,5215.71
2009,173,10634.49
2010,173,16256.24
2011,173,14495.85
2012,173,12929.91
2013,173,6866.59
2014,173,3867.99
2015,173,3305.35
2016,173,5408.67
2017,173,3847.74
2018,173,3300.8
2019,173,4403.77
2020,173,2229.18
2008,174,5869.29
2009,174,8377.12
2010,174,10623.35
2011,174,10141.17
2012,174,14662.95
2013,174,18600.1
2014,174,21914.19
2015,174,29209.81
2016,174,24740.6
2017,174,24807.88
2018,174,25084.58
2019,174,23774.55
2020,174,23774.55
2008,175,917.17
2009,175,1587.71
2010,175,2262.03
2011,175,1929.92
2012,175,2927.79
2013,175,3715.98
2014,175,2203.88
2015,175,2236.02
2016,175,2045.18
2017,175,2015.4
2018,175,1366.1
2019,175,1364.11
2020,175,941.84
2008,176,68.68
2009,176,118.94
2010,176,168.95
2011,176,129.55
2012,176,82.83
2013,176,141.63
2014,176,140.9
2015,176,295.82
2016,176,204.45
2017,176,224.46
2018,176,270.2
2019,176,317.17
2020,176,253.73
2008,177,1131.42
2009,177,1250.03
2010,177,887.14
2011,177,561.96
2012,177,563.52
2013,177,684.31
2014,177,699.86
2015,177,1058.08
2016,177,572.85
2017,177,749.63
2018,177,304.05
2019,177,306.38
2020,177,205.81
2008,178,171.95
2009,178,165.53
2010,178,756.3
2011,178,277.52
2012,178,411.5
2013,178,1057.4
2014,178,674.13
2015,178,670.77
2016,178,498.77
2017,178,298.64
2018,178,192.99
2019,178,307.13
2020,178,219.74
2008,179,14.51
2009,179,19.5
2010,179,47.12
2011,179,45.15
2012,179,53.33
2013,179,60.01
2014,179,65.64
2015,179,64.82
2016,179,50.35
2017,179,66.08
2018,179,77.4
2019,179,141.13
2020,179,102.84
2008,180,71.5
2009,180,56.15
2010,180,52.71
2011,180,63.08
2012,180,59.59
2013,180,75.26
2014,180,234.69
2015,180,159.86
2016,180,119.17
2017,180,241.57
2018,180,251.77
2019,180,214.08
2020,180,118.53
2008,181,15.39
2009,181,12.71
2010,181,10.34
2011,181,8.55
2012,181,7.98
2013,181,11.3
2014,181,15.01
2015,181,36.29
2016,181,25.55
2017,181,25.63
2018,181,25.63
2019,181,25.63
2020,181,25.63
2008,182,63.4
2009,182,57.79
2010,182,41.46
2011,182,26.2
2012,182,34.65
2013,182,30.94
2014,182,24.73
2015,182,20.17
2016,182,11.58
2017,182,15.17
2018,182,5.92
2019,182,9.3
2020,182,9.3
2008,183,
2009,183,
2010,183,
2011,183,1714.41
2012,183,2802.34
2013,183,4656.53
2014,183,3437.25
2015,183,3671.18
2016,183,3785.96
2017,183,3738.7
2018,183,2979.98
2019,183,3164.81
2020,183,2677.01
2008,184,22.77
2009,184,12.47
2010,184,8.97
2011,184,4.5
2012,184,4.08
2013,184,4.11
2014,184,4.11
2015,184,4.11
2016,184,4.11
2017,184,4.11
2018,184,4.11
2019,184,4.11
2020,184,4.11
2008,185,
2009,185,
2010,185,
2011,185,
2012,185,908.48
2013,185,1756.44
2014,185,1260.04
2015,185,1109.76
2016,185,1383.12
2017,185,1836.68
2018,185,2043.4
2019,185,2146.08
2020,185,2427.6
2008,186,26.89
2009,186,25.13
2010,186,34.99
2011,186,24.6
2012,186,32.26
2013,186,43.8
2014,186,46.46
2015,186,35.32
2016,186,34.92
2017,186,34.39
2018,186,25.01
2019,186,20.09
2020,186,13.64
2008,187,
2009,187,
2010,187,
2011,187,
2012,187,
2013,187,86.83
2014,187,75.98
2015,187,57.9
2016,187,32.05
2017,187,25.88
2018,187,13.2
2019,187,15.76
2020,187,17.91
2008,188,
2009,188,
2010,188,
2011,188,
2012,188,
2013,188,3950
2014,188,2780
2015,188,3231.61
2016,188,4135.97
2017,188,6642.77
2018,188,7394.42
2019,188,10337.24
2020,188,12953.8
2008,189,
2009,189,
2010,189,
2011,189,
2012,189,
2013,189,
2014,189,
2015,189,1457.34
2016,189,1085.06
2017,189,1260.98
2018,189,248.34
2019,189,455.36
2020,189,238.35
2008,190,
2009,190,
2010,190,
2011,190,
2012,190,
2013,190,
2014,190,
2015,190,74.8
2016,190,39.38
2017,190,45.76
2018,190,43.12
2019,190,42.68
2020,190,30.58
2008,191,71.34
2009,191,63.03
2010,191,50.78
2011,191,14.76
2012,191,10.52
2013,191,24.89
2014,191,34.84
2015,191,29.81
2016,191,9.83
2017,191,11.16
2018,191,33.19
2019,191,39.6
2020,191,40.86
2008,192,83.69
2009,192,122.63
2010,192,37.51
2011,192,15.98
2012,192,89.82
2013,192,195.29
2014,192,341.71
2015,192,364
2016,192,317.83
2017,192,206.91
2018,192,100.11
2019,192,113.32
2020,192,38.37
2008,193,111.47
2009,193,182.82
2010,193,85.64
2011,193,100.34
2012,193,90.32
2013,193,167.77
2014,193,105.27
2015,193,154.08
2016,193,176.08
2017,193,217.29
2018,193,124.9
2019,193,171.01
2020,193,239.6
2008,194,805.88
2009,194,1087.45
2010,194,1475.38
2011,194,1167.96
2012,194,1445.05
2013,194,2187.45
2014,194,2687.26
2015,194,5037.82
2016,194,5629.64
2017,194,7750.17
2018,194,6334.39
2019,194,7856.83
2020,194,9479.64
2008,195,
2009,195,
2010,195,
2011,195,
2012,195,
2013,195,
2014,195,
2015,195,62.82
2016,195,47.05
2017,195,60.48
2018,195,56.19
2019,195,72.24
2020,195,72.24
2008,196,150.61
2009,196,147.57
2010,196,182.43
2011,196,147.84
2012,196,193.22
2013,196,529.62
2014,196,569.59
2015,196,1177.52
2016,196,1103.64
2017,196,1727.28
2018,196,1649.1
2019,196,2598.22
2020,196,3565.31
2008,197,186
2009,197,345
2010,197,264.25
2011,197,277.12
2012,197,315.37
2013,197,543.62
2014,197,468.75
2015,197,750
2016,197,823.75
2017,197,823.75
2018,197,823.75
2019,197,823.75
2020,197,823.75
2008,198,9.87
2009,198,34.55
2010,198,27.77
2011,198,20.75
2012,198,11.86
2013,198,35.41
2014,198,65.69
2015,198,69.67
2016,198,91.39
2017,198,134.02
2018,198,118.84
2019,198,169.97
2020,198,196.95
2008,199,44.18
2009,199,49.21
2010,199,37.27
2011,199,28.92
2012,199,37.18
2013,199,41.22
2014,199,33.46
2015,199,37
2016,199,33.03
2017,199,38.06
2018,199,38.43
2019,199,38.43
2020,199,38.43
2008,200,430.96
2009,200,308.45
2010,200,149.66
2011,200,63.1
2012,200,71.67
2013,200,79.67
2014,200,97.54
2015,200,181.48
2016,200,143.11
2017,200,112.29
2018,200,55.75
2019,200,43.4
2020,200,148.29
2008,201,109.74
2009,201,95.72
2010,201,78.46
2011,201,34.49
2012,201,48.31
2013,201,56.78
2014,201,43.33
2015,201,35.9
2016,201,50.71
2017,201,66.42
2018,201,72.8
2019,201,72.8
2020,201,72.8
2008,202,15.21
2009,202,17.44
2010,202,14.06
2011,202,23.23
2012,202,36.33
2013,202,107.24
2014,202,92.34
2015,202,105.74
2016,202,97.55
2017,202,125.32
2018,202,106.39
2019,202,125.64
2020,202,102.49
2008,203,23.84
2009,203,24.86
2010,203,27.44
2011,203,20.05
2012,203,20.65
2013,203,19.76
2014,203,16.07
2015,203,17.71
2016,203,62.49
2017,203,174.93
2018,203,148.7
2019,203,167.91
2020,203,131.15
2008,204,21.28
2009,204,13.96
2010,204,12.14
2011,204,24.69
2012,204,21.58
2013,204,29.32
2014,204,19.17
2015,204,19.78
2016,204,14.87
2017,204,14.5
2018,204,10.15
2019,204,7.78
2020,204,13.36
2008,205,43.58
2009,205,62.12
2010,205,49.39
2011,205,34.3
2012,205,32.27
2013,205,42.99
2014,205,37.07
2015,205,39.59
2016,205,35.83
2017,205,78.09
2018,205,42.75
2019,205,43.12
2020,205,41.51
2008,206,25.55
2009,206,23.82
2010,206,27.44
2011,206,22.95
2012,206,19.25
2013,206,27.44
2014,206,35.01
2015,206,51.4
2016,206,61.77
2017,206,61.77
2018,206,61.77
2019,206,61.77
2020,206,61.77
2008,207,17.02
2009,207,13.23
2010,207,13.47
2011,207,10.47
2012,207,8.15
2013,207,13.92
2014,207,18.7
2015,207,22.44
2016,207,27.59
2017,207,28.05
2018,207,35.72
2019,207,35.72
2020,207,35.72
2008,208,
2009,208,65.19
2010,208,29.27
2011,208,3.85
2012,208,4.15
2013,208,27.45
2014,208,33.75
2015,208,37.61
2016,208,70.36
2017,208,53.73
2018,208,23.67
2019,208,25.58
2020,208,20.21
2008,209,
2009,209,
2010,209,
2011,209,48
2012,209,50
2013,209,165.53
2014,209,203.31
2015,209,244.47
2016,209,274.1
2017,209,396.97
2018,209,359.47
2019,209,738.32
2020,209,1595.94
2008,210,
2009,210,
2010,210,
2011,210,
2012,210,9.98
2013,210,9.8
2014,210,6.37
2015,210,13.19
2016,210,4.46
2017,210,8.14
2018,210,6.42
2019,210,4.47
2020,210,4.25
2008,211,
2009,211,
2010,211,
2011,211,
2012,211,28.2
2013,211,31.12
2014,211,32.41
2015,211,10.34
2016,211,9.14
2017,211,10.1
2018,211,25.72
2019,211,27.01
2020,211,18.4
2008,212,
2009,212,
2010,212,
2011,212,
2012,212,
2013,212,
2014,212,41.42
2015,212,52.38
2016,212,52.3
2017,212,51.12
2018,212,41.78
2019,212,122.2
2020,212,131.51
2008,213,
2009,213,
2010,213,
2011,213,
2012,213,
2013,213,20.03
2014,213,16.67
2015,213,19.09
2016,213,16.5
2017,213,50.16
2018,213,50.16
2019,213,50.16
2020,213,50.16
2008,214,
2009,214,
2010,214,
2011,214,
2012,214,
2013,214,
2014,214,22.69
2015,214,24.08
2016,214,19.72
2017,214,35.74
2018,214,34.64
2019,214,70.81
2020,214,65.57
2008,215,
2009,215,
2010,215,
2011,215,
2012,215,
2013,215,
2014,215,12.44
2015,215,9.11
2016,215,10.03
2017,215,12.65
2018,215,12.65
2019,215,12.65
2020,215,12.65
2008,216,
2009,216,
2010,216,
2011,216,
2012,216,
2013,216,
2014,216,17.65
2015,216,15.96
2016,216,15.91
2017,216,15.22
2018,216,15.01
2019,216,22.53
2020,216,17.08
2008,217,
2009,217,
2010,217,
2011,217,
2012,217,
2013,217,
2014,217,
2015,217,69.75
2016,217,78.12
2017,217,93.38
2018,217,70.72
2019,217,115.96
2020,217,190.14
2008,218,179.13
2009,218,189.66
2010,218,184.29
2011,218,150.38
2012,218,165.22
2013,218,284.5
2014,218,266.16
2015,218,166.71
2016,218,101.33
2017,218,134.49
2018,218,239.49
2019,218,394.11
2020,218,204.25
2008,219,10.75
2009,219,13.84
2010,219,11.09
2011,219,4.77
2012,219,4.6
2013,219,7.12
2014,219,6.93
2015,219,7.08
2016,219,6.54
2017,219,8.34
2018,219,6.95
2019,219,8.54
2020,219,8.6
2008,220,61.2
2009,220,50.49
2010,220,45.22
2011,220,45.73
2012,220,22.59
2013,220,16.83
2014,220,15.89
2015,220,9.55
2016,220,5.03
2017,220,11.21
2018,220,6.09
2019,220,7.96
2020,220,6.12
2008,221,63.18
2009,221,84.56
2010,221,96.07
2011,221,59.29
2012,221,87.77
2013,221,109.13
2014,221,113.2
2015,221,116.66
2016,221,113.81
2017,221,213.12
2018,221,99.25
2019,221,95.11
2020,221,67.44
2008,222,
2009,222,
2010,222,
2011,222,
2012,222,
2013,222,10.76
2014,222,11.46
2015,222,10.06
2016,222,2.86
2017,222,5.75
2018,222,4.88
2019,222,4.31
2020,222,3.72
2008,223,
2009,223,
2010,223,
2011,223,
2012,223,
2013,223,33.53
2014,223,32.72
2015,223,88.88
2016,223,70.38
2017,223,77.98
2018,223,105.72
2019,223,105.72
2020,223,105.72
2008,224,
2009,224,
2010,224,
2011,224,
2012,224,4.32
2013,224,4.32
2014,224,4.32
2015,224,4.32
2016,224,1.05
2017,224,2.36
2018,224,3.66
2019,224,1.16
2020,224,1.49
2008,225,
2009,225,
2010,225,
2011,225,
2012,225,6.65
2013,225,5.56
2014,225,9.23
2015,225,8.38
2016,225,7.38
2017,225,12.34
2018,225,7.62
2019,225,0
2020,225,0
2008,226,53.77
2009,226,43.57
2010,226,31.94
2011,226,29.02
2012,226,23.01
2013,226,45.45
2014,226,36.06
2015,226,41.72
2016,226,35.32
2017,226,37.19
2018,226,31.05
2019,226,43.85
2020,226,63.59
2008,227,
2009,227,
2010,227,
2011,227,
2012,227,
2013,227,
2014,227,852.15
2015,227,1501.5
2016,227,1538.55
2017,227,2067
2018,227,1397.19
2019,227,1697.91
2020,227,1454.8
2008,228,26.31
2009,228,37.44
2010,228,28.41
2011,228,17.07
2012,228,14.87
2013,228,14.64
2014,228,40.06
2015,228,188.59
2016,228,128.68
2017,228,147.22
2018,228,102.85
2019,228,134.12
2020,228,98.64
2008,229,
2009,229,
2010,229,
2011,229,
2012,229,
2013,229,
2014,229,
2015,229,38.53
2016,229,25.96
2017,229,41.82
2018,229,44.09
2019,229,67.41
2020,229,67.41
2008,230,
2009,230,
2010,230,
2011,230,
2012,230,
2013,230,
2014,230,
2015,230,100.1
2016,230,84.33
2017,230,176.61
2018,230,109.7
2019,230,119.29
2020,230,96.81
2008,231,21.64
2009,231,15.9
2010,231,12.46
2011,231,9.33
2012,231,9.6
2013,231,11.78
2014,231,11.66
2015,231,12.73
2016,231,12.73
2017,231,9.69
2018,231,2.85
2019,231,4.9
2020,231,6.88
2008,232,171.76
2009,232,476.09
2010,232,289.8
2011,232,137.19
2012,232,176.6
2013,232,281.41
2014,232,300.28
2015,232,445.96
2016,232,371.02
2017,232,215.7
2018,232,185.51
2019,232,271.45
2020,232,549.07
2008,233,138.48
2009,233,180.88
2010,233,170.7
2011,233,212.53
2012,233,584.47
2013,233,945.38
2014,233,1169.21
2015,233,1683.02
2016,233,1447.03
2017,233,1512.04
2018,233,1608.13
2019,233,1608.13
2020,233,1608.13
2008,234,89.5
2009,234,101.13
2010,234,66.95
2011,234,46.53
2012,234,38.89
2013,234,64.6
2014,234,57.25
2015,234,57.18
2016,234,53.81
2017,234,48.05
2018,234,115.25
2019,234,299.4
2020,234,183.08
2008,235,48.24
2009,235,52.79
2010,235,58.29
2011,235,27.2
2012,235,16.44
2013,235,13.66
2014,235,7.38
2015,235,4.35
2016,235,3.84
2017,235,3.63
2018,235,2.01
2019,235,2.52
2020,235,3.96
2008,236,11.08
2009,236,16.86
2010,236,20.4
2011,236,9.83
2012,236,9.12
2013,236,13.33
2014,236,11.04
2015,236,6.39
2016,236,5.24
2017,236,5.24
2018,236,5.24
2019,236,5.24
2020,236,5.24
2008,237,153.58
2009,237,180.29
2010,237,192.79
2011,237,305.05
2012,237,213.65
2013,237,226.24
2014,237,221.71
2015,237,262.02
2016,237,303.34
2017,237,770.44
2018,237,1070.25
2019,237,1648.92
2020,237,1083.62
2008,238,80.18
2009,238,111.92
2010,238,139.81
2011,238,70.77
2012,238,66.09
2013,238,150.41
2014,238,216.68
2015,238,194.33
2016,238,164.91
2017,238,242.72
2018,238,309.41
2019,238,427.64
2020,238,192.12
2008,239,121.77
2009,239,144.26
2010,239,126.74
2011,239,72.07
2012,239,87.94
2013,239,209.62
2014,239,242.46
2015,239,210.06
2016,239,214.93
2017,239,293.12
2018,239,215.71
2019,239,303.13
2020,239,247.89
2008,240,21.88
2009,240,22.73
2010,240,49.52
2011,240,31.57
2012,240,30.62
2013,240,33.6
2014,240,33.53
2015,240,34.89
2016,240,39.02
2017,240,79.19
2018,240,82.24
2019,240,102.69
2020,240,76.41
2008,241,33.25
2009,241,43.2
2010,241,36.74
2011,241,30.82
2012,241,17.73
2013,241,17.14
2014,241,24.01
2015,241,42.99
2016,241,45.29
2017,241,94.92
2018,241,84.08
2019,241,62.34
2020,241,45.19
2008,242,1366.13
2009,242,2243.81
2010,242,2689.01
2011,242,1918.18
2012,242,2209.46
2013,242,1562.02
2014,242,1590
2015,242,2243.81
2016,242,2184.02
2017,242,2925.6
2018,242,1872.38
2019,242,2373.55
2020,242,1391.57
2008,243,
2009,243,
2010,243,
2011,243,
2012,243,
2013,243,
2014,243,
2015,243,
2016,243,
2017,243,
2018,243,
2019,243,
2020,243,
2008,244,251.17
2009,244,351.64
2010,244,316.01
2011,244,231.31
2012,244,62.5
2013,244,161.57
2014,244,147.32
2015,244,104.27
2016,244,247.97
2017,244,250.61
2018,244,411.71
2019,244,411.71
2020,244,411.71
2008,245,
2009,245,
2010,245,
2011,245,
2012,245,
2013,245,
2014,245,
2015,245,312.52
2016,245,176.93
2017,245,182.39
2018,245,115.65
2019,245,148.62
2020,245,136.39
2008,246,
2009,246,
2010,246,
2011,246,
2012,246,
2013,246,
2014,246,
2015,246,9273.37
2016,246,8235.02
2017,246,8195.83
2018,246,9121.86
2019,246,13217.82
2020,246,10866.82
2008,247,
2009,247,
2010,247,
2011,247,
2012,247,
2013,247,
2014,247,
2015,247,
2016,247,
2017,247,
2018,247,
2019,247,
2020,247,
2008,248,
2009,248,
2010,248,
2011,248,
2012,248,
2013,248,
2014,248,
2015,248,
2016,248,
2017,248,
2018,248,
2019,248,
2020,248,
2008,249,408.71
2009,249,386.94
2010,249,348.92
2011,249,407.79
2012,249,410.86
2013,249,389.4
2014,249,497.02
2015,249,433.55
2016,249,367.32
2017,249,413.62
2018,249,382.65
2019,249,389.25
2020,249,302.87
2008,250,
2009,250,
2010,250,
2011,250,
2012,250,
2013,250,
2014,250,
2015,250,
2016,250,
2017,250,110.81
2018,250,162
2019,250,142.5
2020,250,121.5
2008,251,
2009,251,
2010,251,
2011,251,
2012,251,
2013,251,
2014,251,
2015,251,
2016,251,
2017,251,
2018,251,
2019,251,
2020,251,
2008,252,
2009,252,
2010,252,
2011,252,
2012,252,
2013,252,
2014,252,
2015,252,
2016,252,
2017,252,
2018,252,
2019,252,
2020,252,
2008,253,
2009,253,
2010,253,
2011,253,
2012,253,
2013,253,
2014,253,
2015,253,
2016,253,53.4
2017,253,60.25
2018,253,123.3
2019,253,128.87
2020,253,118.69
2008,254,108.66
2009,254,223.24
2010,254,190.84
2011,254,134.66
2012,254,130.86
2013,254,162.47
2014,254,187.29
2015,254,315.9
2016,254,333.88
2017,254,526.92
2018,254,634.4
2019,254,802
2020,254,1394
2008,255,4.9
2009,255,4.2
2010,255,4.24
2011,255,2.66
2012,255,2.14
2013,255,5.21
2014,255,12.51
2015,255,12.23
2016,255,14.27
2017,255,18.96
2018,255,19.13
2019,255,27.84
2020,255,25.5
2008,256,
2009,256,
2010,256,
2011,256,
2012,256,
2013,256,
2014,256,
2015,256,
2016,256,
2017,256,
2018,256,
2019,256,
2020,256,
2008,257,
2009,257,
2010,257,
2011,257,
2012,257,
2013,257,
2014,257,
2015,257,
2016,257,886.4
2017,257,1623.11
2018,257,1881.41
2019,257,2329.65
2020,257,1860.27
2008,258,
2009,258,
2010,258,
2011,258,
2012,258,
2013,258,
2014,258,
2015,258,
2016,258,
2017,258,41.78
2018,258,92.11
2019,258,243.46
2020,258,432.29
2008,259,
2009,259,
2010,259,
2011,259,
2012,259,
2013,259,
2014,259,
2015,259,
2016,259,
2017,259,
2018,259,
2019,259,
2020,259,
2008,260,
2009,260,
2010,260,
2011,260,
2012,260,
2013,260,
2014,260,
2015,260,
2016,260,
2017,260,
2018,260,
2019,260,
2020,260,
2008,261,
2009,261,
2010,261,
2011,261,
2012,261,
2013,261,
2014,261,
2015,261,
2016,261,
2017,261,
2018,261,
2019,261,
2020,261,
2008,262,
2009,262,
2010,262,
2011,262,
2012,262,
2013,262,
2014,262,
2015,262,
2016,262,1779.09
2017,262,2443.27
2018,262,2298.08
2019,262,2882.08
2020,262,1949.2
2008,263,476.94
2009,263,313.14
2010,263,159.37
2011,263,47.98
2012,263,73.9
2013,263,27.31
2014,263,179.95
2015,263,199.23
2016,263,271.3
2017,263,356.45
2018,263,258.79
2019,263,328.44
2020,263,328.44
2008,264,2212.19
2009,264,3190.73
2010,264,2266.43
2011,264,2207.33
2012,264,2815.45
2013,264,4636.81
2014,264,3901.04
2015,264,5361.65
2016,264,5048.68
2017,264,5340
2018,264,3767.9
2019,264,6559.27
2020,264,5263.77
2008,265,
2009,265,
2010,265,
2011,265,
2012,265,
2013,265,
2014,265,
2015,265,89.2
2016,265,60.24
2017,265,67.69
2018,265,50.87
2019,265,30.43
2020,265,32.94
2008,266,
2009,266,
2010,266,
2011,266,
2012,266,
2013,266,
2014,266,
2015,266,52.15
2016,266,59.4
2017,266,82.01
2018,266,73.84
2019,266,104.98
2020,266,91.75
2008,267,
2009,267,
2010,267,
2011,267,
2012,267,
2013,267,
2014,267,
2015,267,
2016,267,
2017,267,
2018,267,
2019,267,
2020,267,
2008,268,
2009,268,
2010,268,
2011,268,
2012,268,
2013,268,
2014,268,
2015,268,
2016,268,
2017,268,
2018,268,
2019,268,
2020,268,
2008,269,
2009,269,
2010,269,
2011,269,
2012,269,
2013,269,
2014,269,
2015,269,
2016,269,3024.55
2017,269,4118.49
2018,269,4042.44
2019,269,4404.93
2020,269,4207.5
2008,270,
2009,270,
2010,270,
2011,270,
2012,270,
2013,270,
2014,270,
2015,270,
2016,270,5.64
2017,270,6.25
2018,270,6.17
2019,270,19.82
2020,270,40.19
2008,271,
2009,271,
2010,271,
2011,271,
2012,271,
2013,271,
2014,271,
2015,271,
2016,271,29.44
2017,271,52.07
2018,271,31.53
2019,271,30.28
2020,271,16.72
2008,272,
2009,272,
2010,272,
2011,272,
2012,272,
2013,272,
2014,272,
2015,272,
2016,272,21.01
2017,272,20.24
2018,272,13.66
2019,272,7.94
2020,272,8.19
2008,273,
2009,273,
2010,273,
2011,273,
2012,273,
2013,273,
2014,273,
2015,273,
2016,273,13.49
2017,273,10.93
2018,273,8.45
2019,273,12.28
2020,273,49.25
2008,274,
2009,274,
2010,274,
2011,274,
2012,274,
2013,274,
2014,274,
2015,274,
2016,274,233.33
2017,274,323.52
2018,274,255.65
2019,274,318.46
2020,274,236.86
2008,275,
2009,275,
2010,275,
2011,275,
2012,275,
2013,275,
2014,275,
2015,275,
2016,275,45.81
2017,275,126.74
2018,275,133.28
2019,275,133.47
2020,275,133.47
2008,276,
2009,276,
2010,276,
2011,276,
2012,276,
2013,276,
2014,276,
2015,276,
2016,276,
2017,276,
2018,276,
2019,276,
2020,276,
2008,277,
2009,277,
2010,277,
2011,277,
2012,277,
2013,277,
2014,277,
2015,277,
2016,277,97.31
2017,277,105.08
2018,277,50.13
2019,277,38.85
2020,277,24.94
2008,278,
2009,278,
2010,278,
2011,278,
2012,278,
2013,278,
2014,278,
2015,278,
2016,278,
2017,278,21.44
2018,278,14.24
2019,278,5.78
2020,278,4
2008,279,
2009,279,
2010,279,
2011,279,
2012,279,
2013,279,
2014,279,
2015,279,
2016,279,
2017,279,17.95
2018,279,9.35
2019,279,6.51
2020,279,5.39
2008,280,6.84
2009,280,8.4
2010,280,24.54
2011,280,18.15
2012,280,19.6
2013,280,202.72
2014,280,277.81
2015,280,262.94
2016,280,166.55
2017,280,187.86
2018,280,53.6
2019,280,49.17
2020,280,35.68
2008,281,
2009,281,
2010,281,
2011,281,
2012,281,
2013,281,
2014,281,
2015,281,
2016,281,
2017,281,
2018,281,
2019,281,
2020,281,
2008,282,
2009,282,
2010,282,
2011,282,
2012,282,
2013,282,
2014,282,
2015,282,
2016,282,
2017,282,
2018,282,
2019,282,
2020,282,
2008,283,
2009,283,
2010,283,
2011,283,
2012,283,
2013,283,
2014,283,
2015,283,
2016,283,
2017,283,
2018,283,
2019,283,
2020,283,
2008,284,
2009,284,
2010,284,
2011,284,
2012,284,
2013,284,
2014,284,
2015,284,
2016,284,
2017,284,
2018,284,
2019,284,
2020,284,
2008,285,
2009,285,
2010,285,
2011,285,
2012,285,
2013,285,
2014,285,
2015,285,
2016,285,
2017,285,
2018,285,
2019,285,
2020,285,
2008,286,584.35
2009,286,584.35
2010,286,584.35
2011,286,584.35
2012,286,584.35
2013,286,584.35
2014,286,584.35
2015,286,584.35
2016,286,584.35
2017,286,584.35
2018,286,584.35
2019,286,584.35
2020,286,584.35
2008,287,
2009,287,
2010,287,
2011,287,
2012,287,
2013,287,
2014,287,
2015,287,
2016,287,
2017,287,
2018,287,
2019,287,
2020,287,
2008,288,
2009,288,
2010,288,
2011,288,
2012,288,
2013,288,
2014,288,
2015,288,
2016,288,
2017,288,14.61
2018,288,9.5
2019,288,13
2020,288,16.1
2008,289,
2009,289,
2010,289,
2011,289,
2012,289,
2013,289,
2014,289,
2015,289,
2016,289,
2017,289,
2018,289,
2019,289,
2020,289,
2008,290,
2009,290,
2010,290,
2011,290,
2012,290,
2013,290,
2014,290,
2015,290,
2016,290,
2017,290,19.37
2018,290,19.15
2019,290,14.48
2020,290,29.92
2008,291,
2009,291,
2010,291,
2011,291,
2012,291,
2013,291,
2014,291,
2015,291,
2016,291,
2017,291,
2018,291,
2019,291,
2020,291,
2008,292,
2009,292,
2010,292,
2011,292,
2012,292,
2013,292,
2014,292,
2015,292,
2016,292,
2017,292,193.84
2018,292,139.62
2019,292,126.77
2020,292,132.61
2008,293,
2009,293,
2010,293,
2011,293,
2012,293,
2013,293,
2014,293,
2015,293,297
2016,293,318.6
2017,293,355.59
2018,293,294.17
2019,293,365.34
2020,293,298.91
2008,294,
2009,294,
2010,294,
2011,294,
2012,294,
2013,294,
2014,294,
2015,294,
2016,294,
2017,294,1088.68
2018,294,772.28
2019,294,910.76
2020,294,843.01
2008,295,
2009,295,
2010,295,
2011,295,
2012,295,
2013,295,
2014,295,
2015,295,
2016,295,
2017,295,
2018,295,
2019,295,
2020,295,
2008,296,
2009,296,
2010,296,
2011,296,
2012,296,
2013,296,
2014,296,
2015,296,
2016,296,
2017,296,27.9
2018,296,22.96
2019,296,36.14
2020,296,27.15
2008,297,
2009,297,
2010,297,
2011,297,
2012,297,
2013,297,
2014,297,
2015,297,
2016,297,
2017,297,13.13
2018,297,7.77
2019,297,8.01
2020,297,7.93
2008,298,
2009,298,
2010,298,
2011,298,
2012,298,
2013,298,
2014,298,
2015,298,80
2016,298,83.2
2017,298,163.56
2018,298,131.73
2019,298,112.81
2020,298,110.69
2008,299,
2009,299,
2010,299,
2011,299,
2012,299,
2013,299,
2014,299,
2015,299,
2016,299,
2017,299,64.33
2018,299,86.52
2019,299,75.72
2020,299,37.2
2008,300,
2009,300,
2010,300,
2011,300,
2012,300,
2013,300,
2014,300,
2015,300,
2016,300,
2017,300,
2018,300,
2019,300,
2020,300,
2008,301,
2009,301,
2010,301,
2011,301,
2012,301,
2013,301,
2014,301,
2015,301,
2016,301,
2017,301,
2018,301,
2019,301,
2020,301,
2008,302,
2009,302,
2010,302,
2011,302,
2012,302,
2013,302,
2014,302,
2015,302,
2016,302,
2017,302,
2018,302,30.5
2019,302,28.44
2020,302,29.2
2008,303,
2009,303,
2010,303,
2011,303,
2012,303,
2013,303,
2014,303,
2015,303,
2016,303,
2017,303,
2018,303,
2019,303,
2020,303,
2008,304,
2009,304,
2010,304,
2011,304,
2012,304,
2013,304,
2014,304,
2015,304,
2016,304,
2017,304,
2018,304,
2019,304,
2020,304,
2008,305,
2009,305,
2010,305,
2011,305,
2012,305,
2013,305,
2014,305,
2015,305,
2016,305,
2017,305,
2018,305,
2019,305,
2020,305,
2008,306,
2009,306,
2010,306,
2011,306,
2012,306,
2013,306,
2014,306,
2015,306,
2016,306,
2017,306,
2018,306,
2019,306,
2020,306,
2008,307,
2009,307,
2010,307,
2011,307,
2012,307,
2013,307,
2014,307,
2015,307,
2016,307,
2017,307,
2018,307,
2019,307,
2020,307,
2008,308,
2009,308,
2010,308,
2011,308,
2012,308,
2013,308,
2014,308,
2015,308,
2016,308,
2017,308,
2018,308,37.82
2019,308,32.32
2020,308,26.14
2008,309,
2009,309,
2010,309,
2011,309,
2012,309,
2013,309,
2014,309,
2015,309,
2016,309,
2017,309,
2018,309,
2019,309,
2020,309,
2008,310,
2009,310,
2010,310,
2011,310,
2012,310,
2013,310,
2014,310,
2015,310,
2016,310,
2017,310,
2018,310,
2019,310,
2020,310,
2008,311,
2009,311,
2010,311,
2011,311,
2012,311,
2013,311,
2014,311,
2015,311,
2016,311,
2017,311,
2018,311,
2019,311,
2020,311,
2008,312,
2009,312,
2010,312,
2011,312,
2012,312,
2013,312,
2014,312,
2015,312,
2016,312,
2017,312,
2018,312,
2019,312,
2020,312,
2008,313,
2009,313,
2010,313,
2011,313,
2012,313,
2013,313,
2014,313,
2015,313,
2016,313,
2017,313,
2018,313,
2019,313,
2020,313,
2008,314,
2009,314,
2010,314,
2011,314,
2012,314,
2013,314,
2014,314,
2015,314,
2016,314,
2017,314,
2018,314,
2019,314,
2020,314,
2008,315,
2009,315,
2010,315,
2011,315,
2012,315,
2013,315,
2014,315,
2015,315,
2016,315,
2017,315,
2018,315,
2019,315,
2020,315,
2008,316,
2009,316,
2010,316,
2011,316,
2012,316,
2013,316,
2014,316,
2015,316,
2016,316,
2017,316,
2018,316,
2019,316,
2020,316,
2008,317,
2009,317,
2010,317,
2011,317,
2012,317,
2013,317,
2014,317,
2015,317,
2016,317,
2017,317,
2018,317,
2019,317,
2020,317,
2008,318,2270.24
2009,318,2270.24
2010,318,2270.24
2011,318,2270.24
2012,318,2270.24
2013,318,2270.24
2014,318,2270.24
2015,318,2270.24
2016,318,2270.24
2017,318,2270.24
2018,318,2270.24
2019,318,2270.24
2020,318,2270.24
2008,319,
2009,319,
2010,319,
2011,319,
2012,319,
2013,319,
2014,319,
2015,319,
2016,319,
2017,319,
2018,319,
2019,319,
2020,319,
2008,320,
2009,320,
2010,320,
2011,320,
2012,320,
2013,320,
2014,320,
2015,320,
2016,320,
2017,320,
2018,320,8.04
2019,320,10.62
2020,320,9.65
2008,321,
2009,321,
2010,321,
2011,321,
2012,321,
2013,321,
2014,321,
2015,321,
2016,321,
2017,321,
2018,321,
2019,321,
2020,321,
2008,322,
2009,322,
2010,322,
2011,322,
2012,322,
2013,322,
2014,322,
2015,322,
2016,322,
2017,322,
2018,322,
2019,322,
2020,322,
2008,323,
2009,323,
2010,323,
2011,323,
2012,323,
2013,323,
2014,323,
2015,323,
2016,323,
2017,323,
2018,323,
2019,323,
2020,323,
2008,324,
2009,324,
2010,324,
2011,324,
2012,324,
2013,324,
2014,324,
2015,324,
2016,324,
2017,324,
2018,324,
2019,324,
2020,324,
2008,325,
2009,325,
2010,325,
2011,325,
2012,325,
2013,325,
2014,325,
2015,325,
2016,325,
2017,325,
2018,325,
2019,325,
2020,325,
