Date,Id,Oancf
2008,1,
2009,1,
2010,1,
2011,1,
2012,1,
2013,1,
2014,1,
2015,1,
2016,1,
2017,1,
2018,1,
2019,1,
2020,1,
2008,2,-1617
2009,2,5802
2010,2,4849
2011,2,-2002
2012,2,19317
2013,2,-2057
2014,2,-70299
2015,2,-25879
2016,2,
2017,2,
2018,2,
2019,2,
2020,2,
2008,3,
2009,3,
2010,3,
2011,3,
2012,3,
2013,3,
2014,3,2828
2015,3,1374
2016,3,-1329
2017,3,5511
2018,3,5649
2019,3,14588
2020,3,13259
2008,4,
2009,4,
2010,4,
2011,4,
2012,4,
2013,4,
2014,4,-1310
2015,4,30802
2016,4,-24160
2017,4,-13979
2018,4,-2830
2019,4,10786
2020,4,
2008,5,
2009,5,
2010,5,
2011,5,
2012,5,
2013,5,
2014,5,3329
2015,5,768
2016,5,1249
2017,5,716
2018,5,-324
2019,5,1250
2020,5,
2008,6,
2009,6,
2010,6,
2011,6,
2012,6,
2013,6,
2014,6,-6810
2015,6,6290
2016,6,-5796
2017,6,-4828
2018,6,
2019,6,
2020,6,
2008,7,
2009,7,
2010,7,
2011,7,
2012,7,17053
2013,7,1322
2014,7,868
2015,7,23339
2016,7,15059
2017,7,26808
2018,7,15373
2019,7,
2020,7,
2008,8,56339
2009,8,137475
2010,8,98907
2011,8,120876
2012,8,145405
2013,8,166833
2014,8,212093
2015,8,312282
2016,8,360860
2017,8,383780
2018,8,447590
2019,8,306620
2020,8,333401
2008,9,121946
2009,9,36712
2010,9,69168
2011,9,124163
2012,9,119630
2013,9,31314
2014,9,44025
2015,9,102245
2016,9,139119
2017,9,143025
2018,9,132269
2019,9,196883
2020,9,169842
2008,10,127623
2009,10,125319
2010,10,124901
2011,10,167290
2012,10,135223
2013,10,37114
2014,10,66890
2015,10,129590
2016,10,127561
2017,10,151204
2018,10,148567
2019,10,219066
2020,10,194314
2008,11,23242
2009,11,-14360
2010,11,27504
2011,11,275
2012,11,39590
2013,11,30647
2014,11,20060
2015,11,4185
2016,11,-6104
2017,11,8954
2018,11,5569
2019,11,8401
2020,11,6305
2008,12,-86363
2009,12,-11686
2010,12,-9818
2011,12,-25371
2012,12,-18812
2013,12,1847
2014,12,-3223
2015,12,4696
2016,12,7843
2017,12,7243
2018,12,-960
2019,12,-7416
2020,12,-7452
2008,13,78326
2009,13,124054
2010,13,39574
2011,13,92082
2012,13,107838
2013,13,91686
2014,13,85073
2015,13,51585
2016,13,123408
2017,13,132280
2018,13,135016
2019,13,148382
2020,13,87957
2008,14,
2009,14,
2010,14,
2011,14,
2012,14,
2013,14,
2014,14,
2015,14,
2016,14,
2017,14,
2018,14,
2019,14,
2020,14,
2008,15,
2009,15,
2010,15,
2011,15,
2012,15,
2013,15,
2014,15,
2015,15,
2016,15,
2017,15,
2018,15,
2019,15,
2020,15,
2008,16,
2009,16,
2010,16,
2011,16,
2012,16,
2013,16,
2014,16,
2015,16,
2016,16,
2017,16,
2018,16,
2019,16,
2020,16,
2008,17,
2009,17,
2010,17,
2011,17,
2012,17,462520
2013,17,454014
2014,17,426067
2015,17,707268
2016,17,1005299
2017,17,662799
2018,17,934041
2019,17,1306093
2020,17,838211
2008,18,
2009,18,
2010,18,
2011,18,
2012,18,
2013,18,
2014,18,
2015,18,-909
2016,18,-4263
2017,18,-6289
2018,18,-4172
2019,18,-948
2020,18,-3073
2008,19,155741
2009,19,239098
2010,19,191700
2011,19,160900
2012,19,171200
2013,19,165600
2014,19,226100
2015,19,249500
2016,19,300100
2017,19,283000
2018,19,306800
2019,19,340900
2020,19,248300
2008,20,
2009,20,
2010,20,
2011,20,
2012,20,
2013,20,
2014,20,
2015,20,13856
2016,20,10396
2017,20,10697
2018,20,6990
2019,20,10671
2020,20,15835
2008,21,
2009,21,
2010,21,
2011,21,
2012,21,47023
2013,21,35439
2014,21,19064
2015,21,31380
2016,21,86534
2017,21,72046
2018,21,54791
2019,21,62072
2020,21,
2008,22,
2009,22,
2010,22,
2011,22,
2012,22,8771
2013,22,6028
2014,22,8917
2015,22,13830
2016,22,3674
2017,22,4908
2018,22,7617
2019,22,9891
2020,22,8680
2008,23,282
2009,23,9844
2010,23,-7193
2011,23,3886
2012,23,8479
2013,23,175
2014,23,9954
2015,23,-4260
2016,23,7987
2017,23,15570
2018,23,9288
2019,23,-9027
2020,23,5214
2008,24,65486
2009,24,80415
2010,24,62075
2011,24,85928
2012,24,87414
2013,24,99752
2014,24,124512
2015,24,92696
2016,24,117962
2017,24,136707
2018,24,132609
2019,24,186385
2020,24,199351
2008,25,
2009,25,
2010,25,
2011,25,
2012,25,418
2013,25,28
2014,25,-801
2015,25,-1515
2016,25,-2363
2017,25,-570
2018,25,9020
2019,25,
2020,25,
2008,26,68718
2009,26,62527
2010,26,83059
2011,26,134403
2012,26,43158
2013,26,9965
2014,26,129600
2015,26,-13304
2016,26,-101118
2017,26,-220848
2018,26,-651353
2019,26,-217463
2020,26,-14316
2008,27,6361
2009,27,30096
2010,27,17823
2011,27,11334
2012,27,11002
2013,27,19295
2014,27,25615
2015,27,35344
2016,27,36610
2017,27,22801
2018,27,23879
2019,27,19480
2020,27,48173
2008,28,235670
2009,28,169720
2010,28,101328
2011,28,128859
2012,28,73976
2013,28,124844
2014,28,133816
2015,28,139768
2016,28,238483
2017,28,83328
2018,28,148300
2019,28,253977
2020,28,255778
2008,29,3795
2009,29,8801
2010,29,-1415
2011,29,-4037
2012,29,7081
2013,29,8463
2014,29,4347
2015,29,8177
2016,29,14597
2017,29,6761
2018,29,
2019,29,
2020,29,
2008,30,-54017
2009,30,-40084
2010,30,99182
2011,30,17074
2012,30,66612
2013,30,87055
2014,30,-28700
2015,30,9037
2016,30,-9280
2017,30,-67390
2018,30,-32659
2019,30,13678
2020,30,39902
2008,31,1623
2009,31,1032
2010,31,569
2011,31,-454
2012,31,-289
2013,31,305
2014,31,368
2015,31,-838
2016,31,-499
2017,31,45
2018,31,-900
2019,31,-1505
2020,31,
2008,32,720
2009,32,1863
2010,32,739
2011,32,297
2012,32,-1679
2013,32,3356
2014,32,-1097
2015,32,515
2016,32,-3069
2017,32,-41373
2018,32,10851
2019,32,14782
2020,32,4601
2008,33,7220
2009,33,-667
2010,33,19967
2011,33,5689
2012,33,1119
2013,33,13370
2014,33,15317
2015,33,12627
2016,33,13317
2017,33,547
2018,33,20543
2019,33,
2020,33,
2008,34,634908
2009,34,1101913
2010,34,747911
2011,34,674586
2012,34,502608
2013,34,429502
2014,34,390749
2015,34,449648
2016,34,
2017,34,
2018,34,
2019,34,
2020,34,
2008,35,170888
2009,35,155036
2010,35,106995
2011,35,70073
2012,35,99309
2013,35,126674
2014,35,130227
2015,35,131266
2016,35,158207
2017,35,158519
2018,35,157202
2019,35,215071
2020,35,234216
2008,36,534982
2009,36,264913
2010,36,253230
2011,36,271403
2012,36,281434
2013,36,282887
2014,36,294944
2015,36,350293
2016,36,385226
2017,36,465810
2018,36,426850
2019,36,673254
2020,36,797401
2008,37,515028
2009,37,1178578
2010,37,762558
2011,37,404344
2012,37,497382
2013,37,431979
2014,37,386767
2015,37,455732
2016,37,13399
2017,37,-4810
2018,37,16545
2019,37,105174
2020,37,88800
2008,38,149043
2009,38,-30924
2010,38,-21322
2011,38,-9756
2012,38,1017643
2013,38,432001
2014,38,222679
2015,38,431484
2016,38,313523
2017,38,18430
2018,38,-294551
2019,38,100672
2020,38,208729
2008,39,-8145
2009,39,-28800
2010,39,5490
2011,39,42482
2012,39,25399
2013,39,30819
2014,39,18794
2015,39,18859
2016,39,18278
2017,39,18733
2018,39,17695
2019,39,52288
2020,39,49901
2008,40,32919
2009,40,22036
2010,40,46307
2011,40,2060
2012,40,92768
2013,40,107942
2014,40,67746
2015,40,92303
2016,40,141411
2017,40,74310
2018,40,140883
2019,40,153716
2020,40,117682
2008,41,2495
2009,41,-13481
2010,41,5292
2011,41,-6511
2012,41,-13763
2013,41,27188
2014,41,5117
2015,41,10652
2016,41,5691
2017,41,-27339
2018,41,16949
2019,41,31338
2020,41,796
2008,42,10510000
2009,42,8926000
2010,42,11725000
2011,42,11713000
2012,42,10415000
2013,42,7241000
2014,42,10058000
2015,42,9572000
2016,42,9847000
2017,42,10125000
2018,42,11075000
2019,42,11251000
2020,42,11508000
2008,43,567800
2009,43,1279300
2010,43,767200
2011,43,849100
2012,43,611900
2013,43,763800
2014,43,1191200
2015,43,1143800
2016,43,1560000
2017,43,1691700
2018,43,1306600
2019,43,1295400
2020,43,941400
2008,44,-9688
2009,44,-463
2010,44,-10291
2011,44,1793
2012,44,3722
2013,44,2624
2014,44,4565
2015,44,4448
2016,44,3557
2017,44,
2018,44,
2019,44,
2020,44,
2008,45,
2009,45,
2010,45,
2011,45,
2012,45,
2013,45,
2014,45,
2015,45,
2016,45,
2017,45,
2018,45,
2019,45,
2020,45,
2008,46,433555
2009,46,135129
2010,46,369589
2011,46,238007
2012,46,377918
2013,46,447224
2014,46,567737
2015,46,625839
2016,46,564897
2017,46,368021
2018,46,645606
2019,46,758432
2020,46,802966
2008,47,608000
2009,47,258000
2010,47,902000
2011,47,316000
2012,47,794000
2013,47,609000
2014,47,822000
2015,47,769000
2016,47,718000
2017,47,875000
2018,47,1051000
2019,47,935000
2020,47,854000
2008,48,353000
2009,48,911000
2010,48,663000
2011,48,1276000
2012,48,1100000
2013,48,743000
2014,48,1033000
2015,48,1295000
2016,48,
2017,48,
2018,48,
2019,48,
2020,48,
2008,49,
2009,49,
2010,49,500
2011,49,-544
2012,49,-1067
2013,49,-2869
2014,49,
2015,49,3736
2016,49,4117
2017,49,505
2018,49,347
2019,49,515
2020,49,1463
2008,50,
2009,50,
2010,50,
2011,50,
2012,50,
2013,50,11207
2014,50,10933
2015,50,9659
2016,50,1488
2017,50,6598
2018,50,6290
2019,50,12089
2020,50,7811
2008,51,
2009,51,
2010,51,
2011,51,
2012,51,
2013,51,
2014,51,
2015,51,
2016,51,
2017,51,
2018,51,
2019,51,
2020,51,
2008,52,
2009,52,
2010,52,
2011,52,
2012,52,
2013,52,
2014,52,
2015,52,6577
2016,52,1923
2017,52,6696
2018,52,3748
2019,52,959
2020,52,
2008,53,32599
2009,53,4475
2010,53,6146
2011,53,17585
2012,53,17953
2013,53,3886
2014,53,12634
2015,53,21666
2016,53,17765
2017,53,36980
2018,53,20098
2019,53,23525
2020,53,11191
2008,54,3453
2009,54,3354
2010,54,9567
2011,54,-107
2012,54,13561
2013,54,10492
2014,54,14545
2015,54,8267
2016,54,30322
2017,54,17149
2018,54,11938
2019,54,37726
2020,54,44132
2008,55,38000
2009,55,15604
2010,55,55580
2011,55,36858
2012,55,52862
2013,55,50372
2014,55,54315
2015,55,61679
2016,55,55625
2017,55,72544
2018,55,68059
2019,55,72850
2020,55,68115
2008,56,6691
2009,56,14534
2010,56,572
2011,56,13415
2012,56,15337
2013,56,19350
2014,56,20590
2015,56,4303
2016,56,40004
2017,56,31729
2018,56,13035
2019,56,16210
2020,56,29034
2008,57,24201
2009,57,46375
2010,57,32388
2011,57,18989
2012,57,35946
2013,57,26061
2014,57,27508
2015,57,23540
2016,57,37847
2017,57,40483
2018,57,22745
2019,57,
2020,57,
2008,58,417000
2009,58,286000
2010,58,233000
2011,58,442000
2012,58,423000
2013,58,284000
2014,58,253000
2015,58,597000
2016,58,547000
2017,58,537000
2018,58,378000
2019,58,681000
2020,58,619000
2008,59,12467
2009,59,11632
2010,59,14071
2011,59,9442
2012,59,11530
2013,59,17107
2014,59,18279
2015,59,18095
2016,59,25454
2017,59,23229
2018,59,22355
2019,59,34054
2020,59,29312
2008,60,-7812
2009,60,1164
2010,60,24631
2011,60,11910
2012,60,-5843
2013,60,-8782
2014,60,18784
2015,60,1581
2016,60,10901
2017,60,10899
2018,60,-689
2019,60,473
2020,60,2616
2008,61,5914
2009,61,4825
2010,61,-1531
2011,61,2043
2012,61,12213
2013,61,12557
2014,61,-2982
2015,61,5974
2016,61,15177
2017,61,19039
2018,61,14448
2019,61,15199
2020,61,15267
2008,62,55097
2009,62,-4833
2010,62,-36114
2011,62,19651
2012,62,18102
2013,62,26896
2014,62,14679
2015,62,6720
2016,62,15962
2017,62,-13101
2018,62,3228
2019,62,25491
2020,62,4979
2008,63,3429
2009,63,8468
2010,63,8381
2011,63,8020
2012,63,8467
2013,63,10726
2014,63,8464
2015,63,20477
2016,63,23262
2017,63,31068
2018,63,27120
2019,63,36197
2020,63,57226
2008,64,8405000
2009,64,5475000
2010,64,6873000
2011,64,8512000
2012,64,8521000
2013,64,6868000
2014,64,4698000
2015,64,5051000
2016,64,5661000
2017,64,5399000
2018,64,4592000
2019,64,5950000
2020,64,6551000
2008,65,11878
2009,65,26751
2010,65,35164
2011,65,36203
2012,65,34909
2013,65,22468
2014,65,65354
2015,65,62694
2016,65,88497
2017,65,66613
2018,65,57181
2019,65,78387
2020,65,30783
2008,66,
2009,66,
2010,66,-12
2011,66,47943
2012,66,20151
2013,66,31356
2014,66,52795
2015,66,48308
2016,66,52742
2017,66,61049
2018,66,49061
2019,66,67289
2020,66,74601
2008,67,1535
2009,67,4320
2010,67,2059
2011,67,1314
2012,67,7324
2013,67,6801
2014,67,6053
2015,67,882
2016,67,-2344
2017,67,7403
2018,67,4936
2019,67,10015
2020,67,24195
2008,68,6205
2009,68,9718
2010,68,3865
2011,68,-485
2012,68,-127
2013,68,-2384
2014,68,-484
2015,68,-1411
2016,68,-1483
2017,68,-2114
2018,68,-530
2019,68,728
2020,68,-3268
2008,69,258800
2009,69,317600
2010,69,325300
2011,69,284800
2012,69,368200
2013,69,434700
2014,69,342200
2015,69,308000
2016,69,355400
2017,69,329800
2018,69,
2019,69,
2020,69,
2008,70,4930
2009,70,4117
2010,70,4014
2011,70,743
2012,70,12037
2013,70,19478
2014,70,8123
2015,70,13714
2016,70,9700
2017,70,10614
2018,70,11302
2019,70,11418
2020,70,15428
2008,71,65
2009,71,3240
2010,71,1087
2011,71,2740
2012,71,1076
2013,71,6843
2014,71,3432
2015,71,914
2016,71,7158
2017,71,5354
2018,71,5429
2019,71,1299
2020,71,3367
2008,72,-19179
2009,72,56563
2010,72,20336
2011,72,41557
2012,72,16901
2013,72,22256
2014,72,51779
2015,72,54966
2016,72,51492
2017,72,35132
2018,72,41245
2019,72,32255
2020,72,35438
2008,73,-32
2009,73,2042
2010,73,1592
2011,73,2645
2012,73,-362
2013,73,2601
2014,73,2446
2015,73,-11
2016,73,-374
2017,73,
2018,73,
2019,73,
2020,73,
2008,74,
2009,74,
2010,74,
2011,74,
2012,74,
2013,74,
2014,74,
2015,74,
2016,74,
2017,74,
2018,74,
2019,74,
2020,74,
2008,75,
2009,75,
2010,75,
2011,75,
2012,75,
2013,75,
2014,75,1871
2015,75,-138
2016,75,907
2017,75,1001
2018,75,2080
2019,75,2124
2020,75,-1491
2008,76,1053000
2009,76,1164000
2010,76,1775000
2011,76,1537000
2012,76,820000
2013,76,1839000
2014,76,1535000
2015,76,2054000
2016,76,1627000
2017,76,1864000
2018,76,1826000
2019,76,1486000
2020,76,1597000
2008,77,258432
2009,77,237757
2010,77,345371
2011,77,194160
2012,77,387988
2013,77,481550
2014,77,373606
2015,77,494934
2016,77,492286
2017,77,521760
2018,77,682292
2019,77,631711
2020,77,824300
2008,78,427078
2009,78,234008
2010,78,325093
2011,78,365134
2012,78,243115
2013,78,503091
2014,78,507328
2015,78,557000
2016,78,663100
2017,78,754800
2018,78,621500
2019,78,729700
2020,78,891400
2008,79,24550
2009,79,2374
2010,79,18686
2011,79,20622
2012,79,27102
2013,79,22706
2014,79,18353
2015,79,35034
2016,79,30924
2017,79,26220
2018,79,41120
2019,79,23642
2020,79,59158
2008,80,133439
2009,80,33709
2010,80,32470
2011,80,3207
2012,80,45266
2013,80,95992
2014,80,55877
2015,80,69249
2016,80,68462
2017,80,57255
2018,80,75964
2019,80,56716
2020,80,63411
2008,81,538000
2009,81,1161000
2010,81,982000
2011,81,25000
2012,81,519000
2013,81,413000
2014,81,858000
2015,81,1213000
2016,81,808000
2017,81,961000
2018,81,588000
2019,81,1173000
2020,81,417000
2008,82,
2009,82,
2010,82,
2011,82,
2012,82,
2013,82,
2014,82,
2015,82,
2016,82,
2017,82,
2018,82,
2019,82,
2020,82,
2008,83,45043
2009,83,44099
2010,83,61961
2011,83,57103
2012,83,40593
2013,83,40093
2014,83,42006
2015,83,44155
2016,83,48162
2017,83,56510
2018,83,68929
2019,83,64580
2020,83,76603
2008,84,-29075
2009,84,292379
2010,84,234374
2011,84,221070
2012,84,100294
2013,84,805786
2014,84,28466
2015,84,181815
2016,84,215076
2017,84,89638
2018,84,239195
2019,84,242720
2020,84,412134
2008,85,6729
2009,85,26184
2010,85,41685
2011,85,44970
2012,85,16589
2013,85,23845
2014,85,28569
2015,85,27935
2016,85,28609
2017,85,34298
2018,85,56426
2019,85,61183
2020,85,72838
2008,86,-29075
2009,86,292379
2010,86,234374
2011,86,221070
2012,86,100294
2013,86,805786
2014,86,28466
2015,86,181815
2016,86,215076
2017,86,89638
2018,86,239195
2019,86,242720
2020,86,412134
2008,87,7326
2009,87,-2106
2010,87,3624
2011,87,-6260
2012,87,4676
2013,87,-2339
2014,87,-1304
2015,87,-1213
2016,87,-1689
2017,87,-785
2018,87,-1182
2019,87,-868
2020,87,
2008,88,-1825
2009,88,-1468
2010,88,340
2011,88,-1158
2012,88,-873
2013,88,-3345
2014,88,-2134
2015,88,-789
2016,88,77
2017,88,-1685
2018,88,-1169
2019,88,
2020,88,
2008,89,16634
2009,89,-6266
2010,89,-141
2011,89,5324
2012,89,1415
2013,89,-1017
2014,89,-2330
2015,89,-7652
2016,89,7154
2017,89,8602
2018,89,1485
2019,89,
2020,89,
2008,90,-1824
2009,90,18421
2010,90,-494
2011,90,14889
2012,90,26979
2013,90,36319
2014,90,24052
2015,90,55071
2016,90,76231
2017,90,117314
2018,90,
2019,90,
2020,90,
2008,91,
2009,91,
2010,91,
2011,91,
2012,91,
2013,91,2586
2014,91,1071
2015,91,791
2016,91,2767
2017,91,2225
2018,91,1453
2019,91,-214
2020,91,
2008,92,
2009,92,
2010,92,
2011,92,
2012,92,
2013,92,
2014,92,
2015,92,-206
2016,92,-1334
2017,92,17
2018,92,1810
2019,92,-1684
2020,92,
2008,93,
2009,93,
2010,93,
2011,93,
2012,93,
2013,93,
2014,93,
2015,93,
2016,93,
2017,93,
2018,93,
2019,93,
2020,93,
2008,94,
2009,94,
2010,94,
2011,94,
2012,94,
2013,94,
2014,94,
2015,94,
2016,94,
2017,94,
2018,94,
2019,94,
2020,94,
2008,95,84023
2009,95,80004
2010,95,93065
2011,95,75665
2012,95,100683
2013,95,86827
2014,95,117843
2015,95,127361
2016,95,146449
2017,95,170506
2018,95,180896
2019,95,319367
2020,95,391466
2008,96,-6173
2009,96,2305
2010,96,-12916
2011,96,1926
2012,96,369
2013,96,9349
2014,96,
2015,96,
2016,96,
2017,96,
2018,96,
2019,96,
2020,96,
2008,97,-993
2009,97,-2643
2010,97,11684
2011,97,-486
2012,97,8543
2013,97,6760
2014,97,1284
2015,97,-748
2016,97,5173
2017,97,3920
2018,97,5057
2019,97,6045
2020,97,6677
2008,98,47779
2009,98,64219
2010,98,95791
2011,98,108578
2012,98,110582
2013,98,107717
2014,98,119847
2015,98,138449
2016,98,165597
2017,98,167440
2018,98,209879
2019,98,232670
2020,98,304562
2008,99,9428
2009,99,6046
2010,99,3125
2011,99,16258
2012,99,12367
2013,99,17499
2014,99,9730
2015,99,1080
2016,99,5798
2017,99,5468
2018,99,
2019,99,
2020,99,
2008,100,51328
2009,100,174047
2010,100,177459
2011,100,118470
2012,100,-15731
2013,100,167882
2014,100,164463
2015,100,188489
2016,100,239820
2017,100,200175
2018,100,185846
2019,100,234848
2020,100,463678
2008,101,2789
2009,101,2733
2010,101,2468
2011,101,-1304
2012,101,1297
2013,101,3235
2014,101,2389
2015,101,-503
2016,101,1931
2017,101,-156
2018,101,4429
2019,101,1939
2020,101,3618
2008,102,4088
2009,102,29564
2010,102,32793
2011,102,5404
2012,102,18976
2013,102,19868
2014,102,21136
2015,102,22760
2016,102,25869
2017,102,25923
2018,102,31476
2019,102,32719
2020,102,17560
2008,103,-8165
2009,103,15626
2010,103,-3057
2011,103,7708
2012,103,9770
2013,103,2806
2014,103,11996
2015,103,9454
2016,103,16154
2017,103,5571
2018,103,10203
2019,103,
2020,103,
2008,104,3422
2009,104,8115
2010,104,9829
2011,104,9020
2012,104,5621
2013,104,5998
2014,104,3958
2015,104,6299
2016,104,5224
2017,104,2119
2018,104,8031
2019,104,-4943
2020,104,8399
2008,105,1780
2009,105,-698
2010,105,298
2011,105,102
2012,105,1396
2013,105,1979
2014,105,-509
2015,105,-915
2016,105,1723
2017,105,1012
2018,105,1175
2019,105,-1700
2020,105,2062
2008,106,7916
2009,106,35975
2010,106,15828
2011,106,75
2012,106,24032
2013,106,35385
2014,106,17097
2015,106,17951
2016,106,43981
2017,106,26766
2018,106,24653
2019,106,34964
2020,106,42950
2008,107,-8198
2009,107,-8203
2010,107,2792
2011,107,-15605
2012,107,19457
2013,107,-9287
2014,107,-5746
2015,107,14870
2016,107,-12115
2017,107,-5263
2018,107,9866
2019,107,9315
2020,107,9111
2008,108,
2009,108,
2010,108,
2011,108,
2012,108,
2013,108,-15
2014,108,-359
2015,108,95413
2016,108,-79704
2017,108,34734
2018,108,-69990
2019,108,85847
2020,108,86270
2008,109,
2009,109,12934
2010,109,17565
2011,109,17057
2012,109,16407
2013,109,8554
2014,109,16248
2015,109,30297
2016,109,
2017,109,
2018,109,
2019,109,
2020,109,
2008,110,-7174
2009,110,-3205
2010,110,-5051
2011,110,-14984
2012,110,9087
2013,110,-4406
2014,110,-5317
2015,110,-2741
2016,110,-3899
2017,110,-1905
2018,110,-310
2019,110,-121
2020,110,
2008,111,16772
2009,111,-3636
2010,111,13894
2011,111,2996
2012,111,3628
2013,111,893
2014,111,870
2015,111,-28
2016,111,-1227
2017,111,10822
2018,111,-452
2019,111,-23537
2020,111,-23129
2008,112,35513
2009,112,19634
2010,112,44234
2011,112,40058
2012,112,72262
2013,112,77414
2014,112,105258
2015,112,58594
2016,112,118547
2017,112,106745
2018,112,112806
2019,112,147828
2020,112,
2008,113,9959
2009,113,3226
2010,113,25435
2011,113,-7848
2012,113,10663
2013,113,43376
2014,113,35493
2015,113,45509
2016,113,48961
2017,113,83422
2018,113,53853
2019,113,42941
2020,113,88772
2008,114,-1489
2009,114,5626
2010,114,6639
2011,114,-2495
2012,114,-4142
2013,114,2762
2014,114,4774
2015,114,5076
2016,114,-6465
2017,114,5973
2018,114,-3590
2019,114,2910
2020,114,
2008,115,9225
2009,115,4086
2010,115,3701
2011,115,3392
2012,115,3348
2013,115,4134
2014,115,2343
2015,115,11940
2016,115,
2017,115,
2018,115,
2019,115,
2020,115,
2008,116,15903
2009,116,29552
2010,116,24998
2011,116,22439
2012,116,15163
2013,116,20288
2014,116,16977
2015,116,19131
2016,116,23317
2017,116,22779
2018,116,1737
2019,116,30140
2020,116,22004
2008,117,-5430
2009,117,7122
2010,117,12699
2011,117,5100
2012,117,16097
2013,117,5029
2014,117,12853
2015,117,14968
2016,117,-6225
2017,117,26865
2018,117,25523
2019,117,-1062
2020,117,20578
2008,118,26156
2009,118,7349
2010,118,-12629
2011,118,51101
2012,118,78827
2013,118,-714
2014,118,43560
2015,118,-9414
2016,118,21784
2017,118,27718
2018,118,17938
2019,118,65707
2020,118,-7009
2008,119,38921
2009,119,69594
2010,119,64749
2011,119,41903
2012,119,55281
2013,119,63846
2014,119,72099
2015,119,114733
2016,119,127174
2017,119,141557
2018,119,148832
2019,119,212487
2020,119,280923
2008,120,
2009,120,
2010,120,
2011,120,149882
2012,120,374813
2013,120,-246242
2014,120,-319509
2015,120,-568308
2016,120,574958
2017,120,546869
2018,120,41682
2019,120,44507
2020,120,-543393
2008,121,
2009,121,
2010,121,
2011,121,
2012,121,1698000
2013,121,1835000
2014,121,888360
2015,121,2021852
2016,121,1238529
2017,121,2141978
2018,121,1636313
2019,121,1332134
2020,121,3031599
2008,122,495104
2009,122,381736
2010,122,215912
2011,122,124899
2012,122,190170
2013,122,216767
2014,122,155404
2015,122,253010
2016,122,52555
2017,122,87403
2018,122,19075
2019,122,154443
2020,122,191795
2008,123,
2009,123,
2010,123,
2011,123,
2012,123,
2013,123,
2014,123,-1589
2015,123,466
2016,123,-2933
2017,123,1856
2018,123,9310
2019,123,-186
2020,123,964
2008,124,
2009,124,
2010,124,
2011,124,
2012,124,
2013,124,
2014,124,
2015,124,-227
2016,124,4702
2017,124,2635
2018,124,1610
2019,124,2901
2020,124,-1309
2008,125,
2009,125,
2010,125,
2011,125,
2012,125,
2013,125,
2014,125,
2015,125,21026
2016,125,25229
2017,125,18348
2018,125,21847
2019,125,54357
2020,125,47435
2008,126,94837
2009,126,119165
2010,126,137128
2011,126,160910
2012,126,2684
2013,126,20800
2014,126,7718
2015,126,-73772
2016,126,-643
2017,126,30920
2018,126,25797
2019,126,-6942
2020,126,-10291
2008,127,35494
2009,127,20290
2010,127,36039
2011,127,-1766
2012,127,1511
2013,127,6335
2014,127,10896
2015,127,10104
2016,127,9496
2017,127,13578
2018,127,12979
2019,127,23797
2020,127,2197
2008,128,300448
2009,128,373364
2010,128,336815
2011,128,407898
2012,128,329254
2013,128,369796
2014,128,426128
2015,128,390146
2016,128,422678
2017,128,477198
2018,128,556484
2019,128,
2020,128,
2008,129,40544
2009,129,56183
2010,129,52252
2011,129,57882
2012,129,39642
2013,129,59879
2014,129,81869
2015,129,63561
2016,129,75999
2017,129,145735
2018,129,
2019,129,
2020,129,
2008,130,56914
2009,130,124089
2010,130,72966
2011,130,17407
2012,130,44026
2013,130,16450
2014,130,84819
2015,130,102403
2016,130,53722
2017,130,50136
2018,130,56934
2019,130,
2020,130,
2008,131,5996
2009,131,8697
2010,131,14362
2011,131,8318
2012,131,7178
2013,131,9759
2014,131,11358
2015,131,26724
2016,131,18278
2017,131,11266
2018,131,34234
2019,131,29578
2020,131,-31794
2008,132,1292900
2009,132,1375778
2010,132,1650925
2011,132,1918131
2012,132,1117359
2013,132,1501986
2014,132,1823308
2015,132,2210820
2016,132,2361810
2017,132,2390026
2018,132,2944405
2019,132,4662000
2020,132,2435000
2008,133,11099
2009,133,27737
2010,133,33342
2011,133,23667
2012,133,15117
2013,133,13386
2014,133,-7644
2015,133,-10234
2016,133,
2017,133,
2018,133,
2019,133,
2020,133,
2008,134,270046
2009,134,392238
2010,134,343600
2011,134,414800
2012,134,345589
2013,134,375479
2014,134,436219
2015,134,393452
2016,134,428933
2017,134,474792
2018,134,599789
2019,134,632006
2020,134,476947
2008,135,
2009,135,
2010,135,
2011,135,
2012,135,10802
2013,135,12212
2014,135,16027
2015,135,8418
2016,135,29344
2017,135,25275
2018,135,30342
2019,135,34991
2020,135,-13968
2008,136,-11976
2009,136,-5822
2010,136,4367
2011,136,1960
2012,136,15066
2013,136,9521
2014,136,12151
2015,136,23136
2016,136,18336
2017,136,28525
2018,136,-532
2019,136,-6384
2020,136,38729
2008,137,3647
2009,137,3173
2010,137,2255
2011,137,3081
2012,137,3549
2013,137,4514
2014,137,3950
2015,137,4423
2016,137,8296
2017,137,4273
2018,137,7810
2019,137,11534
2020,137,7182
2008,138,
2009,138,
2010,138,
2011,138,
2012,138,
2013,138,
2014,138,
2015,138,
2016,138,
2017,138,
2018,138,
2019,138,
2020,138,
2008,139,-4386
2009,139,6402
2010,139,875
2011,139,2782
2012,139,3110
2013,139,5564
2014,139,3765
2015,139,7040
2016,139,12302
2017,139,8462
2018,139,17702
2019,139,5138
2020,139,12087
2008,140,8448
2009,140,15426
2010,140,17421
2011,140,10486
2012,140,19586
2013,140,6118
2014,140,-19666
2015,140,-3861
2016,140,-8749
2017,140,-5096
2018,140,-2295
2019,140,
2020,140,
2008,141,40913
2009,141,455
2010,141,10067
2011,141,1658
2012,141,-13918
2013,141,-13981
2014,141,-11529
2015,141,-2170
2016,141,-2008
2017,141,-1884
2018,141,4981
2019,141,8909
2020,141,7031
2008,142,13778
2009,142,4154
2010,142,22896
2011,142,25515
2012,142,28236
2013,142,13144
2014,142,19172
2015,142,13701
2016,142,44900
2017,142,97600
2018,142,99000
2019,142,132300
2020,142,95200
2008,143,313
2009,143,-9315
2010,143,6319
2011,143,5451
2012,143,3802
2013,143,2660
2014,143,-6683
2015,143,2544
2016,143,9098
2017,143,3141
2018,143,5310
2019,143,6076
2020,143,
2008,144,-10788
2009,144,-20740
2010,144,-1144
2011,144,-31007
2012,144,-11175
2013,144,-42772
2014,144,-29111
2015,144,-16882
2016,144,-31076
2017,144,-20289
2018,144,-10564
2019,144,11121
2020,144,11539
2008,145,-8885
2009,145,4505
2010,145,3305
2011,145,4205
2012,145,1587
2013,145,4102
2014,145,897
2015,145,15638
2016,145,4776
2017,145,5485
2018,145,3224
2019,145,3801
2020,145,
2008,146,18367
2009,146,-3018
2010,146,-7235
2011,146,-26858
2012,146,-9228
2013,146,-1935
2014,146,-25026
2015,146,-8421
2016,146,-10
2017,146,-125
2018,146,39
2019,146,-1444
2020,146,6416
2008,147,41797
2009,147,92556
2010,147,69514
2011,147,83075
2012,147,26598
2013,147,-69362
2014,147,41279
2015,147,65338
2016,147,95358
2017,147,87968
2018,147,53638
2019,147,67645
2020,147,81411
2008,148,-6212
2009,148,-4111
2010,148,11381
2011,148,4548
2012,148,6083
2013,148,4567
2014,148,-6834
2015,148,1542
2016,148,9204
2017,148,3630
2018,148,7527
2019,148,6079
2020,148,
2008,149,111493
2009,149,88737
2010,149,90277
2011,149,77559
2012,149,54850
2013,149,58636
2014,149,31347
2015,149,23823
2016,149,52101
2017,149,-119949
2018,149,21504
2019,149,14561
2020,149,
2008,150,2022900
2009,150,1547800
2010,150,1821100
2011,150,1602200
2012,150,1272100
2013,150,1224900
2014,150,1316000
2015,150,1487400
2016,150,1374200
2017,150,1274000
2018,150,1243100
2019,150,966900
2020,150,852000
2008,151,
2009,151,
2010,151,
2011,151,832
2012,151,-621
2013,151,4506
2014,151,2300
2015,151,6685
2016,151,18174
2017,151,7123
2018,151,12851
2019,151,9751
2020,151,10157
2008,152,
2009,152,
2010,152,
2011,152,
2012,152,
2013,152,
2014,152,3467
2015,152,1939
2016,152,-103
2017,152,411
2018,152,-25
2019,152,680
2020,152,2720
2008,153,185000
2009,153,120900
2010,153,171200
2011,153,111700
2012,153,-39600
2013,153,-152100
2014,153,-42100
2015,153,-1500
2016,153,60300
2017,153,71200
2018,153,112000
2019,153,125000
2020,153,90800
2008,154,
2009,154,
2010,154,
2011,154,
2012,154,
2013,154,2196
2014,154,8247
2015,154,5619
2016,154,6499
2017,154,10741
2018,154,6275
2019,154,5015
2020,154,6988
2008,155,
2009,155,
2010,155,
2011,155,
2012,155,
2013,155,
2014,155,12331
2015,155,10620
2016,155,14555
2017,155,5501
2018,155,8550
2019,155,11043
2020,155,13192
2008,156,
2009,156,
2010,156,
2011,156,1629
2012,156,24689
2013,156,35352
2014,156,-5681
2015,156,87184
2016,156,91083
2017,156,69785
2018,156,104290
2019,156,111257
2020,156,115193
2008,157,
2009,157,
2010,157,
2011,157,
2012,157,-257
2013,157,945
2014,157,971
2015,157,-8247
2016,157,-21673
2017,157,-12989
2018,157,903
2019,157,
2020,157,
2008,158,
2009,158,
2010,158,
2011,158,
2012,158,
2013,158,
2014,158,
2015,158,-833
2016,158,-666
2017,158,-236
2018,158,-489
2019,158,135
2020,158,
2008,159,
2009,159,
2010,159,
2011,159,
2012,159,
2013,159,
2014,159,
2015,159,
2016,159,-156
2017,159,-92
2018,159,350
2019,159,567
2020,159,
2008,160,
2009,160,
2010,160,
2011,160,
2012,160,
2013,160,
2014,160,2448
2015,160,2888
2016,160,4355
2017,160,5088
2018,160,-2613
2019,160,1552
2020,160,3359
2008,161,
2009,161,
2010,161,
2011,161,
2012,161,
2013,161,
2014,161,
2015,161,1824
2016,161,1750
2017,161,2564
2018,161,1605
2019,161,1459
2020,161,3107
2008,162,
2009,162,
2010,162,
2011,162,
2012,162,
2013,162,
2014,162,2898
2015,162,178
2016,162,-824
2017,162,4744
2018,162,2393
2019,162,3030
2020,162,172
2008,163,
2009,163,
2010,163,
2011,163,
2012,163,
2013,163,
2014,163,
2015,163,319
2016,163,302
2017,163,-170
2018,163,814
2019,163,154
2020,163,2022
2008,164,-2016
2009,164,7297
2010,164,-5441
2011,164,10757
2012,164,-2124
2013,164,-7403
2014,164,-3767
2015,164,-4115
2016,164,733
2017,164,-1205
2018,164,-4502
2019,164,-3424
2020,164,3531
2008,165,
2009,165,
2010,165,
2011,165,
2012,165,
2013,165,
2014,165,
2015,165,
2016,165,
2017,165,
2018,165,
2019,165,
2020,165,
2008,166,
2009,166,
2010,166,
2011,166,
2012,166,
2013,166,
2014,166,
2015,166,78140
2016,166,104416
2017,166,114349
2018,166,161986
2019,166,304827
2020,166,486631
2008,167,274858
2009,167,261455
2010,167,110289
2011,167,-8849
2012,167,533964
2013,167,323760
2014,167,148157
2015,167,272301
2016,167,275189
2017,167,280257
2018,167,247792
2019,167,446079
2020,167,-290978
2008,168,16363
2009,168,-1201
2010,168,-20087
2011,168,35915
2012,168,79446
2013,168,62309
2014,168,38681
2015,168,38282
2016,168,11487
2017,168,10949
2018,168,25821
2019,168,8322
2020,168,3256
2008,169,21801000
2009,169,11136000
2010,169,14694000
2011,169,14382000
2012,169,12371000
2013,169,11356000
2014,169,15112000
2015,169,10992000
2016,169,8557000
2017,169,10124000
2018,169,13647000
2019,169,12385000
2020,169,4822000
2008,170,216299
2009,170,93183
2010,170,181451
2011,170,-50923
2012,170,108871
2013,170,260549
2014,170,290480
2015,170,189439
2016,170,381877
2017,170,565605
2018,170,296790
2019,170,405075
2020,170,410737
2008,171,110470
2009,171,26417
2010,171,-62401
2011,171,-183618
2012,171,-133325
2013,171,-193583
2014,171,3173
2015,171,289833
2016,171,163187
2017,171,208535
2018,171,-23608
2019,171,-17031
2020,171,-20587
2008,172,6627
2009,172,34491
2010,172,34802
2011,172,37450
2012,172,15019
2013,172,30789
2014,172,21873
2015,172,-33781
2016,172,25896
2017,172,-10180
2018,172,36719
2019,172,13472
2020,172,-57230
2008,173,1562000
2009,173,967000
2010,173,1324000
2011,173,1544000
2012,173,224000
2013,173,426000
2014,173,1198000
2015,173,-509000
2016,173,978000
2017,173,459000
2018,173,711000
2019,173,1257000
2020,173,123000
2008,174,578895
2009,174,897191
2010,174,831633
2011,174,820896
2012,174,1040429
2013,174,921846
2014,174,1170118
2015,174,1197291
2016,174,1311269
2017,174,1603240
2018,174,1441520
2019,174,
2020,174,
2008,175,89216
2009,175,154164
2010,175,168951
2011,175,128040
2012,175,104897
2013,175,206930
2014,175,90411
2015,175,108895
2016,175,149684
2017,175,148195
2018,175,25431
2019,175,98537
2020,175,-2187
2008,176,13023
2009,176,18055
2010,176,462
2011,176,17000
2012,176,21998
2013,176,15646
2014,176,13611
2015,176,11119
2016,176,12427
2017,176,11665
2018,176,21910
2019,176,32811
2020,176,39642
2008,177,83557
2009,177,159680
2010,177,88959
2011,177,50336
2012,177,66991
2013,177,-21710
2014,177,11053
2015,177,84760
2016,177,-10138
2017,177,98552
2018,177,31185
2019,177,120616
2020,177,-26597
2008,178,56268
2009,178,11476
2010,178,97593
2011,178,55914
2012,178,80411
2013,178,68608
2014,178,26915
2015,178,114799
2016,178,89065
2017,178,-31075
2018,178,2712
2019,178,26546
2020,178,885
2008,179,5633
2009,179,1623
2010,179,312
2011,179,6665
2012,179,2244
2013,179,5069
2014,179,9450
2015,179,5548
2016,179,5235
2017,179,9141
2018,179,12969
2019,179,17691
2020,179,6735
2008,180,2343
2009,180,-10624
2010,180,746
2011,180,13970
2012,180,-114
2013,180,9227
2014,180,11042
2015,180,9734
2016,180,8968
2017,180,13481
2018,180,24676
2019,180,15946
2020,180,7245
2008,181,5416
2009,181,7841
2010,181,7087
2011,181,2312
2012,181,5986
2013,181,2440
2014,181,2483
2015,181,3798
2016,181,2462
2017,181,2065
2018,181,-1303
2019,181,3995
2020,181,3414
2008,182,-2775
2009,182,-16296
2010,182,-25698
2011,182,101516
2012,182,-32795
2013,182,-11163
2014,182,-5387
2015,182,-4457
2016,182,-182
2017,182,-11062
2018,182,
2019,182,
2020,182,
2008,183,15473
2009,183,23096
2010,183,121588
2011,183,115961
2012,183,121140
2013,183,149985
2014,183,143775
2015,183,197459
2016,183,160970
2017,183,278886
2018,183,186275
2019,183,249987
2020,183,88331
2008,184,9493
2009,184,3496
2010,184,-6546
2011,184,-11042
2012,184,8758
2013,184,12674
2014,184,
2015,184,
2016,184,
2017,184,
2018,184,
2019,184,
2020,184,
2008,185,
2009,185,9286
2010,185,19019
2011,185,20342
2012,185,17005
2013,185,23554
2014,185,13771
2015,185,35877
2016,185,44539
2017,185,85741
2018,185,70102
2019,185,115096
2020,185,36462
2008,186,6748
2009,186,18877
2010,186,4909
2011,186,5996
2012,186,17230
2013,186,4275
2014,186,8304
2015,186,6538
2016,186,3428
2017,186,-337
2018,186,3006
2019,186,2056
2020,186,1344
2008,187,
2009,187,
2010,187,
2011,187,
2012,187,602
2013,187,-740
2014,187,-1540
2015,187,-8855
2016,187,-9122
2017,187,-6460
2018,187,-5084
2019,187,-4548
2020,187,-5459
2008,188,
2009,188,
2010,188,62109
2011,188,58739
2012,188,88552
2013,188,90414
2014,188,141695
2015,188,181887
2016,188,277451
2017,188,314112
2018,188,465831
2019,188,588555
2020,188,406450
2008,189,
2009,189,
2010,189,
2011,189,
2012,189,
2013,189,3032
2014,189,33347
2015,189,130554
2016,189,125108
2017,189,75264
2018,189,75688
2019,189,-5549
2020,189,224121
2008,190,
2009,190,
2010,190,
2011,190,
2012,190,
2013,190,
2014,190,
2015,190,3263
2016,190,3372
2017,190,247
2018,190,4367
2019,190,3321
2020,190,3250
2008,191,-4442
2009,191,-3833
2010,191,-5120
2011,191,-2578
2012,191,-3052
2013,191,-9818
2014,191,-7813
2015,191,-6786
2016,191,-3211
2017,191,-1221
2018,191,1180
2019,191,2098
2020,191,3210
2008,192,-17912
2009,192,-22831
2010,192,-19101
2011,192,-4876
2012,192,5893
2013,192,-10685
2014,192,-9890
2015,192,-12739
2016,192,-19477
2017,192,-8285
2018,192,-16032
2019,192,-21976
2020,192,-15588
2008,193,-20248
2009,193,-14813
2010,193,-13906
2011,193,-21128
2012,193,-20796
2013,193,-13643
2014,193,-6217
2015,193,-15836
2016,193,-12166
2017,193,-10464
2018,193,-2948
2019,193,-5746
2020,193,
2008,194,147616
2009,194,155019
2010,194,140575
2011,194,121460
2012,194,112752
2013,194,170119
2014,194,179155
2015,194,247372
2016,194,255436
2017,194,272711
2018,194,371577
2019,194,337384
2020,194,403575
2008,195,
2009,195,
2010,195,
2011,195,
2012,195,
2013,195,2031
2014,195,4425
2015,195,3329
2016,195,2979
2017,195,2387
2018,195,4377
2019,195,
2020,195,
2008,196,10267
2009,196,26022
2010,196,25301
2011,196,4678
2012,196,31986
2013,196,44133
2014,196,49579
2015,196,44334
2016,196,79497
2017,196,73203
2018,196,119835
2019,196,202794
2020,196,229028
2008,197,45070
2009,197,-2757
2010,197,41750
2011,197,-11690
2012,197,41320
2013,197,20327
2014,197,103533
2015,197,64445
2016,197,63911
2017,197,
2018,197,
2019,197,
2020,197,
2008,198,-6027
2009,198,-2544
2010,198,-509
2011,198,-87
2012,198,10792
2013,198,9772
2014,198,6049
2015,198,13749
2016,198,13274
2017,198,3532
2018,198,15160
2019,198,10726
2020,198,28765
2008,199,10756
2009,199,1892
2010,199,6429
2011,199,4959
2012,199,4767
2013,199,528
2014,199,9118
2015,199,5455
2016,199,5017
2017,199,14382
2018,199,14314
2019,199,5182
2020,199,9792
2008,200,96430
2009,200,35520
2010,200,39861
2011,200,44347
2012,200,43810
2013,200,31531
2014,200,34125
2015,200,64388
2016,200,43978
2017,200,13307
2018,200,43497
2019,200,46121
2020,200,
2008,201,19527
2009,201,14843
2010,201,8579
2011,201,3396
2012,201,7418
2013,201,4829
2014,201,3673
2015,201,7383
2016,201,7785
2017,201,
2018,201,
2019,201,
2020,201,
2008,202,-1622
2009,202,3721
2010,202,10037
2011,202,17904
2012,202,3766
2013,202,5481
2014,202,3812
2015,202,802
2016,202,8759
2017,202,221
2018,202,1380
2019,202,-1305
2020,202,-1300
2008,203,6412
2009,203,-6453
2010,203,-1312
2011,203,1922
2012,203,2793
2013,203,3712
2014,203,6986
2015,203,1592
2016,203,342
2017,203,1686
2018,203,7158
2019,203,8726
2020,203,13582
2008,204,-6501
2009,204,-2666
2010,204,-854
2011,204,-950
2012,204,-701
2013,204,1714
2014,204,-586
2015,204,-346
2016,204,1405
2017,204,-1551
2018,204,-3986
2019,204,-335
2020,204,-701
2008,205,-1738
2009,205,3460
2010,205,4575
2011,205,4327
2012,205,9158
2013,205,12262
2014,205,13838
2015,205,-1335
2016,205,12254
2017,205,9319
2018,205,31067
2019,205,
2020,205,
2008,206,-1015
2009,206,-720
2010,206,6596
2011,206,4571
2012,206,8469
2013,206,14573
2014,206,2142
2015,206,4341
2016,206,
2017,206,
2018,206,
2019,206,
2020,206,
2008,207,1266
2009,207,14
2010,207,2077
2011,207,3991
2012,207,741
2013,207,1274
2014,207,4344
2015,207,2999
2016,207,6671
2017,207,6290
2018,207,
2019,207,
2020,207,
2008,208,726
2009,208,-681
2010,208,-3126
2011,208,367
2012,208,408
2013,208,2410
2014,208,1269
2015,208,2540
2016,208,1327
2017,208,2620
2018,208,1067
2019,208,179
2020,208,-288
2008,209,
2009,209,
2010,209,-4
2011,209,696
2012,209,9722
2013,209,12610
2014,209,21386
2015,209,21292
2016,209,33684
2017,209,35222
2018,209,50877
2019,209,29702
2020,209,96550
2008,210,
2009,210,
2010,210,
2011,210,
2012,210,
2013,210,
2014,210,1085
2015,210,-1426
2016,210,1361
2017,210,1004
2018,210,79
2019,210,1373
2020,210,-17
2008,211,
2009,211,
2010,211,-5200
2011,211,-2047
2012,211,954
2013,211,-965
2014,211,
2015,211,-4448
2016,211,-4162
2017,211,-9895
2018,211,-10412
2019,211,-3139
2020,211,7026
2008,212,
2009,212,
2010,212,
2011,212,
2012,212,
2013,212,651
2014,212,-3479
2015,212,839
2016,212,1932
2017,212,-2547
2018,212,2143
2019,212,1922
2020,212,-2390
2008,213,
2009,213,
2010,213,3838
2011,213,4901
2012,213,6436
2013,213,5507
2014,213,
2015,213,7158
2016,213,8668
2017,213,
2018,213,
2019,213,
2020,213,
2008,214,
2009,214,
2010,214,
2011,214,
2012,214,
2013,214,
2014,214,1462
2015,214,3638
2016,214,1831
2017,214,2253
2018,214,2480
2019,214,4586
2020,214,4183
2008,215,
2009,215,
2010,215,
2011,215,
2012,215,
2013,215,
2014,215,
2015,215,
2016,215,
2017,215,
2018,215,
2019,215,
2020,215,
2008,216,
2009,216,
2010,216,
2011,216,
2012,216,
2013,216,
2014,216,
2015,216,
2016,216,
2017,216,
2018,216,3116
2019,216,-862
2020,216,-939
2008,217,
2009,217,
2010,217,
2011,217,
2012,217,
2013,217,2811
2014,217,1491
2015,217,3326
2016,217,4499
2017,217,4464
2018,217,6239
2019,217,7257
2020,217,10886
2008,218,-5471
2009,218,12226
2010,218,-11653
2011,218,52193
2012,218,-3715
2013,218,4733
2014,218,-9861
2015,218,46501
2016,218,-24536
2017,218,35561
2018,218,22894
2019,218,93130
2020,218,-54358
2008,219,-78
2009,219,1601
2010,219,-257
2011,219,37
2012,219,-60
2013,219,1434
2014,219,1281
2015,219,914
2016,219,835
2017,219,604
2018,219,1436
2019,219,2264
2020,219,2702
2008,220,-5129
2009,220,4737
2010,220,22151
2011,220,27098
2012,220,-9263
2013,220,10788
2014,220,2340
2015,220,-822
2016,220,7361
2017,220,8713
2018,220,-50895
2019,220,27577
2020,220,
2008,221,41569
2009,221,47907
2010,221,47586
2011,221,39588
2012,221,38589
2013,221,43792
2014,221,54663
2015,221,40609
2016,221,57082
2017,221,67558
2018,221,61520
2019,221,60679
2020,221,54589
2008,222,
2009,222,
2010,222,
2011,222,
2012,222,
2013,222,
2014,222,-471
2015,222,
2016,222,
2017,222,
2018,222,
2019,222,
2020,222,
2008,223,
2009,223,
2010,223,
2011,223,
2012,223,
2013,223,
2014,223,631
2015,223,2459
2016,223,12465
2017,223,10469
2018,223,
2019,223,
2020,223,
2008,224,
2009,224,
2010,224,
2011,224,
2012,224,
2013,224,
2014,224,
2015,224,
2016,224,
2017,224,
2018,224,
2019,224,
2020,224,
2008,225,
2009,225,
2010,225,-35
2011,225,50
2012,225,-152
2013,225,-227
2014,225,-390
2015,225,4630
2016,225,-1600
2017,225,1938
2018,225,20220
2019,225,574
2020,225,-72
2008,226,13444
2009,226,-3823
2010,226,2908
2011,226,12591
2012,226,6501
2013,226,518
2014,226,6439
2015,226,2749
2016,226,11800
2017,226,204
2018,226,4124
2019,226,4402
2020,226,3388
2008,227,
2009,227,
2010,227,
2011,227,81703
2012,227,101608
2013,227,45262
2014,227,82411
2015,227,84151
2016,227,117280
2017,227,134673
2018,227,140673
2019,227,193078
2020,227,102842
2008,228,-45724
2009,228,-3677
2010,228,-5232
2011,228,-2038
2012,228,-2648
2013,228,338
2014,228,-1651
2015,228,-790
2016,228,10306
2017,228,13421
2018,228,-19003
2019,228,-15704
2020,228,-37117
2008,229,
2009,229,
2010,229,
2011,229,5732
2012,229,2532
2013,229,3451
2014,229,2576
2015,229,3382
2016,229,5827
2017,229,9922
2018,229,6577
2019,229,
2020,229,
2008,230,
2009,230,
2010,230,
2011,230,
2012,230,-5013
2013,230,-2137
2014,230,18633
2015,230,9246
2016,230,3691
2017,230,6711
2018,230,17290
2019,230,14728
2020,230,22921
2008,231,2854
2009,231,-4844
2010,231,-1555
2011,231,1273
2012,231,-1661
2013,231,5269
2014,231,3126
2015,231,-399
2016,231,-1220
2017,231,3861
2018,231,3297
2019,231,977
2020,231,1794
2008,232,75909
2009,232,73284
2010,232,-55276
2011,232,50737
2012,232,29064
2013,232,87721
2014,232,3872
2015,232,74058
2016,232,34413
2017,232,25994
2018,232,127577
2019,232,159869
2020,232,77612
2008,233,3607
2009,233,22027
2010,233,6307
2011,233,19914
2012,233,67487
2013,233,77940
2014,233,60721
2015,233,77583
2016,233,83282
2017,233,72305
2018,233,129322
2019,233,105897
2020,233,
2008,234,7855
2009,234,-2204
2010,234,3447
2011,234,1180
2012,234,7501
2013,234,6255
2014,234,-6202
2015,234,-4101
2016,234,-1844
2017,234,-1195
2018,234,10136
2019,234,20377
2020,234,2908
2008,235,30570
2009,235,8231
2010,235,19945
2011,235,-5164
2012,235,11491
2013,235,-9054
2014,235,-4399
2015,235,-2174
2016,235,-2718
2017,235,-700
2018,235,-404
2019,235,-817
2020,235,
2008,236,-25528
2009,236,25057
2010,236,15842
2011,236,-4548
2012,236,3370
2013,236,4183
2014,236,-16221
2015,236,1987
2016,236,1711
2017,236,-3307
2018,236,-1223
2019,236,-51
2020,236,-24
2008,237,-751
2009,237,31413
2010,237,43805
2011,237,-54770
2012,237,-7142
2013,237,42380
2014,237,12878
2015,237,49051
2016,237,37406
2017,237,70050
2018,237,-14385
2019,237,-10654
2020,237,-70892
2008,238,31948
2009,238,-1246
2010,238,-40915
2011,238,-26063
2012,238,-8991
2013,238,-42975
2014,238,-39154
2015,238,-9741
2016,238,20161
2017,238,-56614
2018,238,-37008
2019,238,-29795
2020,238,-86186
2008,239,-32496
2009,239,83974
2010,239,15762
2011,239,107372
2012,239,12739
2013,239,60193
2014,239,19804
2015,239,53827
2016,239,62160
2017,239,54547
2018,239,110390
2019,239,83422
2020,239,11404
2008,240,24399
2009,240,13406
2010,240,24850
2011,240,22011
2012,240,39711
2013,240,-3353
2014,240,9733
2015,240,16004
2016,240,19988
2017,240,8425
2018,240,23928
2019,240,52800
2020,240,5362
2008,241,4685
2009,241,5717
2010,241,2362
2011,241,16694
2012,241,-4832
2013,241,-1718
2014,241,-962
2015,241,1671
2016,241,5639
2017,241,6698
2018,241,6737
2019,241,1904
2020,241,-3599
2008,242,429600
2009,242,393600
2010,242,497100
2011,242,315400
2012,242,418800
2013,242,239878
2014,242,223500
2015,242,297157
2016,242,320947
2017,242,313576
2018,242,323711
2019,242,697008
2020,242,-53178
2008,243,
2009,243,
2010,243,
2011,243,
2012,243,
2013,243,
2014,243,
2015,243,
2016,243,
2017,243,
2018,243,
2019,243,
2020,243,
2008,244,16512
2009,244,84295
2010,244,16379
2011,244,-43377
2012,244,20693
2013,244,-28556
2014,244,41358
2015,244,28419
2016,244,40995
2017,244,83954
2018,244,
2019,244,
2020,244,
2008,245,
2009,245,
2010,245,
2011,245,-433
2012,245,1869
2013,245,18825
2014,245,19016
2015,245,-34363
2016,245,-45778
2017,245,91870
2018,245,12635
2019,245,10165
2020,245,36643
2008,246,2561897
2009,246,858911
2010,246,1179263
2011,246,957758
2012,246,1775270
2013,246,9528356
2014,246,10675454
2015,246,14787000
2016,246,19478000
2017,246,11633000
2018,246,2597000
2019,246,1120000
2020,246,1917000
2008,247,
2009,247,
2010,247,
2011,247,
2012,247,
2013,247,
2014,247,
2015,247,
2016,247,
2017,247,
2018,247,
2019,247,
2020,247,
2008,248,
2009,248,
2010,248,
2011,248,
2012,248,
2013,248,
2014,248,
2015,248,
2016,248,
2017,248,
2018,248,
2019,248,
2020,248,
2008,249,-301602
2009,249,-45728
2010,249,12289
2011,249,-23406
2012,249,-23752
2013,249,-40550
2014,249,188419
2015,249,188395
2016,249,11116
2017,249,91146
2018,249,96218
2019,249,11755
2020,249,60785
2008,250,
2009,250,
2010,250,
2011,250,
2012,250,
2013,250,
2014,250,
2015,250,
2016,250,
2017,250,12624
2018,250,-18997
2019,250,21917
2020,250,27609
2008,251,
2009,251,
2010,251,
2011,251,
2012,251,
2013,251,
2014,251,
2015,251,
2016,251,
2017,251,
2018,251,
2019,251,
2020,251,
2008,252,
2009,252,
2010,252,
2011,252,
2012,252,
2013,252,
2014,252,
2015,252,
2016,252,
2017,252,
2018,252,
2019,252,
2020,252,
2008,253,
2009,253,
2010,253,
2011,253,
2012,253,
2013,253,
2014,253,3102
2015,253,8729
2016,253,3751
2017,253,-11597
2018,253,13866
2019,253,12434
2020,253,10566
2008,254,19579
2009,254,15019
2010,254,13057
2011,254,21185
2012,254,7177
2013,254,2176
2014,254,13297
2015,254,25750
2016,254,29293
2017,254,33468
2018,254,38665
2019,254,40782
2020,254,106024
2008,255,-504
2009,255,1474
2010,255,315
2011,255,-1623
2012,255,-1
2013,255,-1409
2014,255,-885
2015,255,-1187
2016,255,-964
2017,255,-1258
2018,255,-183
2019,255,-1991
2020,255,-1085
2008,256,
2009,256,
2010,256,
2011,256,
2012,256,
2013,256,
2014,256,
2015,256,
2016,256,
2017,256,
2018,256,
2019,256,
2020,256,
2008,257,
2009,257,
2010,257,
2011,257,
2012,257,
2013,257,13180
2014,257,42417
2015,257,56644
2016,257,93038
2017,257,82232
2018,257,62383
2019,257,136286
2020,257,97605
2008,258,
2009,258,
2010,258,
2011,258,
2012,258,
2013,258,
2014,258,
2015,258,
2016,258,2114
2017,258,7413
2018,258,10212
2019,258,11220
2020,258,13600
2008,259,
2009,259,
2010,259,
2011,259,
2012,259,
2013,259,
2014,259,
2015,259,
2016,259,
2017,259,
2018,259,
2019,259,
2020,259,
2008,260,
2009,260,
2010,260,
2011,260,
2012,260,
2013,260,
2014,260,
2015,260,
2016,260,
2017,260,
2018,260,
2019,260,
2020,260,
2008,261,
2009,261,
2010,261,
2011,261,
2012,261,
2013,261,
2014,261,
2015,261,
2016,261,
2017,261,
2018,261,
2019,261,
2020,261,
2008,262,
2009,262,
2010,262,
2011,262,
2012,262,
2013,262,238363
2014,262,138981
2015,262,264706
2016,262,225206
2017,262,193638
2018,262,308047
2019,262,341633
2020,262,-173058
2008,263,287450
2009,263,182789
2010,263,137291
2011,263,123004
2012,263,30214
2013,263,
2014,263,-26238
2015,263,43908
2016,263,63299
2017,263,56461
2018,263,52225
2019,263,
2020,263,
2008,264,-5457401
2009,264,8770429
2010,264,1771686
2011,264,866517
2012,264,2792633
2013,264,1358884
2014,264,280364
2015,264,452993
2016,264,-812655
2017,264,-42822
2018,264,370301
2019,264,382065
2020,264,-2396
2008,265,
2009,265,
2010,265,
2011,265,
2012,265,
2013,265,
2014,265,
2015,265,-1325
2016,265,-5240
2017,265,5842
2018,265,-2014
2019,265,3365
2020,265,-7118
2008,266,
2009,266,
2010,266,
2011,266,
2012,266,
2013,266,
2014,266,3661
2015,266,4961
2016,266,6990
2017,266,11772
2018,266,5815
2019,266,2974
2020,266,12751
2008,267,
2009,267,
2010,267,
2011,267,
2012,267,
2013,267,
2014,267,
2015,267,
2016,267,
2017,267,
2018,267,
2019,267,
2020,267,
2008,268,
2009,268,
2010,268,
2011,268,
2012,268,
2013,268,
2014,268,
2015,268,
2016,268,
2017,268,
2018,268,
2019,268,
2020,268,
2008,269,
2009,269,
2010,269,
2011,269,
2012,269,
2013,269,
2014,269,
2015,269,517000
2016,269,371000
2017,269,546712
2018,269,748710
2019,269,725022
2020,269,763507
2008,270,
2009,270,
2010,270,
2011,270,
2012,270,
2013,270,
2014,270,
2015,270,
2016,270,
2017,270,
2018,270,
2019,270,
2020,270,
2008,271,
2009,271,
2010,271,
2011,271,
2012,271,
2013,271,
2014,271,
2015,271,3154
2016,271,322
2017,271,14351
2018,271,2692
2019,271,3860
2020,271,-1528
2008,272,
2009,272,
2010,272,
2011,272,
2012,272,
2013,272,
2014,272,-48
2015,272,863
2016,272,-1051
2017,272,-1730
2018,272,-140
2019,272,713
2020,272,-735
2008,273,
2009,273,
2010,273,
2011,273,
2012,273,
2013,273,
2014,273,
2015,273,
2016,273,348
2017,273,856
2018,273,303
2019,273,995
2020,273,7503
2008,274,
2009,274,
2010,274,
2011,274,
2012,274,
2013,274,
2014,274,-31442
2015,274,-31917
2016,274,7004
2017,274,19897
2018,274,21598
2019,274,14335
2020,274,24025
2008,275,
2009,275,
2010,275,
2011,275,
2012,275,
2013,275,
2014,275,
2015,275,1593
2016,275,155
2017,275,-2247
2018,275,1372
2019,275,
2020,275,
2008,276,
2009,276,
2010,276,
2011,276,
2012,276,
2013,276,
2014,276,
2015,276,
2016,276,
2017,276,
2018,276,
2019,276,
2020,276,
2008,277,
2009,277,
2010,277,
2011,277,
2012,277,
2013,277,23364
2014,277,-4251
2015,277,-7437
2016,277,-9009
2017,277,6430
2018,277,-2841
2019,277,22986
2020,277,
2008,278,
2009,278,
2010,278,
2011,278,
2012,278,
2013,278,
2014,278,1166
2015,278,1249
2016,278,1300
2017,278,1219
2018,278,-1572
2019,278,-2399
2020,278,
2008,279,
2009,279,
2010,279,
2011,279,
2012,279,
2013,279,
2014,279,
2015,279,621
2016,279,1223
2017,279,-13
2018,279,-761
2019,279,2661
2020,279,-491
2008,280,
2009,280,
2010,280,
2011,280,
2012,280,
2013,280,
2014,280,
2015,280,
2016,280,
2017,280,
2018,280,
2019,280,
2020,280,
2008,281,
2009,281,
2010,281,
2011,281,
2012,281,
2013,281,
2014,281,
2015,281,
2016,281,
2017,281,
2018,281,
2019,281,
2020,281,
2008,282,
2009,282,
2010,282,
2011,282,
2012,282,
2013,282,
2014,282,
2015,282,
2016,282,
2017,282,
2018,282,
2019,282,
2020,282,
2008,283,
2009,283,
2010,283,
2011,283,
2012,283,
2013,283,
2014,283,
2015,283,
2016,283,
2017,283,
2018,283,
2019,283,
2020,283,
2008,284,
2009,284,
2010,284,
2011,284,
2012,284,
2013,284,
2014,284,
2015,284,
2016,284,
2017,284,
2018,284,
2019,284,
2020,284,
2008,285,
2009,285,
2010,285,
2011,285,
2012,285,
2013,285,
2014,285,
2015,285,
2016,285,
2017,285,
2018,285,
2019,285,
2020,285,
2008,286,
2009,286,
2010,286,
2011,286,
2012,286,
2013,286,
2014,286,
2015,286,
2016,286,
2017,286,
2018,286,
2019,286,
2020,286,
2008,287,
2009,287,
2010,287,
2011,287,
2012,287,
2013,287,
2014,287,
2015,287,
2016,287,
2017,287,
2018,287,
2019,287,
2020,287,
2008,288,
2009,288,
2010,288,
2011,288,
2012,288,
2013,288,
2014,288,
2015,288,
2016,288,-24
2017,288,27
2018,288,-389
2019,288,1827
2020,288,4034
2008,289,
2009,289,
2010,289,
2011,289,
2012,289,
2013,289,
2014,289,
2015,289,
2016,289,
2017,289,
2018,289,
2019,289,
2020,289,
2008,290,
2009,290,
2010,290,
2011,290,
2012,290,
2013,290,
2014,290,
2015,290,147
2016,290,168
2017,290,409
2018,290,1561
2019,290,-99
2020,290,6332
2008,291,
2009,291,
2010,291,
2011,291,
2012,291,
2013,291,
2014,291,
2015,291,
2016,291,
2017,291,
2018,291,
2019,291,
2020,291,
2008,292,
2009,292,
2010,292,
2011,292,
2012,292,
2013,292,
2014,292,465
2015,292,9694
2016,292,8736
2017,292,7372
2018,292,16769
2019,292,16980
2020,292,15494
2008,293,
2009,293,
2010,293,
2011,293,
2012,293,216811
2013,293,-134125
2014,293,-2759
2015,293,23161
2016,293,45719
2017,293,13238
2018,293,41937
2019,293,65610
2020,293,47400
2008,294,
2009,294,
2010,294,
2011,294,
2012,294,83482
2013,294,35693
2014,294,-780139
2015,294,219079
2016,294,-721037
2017,294,616607
2018,294,72217
2019,294,112767
2020,294,101467
2008,295,
2009,295,
2010,295,
2011,295,
2012,295,
2013,295,
2014,295,
2015,295,
2016,295,
2017,295,
2018,295,
2019,295,
2020,295,
2008,296,
2009,296,
2010,296,
2011,296,
2012,296,
2013,296,
2014,296,
2015,296,
2016,296,1167
2017,296,1775
2018,296,6175
2019,296,2498
2020,296,3214
2008,297,
2009,297,
2010,297,
2011,297,
2012,297,
2013,297,
2014,297,
2015,297,175
2016,297,572
2017,297,2348
2018,297,413
2019,297,282
2020,297,-1426
2008,298,
2009,298,
2010,298,
2011,298,
2012,298,
2013,298,
2014,298,
2015,298,
2016,298,
2017,298,13580
2018,298,31852
2019,298,25468
2020,298,37993
2008,299,
2009,299,
2010,299,
2011,299,
2012,299,
2013,299,
2014,299,
2015,299,
2016,299,536
2017,299,1377
2018,299,6820
2019,299,7945
2020,299,-5485
2008,300,
2009,300,
2010,300,
2011,300,
2012,300,
2013,300,
2014,300,
2015,300,
2016,300,
2017,300,
2018,300,
2019,300,
2020,300,
2008,301,
2009,301,
2010,301,
2011,301,
2012,301,
2013,301,
2014,301,
2015,301,
2016,301,
2017,301,
2018,301,
2019,301,
2020,301,
2008,302,
2009,302,
2010,302,
2011,302,
2012,302,
2013,302,
2014,302,
2015,302,1995
2016,302,2299
2017,302,1909
2018,302,665
2019,302,3328
2020,302,1924
2008,303,
2009,303,
2010,303,
2011,303,
2012,303,
2013,303,
2014,303,
2015,303,
2016,303,
2017,303,
2018,303,
2019,303,
2020,303,
2008,304,
2009,304,
2010,304,
2011,304,
2012,304,
2013,304,
2014,304,
2015,304,
2016,304,
2017,304,
2018,304,
2019,304,
2020,304,
2008,305,
2009,305,
2010,305,
2011,305,
2012,305,
2013,305,
2014,305,
2015,305,
2016,305,
2017,305,
2018,305,
2019,305,
2020,305,
2008,306,
2009,306,
2010,306,
2011,306,
2012,306,
2013,306,
2014,306,
2015,306,
2016,306,
2017,306,
2018,306,
2019,306,
2020,306,
2008,307,
2009,307,
2010,307,
2011,307,
2012,307,
2013,307,
2014,307,
2015,307,
2016,307,
2017,307,
2018,307,
2019,307,
2020,307,
2008,308,
2009,308,
2010,308,
2011,308,
2012,308,
2013,308,
2014,308,
2015,308,
2016,308,1646
2017,308,1998
2018,308,2705
2019,308,2459
2020,308,3568
2008,309,
2009,309,
2010,309,
2011,309,
2012,309,
2013,309,
2014,309,
2015,309,
2016,309,
2017,309,
2018,309,
2019,309,
2020,309,
2008,310,
2009,310,
2010,310,
2011,310,
2012,310,
2013,310,
2014,310,
2015,310,
2016,310,
2017,310,
2018,310,
2019,310,
2020,310,
2008,311,
2009,311,
2010,311,
2011,311,
2012,311,
2013,311,
2014,311,
2015,311,
2016,311,
2017,311,
2018,311,
2019,311,
2020,311,
2008,312,
2009,312,
2010,312,
2011,312,
2012,312,
2013,312,
2014,312,
2015,312,
2016,312,
2017,312,
2018,312,
2019,312,
2020,312,
2008,313,
2009,313,
2010,313,
2011,313,
2012,313,
2013,313,
2014,313,
2015,313,
2016,313,
2017,313,
2018,313,
2019,313,
2020,313,
2008,314,
2009,314,
2010,314,
2011,314,
2012,314,
2013,314,
2014,314,
2015,314,
2016,314,
2017,314,
2018,314,
2019,314,
2020,314,
2008,315,
2009,315,
2010,315,
2011,315,
2012,315,
2013,315,
2014,315,
2015,315,
2016,315,
2017,315,
2018,315,
2019,315,
2020,315,
2008,316,
2009,316,
2010,316,
2011,316,
2012,316,
2013,316,
2014,316,
2015,316,
2016,316,
2017,316,
2018,316,
2019,316,
2020,316,
2008,317,
2009,317,
2010,317,
2011,317,
2012,317,
2013,317,
2014,317,
2015,317,
2016,317,
2017,317,
2018,317,
2019,317,
2020,317,
2008,318,
2009,318,
2010,318,
2011,318,
2012,318,
2013,318,
2014,318,
2015,318,
2016,318,
2017,318,
2018,318,
2019,318,
2020,318,
2008,319,
2009,319,
2010,319,
2011,319,
2012,319,
2013,319,
2014,319,
2015,319,
2016,319,
2017,319,
2018,319,
2019,319,
2020,319,
2008,320,
2009,320,
2010,320,
2011,320,
2012,320,
2013,320,
2014,320,
2015,320,
2016,320,181
2017,320,1193
2018,320,-302
2019,320,2
2020,320,1133
2008,321,
2009,321,
2010,321,
2011,321,
2012,321,
2013,321,
2014,321,
2015,321,
2016,321,
2017,321,
2018,321,
2019,321,
2020,321,
2008,322,
2009,322,
2010,322,
2011,322,
2012,322,
2013,322,
2014,322,
2015,322,
2016,322,
2017,322,
2018,322,
2019,322,
2020,322,
2008,323,
2009,323,
2010,323,
2011,323,
2012,323,
2013,323,
2014,323,
2015,323,
2016,323,
2017,323,
2018,323,
2019,323,
2020,323,
2008,324,
2009,324,
2010,324,
2011,324,
2012,324,
2013,324,
2014,324,
2015,324,
2016,324,
2017,324,
2018,324,
2019,324,
2020,324,
2008,325,
2009,325,
2010,325,
2011,325,
2012,325,
2013,325,
2014,325,
2015,325,
2016,325,
2017,325,
2018,325,
2019,325,
2020,325,
