Date,Id,Market_Cap_Fis_Period_End
2008,1,
2009,1,
2010,1,
2011,1,
2012,1,
2013,1,
2014,1,
2015,1,
2016,1,
2017,1,
2018,1,
2019,1,
2020,1,
2008,2,15085
2009,2,46711
2010,2,52938
2011,2,26869
2012,2,26974
2013,2,64445
2014,2,47650
2015,2,40652
2016,2,
2017,2,
2018,2,
2019,2,
2020,2,
2008,3,
2009,3,
2010,3,
2011,3,
2012,3,
2013,3,
2014,3,52299
2015,3,88110
2016,3,3025
2017,3,7654
2018,3,6391
2019,3,34806
2020,3,71240
2008,4,
2009,4,
2010,4,
2011,4,
2012,4,
2013,4,13888
2014,4,13015
2015,4,13226
2016,4,13973
2017,4,14356
2018,4,10861
2019,4,9891
2020,4,
2008,5,
2009,5,
2010,5,
2011,5,
2012,5,
2013,5,
2014,5,19783
2015,5,10298
2016,5,5612
2017,5,13724
2018,5,7453
2019,5,11822
2020,5,
2008,6,
2009,6,
2010,6,
2011,6,
2012,6,
2013,6,
2014,6,24514
2015,6,21121
2016,6,5664
2017,6,7288
2018,6,
2019,6,
2020,6,
2008,7,
2009,7,
2010,7,
2011,7,
2012,7,
2013,7,
2014,7,49990
2015,7,42503
2016,7,58505
2017,7,59366
2018,7,61710
2019,7,
2020,7,
2008,8,245695
2009,8,341098
2010,8,504786
2011,8,430548
2012,8,634440
2013,8,1273433
2014,8,1801537
2015,8,2905873
2016,8,3739653
2017,8,4120122
2018,8,2892541
2019,8,3582193
2020,8,3497982
2008,9,238696
2009,9,288288
2010,9,277702
2011,9,190697
2012,9,152489
2013,9,158687
2014,9,183886
2015,9,159368
2016,9,125894
2017,9,240925
2018,9,137234
2019,9,191378
2020,9,140809
2008,10,465588
2009,10,736988
2010,10,863159
2011,10,663479
2012,10,730937
2013,10,868453
2014,10,870512
2015,10,840133
2016,10,568032
2017,10,823753
2018,10,654326
2019,10,981736
2020,10,962809
2008,11,370125
2009,11,383906
2010,11,335813
2011,11,137363
2012,11,166500
2013,11,134775
2014,11,111375
2015,11,83756
2016,11,38858
2017,11,176625
2018,11,126450
2019,11,101588
2020,11,92025
2008,12,35251
2009,12,83744
2010,12,106658
2011,12,96482
2012,12,89548
2013,12,93165
2014,12,94975
2015,12,111558
2016,12,53065
2017,12,107728
2018,12,123196
2019,12,88570
2020,12,62683
2008,13,141599
2009,13,240947
2010,13,282763
2011,13,220923
2012,13,218544
2013,13,479150
2014,13,238468
2015,13,249883
2016,13,283740
2017,13,470332
2018,13,175446
2019,13,188337
2020,13,139471
2008,14,
2009,14,
2010,14,
2011,14,
2012,14,
2013,14,
2014,14,
2015,14,
2016,14,
2017,14,
2018,14,
2019,14,
2020,14,
2008,15,
2009,15,
2010,15,
2011,15,
2012,15,
2013,15,
2014,15,
2015,15,
2016,15,
2017,15,
2018,15,
2019,15,
2020,15,
2008,16,
2009,16,
2010,16,
2011,16,
2012,16,
2013,16,
2014,16,
2015,16,
2016,16,
2017,16,
2018,16,
2019,16,
2020,16,
2008,17,
2009,17,
2010,17,
2011,17,
2012,17,
2013,17,
2014,17,
2015,17,
2016,17,13571626
2017,17,21464375
2018,17,21210206
2019,17,36772413
2020,17,46803086
2008,18,
2009,18,
2010,18,
2011,18,
2012,18,
2013,18,
2014,18,
2015,18,
2016,18,37162
2017,18,40804
2018,18,39861
2019,18,41058
2020,18,33576
2008,19,1384604
2009,19,2100565
2010,19,2817406
2011,19,2970998
2012,19,3342551
2013,19,3500154
2014,19,2976901
2015,19,4632628
2016,19,5383162
2017,19,7428165
2018,19,8467774
2019,19,9343872
2020,19,16546133
2008,20,
2009,20,
2010,20,
2011,20,
2012,20,
2013,20,
2014,20,
2015,20,66021
2016,20,55327
2017,20,70948
2018,20,85889
2019,20,91394
2020,20,153166
2008,21,
2009,21,
2010,21,
2011,21,
2012,21,
2013,21,
2014,21,
2015,21,326022
2016,21,238214
2017,21,253820
2018,21,197225
2019,21,200998
2020,21,
2008,22,
2009,22,
2010,22,
2011,22,
2012,22,
2013,22,
2014,22,
2015,22,138700
2016,22,140758
2017,22,142430
2018,22,118638
2019,22,100955
2020,22,78127
2008,23,44800
2009,23,57925
2010,23,59413
2011,23,43680
2012,23,37275
2013,23,39550
2014,23,55769
2015,23,58012
2016,23,42658
2017,23,66405
2018,23,53005
2019,23,47135
2020,23,42714
2008,24,249425
2009,24,360533
2010,24,447151
2011,24,371870
2012,24,362800
2013,24,514723
2014,24,603609
2015,24,749182
2016,24,722879
2017,24,964141
2018,24,986816
2019,24,952350
2020,24,1269800
2008,25,
2009,25,
2010,25,
2011,25,
2012,25,
2013,25,
2014,25,80048
2015,25,221722
2016,25,216253
2017,25,546121
2018,25,1069276
2019,25,
2020,25,
2008,26,384157
2009,26,583137
2010,26,480450
2011,26,484179
2012,26,494953
2013,26,749461
2014,26,466186
2015,26,548159
2016,26,527944
2017,26,207516
2018,26,50697
2019,26,54759
2020,26,432362
2008,27,101077
2009,27,84770
2010,27,68867
2011,27,43845
2012,27,48876
2013,27,56962
2014,27,56154
2015,27,158129
2016,27,150043
2017,27,260554
2018,27,66037
2019,27,69092
2020,27,40880
2008,28,293693
2009,28,293693
2010,28,212492
2011,28,166967
2012,28,140420
2013,28,243603
2014,28,230150
2015,28,283483
2016,28,249850
2017,28,362522
2018,28,273874
2019,28,348348
2020,28,361561
2008,29,100634
2009,29,85646
2010,29,85646
2011,29,89928
2012,29,88172
2013,29,85646
2014,29,87359
2015,29,95495
2016,29,78923
2017,29,84233
2018,29,
2019,29,
2020,29,
2008,30,465664
2009,30,705920
2010,30,689920
2011,30,345075
2012,30,283066
2013,30,440714
2014,30,465610
2015,30,301180
2016,30,161452
2017,30,51694
2018,30,49538
2019,30,26218
2020,30,178889
2008,31,
2009,31,
2010,31,7345
2011,31,5182
2012,31,4116
2013,31,2335
2014,31,14249
2015,31,6540
2016,31,1813
2017,31,4783
2018,31,920
2019,31,1860
2020,31,
2008,32,46061
2009,32,41846
2010,32,38565
2011,32,37933
2012,32,30105
2013,32,36397
2014,32,35524
2015,32,36397
2016,32,33869
2017,32,37180
2018,32,34170
2019,32,34019
2020,32,31611
2008,33,52511
2009,33,26089
2010,33,21017
2011,33,13294
2012,33,13976
2013,33,14307
2014,33,17350
2015,33,18776
2016,33,13386
2017,33,22133
2018,33,16856
2019,33,
2020,33,
2008,34,2503674
2009,34,2668078
2010,34,1762462
2011,34,1270089
2012,34,1181478
2013,34,1733207
2014,34,1706321
2015,34,3540443
2016,34,
2017,34,
2018,34,
2019,34,
2020,34,
2008,35,394618
2009,35,537826
2010,35,336539
2011,35,253001
2012,35,260479
2013,35,662257
2014,35,797987
2015,35,939604
2016,35,668622
2017,35,1201356
2018,35,819468
2019,35,1069923
2020,35,1058148
2008,36,2376860
2009,36,2315828
2010,36,1753755
2011,36,1388646
2012,36,2166305
2013,36,2694522
2014,36,2160139
2015,36,3411828
2016,36,4626521
2017,36,4634591
2018,36,2989702
2019,36,4625414
2020,36,4007658
2008,37,1071960
2009,37,1164520
2010,37,944408
2011,37,547832
2012,37,481611
2013,37,923714
2014,37,707366
2015,37,1584812
2016,37,1024400
2017,37,1000339
2018,37,771003
2019,37,1014009
2020,37,1236944
2008,38,812188
2009,38,1006143
2010,38,855625
2011,38,965735
2012,38,1427995
2013,38,1974303
2014,38,1479902
2015,38,1967642
2016,38,1473033
2017,38,1579020
2018,38,697320
2019,38,1432394
2020,38,1054885
2008,39,177365
2009,39,227098
2010,39,233260
2011,39,180628
2012,39,158490
2013,39,141404
2014,39,122606
2015,39,104044
2016,39,127540
2017,39,127711
2018,39,145141
2019,39,155125
2020,39,562925
2008,40,206424
2009,40,243648
2010,40,352528
2011,40,247556
2012,40,283516
2013,40,377076
2014,40,270442
2015,40,321795
2016,40,268696
2017,40,629091
2018,40,678183
2019,40,1376611
2020,40,1905854
2008,41,225620
2009,41,141323
2010,41,67053
2011,41,60086
2012,41,26438
2013,41,64222
2014,41,28503
2015,41,22213
2016,41,17942
2017,41,20276
2018,41,94102
2019,41,77565
2020,41,201955
2008,42,27978083
2009,42,38060091
2010,42,35168558
2011,42,29564157
2012,42,29507737
2013,42,29846258
2014,42,34754810
2015,42,36597869
2016,42,42578056
2017,42,52155068
2018,42,51280734
2019,42,71887805
2020,42,84112388
2008,43,4672122
2009,43,6002726
2010,43,6333890
2011,43,5234019
2012,43,6078216
2013,43,7300291
2014,43,7557570
2015,43,9559522
2016,43,8747485
2017,43,9736401
2018,43,9955490
2019,43,11967492
2020,43,12552913
2008,44,27881
2009,44,35182
2010,44,45567
2011,44,25739
2012,44,12529
2013,44,29062
2014,44,15099
2015,44,13111
2016,44,9620
2017,44,
2018,44,
2019,44,
2020,44,
2008,45,
2009,45,
2010,45,
2011,45,
2012,45,
2013,45,
2014,45,
2015,45,
2016,45,
2017,45,
2018,45,
2019,45,
2020,45,
2008,46,2047899
2009,46,1589858
2010,46,1827912
2011,46,1038934
2012,46,967943
2013,46,1758834
2014,46,1900178
2015,46,3018180
2016,46,2454928
2017,46,3273238
2018,46,2552700
2019,46,3919383
2020,46,3645197
2008,47,3921633
2009,47,4553378
2010,47,3196061
2011,47,2256500
2012,47,1358248
2013,47,2641643
2014,47,2601265
2015,47,3894909
2016,47,3824296
2017,47,4794362
2018,47,4889192
2019,47,5198555
2020,47,4055930
2008,48,0
2009,48,0
2010,48,7905000
2011,48,8070000
2012,48,7025000
2013,48,9155000
2014,48,8670000
2015,48,9415000
2016,48,
2017,48,
2018,48,
2019,48,
2020,48,
2008,49,
2009,49,
2010,49,
2011,49,
2012,49,32600
2013,49,56194
2014,49,43536
2015,49,27215
2016,49,13284
2017,49,20114
2018,49,19337
2019,49,17795
2020,49,17914
2008,50,
2009,50,
2010,50,
2011,50,
2012,50,
2013,50,
2014,50,89112
2015,50,75966
2016,50,72360
2017,50,77556
2018,50,73678
2019,50,63984
2020,50,84821
2008,51,
2009,51,
2010,51,
2011,51,
2012,51,
2013,51,
2014,51,
2015,51,
2016,51,
2017,51,
2018,51,
2019,51,
2020,51,
2008,52,
2009,52,
2010,52,
2011,52,
2012,52,
2013,52,
2014,52,
2015,52,16064
2016,52,19538
2017,52,37947
2018,52,35383
2019,52,32174
2020,52,
2008,53,131282
2009,53,133292
2010,53,153027
2011,53,146743
2012,53,152586
2013,53,154019
2014,53,134615
2015,53,284665
2016,53,263056
2017,53,525892
2018,53,400868
2019,53,550852
2020,53,418357
2008,54,65578
2009,54,56419
2010,54,59865
2011,54,47212
2012,54,74594
2013,54,75459
2014,54,127990
2015,54,193940
2016,54,452912
2017,54,502313
2018,54,244499
2019,54,639032
2020,54,520704
2008,55,264588
2009,55,223628
2010,55,329674
2011,55,322957
2012,55,375416
2013,55,472401
2014,55,518464
2015,55,954019
2016,55,1086716
2017,55,1794632
2018,55,1174031
2019,55,966620
2020,55,793693
2008,56,60000
2009,56,50368
2010,56,62598
2011,56,57461
2012,56,79944
2013,56,96970
2014,56,141419
2015,56,155362
2016,56,165845
2017,56,354335
2018,56,178592
2019,56,170286
2020,56,144951
2008,57,193662
2009,57,331992
2010,57,336419
2011,57,264487
2012,57,288612
2013,57,304326
2014,57,295694
2015,57,271569
2016,57,281972
2017,57,385111
2018,57,386217
2019,57,
2020,57,
2008,58,1970447
2009,58,2172338
2010,58,2282260
2011,58,2028048
2012,58,3174159
2013,58,3958147
2014,58,3240314
2015,58,4335919
2016,58,5224103
2017,58,5736760
2018,58,4437603
2019,58,5657309
2020,58,7659230
2008,59,56143
2009,59,79220
2010,59,106165
2011,59,92650
2012,59,107695
2013,59,152830
2014,59,173570
2015,59,236300
2016,59,235394
2017,59,361051
2018,59,338579
2019,59,401279
2020,59,315586
2008,60,101599
2009,60,137557
2010,60,131880
2011,60,89447
2012,60,67593
2013,60,84626
2014,60,79984
2015,60,95204
2016,60,73450
2017,60,82873
2018,60,56178
2019,60,43030
2020,60,59963
2008,61,42529
2009,61,31774
2010,61,59928
2011,61,40355
2012,61,37098
2013,61,39310
2014,61,42772
2015,61,24461
2016,61,40023
2017,61,140663
2018,61,96441
2019,61,98022
2020,61,88536
2008,62,38719
2009,62,40690
2010,62,41167
2011,62,48756
2012,62,36855
2013,62,44090
2014,62,45890
2015,62,57028
2016,62,48036
2017,62,70050
2018,62,48169
2019,62,47463
2020,62,44920
2008,63,53911
2009,63,70186
2010,63,56711
2011,63,55812
2012,63,77244
2013,63,91988
2014,63,95274
2015,63,99545
2016,63,175763
2017,63,273501
2018,63,224222
2019,63,249360
2020,63,352975
2008,64,22287741
2009,64,20938355
2010,64,18635896
2011,64,16022298
2012,64,13168748
2013,64,13901563
2014,64,17053346
2015,64,22752640
2016,64,17633213
2017,64,15178889
2018,64,10181758
2019,64,11721768
2020,64,7999369
2008,65,355516
2009,65,391626
2010,65,570984
2011,65,426839
2012,65,519974
2013,65,795099
2014,65,979250
2015,65,1269299
2016,65,1154211
2017,65,1431621
2018,65,1370417
2019,65,1353786
2020,65,1121614
2008,66,
2009,66,
2010,66,
2011,66,183750
2012,66,286901
2013,66,279258
2014,66,282754
2015,66,343077
2016,66,331382
2017,66,481638
2018,66,407256
2019,66,322393
2020,66,204553
2008,67,21200
2009,67,23975
2010,67,24050
2011,67,17350
2012,67,14510
2013,67,17450
2014,67,26840
2015,67,33280
2016,67,44968
2017,67,48468
2018,67,38220
2019,67,33880
2020,67,35000
2008,68,32229
2009,68,14408
2010,68,9045
2011,68,15660
2012,68,10037
2013,68,13853
2014,68,9144
2015,68,13194
2016,68,7398
2017,68,7498
2018,68,2870
2019,68,3778
2020,68,3173
2008,69,1965833
2009,69,3344626
2010,69,3552477
2011,69,2334684
2012,69,3096083
2013,69,4509664
2014,69,4371357
2015,69,4428749
2016,69,5488834
2017,69,5744612
2018,69,
2019,69,
2020,69,
2008,70,24257
2009,70,46424
2010,70,43914
2011,70,41823
2012,70,39523
2013,70,105185
2014,70,158510
2015,70,220303
2016,70,169101
2017,70,175682
2018,70,118360
2019,70,127896
2020,70,140447
2008,71,26255
2009,71,24920
2010,71,22143
2011,71,33820
2012,71,35600
2013,71,56782
2014,71,59452
2015,71,50410
2016,71,45710
2017,71,60876
2018,71,57672
2019,71,60698
2020,71,59808
2008,72,26466
2009,72,62263
2010,72,52149
2011,72,44954
2012,72,43212
2013,72,108384
2014,72,245092
2015,72,404550
2016,72,278070
2017,72,508090
2018,72,244570
2019,72,287056
2020,72,418096
2008,73,162788
2009,73,196875
2010,73,165488
2011,73,110250
2012,73,204187
2013,73,196144
2014,73,127687
2015,73,149153
2016,73,145766
2017,73,
2018,73,
2019,73,
2020,73,
2008,74,
2009,74,
2010,74,
2011,74,
2012,74,
2013,74,
2014,74,
2015,74,
2016,74,
2017,74,
2018,74,
2019,74,
2020,74,
2008,75,
2009,75,
2010,75,
2011,75,
2012,75,
2013,75,
2014,75,13171
2015,75,10916
2016,75,11070
2017,75,9777
2018,75,5365
2019,75,2747
2020,75,1641
2008,76,6973622
2009,76,11714311
2010,76,12561132
2011,76,11507631
2012,76,11872863
2013,76,13742939
2014,76,14347995
2015,76,16902638
2016,76,13584449
2017,76,13932069
2018,76,12605911
2019,76,15428318
2020,76,15046262
2008,77,775879
2009,77,1106616
2010,77,1599111
2011,77,928454
2012,77,588595
2013,77,1420439
2014,77,1155622
2015,77,1901576
2016,77,1985807
2017,77,3190564
2018,77,2726752
2019,77,3582261
2020,77,2732045
2008,78,1576570
2009,78,1800524
2010,78,1717961
2011,78,1219193
2012,78,1347867
2013,78,2328915
2014,78,2859880
2015,78,3612755
2016,78,3219581
2017,78,4290046
2018,78,3902370
2019,78,5754311
2020,78,4352729
2008,79,43121
2009,79,80910
2010,79,84128
2011,79,49841
2012,79,47082
2013,79,80450
2014,79,84281
2015,79,122591
2016,79,122591
2017,79,176837
2018,79,326604
2019,79,394688
2020,79,449944
2008,80,340556
2009,80,341033
2010,80,355494
2011,80,302291
2012,80,283586
2013,80,398175
2014,80,405767
2015,80,485527
2016,80,605574
2017,80,788314
2018,80,692547
2019,80,854390
2020,80,787504
2008,81,6138373
2009,81,6826294
2010,81,6482333
2011,81,4270402
2012,81,4614363
2013,81,5172637
2014,81,4519112
2015,81,3825900
2016,81,4043505
2017,81,5102774
2018,81,5086643
2019,81,5538311
2020,81,5430771
2008,82,
2009,82,
2010,82,
2011,82,
2012,82,
2013,82,
2014,82,195076
2015,82,62029
2016,82,
2017,82,
2018,82,
2019,82,
2020,82,
2008,83,268413
2009,83,306961
2010,83,376223
2011,83,354815
2012,83,380169
2013,83,427698
2014,83,438954
2015,83,525099
2016,83,477914
2017,83,711196
2018,83,745374
2019,83,1113676
2020,83,1199613
2008,84,265748
2009,84,474679
2010,84,473959
2011,84,400600
2012,84,289554
2013,84,402398
2014,84,310699
2015,84,299191
2016,84,274019
2017,84,405312
2018,84,322154
2019,84,379213
2020,84,550110
2008,85,56670
2009,85,92939
2010,85,91957
2011,85,53270
2012,85,58257
2013,85,101931
2014,85,102460
2015,85,138993
2016,85,115316
2017,85,190253
2018,85,232834
2019,85,309068
2020,85,364459
2008,86,265748
2009,86,474679
2010,86,473959
2011,86,400600
2012,86,289554
2013,86,402398
2014,86,310699
2015,86,299191
2016,86,274019
2017,86,405312
2018,86,322154
2019,86,379213
2020,86,550110
2008,87,26739
2009,87,39216
2010,87,21874
2011,87,9888
2012,87,3161
2013,87,5963
2014,87,3443
2015,87,2981
2016,87,136124
2017,87,26951
2018,87,22012
2019,87,20743
2020,87,
2008,88,26561
2009,88,27464
2010,88,20264
2011,88,11874
2012,88,11166
2013,88,9990
2014,88,9480
2015,88,8977
2016,88,22770
2017,88,20927
2018,88,4486
2019,88,
2020,88,
2008,89,188509
2009,89,73682
2010,89,71592
2011,89,73364
2012,89,75878
2013,89,82206
2014,89,132438
2015,89,119032
2016,89,75040
2017,89,83284
2018,89,71805
2019,89,
2020,89,
2008,90,
2009,90,263108
2010,90,504264
2011,90,458180
2012,90,683067
2013,90,1911049
2014,90,1139635
2015,90,4495250
2016,90,3602524
2017,90,3900885
2018,90,
2019,90,
2020,90,
2008,91,
2009,91,
2010,91,
2011,91,
2012,91,
2013,91,31336
2014,91,12550
2015,91,10575
2016,91,12247
2017,91,78228
2018,91,61300
2019,91,25977
2020,91,
2008,92,
2009,92,
2010,92,
2011,92,
2012,92,
2013,92,
2014,92,18198
2015,92,14857
2016,92,9039
2017,92,19958
2018,92,
2019,92,15215
2020,92,
2008,93,
2009,93,
2010,93,
2011,93,
2012,93,
2013,93,
2014,93,
2015,93,
2016,93,
2017,93,
2018,93,
2019,93,
2020,93,
2008,94,
2009,94,
2010,94,
2011,94,
2012,94,
2013,94,
2014,94,
2015,94,
2016,94,
2017,94,
2018,94,
2019,94,
2020,94,
2008,95,158579
2009,95,581263
2010,95,797402
2011,95,700836
2012,95,812749
2013,95,877057
2014,95,1065060
2015,95,1752775
2016,95,1984231
2017,95,2906080
2018,95,3180268
2019,95,5720785
2020,95,7651715
2008,96,132128
2009,96,171297
2010,96,119132
2011,96,55938
2012,96,52743
2013,96,54151
2014,96,
2015,96,
2016,96,
2017,96,
2018,96,
2019,96,
2020,96,
2008,97,96768
2009,97,63029
2010,97,39053
2011,97,7085
2012,97,10112
2013,97,11158
2014,97,17537
2015,97,19878
2016,97,23765
2017,97,23287
2018,97,22059
2019,97,23196
2020,97,25471
2008,98,784300
2009,98,1368400
2010,98,1793872
2011,98,1055350
2012,98,1644605
2013,98,1854437
2014,98,1813927
2015,98,2663699
2016,98,3080155
2017,98,4099556
2018,98,3864268
2019,98,6322842
2020,98,9308237
2008,99,0
2009,99,104945
2010,99,58197
2011,99,34833
2012,99,33773
2013,99,39868
2014,99,66730
2015,99,62339
2016,99,61718
2017,99,
2018,99,
2019,99,
2020,99,
2008,100,215280
2009,100,472794
2010,100,879060
2011,100,1021085
2012,100,1632540
2013,100,1774565
2014,100,2238015
2015,100,4136665
2016,100,3375710
2017,100,3771885
2018,100,3303950
2019,100,2818075
2020,100,3858060
2008,101,13408
2009,101,12762
2010,101,13471
2011,101,19063
2012,101,17139
2013,101,18312
2014,101,17484
2015,101,15413
2016,101,19476
2017,101,23286
2018,101,22810
2019,101,18545
2020,101,10606
2008,102,47219
2009,102,109536
2010,102,81781
2011,102,46712
2012,102,60157
2013,102,103867
2014,102,103371
2015,102,123164
2016,102,115098
2017,102,150279
2018,102,80910
2019,102,189865
2020,102,195984
2008,103,19869
2009,103,37006
2010,103,27615
2011,103,19083
2012,103,14054
2013,103,16800
2014,103,40449
2015,103,40785
2016,103,39923
2017,103,56216
2018,103,31830
2019,103,
2020,103,
2008,104,85700
2009,104,35000
2010,104,59450
2011,104,114000
2012,104,80700
2013,104,70700
2014,104,105400
2015,104,88250
2016,104,61450
2017,104,70850
2018,104,95000
2019,104,102500
2020,104,73500
2008,105,5797
2009,105,14173
2010,105,16383
2011,105,9117
2012,105,11107
2013,105,15377
2014,105,13988
2015,105,10992
2016,105,6687
2017,105,13294
2018,105,9048
2019,105,6884
2020,105,6768
2008,106,107926
2009,106,94988
2010,106,121018
2011,106,80297
2012,106,88474
2013,106,134101
2014,106,140561
2015,106,125842
2016,106,148819
2017,106,234676
2018,106,204749
2019,106,149146
2020,106,179564
2008,107,17795
2009,107,12623
2010,107,12929
2011,107,19841
2012,107,15001
2013,107,38196
2014,107,27732
2015,107,21034
2016,107,49960
2017,107,64595
2018,107,48951
2019,107,47138
2020,107,43824
2008,108,
2009,108,
2010,108,
2011,108,
2012,108,
2013,108,131908
2014,108,129216
2015,108,423485
2016,108,559935
2017,108,813423
2018,108,686755
2019,108,731625
2020,108,468037
2008,109,
2009,109,
2010,109,
2011,109,
2012,109,
2013,109,339200
2014,109,211650
2015,109,361131
2016,109,
2017,109,
2018,109,
2019,109,
2020,109,
2008,110,37996
2009,110,11271
2010,110,5360
2011,110,1401
2012,110,4403
2013,110,5218
2014,110,3181
2015,110,2125
2016,110,1681
2017,110,15741
2018,110,7004
2019,110,7031
2020,110,6948
2008,111,90844
2009,111,88391
2010,111,40157
2011,111,27209
2012,111,22972
2013,111,28116
2014,111,24926
2015,111,9070
2016,111,7850
2017,111,6154
2018,111,6142
2019,111,17778
2020,111,25369
2008,112,450731
2009,112,435244
2010,112,499224
2011,112,486554
2012,112,529524
2013,112,1031030
2014,112,1336657
2015,112,1799841
2016,112,2261059
2017,112,2661455
2018,112,2129923
2019,112,2763063
2020,112,
2008,113,102925
2009,113,143278
2010,113,146238
2011,113,76845
2012,113,66836
2013,113,141664
2014,113,252748
2015,113,435938
2016,113,524111
2017,113,1158303
2018,113,470339
2019,113,406787
2020,113,515811
2008,114,14419
2009,114,23648
2010,114,18905
2011,114,14265
2012,114,11862
2013,114,12067
2014,114,14797
2015,114,32621
2016,114,28505
2017,114,35356
2018,114,17333
2019,114,19429
2020,114,
2008,115,47777
2009,115,35482
2010,115,56537
2011,115,49648
2012,115,53495
2013,115,74603
2014,115,72783
2015,115,101773
2016,115,
2017,115,
2018,115,
2019,115,
2020,115,
2008,116,172943
2009,116,187350
2010,116,293159
2011,116,128696
2012,116,99201
2013,116,149698
2014,116,128823
2015,116,130200
2016,116,117523
2017,116,222030
2018,116,163962
2019,116,152272
2020,116,168360
2008,117,0
2009,117,0
2010,117,69070
2011,117,40531
2012,117,48643
2013,117,78328
2014,117,60917
2015,117,66712
2016,117,55742
2017,117,51697
2018,117,42587
2019,117,40641
2020,117,48260
2008,118,99711
2009,118,99798
2010,118,174463
2011,118,65111
2012,118,93251
2013,118,131425
2014,118,82389
2015,118,83517
2016,118,67212
2017,118,309300
2018,118,135011
2019,118,171139
2020,118,117947
2008,119,313008
2009,119,345421
2010,119,538761
2011,119,478899
2012,119,588367
2013,119,922365
2014,119,1206919
2015,119,1543028
2016,119,1657592
2017,119,2813866
2018,119,2742111
2019,119,3011925
2020,119,4302541
2008,120,
2009,120,
2010,120,
2011,120,
2012,120,
2013,120,
2014,120,1300394
2015,120,677355
2016,120,800203
2017,120,2112640
2018,120,1555794
2019,120,1558723
2020,120,929768
2008,121,
2009,121,
2010,121,
2011,121,
2012,121,
2013,121,11185359
2014,121,9080642
2015,121,8635391
2016,121,11253879
2017,121,15231328
2018,121,10624873
2019,121,13217793
2020,121,13979126
2008,122,1854838
2009,122,924535
2010,122,1155909
2011,122,1469546
2012,122,1213437
2013,122,1333956
2014,122,1722313
2015,122,1356275
2016,122,1191112
2017,122,1588397
2018,122,1584677
2019,122,1199296
2020,122,846649
2008,123,
2009,123,
2010,123,
2011,123,
2012,123,
2013,123,
2014,123,10625
2015,123,18050
2016,123,12646
2017,123,10806
2018,123,122495
2019,123,91871
2020,123,47657
2008,124,
2009,124,
2010,124,
2011,124,
2012,124,
2013,124,
2014,124,
2015,124,9967
2016,124,4868
2017,124,23962
2018,124,14305
2019,124,10467
2020,124,
2008,125,
2009,125,
2010,125,
2011,125,
2012,125,
2013,125,
2014,125,
2015,125,196632
2016,125,220256
2017,125,236875
2018,125,207080
2019,125,284600
2020,125,309778
2008,126,111001
2009,126,115289
2010,126,160677
2011,126,146636
2012,126,128233
2013,126,123332
2014,126,126404
2015,126,122727
2016,126,79850
2017,126,116963
2018,126,134390
2019,126,133306
2020,126,152734
2008,127,36728
2009,127,69738
2010,127,101063
2011,127,72319
2012,127,73631
2013,127,69213
2014,127,65144
2015,127,77831
2016,127,78313
2017,127,121188
2018,127,118125
2019,127,133000
2020,127,83563
2008,128,1010100
2009,128,1487850
2010,128,1644833
2011,128,1324056
2012,128,1608433
2013,128,1641427
2014,128,1816609
2015,128,2229573
2016,128,1843042
2017,128,3531454
2018,128,2744158
2019,128,
2020,128,
2008,129,227115
2009,129,315324
2010,129,405451
2011,129,330472
2012,129,424479
2013,129,645965
2014,129,684692
2015,129,711804
2016,129,951459
2017,129,
2018,129,
2019,129,
2020,129,
2008,130,1000926
2009,130,1330212
2010,130,1286064
2011,130,1029673
2012,130,1127977
2013,130,1412976
2014,130,1665988
2015,130,1974000
2016,130,2368000
2017,130,2400000
2018,130,2540000
2019,130,
2020,130,
2008,131,84796
2009,131,104713
2010,131,100769
2011,131,90120
2012,131,83268
2013,131,108460
2014,131,132124
2015,131,276015
2016,131,265593
2017,131,300583
2018,131,263359
2019,131,323848
2020,131,254984
2008,132,7339078
2009,132,10224288
2010,132,8982527
2011,132,7640441
2012,132,8865569
2013,132,13259160
2014,132,15718309
2015,132,20172865
2016,132,18260945
2017,132,21524541
2018,132,14780619
2019,132,17006455
2020,132,12049000
2008,133,151118
2009,133,140836
2010,133,106824
2011,133,105252
2012,133,44880
2013,133,54307
2014,133,31716
2015,133,35228
2016,133,
2017,133,
2018,133,
2019,133,
2020,133,
2008,134,466736
2009,134,880630
2010,134,852414
2011,134,633648
2012,134,661092
2013,134,972174
2014,134,801333
2015,134,959551
2016,134,967738
2017,134,2239358
2018,134,1597434
2019,134,3519627
2020,134,2673323
2008,135,
2009,135,
2010,135,
2011,135,
2012,135,
2013,135,
2014,135,
2015,135,220210
2016,135,357644
2017,135,579456
2018,135,414723
2019,135,437843
2020,135,306346
2008,136,56676
2009,136,29898
2010,136,18096
2011,136,15189
2012,136,15909
2013,136,16031
2014,136,39126
2015,136,123883
2016,136,92621
2017,136,171121
2018,136,131913
2019,136,93979
2020,136,305895
2008,137,26809
2009,137,26317
2010,137,38776
2011,137,30497
2012,137,33465
2013,137,69150
2014,137,65337
2015,137,83032
2016,137,87176
2017,137,119896
2018,137,116564
2019,137,154251
2020,137,112660
2008,138,
2009,138,
2010,138,
2011,138,
2012,138,
2013,138,
2014,138,
2015,138,
2016,138,
2017,138,
2018,138,
2019,138,
2020,138,
2008,139,14413
2009,139,32723
2010,139,20942
2011,139,12006
2012,139,15326
2013,139,13265
2014,139,46428
2015,139,157888
2016,139,114068
2017,139,195327
2018,139,43479
2019,139,87030
2020,139,53085
2008,140,19399
2009,140,61261
2010,140,43857
2011,140,26899
2012,140,24764
2013,140,11686
2014,140,14864
2015,140,15260
2016,140,11978
2017,140,11065
2018,140,9147
2019,140,
2020,140,
2008,141,275313
2009,141,218375
2010,141,212500
2011,141,119873
2012,141,107937
2013,141,133814
2014,141,102660
2015,141,123154
2016,141,90311
2017,141,157174
2018,141,111062
2019,141,117469
2020,141,99315
2008,142,158694
2009,142,240473
2010,142,210996
2011,142,217667
2012,142,192395
2013,142,466530
2014,142,380275
2015,142,358026
2016,142,512124
2017,142,498683
2018,142,460374
2019,142,364939
2020,142,169902
2008,143,66448
2009,143,67183
2010,143,60464
2011,143,42942
2012,143,41189
2013,143,66000
2014,143,42705
2015,143,39615
2016,143,28320
2017,143,28740
2018,143,22500
2019,143,23175
2020,143,
2008,144,289474
2009,144,246474
2010,144,179833
2011,144,91542
2012,144,68461
2013,144,78409
2014,144,77239
2015,144,83870
2016,144,47917
2017,144,57539
2018,144,24706
2019,144,43170
2020,144,29712
2008,145,0
2009,145,0
2010,145,21344
2011,145,14331
2012,145,10367
2013,145,9239
2014,145,4665
2015,145,8537
2016,145,7684
2017,145,21252
2018,145,17075
2019,145,17685
2020,145,11708
2008,146,70566
2009,146,69331
2010,146,46513
2011,146,26930
2012,146,23054
2013,146,21850
2014,146,86763
2015,146,65494
2016,146,29684
2017,146,37040
2018,146,24441
2019,146,28721
2020,146,18017
2008,147,833475
2009,147,734300
2010,147,628215
2011,147,320745
2012,147,264817
2013,147,325033
2014,147,228907
2015,147,271655
2016,147,306074
2017,147,542441
2018,147,444791
2019,147,532551
2020,147,392311
2008,148,48956
2009,148,58031
2010,148,61398
2011,148,39186
2012,148,33838
2013,148,37831
2014,148,28464
2015,148,32077
2016,148,19228
2017,148,24206
2018,148,24948
2019,148,24869
2020,148,
2008,149,466207
2009,149,901618
2010,149,681343
2011,149,433106
2012,149,347868
2013,149,536511
2014,149,375574
2015,149,395753
2016,149,288686
2017,149,341518
2018,149,168893
2019,149,223957
2020,149,
2008,150,4605269
2009,150,6517266
2010,150,5145060
2011,150,2429628
2012,150,1768242
2013,150,3916042
2014,150,3909223
2015,150,4354693
2016,150,4670612
2017,150,3670579
2018,150,3120667
2019,150,3026932
2020,150,2376356
2008,151,
2009,151,
2010,151,
2011,151,
2012,151,
2013,151,
2014,151,109213
2015,151,76162
2016,151,76906
2017,151,70886
2018,151,44603
2019,151,43752
2020,151,30144
2008,152,
2009,152,
2010,152,
2011,152,
2012,152,
2013,152,
2014,152,13128
2015,152,19100
2016,152,12367
2017,152,10373
2018,152,3398
2019,152,10337
2020,152,6124
2008,153,736232
2009,153,960435
2010,153,778650
2011,153,503980
2012,153,935640
2013,153,558293
2014,153,483407
2015,153,320978
2016,153,431678
2017,153,632128
2018,153,595956
2019,153,521522
2020,153,294909
2008,154,
2009,154,
2010,154,
2011,154,
2012,154,
2013,154,
2014,154,61592
2015,154,46467
2016,154,18676
2017,154,30322
2018,154,70249
2019,154,54351
2020,154,37856
2008,155,
2009,155,
2010,155,
2011,155,
2012,155,
2013,155,
2014,155,36570
2015,155,28098
2016,155,21243
2017,155,35831
2018,155,23620
2019,155,21540
2020,155,17381
2008,156,
2009,156,
2010,156,
2011,156,
2012,156,
2013,156,
2014,156,867680
2015,156,1283296
2016,156,973760
2017,156,1380400
2018,156,1179120
2019,156,1667360
2020,156,1465326
2008,157,
2009,157,
2010,157,
2011,157,
2012,157,
2013,157,
2014,157,74800
2015,157,66176
2016,157,39685
2017,157,41423
2018,157,18734
2019,157,
2020,157,
2008,158,
2009,158,
2010,158,
2011,158,
2012,158,
2013,158,
2014,158,
2015,158,5489
2016,158,4437
2017,158,4127
2018,158,1705
2019,158,2860
2020,158,
2008,159,
2009,159,
2010,159,
2011,159,
2012,159,
2013,159,
2014,159,
2015,159,
2016,159,12730
2017,159,
2018,159,5400
2019,159,15350
2020,159,
2008,160,
2009,160,
2010,160,
2011,160,
2012,160,
2013,160,
2014,160,
2015,160,31754
2016,160,42588
2017,160,110838
2018,160,33845
2019,160,51808
2020,160,49169
2008,161,
2009,161,
2010,161,
2011,161,
2012,161,
2013,161,
2014,161,
2015,161,32629
2016,161,16204
2017,161,21206
2018,161,17645
2019,161,18199
2020,161,16750
2008,162,
2009,162,
2010,162,
2011,162,
2012,162,
2013,162,
2014,162,
2015,162,15865
2016,162,5939
2017,162,16096
2018,162,9247
2019,162,9392
2020,162,5866
2008,163,
2009,163,
2010,163,
2011,163,
2012,163,
2013,163,
2014,163,
2015,163,6350
2016,163,6287
2017,163,5188
2018,163,3175
2019,163,3651
2020,163,6668
2008,164,162939
2009,164,283425
2010,164,182273
2011,164,80215
2012,164,95024
2013,164,80955
2014,164,42576
2015,164,35233
2016,164,25545
2017,164,18017
2018,164,14217
2019,164,14118
2020,164,45207
2008,165,
2009,165,
2010,165,
2011,165,
2012,165,
2013,165,
2014,165,
2015,165,
2016,165,
2017,165,
2018,165,
2019,165,
2020,165,
2008,166,
2009,166,
2010,166,
2011,166,
2012,166,
2013,166,
2014,166,
2015,166,3024000
2016,166,2641200
2017,166,3720000
2018,166,3577675
2019,166,5236061
2020,166,9534423
2008,167,2226736
2009,167,2029587
2010,167,1462110
2011,167,897256
2012,167,919097
2013,167,774288
2014,167,777083
2015,167,1662250
2016,167,1609937
2017,167,1875764
2018,167,1582793
2019,167,1350512
2020,167,559888
2008,168,334541
2009,168,267180
2010,168,173049
2011,168,215496
2012,168,215686
2013,168,206971
2014,168,152418
2015,168,157298
2016,168,105708
2017,168,113987
2018,168,99782
2019,168,105447
2020,168,81046
2008,169,60639054
2009,169,64478838
2010,169,59191571
2011,169,57999492
2012,169,66442098
2013,169,63362720
2014,169,52252543
2015,169,49695734
2016,169,55709638
2017,169,49695734
2018,169,49508475
2019,169,49465522
2020,169,30538154
2008,170,1261352
2009,170,1434770
2010,170,1548899
2011,170,1301372
2012,170,1088881
2013,170,1391625
2014,170,1321651
2015,170,1780766
2016,170,1517931
2017,170,2291779
2018,170,2455477
2019,170,2860259
2020,170,3483556
2008,171,455847
2009,171,784204
2010,171,1061831
2011,171,319758
2012,171,130451
2013,171,498010
2014,171,551783
2015,171,766874
2016,171,788261
2017,171,1277126
2018,171,1054936
2019,171,813056
2020,171,598783
2008,172,
2009,172,
2010,172,120000
2011,172,113000
2012,172,136000
2013,172,151400
2014,172,136420
2015,172,132240
2016,172,131746
2017,172,135660
2018,172,155800
2019,172,152000
2020,172,133760
2008,173,5142447
2009,173,10501812
2010,173,16124888
2011,173,14397086
2012,173,12874844
2013,173,6838170
2014,173,3851965
2015,173,3291638
2016,173,5370711
2017,173,3791235
2018,173,3252662
2019,173,4339679
2020,173,2190546
2008,174,5789347
2009,174,8267592
2010,174,10626560
2011,174,10007286
2012,174,14558071
2013,174,18439064
2014,174,21750086
2015,174,29022651
2016,174,24346809
2017,174,24475139
2018,174,24770665
2019,174,
2020,174,
2008,175,917171
2009,175,1587710
2010,175,2262035
2011,175,1929923
2012,175,2927789
2013,175,3715981
2014,175,2203877
2015,175,2236017
2016,175,2045181
2017,175,2015397
2018,175,1366101
2019,175,1364116
2020,175,941842
2008,176,66976
2009,176,114800
2010,176,162720
2011,176,123794
2012,176,78311
2013,176,133594
2014,176,131794
2015,176,276710
2016,176,186039
2017,176,201346
2018,176,239166
2019,176,276278
2020,176,221022
2008,177,1131418
2009,177,1250026
2010,177,887137
2011,177,561961
2012,177,563517
2013,177,684307
2014,177,699860
2015,177,1058084
2016,177,572848
2017,177,749628
2018,177,304050
2019,177,306383
2020,177,205811
2008,178,171950
2009,178,165529
2010,178,756300
2011,178,277519
2012,178,411497
2013,178,1057399
2014,178,674127
2015,178,670766
2016,178,498773
2017,178,298638
2018,178,149131
2019,178,307134
2020,178,219736
2008,179,14508
2009,179,19500
2010,179,47124
2011,179,45155
2012,179,53333
2013,179,60006
2014,179,65640
2015,179,64820
2016,179,50351
2017,179,66078
2018,179,77401
2019,179,141126
2020,179,102836
2008,180,68643
2009,180,53077
2010,180,49829
2011,180,59623
2012,180,56325
2013,180,71141
2014,180,221848
2015,180,151112
2016,180,112649
2017,180,228343
2018,180,237984
2019,180,201682
2020,180,110594
2008,181,15017
2009,181,12400
2010,181,10100
2011,181,8339
2012,181,7782
2013,181,11064
2014,181,14773
2015,181,35972
2016,181,25271
2017,181,21532
2018,181,13152
2019,181,12682
2020,181,9582
2008,182,63395
2009,182,57787
2010,182,41460
2011,182,25586
2012,182,34647
2013,182,30937
2014,182,24732
2015,182,20168
2016,182,11580
2017,182,52290
2018,182,
2019,182,
2020,182,
2008,183,0
2009,183,0
2010,183,0
2011,183,1714414
2012,183,2802342
2013,183,4656537
2014,183,3437248
2015,183,3671183
2016,183,3785960
2017,183,3738699
2018,183,2979740
2019,183,3162000
2020,183,2674630
2008,184,22770
2009,184,12300
2010,184,8970
2011,184,4496
2012,184,4080
2013,184,4112
2014,184,
2015,184,
2016,184,
2017,184,
2018,184,
2019,184,
2020,184,
2008,185,
2009,185,
2010,185,
2011,185,
2012,185,908480
2013,185,1756440
2014,185,1260040
2015,185,1109760
2016,185,1383120
2017,185,1836680
2018,185,2043400
2019,185,2146080
2020,185,2427600
2008,186,26850
2009,186,24996
2010,186,34805
2011,186,24466
2012,186,31391
2013,186,42486
2014,186,45066
2015,186,34259
2016,186,33872
2017,186,33356
2018,186,24259
2019,186,19485
2020,186,13259
2008,187,
2009,187,
2010,187,
2011,187,
2012,187,
2013,187,70133
2014,187,76117
2015,187,58007
2016,187,32051
2017,187,25879
2018,187,13196
2019,187,15755
2020,187,17913
2008,188,
2009,188,
2010,188,
2011,188,
2012,188,
2013,188,3950000
2014,188,2780000
2015,188,3231608
2016,188,4119805
2017,188,6592470
2018,188,7224403
2019,188,10110051
2020,188,12673728
2008,189,
2009,189,
2010,189,
2011,189,
2012,189,
2013,189,
2014,189,
2015,189,
2016,189,1271200
2017,189,1172455
2018,189,1355190
2019,189,301512
2020,189,389274
2008,190,
2009,190,
2010,190,
2011,190,
2012,190,
2013,190,
2014,190,
2015,190,
2016,190,39380
2017,190,45760
2018,190,43120
2019,190,42680
2020,190,30580
2008,191,70282
2009,191,62121
2010,191,50050
2011,191,14090
2012,191,10386
2013,191,24778
2014,191,34684
2015,191,29689
2016,191,9789
2017,191,11113
2018,191,33157
2019,191,39596
2020,191,40855
2008,192,56131
2009,192,82492
2010,192,33186
2011,192,13158
2012,192,75865
2013,192,159312
2014,192,253288
2015,192,308805
2016,192,293984
2017,192,177066
2018,192,88952
2019,192,104418
2020,192,35415
2008,193,111467
2009,193,184634
2010,193,85639
2011,193,100345
2012,193,90321
2013,193,167774
2014,193,105268
2015,193,154082
2016,193,180260
2017,193,217286
2018,193,124900
2019,193,171013
2020,193,
2008,194,761541
2009,194,1027795
2010,194,1403374
2011,194,1113310
2012,194,1386280
2013,194,2119353
2014,194,2626765
2015,194,4949045
2016,194,5524896
2017,194,7718186
2018,194,6178299
2019,194,7700317
2020,194,9327016
2008,195,
2009,195,
2010,195,
2011,195,
2012,195,
2013,195,
2014,195,
2015,195,62824
2016,195,47048
2017,195,60483
2018,195,55883
2019,195,
2020,195,
2008,196,147564
2009,196,145462
2010,196,178897
2011,196,144461
2012,196,188279
2013,196,516199
2014,196,569553
2015,196,1177398
2016,196,1103518
2017,196,1727100
2018,196,1648918
2019,196,2597944
2020,196,3564925
2008,197,184514
2009,197,342131
2010,197,262032
2011,197,270468
2012,197,307553
2013,197,530142
2014,197,455993
2015,197,729407
2016,197,
2017,197,
2018,197,
2019,197,
2020,197,
2008,198,12783
2009,198,34554
2010,198,27775
2011,198,20754
2012,198,11857
2013,198,35100
2014,198,65695
2015,198,69674
2016,198,91393
2017,198,134020
2018,198,116468
2019,198,163940
2020,198,186866
2008,199,44182
2009,199,49210
2010,199,37267
2011,199,28916
2012,199,37051
2013,199,41218
2014,199,33459
2015,199,36998
2016,199,33028
2017,199,38057
2018,199,
2019,199,
2020,199,
2008,200,430965
2009,200,308446
2010,200,149664
2011,200,63105
2012,200,71668
2013,200,79672
2014,200,97544
2015,200,181483
2016,200,143110
2017,200,142153
2018,200,55746
2019,200,49145
2020,200,148294
2008,201,108977
2009,201,95053
2010,201,77910
2011,201,34495
2012,201,48306
2013,201,56779
2014,201,43335
2015,201,35896
2016,201,50707
2017,201,
2018,201,
2019,201,
2020,201,
2008,202,14932
2009,202,17085
2010,202,13771
2011,202,21463
2012,202,32593
2013,202,189667
2014,202,81193
2015,202,94800
2016,202,87391
2017,202,113095
2018,202,95269
2019,202,113846
2020,202,91446
2008,203,23835
2009,203,24863
2010,203,27442
2011,203,20049
2012,203,20646
2013,203,19756
2014,203,16072
2015,203,17710
2016,203,62486
2017,203,174926
2018,203,148696
2019,203,167909
2020,203,131153
2008,204,21280
2009,204,13956
2010,204,12144
2011,204,24691
2012,204,21582
2013,204,29320
2014,204,19166
2015,204,19782
2016,204,14872
2017,204,14503
2018,204,10154
2019,204,7783
2020,204,13363
2008,205,43273
2009,205,62005
2010,205,49394
2011,205,34236
2012,205,31681
2013,205,42153
2014,205,36115
2015,205,37616
2016,205,33403
2017,205,72804
2018,205,39747
2019,205,
2020,205,
2008,206,24189
2009,206,22221
2010,206,25348
2011,206,20959
2012,206,19221
2013,206,27328
2014,206,34837
2015,206,51048
2016,206,
2017,206,
2018,206,
2019,206,
2020,206,
2008,207,16233
2009,207,12570
2010,207,13446
2011,207,10344
2012,207,8047
2013,207,13740
2014,207,18582
2015,207,22442
2016,207,27585
2017,207,28053
2018,207,
2019,207,
2020,207,
2008,208,0
2009,208,65188
2010,208,29275
2011,208,3850
2012,208,4150
2013,208,27450
2014,208,34539
2015,208,37609
2016,208,70358
2017,208,53728
2018,208,23666
2019,208,25585
2020,208,20212
2008,209,
2009,209,
2010,209,
2011,209,5160
2012,209,51500
2013,209,142918
2014,209,188626
2015,209,252697
2016,209,237320
2017,209,364625
2018,209,406490
2019,209,428151
2020,209,747992
2008,210,
2009,210,
2010,210,
2011,210,
2012,210,
2013,210,
2014,210,6371
2015,210,13185
2016,210,4465
2017,210,8143
2018,210,6420
2019,210,4471
2020,210,4247
2008,211,
2009,211,
2010,211,
2011,211,
2012,211,28979
2013,211,30755
2014,211,33339
2015,211,10341
2016,211,9143
2017,211,10097
2018,211,25719
2019,211,27006
2020,211,18401
2008,212,
2009,212,
2010,212,
2011,212,
2012,212,
2013,212,
2014,212,41419
2015,212,52377
2016,212,51787
2017,212,50914
2018,212,41686
2019,212,122449
2020,212,131512
2008,213,
2009,213,
2010,213,
2011,213,
2012,213,
2013,213,19941
2014,213,16560
2015,213,18938
2016,213,16306
2017,213,
2018,213,
2019,213,
2020,213,
2008,214,
2009,214,
2010,214,
2011,214,
2012,214,
2013,214,
2014,214,22688
2015,214,25914
2016,214,19728
2017,214,35604
2018,214,34470
2019,214,70464
2020,214,64964
2008,215,
2009,215,
2010,215,
2011,215,
2012,215,
2013,215,
2014,215,12444
2015,215,9105
2016,215,10026
2017,215,
2018,215,
2019,215,
2020,215,
2008,216,
2009,216,
2010,216,
2011,216,
2012,216,
2013,216,
2014,216,17652
2015,216,15962
2016,216,15908
2017,216,15219
2018,216,15011
2019,216,22529
2020,216,17079
2008,217,
2009,217,
2010,217,
2011,217,
2012,217,
2013,217,
2014,217,
2015,217,69747
2016,217,78121
2017,217,93321
2018,217,69978
2019,217,114521
2020,217,183874
2008,218,175882
2009,218,185921
2010,218,180653
2011,218,147173
2012,218,163043
2013,218,280265
2014,218,262203
2015,218,165210
2016,218,100009
2017,218,132730
2018,218,236359
2019,218,388964
2020,218,203469
2008,219,10392
2009,219,13278
2010,219,10598
2011,219,4542
2012,219,4359
2013,219,6748
2014,219,6567
2015,219,6714
2016,219,6157
2017,219,7848
2018,219,6447
2019,219,7920
2020,219,7636
2008,220,56758
2009,220,48559
2010,220,43491
2011,220,43981
2012,220,21729
2013,220,16186
2014,220,15287
2015,220,9189
2016,220,4840
2017,220,10778
2018,220,5853
2019,220,7652
2020,220,
2008,221,61159
2009,221,82325
2010,221,95651
2011,221,58866
2012,221,87190
2013,221,106775
2014,221,112183
2015,221,115594
2016,221,112568
2017,221,213053
2018,221,98060
2019,221,92496
2020,221,64149
2008,222,
2009,222,
2010,222,
2011,222,
2012,222,
2013,222,
2014,222,11613
2015,222,10195
2016,222,2858
2017,222,5749
2018,222,4880
2019,222,4310
2020,222,3716
2008,223,
2009,223,
2010,223,
2011,223,
2012,223,
2013,223,
2014,223,34390
2015,223,112449
2016,223,79938
2017,223,86419
2018,223,
2019,223,
2020,223,
2008,224,
2009,224,
2010,224,
2011,224,
2012,224,
2013,224,
2014,224,
2015,224,
2016,224,
2017,224,
2018,224,
2019,224,
2020,224,
2008,225,
2009,225,
2010,225,
2011,225,
2012,225,12829
2013,225,9180
2014,225,13839
2015,225,12576
2016,225,11067
2017,225,19726
2018,225,12180
2019,225,17
2020,225,17
2008,226,53512
2009,226,41434
2010,226,30338
2011,226,27564
2012,226,21858
2013,226,43187
2014,226,34257
2015,226,39685
2016,226,33600
2017,226,35381
2018,226,29543
2019,226,41713
2020,226,60497
2008,227,
2009,227,
2010,227,
2011,227,
2012,227,
2013,227,
2014,227,852150
2015,227,1501500
2016,227,1538550
2017,227,2067000
2018,227,1369480
2019,227,1668177
2020,227,1432499
2008,228,26308
2009,228,37443
2010,228,28407
2011,228,17067
2012,228,14870
2013,228,14639
2014,228,40058
2015,228,167382
2016,228,114706
2017,228,131335
2018,228,91747
2019,228,119646
2020,228,87998
2008,229,
2009,229,
2010,229,
2011,229,
2012,229,
2013,229,
2014,229,
2015,229,38526
2016,229,25963
2017,229,41124
2018,229,44093
2019,229,
2020,229,
2008,230,
2009,230,
2010,230,
2011,230,
2012,230,
2013,230,
2014,230,
2015,230,100098
2016,230,83780
2017,230,176611
2018,230,106405
2019,230,114920
2020,230,91966
2008,231,20005
2009,231,19122
2010,231,13869
2011,231,9228
2012,231,8988
2013,231,11219
2014,231,10623
2015,231,11378
2016,231,11166
2017,231,8604
2018,231,2539
2019,231,4372
2020,231,6135
2008,232,167331
2009,232,463829
2010,232,282331
2011,232,133660
2012,232,172053
2013,232,275067
2014,232,293507
2015,232,435907
2016,232,366443
2017,232,213034
2018,232,181440
2019,232,257882
2020,232,536673
2008,233,137104
2009,233,179074
2010,233,169001
2011,233,209286
2012,233,583173
2013,233,943285
2014,233,1166628
2015,233,1679301
2016,233,1425866
2017,233,1439034
2018,233,
2019,233,
2020,233,
2008,234,88441
2009,234,99935
2010,234,66155
2011,234,45975
2012,234,38710
2013,234,63082
2014,234,55125
2015,234,55057
2016,234,51808
2017,234,46268
2018,234,112370
2019,234,295689
2020,234,181586
2008,235,48241
2009,235,52789
2010,235,58289
2011,235,27205
2012,235,16436
2013,235,13663
2014,235,7377
2015,235,43338
2016,235,38290
2017,235,36202
2018,235,20015
2019,235,25150
2020,235,
2008,236,11084
2009,236,16864
2010,236,20400
2011,236,9826
2012,236,9122
2013,236,13335
2014,236,11043
2015,236,6392
2016,236,5236
2017,236,
2018,236,
2019,236,
2020,236,
2008,237,185026
2009,237,163964
2010,237,161848
2011,237,175349
2012,237,183717
2013,237,197527
2014,237,227356
2015,237,269179
2016,237,255873
2017,237,531093
2018,237,666137
2019,237,1489476
2020,237,1229419
2008,238,106019
2009,238,156245
2010,238,119999
2011,238,92237
2012,238,52611
2013,238,59636
2014,238,98730
2015,238,206737
2016,238,154654
2017,238,181371
2018,238,279853
2019,238,316957
2020,238,287714
2008,239,121773
2009,239,144263
2010,239,126744
2011,239,72068
2012,239,87937
2013,239,209623
2014,239,242458
2015,239,210058
2016,239,214929
2017,239,293124
2018,239,215712
2019,239,303127
2020,239,247894
2008,240,25876
2009,240,23641
2010,240,20593
2011,240,32379
2012,240,24379
2013,240,27637
2014,240,36105
2015,240,38611
2016,240,31837
2017,240,42337
2018,240,99576
2019,240,83725
2020,240,98221
2008,241,34313
2009,241,43660
2010,241,36572
2011,241,31889
2012,241,18736
2013,241,17057
2014,241,23993
2015,241,38363
2016,241,47098
2017,241,95195
2018,241,78060
2019,241,67350
2020,241,30082
2008,242,1366128
2009,242,2242704
2010,242,2687685
2011,242,1910599
2012,242,2200736
2013,242,1555846
2014,242,1584558
2015,242,2240587
2016,242,2180889
2017,242,2923511
2018,242,1871047
2019,242,2371857
2020,242,1374164
2008,243,
2009,243,
2010,243,
2011,243,
2012,243,
2013,243,
2014,243,
2015,243,
2016,243,
2017,243,
2018,243,
2019,243,
2020,243,
2008,244,251174
2009,244,351643
2010,244,316012
2011,244,231313
2012,244,62501
2013,244,161569
2014,244,147316
2015,244,168108
2016,244,247878
2017,244,250515
2018,244,
2019,244,
2020,244,
2008,245,
2009,245,
2010,245,
2011,245,
2012,245,
2013,245,
2014,245,
2015,245,312516
2016,245,176871
2017,245,182236
2018,245,115495
2019,245,148306
2020,245,136108
2008,246,
2009,246,
2010,246,0
2011,246,
2012,246,
2013,246,
2014,246,
2015,246,9273381
2016,246,8235024
2017,246,8195840
2018,246,9121872
2019,246,13164623
2020,246,10823089
2008,247,
2009,247,
2010,247,
2011,247,
2012,247,
2013,247,
2014,247,
2015,247,
2016,247,
2017,247,
2018,247,
2019,247,
2020,247,
2008,248,
2009,248,
2010,248,
2011,248,
2012,248,
2013,248,
2014,248,
2015,248,
2016,248,
2017,248,
2018,248,
2019,248,
2020,248,
2008,249,391126
2009,249,364744
2010,249,334587
2011,249,373327
2012,249,367972
2013,249,347948
2014,249,440306
2015,249,373187
2016,249,312926
2017,249,344898
2018,249,316684
2019,249,379564
2020,249,295007
2008,250,
2009,250,
2010,250,
2011,250,
2012,250,
2013,250,
2014,250,
2015,250,
2016,250,
2017,250,110810
2018,250,147264
2019,250,129538
2020,250,111635
2008,251,
2009,251,
2010,251,
2011,251,
2012,251,
2013,251,
2014,251,
2015,251,
2016,251,
2017,251,
2018,251,
2019,251,
2020,251,
2008,252,
2009,252,
2010,252,
2011,252,
2012,252,
2013,252,
2014,252,
2015,252,
2016,252,
2017,252,
2018,252,
2019,252,
2020,252,
2008,253,
2009,253,
2010,253,
2011,253,
2012,253,
2013,253,
2014,253,
2015,253,
2016,253,164988
2017,253,165706
2018,253,123544
2019,253,128441
2020,253,117916
2008,254,105070
2009,254,214474
2010,254,182358
2011,254,127114
2012,254,122116
2013,254,152836
2014,254,182956
2015,254,312325
2016,254,318216
2017,254,501374
2018,254,598089
2019,254,752668
2020,254,1313512
2008,255,4899
2009,255,4196
2010,255,4239
2011,255,2663
2012,255,2144
2013,255,5208
2014,255,12513
2015,255,12229
2016,255,14272
2017,255,19910
2018,255,20214
2019,255,27844
2020,255,25496
2008,256,
2009,256,
2010,256,
2011,256,
2012,256,
2013,256,
2014,256,
2015,256,
2016,256,
2017,256,
2018,256,
2019,256,
2020,256,
2008,257,
2009,257,
2010,257,
2011,257,
2012,257,
2013,257,
2014,257,
2015,257,
2016,257,886400
2017,257,1623115
2018,257,1881407
2019,257,2329648
2020,257,1860266
2008,258,
2009,258,
2010,258,
2011,258,
2012,258,
2013,258,
2014,258,
2015,258,
2016,258,
2017,258,150693
2018,258,91849
2019,258,231428
2020,258,408020
2008,259,
2009,259,
2010,259,
2011,259,
2012,259,
2013,259,
2014,259,
2015,259,
2016,259,
2017,259,
2018,259,
2019,259,
2020,259,
2008,260,
2009,260,
2010,260,
2011,260,
2012,260,
2013,260,
2014,260,
2015,260,
2016,260,
2017,260,
2018,260,
2019,260,
2020,260,
2008,261,
2009,261,
2010,261,
2011,261,
2012,261,
2013,261,
2014,261,
2015,261,
2016,261,
2017,261,
2018,261,
2019,261,
2020,261,
2008,262,
2009,262,
2010,262,
2011,262,
2012,262,
2013,262,
2014,262,
2015,262,
2016,262,1779089
2017,262,2443267
2018,262,2292989
2019,262,2875696
2020,262,1944879
2008,263,484848
2009,263,313253
2010,263,159421
2011,263,48000
2012,263,73908
2013,263,27314
2014,263,179949
2015,263,199230
2016,263,271312
2017,263,356469
2018,263,258802
2019,263,
2020,263,
2008,264,2211025
2009,264,3189055
2010,264,2265241
2011,264,2206171
2012,264,2813975
2013,264,4634386
2014,264,3899005
2015,264,5397718
2016,264,5024776
2017,264,5295551
2018,264,3727853
2019,264,6497223
2020,264,5218428
2008,265,
2009,265,
2010,265,
2011,265,
2012,265,
2013,265,
2014,265,
2015,265,89197
2016,265,60176
2017,265,66638
2018,265,50629
2019,265,30417
2020,265,32935
2008,266,
2009,266,
2010,266,
2011,266,
2012,266,
2013,266,
2014,266,
2015,266,45360
2016,266,56431
2017,266,65346
2018,266,89851
2019,266,74494
2020,266,95162
2008,267,
2009,267,
2010,267,
2011,267,
2012,267,
2013,267,
2014,267,
2015,267,
2016,267,
2017,267,
2018,267,
2019,267,
2020,267,
2008,268,
2009,268,
2010,268,
2011,268,
2012,268,
2013,268,
2014,268,
2015,268,
2016,268,
2017,268,
2018,268,
2019,268,
2020,268,
2008,269,
2009,269,
2010,269,
2011,269,
2012,269,
2013,269,
2014,269,
2015,269,
2016,269,3024549
2017,269,4118500
2018,269,4042441
2019,269,4404934
2020,269,4207505
2008,270,
2009,270,
2010,270,
2011,270,
2012,270,
2013,270,
2014,270,
2015,270,
2016,270,5687
2017,270,6300
2018,270,6222
2019,270,19860
2020,270,20126
2008,271,
2009,271,
2010,271,
2011,271,
2012,271,
2013,271,
2014,271,
2015,271,
2016,271,29440
2017,271,51940
2018,271,31270
2019,271,30283
2020,271,16718
2008,272,
2009,272,
2010,272,
2011,272,
2012,272,
2013,272,
2014,272,
2015,272,
2016,272,
2017,272,20245
2018,272,13656
2019,272,7945
2020,272,8185
2008,273,
2009,273,
2010,273,
2011,273,
2012,273,
2013,273,
2014,273,
2015,273,
2016,273,13490
2017,273,10934
2018,273,8449
2019,273,12281
2020,273,45329
2008,274,
2009,274,
2010,274,
2011,274,
2012,274,
2013,274,
2014,274,
2015,274,
2016,274,233325
2017,274,323523
2018,274,255650
2019,274,318460
2020,274,236859
2008,275,
2009,275,
2010,275,
2011,275,
2012,275,
2013,275,
2014,275,
2015,275,
2016,275,45812
2017,275,126739
2018,275,133279
2019,275,
2020,275,
2008,276,
2009,276,
2010,276,
2011,276,
2012,276,
2013,276,
2014,276,
2015,276,
2016,276,
2017,276,
2018,276,
2019,276,
2020,276,
2008,277,
2009,277,
2010,277,
2011,277,
2012,277,
2013,277,
2014,277,
2015,277,
2016,277,93420
2017,277,105514
2018,277,50036
2019,277,38778
2020,277,
2008,278,
2009,278,
2010,278,
2011,278,
2012,278,
2013,278,
2014,278,
2015,278,
2016,278,
2017,278,21440
2018,278,14238
2019,278,5779
2020,278,
2008,279,
2009,279,
2010,279,
2011,279,
2012,279,
2013,279,
2014,279,
2015,279,
2016,279,
2017,279,17952
2018,279,9350
2019,279,6509
2020,279,5393
2008,280,
2009,280,
2010,280,
2011,280,
2012,280,
2013,280,
2014,280,
2015,280,
2016,280,
2017,280,
2018,280,
2019,280,
2020,280,
2008,281,
2009,281,
2010,281,
2011,281,
2012,281,
2013,281,
2014,281,
2015,281,
2016,281,
2017,281,
2018,281,
2019,281,
2020,281,
2008,282,
2009,282,
2010,282,
2011,282,
2012,282,
2013,282,
2014,282,
2015,282,
2016,282,
2017,282,
2018,282,
2019,282,
2020,282,
2008,283,
2009,283,
2010,283,
2011,283,
2012,283,
2013,283,
2014,283,
2015,283,
2016,283,
2017,283,
2018,283,
2019,283,
2020,283,
2008,284,
2009,284,
2010,284,
2011,284,
2012,284,
2013,284,
2014,284,
2015,284,
2016,284,
2017,284,
2018,284,
2019,284,
2020,284,
2008,285,
2009,285,
2010,285,
2011,285,
2012,285,
2013,285,
2014,285,
2015,285,
2016,285,
2017,285,
2018,285,
2019,285,
2020,285,
2008,286,
2009,286,
2010,286,
2011,286,
2012,286,
2013,286,
2014,286,
2015,286,
2016,286,
2017,286,
2018,286,
2019,286,
2020,286,
2008,287,
2009,287,
2010,287,
2011,287,
2012,287,
2013,287,
2014,287,
2015,287,
2016,287,
2017,287,
2018,287,
2019,287,
2020,287,
2008,288,
2009,288,
2010,288,
2011,288,
2012,288,
2013,288,
2014,288,
2015,288,
2016,288,
2017,288,14611
2018,288,9503
2019,288,13001
2020,288,16097
2008,289,
2009,289,
2010,289,
2011,289,
2012,289,
2013,289,
2014,289,
2015,289,
2016,289,
2017,289,
2018,289,
2019,289,
2020,289,
2008,290,
2009,290,
2010,290,
2011,290,
2012,290,
2013,290,
2014,290,
2015,290,
2016,290,
2017,290,19476
2018,290,19117
2019,290,14456
2020,290,29851
2008,291,
2009,291,
2010,291,
2011,291,
2012,291,
2013,291,
2014,291,
2015,291,
2016,291,
2017,291,
2018,291,
2019,291,
2020,291,
2008,292,
2009,292,
2010,292,
2011,292,
2012,292,
2013,292,
2014,292,
2015,292,
2016,292,
2017,292,193838
2018,292,139624
2019,292,124957
2020,292,132241
2008,293,
2009,293,
2010,293,
2011,293,
2012,293,
2013,293,
2014,293,
2015,293,229323
2016,293,246001
2017,293,355588
2018,293,294170
2019,293,362368
2020,293,291303
2008,294,
2009,294,
2010,294,
2011,294,
2012,294,
2013,294,
2014,294,
2015,294,
2016,294,
2017,294,1088687
2018,294,772099
2019,294,908991
2020,294,839676
2008,295,
2009,295,
2010,295,
2011,295,
2012,295,
2013,295,
2014,295,
2015,295,
2016,295,
2017,295,
2018,295,
2019,295,
2020,295,
2008,296,
2009,296,
2010,296,
2011,296,
2012,296,
2013,296,
2014,296,
2015,296,
2016,296,
2017,296,34329
2018,296,27434
2019,296,36143
2020,296,27152
2008,297,
2009,297,
2010,297,
2011,297,
2012,297,
2013,297,
2014,297,
2015,297,
2016,297,
2017,297,13125
2018,297,7770
2019,297,12022
2020,297,7927
2008,298,
2009,298,
2010,298,
2011,298,
2012,298,
2013,298,
2014,298,
2015,298,81500
2016,298,84188
2017,298,157612
2018,298,126129
2019,298,107993
2020,298,109738
2008,299,
2009,299,
2010,299,
2011,299,
2012,299,
2013,299,
2014,299,
2015,299,
2016,299,
2017,299,74349
2018,299,86461
2019,299,75723
2020,299,37197
2008,300,
2009,300,
2010,300,
2011,300,
2012,300,
2013,300,
2014,300,
2015,300,
2016,300,
2017,300,
2018,300,
2019,300,
2020,300,
2008,301,
2009,301,
2010,301,
2011,301,
2012,301,
2013,301,
2014,301,
2015,301,
2016,301,
2017,301,
2018,301,
2019,301,
2020,301,
2008,302,
2009,302,
2010,302,
2011,302,
2012,302,
2013,302,
2014,302,
2015,302,
2016,302,
2017,302,
2018,302,30500
2019,302,28439
2020,302,29201
2008,303,
2009,303,
2010,303,
2011,303,
2012,303,
2013,303,
2014,303,
2015,303,
2016,303,
2017,303,
2018,303,
2019,303,
2020,303,
2008,304,
2009,304,
2010,304,
2011,304,
2012,304,
2013,304,
2014,304,
2015,304,
2016,304,
2017,304,
2018,304,
2019,304,
2020,304,
2008,305,
2009,305,
2010,305,
2011,305,
2012,305,
2013,305,
2014,305,
2015,305,
2016,305,
2017,305,
2018,305,
2019,305,
2020,305,
2008,306,
2009,306,
2010,306,
2011,306,
2012,306,
2013,306,
2014,306,
2015,306,
2016,306,
2017,306,
2018,306,
2019,306,
2020,306,
2008,307,
2009,307,
2010,307,
2011,307,
2012,307,
2013,307,
2014,307,
2015,307,
2016,307,
2017,307,
2018,307,
2019,307,
2020,307,
2008,308,
2009,308,
2010,308,
2011,308,
2012,308,
2013,308,
2014,308,
2015,308,
2016,308,
2017,308,
2018,308,37822
2019,308,31575
2020,308,25315
2008,309,
2009,309,
2010,309,
2011,309,
2012,309,
2013,309,
2014,309,
2015,309,
2016,309,
2017,309,
2018,309,
2019,309,
2020,309,
2008,310,
2009,310,
2010,310,
2011,310,
2012,310,
2013,310,
2014,310,
2015,310,
2016,310,
2017,310,
2018,310,
2019,310,
2020,310,
2008,311,
2009,311,
2010,311,
2011,311,
2012,311,
2013,311,
2014,311,
2015,311,
2016,311,
2017,311,
2018,311,
2019,311,
2020,311,
2008,312,
2009,312,
2010,312,
2011,312,
2012,312,
2013,312,
2014,312,
2015,312,
2016,312,
2017,312,
2018,312,
2019,312,
2020,312,
2008,313,
2009,313,
2010,313,
2011,313,
2012,313,
2013,313,
2014,313,
2015,313,
2016,313,
2017,313,
2018,313,
2019,313,
2020,313,
2008,314,
2009,314,
2010,314,
2011,314,
2012,314,
2013,314,
2014,314,
2015,314,
2016,314,
2017,314,
2018,314,
2019,314,
2020,314,
2008,315,
2009,315,
2010,315,
2011,315,
2012,315,
2013,315,
2014,315,
2015,315,
2016,315,
2017,315,
2018,315,
2019,315,
2020,315,
2008,316,
2009,316,
2010,316,
2011,316,
2012,316,
2013,316,
2014,316,
2015,316,
2016,316,
2017,316,
2018,316,
2019,316,
2020,316,
2008,317,
2009,317,
2010,317,
2011,317,
2012,317,
2013,317,
2014,317,
2015,317,
2016,317,
2017,317,
2018,317,
2019,317,
2020,317,
2008,318,
2009,318,
2010,318,
2011,318,
2012,318,
2013,318,
2014,318,
2015,318,
2016,318,
2017,318,
2018,318,
2019,318,
2020,318,
2008,319,
2009,319,
2010,319,
2011,319,
2012,319,
2013,319,
2014,319,
2015,319,
2016,319,
2017,319,
2018,319,
2019,319,
2020,319,
2008,320,
2009,320,
2010,320,
2011,320,
2012,320,
2013,320,
2014,320,
2015,320,
2016,320,
2017,320,
2018,320,8044
2019,320,10598
2020,320,9599
2008,321,
2009,321,
2010,321,
2011,321,
2012,321,
2013,321,
2014,321,
2015,321,
2016,321,
2017,321,
2018,321,
2019,321,
2020,321,
2008,322,
2009,322,
2010,322,
2011,322,
2012,322,
2013,322,
2014,322,
2015,322,
2016,322,
2017,322,
2018,322,
2019,322,
2020,322,
2008,323,
2009,323,
2010,323,
2011,323,
2012,323,
2013,323,
2014,323,
2015,323,
2016,323,
2017,323,
2018,323,
2019,323,
2020,323,
2008,324,
2009,324,
2010,324,
2011,324,
2012,324,
2013,324,
2014,324,
2015,324,
2016,324,
2017,324,
2018,324,
2019,324,
2020,324,
2008,325,
2009,325,
2010,325,
2011,325,
2012,325,
2013,325,
2014,325,
2015,325,
2016,325,
2017,325,
2018,325,
2019,325,
2020,325,
