Date,Id,total debt
2008,1,
2009,1,
2010,1,
2011,1,
2012,1,
2013,1,
2014,1,
2015,1,
2016,1,
2017,1,
2018,1,
2019,1,
2020,1,
2008,2,9667
2009,2,21571
2010,2,99269
2011,2,64106
2012,2,76659
2013,2,105802
2014,2,275476
2015,2,267141
2016,2,
2017,2,
2018,2,
2019,2,
2020,2,
2008,3,
2009,3,
2010,3,
2011,3,
2012,3,
2013,3,
2014,3,21624
2015,3,31333
2016,3,28251
2017,3,22899
2018,3,8772
2019,3,5354
2020,3,3455
2008,4,
2009,4,
2010,4,
2011,4,
2012,4,
2013,4,3492
2014,4,10911
2015,4,10907
2016,4,25253
2017,4,26185
2018,4,22421
2019,4,28858
2020,4,
2008,5,
2009,5,
2010,5,
2011,5,
2012,5,
2013,5,
2014,5,39894
2015,5,32051
2016,5,32485
2017,5,23612
2018,5,23764
2019,5,22680
2020,5,
2008,6,
2009,6,
2010,6,
2011,6,
2012,6,
2013,6,
2014,6,9239
2015,6,7792
2016,6,12453
2017,6,11522
2018,6,
2019,6,
2020,6,
2008,7,
2009,7,
2010,7,
2011,7,
2012,7,65745
2013,7,78547
2014,7,90292
2015,7,108907
2016,7,149068
2017,7,243521
2018,7,221439
2019,7,
2020,7,
2008,8,383060
2009,8,319545
2010,8,323058
2011,8,420536
2012,8,445695
2013,8,436332
2014,8,485909
2015,8,363606
2016,8,442252
2017,8,519723
2018,8,481521
2019,8,651822
2020,8,934333
2008,9,670939
2009,9,848926
2010,9,875522
2011,9,860859
2012,9,870264
2013,9,938685
2014,9,1013697
2015,9,1054192
2016,9,1104771
2017,9,1000994
2018,9,1052479
2019,9,1008992
2020,9,1052791
2008,10,405480
2009,10,556342
2010,10,527848
2011,10,487786
2012,10,479210
2013,10,542970
2014,10,591015
2015,10,602581
2016,10,689787
2017,10,574763
2018,10,617962
2019,10,620490
2020,10,653710
2008,11,36776
2009,11,74753
2010,11,95777
2011,11,110171
2012,11,100506
2013,11,86220
2014,11,77888
2015,11,96255
2016,11,69388
2017,11,37439
2018,11,43520
2019,11,87188
2020,11,96766
2008,12,413827
2009,12,302932
2010,12,242574
2011,12,235142
2012,12,122936
2013,12,96832
2014,12,87352
2015,12,85280
2016,12,45583
2017,12,27929
2018,12,26804
2019,12,32694
2020,12,26692
2008,13,304818
2009,13,278776
2010,13,229699
2011,13,395167
2012,13,374567
2013,13,415974
2014,13,413199
2015,13,451785
2016,13,406405
2017,13,368971
2018,13,357769
2019,13,494122
2020,13,572961
2008,14,
2009,14,
2010,14,
2011,14,
2012,14,
2013,14,
2014,14,
2015,14,
2016,14,
2017,14,
2018,14,
2019,14,
2020,14,
2008,15,
2009,15,
2010,15,
2011,15,
2012,15,
2013,15,
2014,15,
2015,15,
2016,15,
2017,15,
2018,15,
2019,15,
2020,15,
2008,16,
2009,16,
2010,16,
2011,16,
2012,16,
2013,16,
2014,16,
2015,16,
2016,16,
2017,16,
2018,16,
2019,16,
2020,16,
2008,17,
2009,17,
2010,17,
2011,17,
2012,17,
2013,17,317304
2014,17,510220
2015,17,2260390
2016,17,1848041
2017,17,1806181
2018,17,1927167
2019,17,2089737
2020,17,2724745
2008,18,
2009,18,
2010,18,
2011,18,
2012,18,
2013,18,
2014,18,
2015,18,654
2016,18,1124
2017,18,775
2018,18,1717
2019,18,1420
2020,18,2704
2008,19,497449
2009,19,841096
2010,19,901572
2011,19,1026000
2012,19,1301800
2013,19,1251300
2014,19,1147000
2015,19,1311900
2016,19,1403900
2017,19,1311200
2018,19,1303300
2019,19,1307200
2020,19,1542400
2008,20,
2009,20,
2010,20,
2011,20,
2012,20,
2013,20,
2014,20,
2015,20,42869
2016,20,38090
2017,20,32962
2018,20,42600
2019,20,43399
2020,20,43728
2008,21,
2009,21,
2010,21,
2011,21,
2012,21,249557
2013,21,231519
2014,21,262235
2015,21,199093
2016,21,260241
2017,21,275169
2018,21,265933
2019,21,354545
2020,21,
2008,22,
2009,22,
2010,22,
2011,22,30544
2012,22,27071
2013,22,28253
2014,22,22902
2015,22,17583
2016,22,12644
2017,22,16091
2018,22,15357
2019,22,25077
2020,22,37503
2008,23,162554
2009,23,162017
2010,23,107294
2011,23,67578
2012,23,81735
2013,23,71067
2014,23,49081
2015,23,63990
2016,23,69107
2017,23,78198
2018,23,79358
2019,23,83391
2020,23,12988
2008,24,164525
2009,24,176047
2010,24,187778
2011,24,217627
2012,24,260826
2013,24,276356
2014,24,314421
2015,24,353239
2016,24,373939
2017,24,379819
2018,24,385846
2019,24,468497
2020,24,523626
2008,25,
2009,25,
2010,25,
2011,25,
2012,25,0
2013,25,0
2014,25,345
2015,25,995
2016,25,711
2017,25,16719
2018,25,40670
2019,25,
2020,25,
2008,26,773096
2009,26,969924
2010,26,906893
2011,26,1125638
2012,26,1272581
2013,26,1349359
2014,26,1558707
2015,26,1928529
2016,26,1991958
2017,26,2301294
2018,26,2623924
2019,26,3016506
2020,26,387280
2008,27,114982
2009,27,102400
2010,27,92332
2011,27,99096
2012,27,106969
2013,27,110031
2014,27,92884
2015,27,100599
2016,27,124777
2017,27,126584
2018,27,135617
2019,27,238122
2020,27,242167
2008,28,531318
2009,28,508043
2010,28,495285
2011,28,509353
2012,28,487573
2013,28,475790
2014,28,400475
2015,28,398022
2016,28,1075194
2017,28,1043979
2018,28,800515
2019,28,765099
2020,28,748569
2008,29,33717
2009,29,39508
2010,29,40923
2011,29,47752
2012,29,39954
2013,29,34881
2014,29,35235
2015,29,31493
2016,29,21833
2017,29,19638
2018,29,
2019,29,
2020,29,
2008,30,410944
2009,30,556690
2010,30,529931
2011,30,563514
2012,30,600903
2013,30,662427
2014,30,622172
2015,30,622765
2016,30,663791
2017,30,704401
2018,30,717624
2019,30,779713
2020,30,322603
2008,31,774
2009,31,1237
2010,31,1284
2011,31,1812
2012,31,1309
2013,31,937
2014,31,4023
2015,31,2940
2016,31,2608
2017,31,2632
2018,31,2144
2019,31,1848
2020,31,
2008,32,192
2009,32,40
2010,32,0
2011,32,1077
2012,32,4141
2013,32,126
2014,32,882
2015,32,475
2016,32,247825
2017,32,252207
2018,32,243408
2019,32,173611
2020,32,164426
2008,33,135285
2009,33,136484
2010,33,118979
2011,33,105940
2012,33,105630
2013,33,104346
2014,33,105721
2015,33,101535
2016,33,98341
2017,33,103389
2018,33,99434
2019,33,
2020,33,
2008,34,3285679
2009,34,3165077
2010,34,3083946
2011,34,2832498
2012,34,2687697
2013,34,2466867
2014,34,2716923
2015,34,2693761
2016,34,
2017,34,
2018,34,
2019,34,
2020,34,
2008,35,458071
2009,35,444770
2010,35,437661
2011,35,451073
2012,35,441227
2013,35,426255
2014,35,361647
2015,35,352055
2016,35,797421
2017,35,750183
2018,35,468205
2019,35,548956
2020,35,529177
2008,36,1546284
2009,36,1811157
2010,36,1636766
2011,36,1728828
2012,36,1743985
2013,36,1552952
2014,36,1462515
2015,36,1499943
2016,36,1438477
2017,36,1491024
2018,36,1252004
2019,36,1360705
2020,36,1306334
2008,37,4256476
2009,37,4140636
2010,37,4064363
2011,37,3838401
2012,37,3540898
2013,37,2898280
2014,37,3037040
2015,37,263064
2016,37,133308
2017,37,101021
2018,37,185571
2019,37,176891
2020,37,140698
2008,38,969993
2009,38,1087354
2010,38,1191210
2011,38,1213019
2012,38,699102
2013,38,528568
2014,38,1426890
2015,38,1820176
2016,38,2327000
2017,38,2285708
2018,38,2317446
2019,38,2248463
2020,38,3558771
2008,39,252634
2009,39,311846
2010,39,350669
2011,39,379417
2012,39,348325
2013,39,306635
2014,39,231484
2015,39,222442
2016,39,214669
2017,39,206706
2018,39,281774
2019,39,634631
2020,39,624634
2008,40,102637
2009,40,82608
2010,40,803101
2011,40,862841
2012,40,982295
2013,40,884591
2014,40,846616
2015,40,759638
2016,40,759965
2017,40,811624
2018,40,738824
2019,40,829694
2020,40,908696
2008,41,39067
2009,41,44290
2010,41,39833
2011,41,30103
2012,41,26656
2013,41,32044
2014,41,29582
2015,41,27531
2016,41,27423
2017,41,33167
2018,41,51840
2019,41,78790
2020,41,106273
2008,42,59622000
2009,42,66301000
2010,42,63648000
2011,42,63174000
2012,42,63295000
2013,42,58332000
2014,42,57808000
2015,42,53457000
2016,42,51762000
2017,42,51969000
2018,42,56556000
2019,42,61500000
2020,42,59032000
2008,43,4295200
2009,43,4324400
2010,43,5304500
2011,43,6838500
2012,43,8978800
2013,43,8707700
2014,43,8849300
2015,43,9056000
2016,43,9329000
2017,43,9673900
2018,43,9483200
2019,43,9632200
2020,43,12250400
2008,44,11203
2009,44,54405
2010,44,71796
2011,44,89101
2012,44,96054
2013,44,81543
2014,44,74663
2015,44,70516
2016,44,59871
2017,44,
2018,44,
2019,44,
2020,44,
2008,45,
2009,45,
2010,45,
2011,45,
2012,45,
2013,45,
2014,45,
2015,45,
2016,45,
2017,45,
2018,45,
2019,45,
2020,45,
2008,46,2089381
2009,46,2642282
2010,46,2549508
2011,46,2839561
2012,46,3103016
2013,46,3205699
2014,46,3230669
2015,46,2947522
2016,46,2948584
2017,46,3378190
2018,46,3782809
2019,46,4226253
2020,46,4574073
2008,47,3645000
2009,47,4694000
2010,47,4184000
2011,47,4526000
2012,47,5024000
2013,47,4397000
2014,47,4056000
2015,47,3781000
2016,47,3795000
2017,47,3938000
2018,47,3678000
2019,47,3611000
2020,47,4497000
2008,48,5565000
2009,48,5659000
2010,48,3630000
2011,48,4856000
2012,48,5637000
2013,48,6336000
2014,48,7223000
2015,48,7550000
2016,48,
2017,48,
2018,48,
2019,48,
2020,48,
2008,49,
2009,49,
2010,49,1325
2011,49,2026
2012,49,1626
2013,49,6197
2014,49,20518
2015,49,15818
2016,49,9698
2017,49,9378
2018,49,2981
2019,49,2267
2020,49,1055
2008,50,
2009,50,
2010,50,
2011,50,
2012,50,45887
2013,50,46092
2014,50,20233
2015,50,28239
2016,50,37087
2017,50,55839
2018,50,57900
2019,50,52492
2020,50,58343
2008,51,
2009,51,
2010,51,
2011,51,
2012,51,
2013,51,
2014,51,
2015,51,
2016,51,
2017,51,
2018,51,
2019,51,
2020,51,
2008,52,
2009,52,
2010,52,
2011,52,
2012,52,
2013,52,
2014,52,7267
2015,52,4113
2016,52,14920
2017,52,21259
2018,52,24439
2019,52,29899
2020,52,36926
2008,53,56178
2009,53,42360
2010,53,43859
2011,53,35000
2012,53,38568
2013,53,51734
2014,53,52101
2015,53,39167
2016,53,51002
2017,53,50789
2018,53,46135
2019,53,137870
2020,53,138712
2008,54,9282
2009,54,10540
2010,54,11341
2011,54,19681
2012,54,22678
2013,54,22724
2014,54,27038
2015,54,19268
2016,54,14678
2017,54,15036
2018,54,20801
2019,54,37819
2020,54,54590
2008,55,157472
2009,55,170000
2010,55,177981
2011,55,230827
2012,55,224311
2013,55,228816
2014,55,165494
2015,55,179285
2016,55,175554
2017,55,256769
2018,55,208483
2019,55,169677
2020,55,141422
2008,56,170258
2009,56,157656
2010,56,147857
2011,56,154066
2012,56,148216
2013,56,124272
2014,56,125213
2015,56,143506
2016,56,146570
2017,56,140921
2018,56,150208
2019,56,166654
2020,56,163510
2008,57,12303
2009,57,11428
2010,57,20154
2011,57,35703
2012,57,40936
2013,57,64178
2014,57,49565
2015,57,67601
2016,57,69239
2017,57,57021
2018,57,196354
2019,57,
2020,57,
2008,58,1158000
2009,58,1036000
2010,58,1312000
2011,58,1862000
2012,58,1794000
2013,58,1492000
2014,58,1385000
2015,58,1403000
2016,58,1286000
2017,58,1836000
2018,58,3259000
2019,58,3244000
2020,58,3172000
2008,59,3375
2009,59,3627
2010,59,1028
2011,59,6664
2012,59,4219
2013,59,1647
2014,59,0
2015,59,0
2016,59,0
2017,59,0
2018,59,9667
2019,59,15415
2020,59,29280
2008,60,129496
2009,60,137362
2010,60,145765
2011,60,170749
2012,60,173765
2013,60,157102
2014,60,129287
2015,60,115943
2016,60,102804
2017,60,98135
2018,60,89242
2019,60,76554
2020,60,74982
2008,61,39803
2009,61,51215
2010,61,31904
2011,61,41669
2012,61,42613
2013,61,49086
2014,61,48020
2015,61,49231
2016,61,33171
2017,61,28924
2018,61,22681
2019,61,37643
2020,61,45446
2008,62,40707
2009,62,49282
2010,62,104321
2011,62,98142
2012,62,85331
2013,62,67533
2014,62,56654
2015,62,51646
2016,62,44101
2017,62,61791
2018,62,66964
2019,62,50934
2020,62,51831
2008,63,15161
2009,63,4454
2010,63,7376
2011,63,5562
2012,63,3762
2013,63,0
2014,63,0
2015,63,2000
2016,63,11925
2017,63,32534
2018,63,34614
2019,63,21150
2020,63,185239
2008,64,39917000
2009,64,40663000
2010,64,38918000
2011,64,39397000
2012,64,37303000
2013,64,34953000
2014,64,34597000
2015,64,34472000
2016,64,32556000
2017,64,30870000
2018,64,29209000
2019,64,32280000
2020,64,30256000
2008,65,187973
2009,65,206265
2010,65,217597
2011,65,196642
2012,65,233442
2013,65,229292
2014,65,219255
2015,65,258300
2016,65,295395
2017,65,315856
2018,65,337935
2019,65,392020
2020,65,451990
2008,66,
2009,66,
2010,66,0
2011,66,422933
2012,66,201671
2013,66,282140
2014,66,334128
2015,66,580578
2016,66,348182
2017,66,337079
2018,66,383640
2019,66,491562
2020,66,500098
2008,67,37704
2009,67,37200
2010,67,35758
2011,67,37418
2012,67,36703
2013,67,31681
2014,67,30455
2015,67,35177
2016,67,71111
2017,67,88513
2018,67,87155
2019,67,96247
2020,67,154281
2008,68,45226
2009,68,46135
2010,68,27120
2011,68,10156
2012,68,8164
2013,68,5357
2014,68,5508
2015,68,9428
2016,68,13132
2017,68,11679
2018,68,10186
2019,68,11963
2020,68,12906
2008,69,475000
2009,69,222700
2010,69,19300
2011,69,34800
2012,69,63800
2013,69,139600
2014,69,114600
2015,69,344400
2016,69,628900
2017,69,440900
2018,69,
2019,69,
2020,69,
2008,70,1305
2009,70,978
2010,70,636
2011,70,22792
2012,70,25140
2013,70,18506
2014,70,10799
2015,70,8481
2016,70,902
2017,70,818
2018,70,10708
2019,70,10845
2020,70,8067
2008,71,572
2009,71,353
2010,71,741
2011,71,149
2012,71,1843
2013,71,1413
2014,71,1885
2015,71,2404
2016,71,5816
2017,71,5258
2018,71,3477
2019,71,15543
2020,71,24923
2008,72,155726
2009,72,120308
2010,72,106234
2011,72,138624
2012,72,137554
2013,72,136361
2014,72,183787
2015,72,212124
2016,72,179397
2017,72,170968
2018,72,213682
2019,72,229431
2020,72,228610
2008,73,4691
2009,73,5251
2010,73,3705
2011,73,6168
2012,73,9515
2013,73,8494
2014,73,5550
2015,73,5012
2016,73,20411
2017,73,
2018,73,
2019,73,
2020,73,
2008,74,
2009,74,
2010,74,
2011,74,
2012,74,
2013,74,
2014,74,
2015,74,
2016,74,
2017,74,
2018,74,
2019,74,
2020,74,
2008,75,
2009,75,
2010,75,
2011,75,
2012,75,
2013,75,
2014,75,2065
2015,75,6978
2016,75,8929
2017,75,8721
2018,75,6208
2019,75,7834
2020,75,8952
2008,76,6237000
2009,76,9986000
2010,76,10350000
2011,76,11199000
2012,76,12554000
2013,76,13328000
2014,76,13942000
2015,76,13796000
2016,76,11090000
2017,76,12619000
2018,76,13420000
2019,76,14774000
2020,76,15937000
2008,77,1739610
2009,77,1921117
2010,77,2870366
2011,77,3206967
2012,77,2972890
2013,77,2680312
2014,77,2764309
2015,77,2822797
2016,77,3223715
2017,77,3074564
2018,77,3301264
2019,77,3478830
2020,77,3988749
2008,78,1781388
2009,78,2274423
2010,78,2475040
2011,78,2532689
2012,78,2775677
2013,78,3678142
2014,78,3671436
2015,78,3428000
2016,78,3115400
2017,78,3171800
2018,78,3296200
2019,78,3857300
2020,78,4389200
2008,79,75206
2009,79,116973
2010,79,119309
2011,79,131697
2012,79,129381
2013,79,140441
2014,79,145807
2015,79,129933
2016,79,115055
2017,79,101106
2018,79,98679
2019,79,134324
2020,79,163214
2008,80,72815
2009,80,102223
2010,80,123396
2011,80,260265
2012,80,221844
2013,80,159623
2014,80,238859
2015,80,142184
2016,80,99388
2017,80,135015
2018,80,186155
2019,80,272594
2020,80,362689
2008,81,3207000
2009,81,4715000
2010,81,4334000
2011,81,4365000
2012,81,3506000
2013,81,3173000
2014,81,2371000
2015,81,1576000
2016,81,1290000
2017,81,382000
2018,81,571000
2019,81,957000
2020,81,839000
2008,82,
2009,82,
2010,82,
2011,82,
2012,82,91483
2013,82,36714
2014,82,31221
2015,82,66618
2016,82,
2017,82,
2018,82,
2019,82,
2020,82,
2008,83,82376
2009,83,112084
2010,83,121564
2011,83,121914
2012,83,136090
2013,83,145147
2014,83,172010
2015,83,210810
2016,83,183850
2017,83,184853
2018,83,199716
2019,83,251625
2020,83,250064
2008,84,3338311
2009,84,2881013
2010,84,3579678
2011,84,3619050
2012,84,3759792
2013,84,3112499
2014,84,804521
2015,84,885120
2016,84,830487
2017,84,898152
2018,84,906979
2019,84,1759974
2020,84,1676732
2008,85,133591
2009,85,127573
2010,85,105947
2011,85,88697
2012,85,86317
2013,85,75050
2014,85,62921
2015,85,68119
2016,85,73801
2017,85,63789
2018,85,96212
2019,85,89596
2020,85,71907
2008,86,3338311
2009,86,2881013
2010,86,3579678
2011,86,3619050
2012,86,3759792
2013,86,3112499
2014,86,804521
2015,86,885120
2016,86,830487
2017,86,898152
2018,86,906979
2019,86,1759974
2020,86,1676732
2008,87,28801
2009,87,27890
2010,87,29443
2011,87,32521
2012,87,30209
2013,87,31196
2014,87,22311
2015,87,37914
2016,87,6337
2017,87,5665
2018,87,5967
2019,87,6933
2020,87,
2008,88,5910
2009,88,4827
2010,88,6393
2011,88,5900
2012,88,1624
2013,88,1363
2014,88,5692
2015,88,5309
2016,88,5836
2017,88,3533
2018,88,2222
2019,88,
2020,88,
2008,89,24408
2009,89,47813
2010,89,46282
2011,89,40142
2012,89,35246
2013,89,40795
2014,89,51234
2015,89,60686
2016,89,61319
2017,89,63535
2018,89,68099
2019,89,
2020,89,
2008,90,22821
2009,90,1006
2010,90,6446
2011,90,14049
2012,90,27106
2013,90,46752
2014,90,96606
2015,90,130532
2016,90,116615
2017,90,229044
2018,90,
2019,90,
2020,90,
2008,91,
2009,91,
2010,91,
2011,91,
2012,91,162
2013,91,942
2014,91,1862
2015,91,3635
2016,91,4348
2017,91,1941
2018,91,9596
2019,91,10654
2020,91,
2008,92,
2009,92,
2010,92,
2011,92,
2012,92,
2013,92,
2014,92,1019
2015,92,2649
2016,92,2941
2017,92,2690
2018,92,738
2019,92,597
2020,92,
2008,93,
2009,93,
2010,93,
2011,93,
2012,93,
2013,93,
2014,93,
2015,93,
2016,93,
2017,93,
2018,93,
2019,93,
2020,93,
2008,94,
2009,94,
2010,94,
2011,94,
2012,94,
2013,94,
2014,94,
2015,94,
2016,94,
2017,94,
2018,94,
2019,94,
2020,94,
2008,95,287026
2009,95,233932
2010,95,482425
2011,95,446942
2012,95,403760
2013,95,428952
2014,95,453512
2015,95,408357
2016,95,412682
2017,95,415371
2018,95,910784
2019,95,1339291
2020,95,1561484
2008,96,246802
2009,96,224083
2010,96,215423
2011,96,245463
2012,96,196940
2013,96,186676
2014,96,
2015,96,
2016,96,
2017,96,
2018,96,
2019,96,
2020,96,
2008,97,117578
2009,97,126866
2010,97,113870
2011,97,90304
2012,97,50341
2013,97,42033
2014,97,41833
2015,97,29122
2016,97,19754
2017,97,19077
2018,97,16067
2019,97,105400
2020,97,102890
2008,98,36553
2009,98,36654
2010,98,29621
2011,98,21353
2012,98,12614
2013,98,7175
2014,98,3217
2015,98,2300
2016,98,50400
2017,98,24012
2018,98,20682
2019,98,29278
2020,98,34660
2008,99,61874
2009,99,62000
2010,99,79607
2011,99,91269
2012,99,84781
2013,99,88900
2014,99,98928
2015,99,121688
2016,99,103848
2017,99,102032
2018,99,
2019,99,
2020,99,
2008,100,376392
2009,100,255067
2010,100,210689
2011,100,180405
2012,100,343146
2013,100,292020
2014,100,348818
2015,100,185997
2016,100,178806
2017,100,409369
2018,100,389018
2019,100,561007
2020,100,730989
2008,101,13746
2009,101,14584
2010,101,12889
2011,101,16261
2012,101,17407
2013,101,15585
2014,101,16693
2015,101,17004
2016,101,15299
2017,101,17392
2018,101,14548
2019,101,21825
2020,101,25474
2008,102,49915
2009,102,42170
2010,102,59982
2011,102,88826
2012,102,91881
2013,102,84339
2014,102,86665
2015,102,87468
2016,102,92749
2017,102,104194
2018,102,91894
2019,102,94526
2020,102,120189
2008,103,115744
2009,103,100590
2010,103,103193
2011,103,94834
2012,103,93206
2013,103,91334
2014,103,95002
2015,103,91301
2016,103,88610
2017,103,90276
2018,103,93203
2019,103,
2020,103,
2008,104,13853
2009,104,17290
2010,104,14651
2011,104,14405
2012,104,19040
2013,104,28958
2014,104,21194
2015,104,19717
2016,104,16964
2017,104,21270
2018,104,24389
2019,104,20961
2020,104,89542
2008,105,2384
2009,105,4381
2010,105,4883
2011,105,5303
2012,105,4349
2013,105,2580
2014,105,6155
2015,105,6073
2016,105,6103
2017,105,7255
2018,105,11238
2019,105,17274
2020,105,19069
2008,106,66314
2009,106,45186
2010,106,35071
2011,106,107264
2012,106,114677
2013,106,92205
2014,106,91741
2015,106,149273
2016,106,122548
2017,106,174183
2018,106,182575
2019,106,196848
2020,106,226289
2008,107,133630
2009,107,128663
2010,107,125758
2011,107,131109
2012,107,111580
2013,107,103765
2014,107,97306
2015,107,80305
2016,107,80040
2017,107,87495
2018,107,86066
2019,107,107917
2020,107,40583
2008,108,
2009,108,
2010,108,
2011,108,
2012,108,
2013,108,42471
2014,108,42471
2015,108,70049
2016,108,267089
2017,108,278146
2018,108,605913
2019,108,584529
2020,108,601415
2008,109,
2009,109,45249
2010,109,109241
2011,109,58142
2012,109,49774
2013,109,21450
2014,109,27803
2015,109,39211
2016,109,
2017,109,
2018,109,
2019,109,
2020,109,
2008,110,925
2009,110,4191
2010,110,4722
2011,110,5803
2012,110,30916
2013,110,2920
2014,110,3725
2015,110,2248
2016,110,576
2017,110,282
2018,110,82
2019,110,280
2020,110,362
2008,111,129652
2009,111,147918
2010,111,69893
2011,111,45639
2012,111,37147
2013,111,34137
2014,111,30266
2015,111,32075
2016,111,44315
2017,111,281
2018,111,1236
2019,111,26748
2020,111,34417
2008,112,217054
2009,112,215535
2010,112,220056
2011,112,241176
2012,112,206547
2013,112,220293
2014,112,259158
2015,112,331771
2016,112,314724
2017,112,275939
2018,112,389810
2019,112,808492
2020,112,
2008,113,48833
2009,113,63853
2010,113,44576
2011,113,73607
2012,113,74656
2013,113,61222
2014,113,65630
2015,113,51569
2016,113,41599
2017,113,48654
2018,113,56918
2019,113,106575
2020,113,141018
2008,114,11824
2009,114,6142
2010,114,4237
2011,114,6251
2012,114,9684
2013,114,6154
2014,114,5687
2015,114,9353
2016,114,16463
2017,114,18161
2018,114,18544
2019,114,16506
2020,114,
2008,115,29978
2009,115,27549
2010,115,26329
2011,115,29532
2012,115,29578
2013,115,39419
2014,115,40607
2015,115,37852
2016,115,
2017,115,
2018,115,
2019,115,
2020,115,
2008,116,40885
2009,116,28315
2010,116,22314
2011,116,28971
2012,116,29900
2013,116,21835
2014,116,29786
2015,116,29868
2016,116,33497
2017,116,35046
2018,116,60489
2019,116,63055
2020,116,62642
2008,117,44241
2009,117,50802
2010,117,40754
2011,117,75450
2012,117,78056
2013,117,91587
2014,117,98367
2015,117,122587
2016,117,121725
2017,117,115176
2018,117,119551
2019,117,135773
2020,117,181229
2008,118,285083
2009,118,311041
2010,118,323640
2011,118,359302
2012,118,330374
2013,118,325685
2014,118,289945
2015,118,313965
2016,118,247562
2017,118,207465
2018,118,201312
2019,118,209142
2020,118,498277
2008,119,256092
2009,119,270834
2010,119,264843
2011,119,236031
2012,119,189618
2013,119,193996
2014,119,239128
2015,119,390117
2016,119,455154
2017,119,418480
2018,119,405479
2019,119,604598
2020,119,612670
2008,120,
2009,120,
2010,120,
2011,120,179307
2012,120,235807
2013,120,676290
2014,120,1565859
2015,120,1996421
2016,120,1682749
2017,120,1383492
2018,120,1892424
2019,120,2060723
2020,120,3815069
2008,121,
2009,121,
2010,121,
2011,121,20217000
2012,121,20633000
2013,121,21714000
2014,121,24562727
2015,121,24367818
2016,121,24111432
2017,121,21695676
2018,121,21401496
2019,121,22668396
2020,121,21800142
2008,122,355629
2009,122,276723
2010,122,331143
2011,122,374911
2012,122,375527
2013,122,433685
2014,122,388615
2015,122,455425
2016,122,564218
2017,122,499797
2018,122,474838
2019,122,525923
2020,122,601329
2008,123,
2009,123,
2010,123,
2011,123,
2012,123,
2013,123,
2014,123,4725
2015,123,7457
2016,123,9266
2017,123,11510
2018,123,28913
2019,123,23730
2020,123,42880
2008,124,
2009,124,
2010,124,
2011,124,
2012,124,
2013,124,
2014,124,
2015,124,20943
2016,124,19486
2017,124,25109
2018,124,25278
2019,124,31762
2020,124,37834
2008,125,
2009,125,
2010,125,
2011,125,
2012,125,
2013,125,
2014,125,
2015,125,112431
2016,125,147856
2017,125,155678
2018,125,201078
2019,125,230286
2020,125,316483
2008,126,470709
2009,126,552208
2010,126,514716
2011,126,514445
2012,126,542963
2013,126,526528
2014,126,116551
2015,126,156714
2016,126,143813
2017,126,125619
2018,126,123479
2019,126,121556
2020,126,108422
2008,127,65841
2009,127,101909
2010,127,143197
2011,127,235041
2012,127,228954
2013,127,256264
2014,127,257296
2015,127,256466
2016,127,245002
2017,127,247848
2018,127,245574
2019,127,245794
2020,127,244459
2008,128,1690076
2009,128,1725821
2010,128,2237519
2011,128,2145015
2012,128,2360846
2013,128,2455757
2014,128,2876720
2015,128,2720790
2016,128,2629577
2017,128,2131601
2018,128,2626846
2019,128,
2020,128,
2008,129,99984
2009,129,97880
2010,129,79834
2011,129,98431
2012,129,133380
2013,129,160187
2014,129,223358
2015,129,258579
2016,129,261984
2017,129,256635
2018,129,
2019,129,
2020,129,
2008,130,15175
2009,130,16572
2010,130,5532
2011,130,15353
2012,130,18375
2013,130,10080
2014,130,17687
2015,130,4128
2016,130,1780
2017,130,424
2018,130,1037
2019,130,
2020,130,
2008,131,4236
2009,131,5839
2010,131,13555
2011,131,14870
2012,131,18416
2013,131,19287
2014,131,26768
2015,131,45036
2016,131,40715
2017,131,41865
2018,131,42420
2019,131,52941
2020,131,153671
2008,132,10366848
2009,132,11885516
2010,132,12374642
2011,132,10763899
2012,132,15384146
2013,132,17112280
2014,132,14298910
2015,132,15184261
2016,132,17133269
2017,132,17262705
2018,132,45684283
2019,132,45375000
2020,132,51028000
2008,133,205046
2009,133,271113
2010,133,287601
2011,133,326507
2012,133,334185
2013,133,310912
2014,133,372765
2015,133,344951
2016,133,
2017,133,
2018,133,
2019,133,
2020,133,
2008,134,1591276
2009,134,1625357
2010,134,2135766
2011,134,2041917
2012,134,2593855
2013,134,2369266
2014,134,2805071
2015,134,2656125
2016,134,2757511
2017,134,2293931
2018,134,2825988
2019,134,3091244
2020,134,2826363
2008,135,
2009,135,
2010,135,
2011,135,
2012,135,42059
2013,135,37975
2014,135,31336
2015,135,42901
2016,135,30766
2017,135,24970
2018,135,19166
2019,135,16660
2020,135,73393
2008,136,59447
2009,136,66382
2010,136,60628
2011,136,60513
2012,136,44016
2013,136,34132
2014,136,23423
2015,136,14365
2016,136,27557
2017,136,2380
2018,136,6548
2019,136,25113
2020,136,13155
2008,137,403
2009,137,400
2010,137,1234
2011,137,2531
2012,137,1410
2013,137,1303
2014,137,7045
2015,137,3955
2016,137,2822
2017,137,16308
2018,137,14305
2019,137,18200
2020,137,20870
2008,138,
2009,138,
2010,138,
2011,138,
2012,138,
2013,138,
2014,138,
2015,138,
2016,138,
2017,138,
2018,138,
2019,138,
2020,138,
2008,139,29799
2009,139,6637
2010,139,12089
2011,139,14814
2012,139,5657
2013,139,4726
2014,139,4021
2015,139,3070
2016,139,2675
2017,139,4359
2018,139,4398
2019,139,9374
2020,139,14129
2008,140,95490
2009,140,65100
2010,140,65047
2011,140,61249
2012,140,64622
2013,140,55915
2014,140,44843
2015,140,38230
2016,140,3
2017,140,141
2018,140,3
2019,140,
2020,140,
2008,141,75507
2009,141,63653
2010,141,52300
2011,141,50900
2012,141,36083
2013,141,49196
2014,141,29305
2015,141,34823
2016,141,16600
2017,141,7645
2018,141,10557
2019,141,18592
2020,141,14478
2008,142,6652
2009,142,126
2010,142,0
2011,142,0
2012,142,0
2013,142,0
2014,142,25000
2015,142,20000
2016,142,478600
2017,142,392000
2018,142,245500
2019,142,402200
2020,142,337300
2008,143,191375
2009,143,173711
2010,143,164833
2011,143,163171
2012,143,166021
2013,143,167197
2014,143,159121
2015,143,112581
2016,143,101637
2017,143,98037
2018,143,70004
2019,143,109975
2020,143,
2008,144,19113
2009,144,14519
2010,144,11193
2011,144,8680
2012,144,6653
2013,144,3781
2014,144,19414
2015,144,65957
2016,144,80216
2017,144,23766
2018,144,23450
2019,144,40993
2020,144,101497
2008,145,40570
2009,145,40857
2010,145,34425
2011,145,31618
2012,145,38625
2013,145,36310
2014,145,35118
2015,145,20383
2016,145,15404
2017,145,4413
2018,145,812
2019,145,1873
2020,145,
2008,146,30619
2009,146,37190
2010,146,57294
2011,146,69598
2012,146,84750
2013,146,88367
2014,146,80659
2015,146,77971
2016,146,78195
2017,146,80118
2018,146,83210
2019,146,103321
2020,146,107189
2008,147,880626
2009,147,529715
2010,147,455245
2011,147,438152
2012,147,457152
2013,147,437153
2014,147,305225
2015,147,228874
2016,147,328917
2017,147,249976
2018,147,234705
2019,147,229700
2020,147,221831
2008,148,130353
2009,148,106071
2010,148,98714
2011,148,95095
2012,148,97942
2013,148,97138
2014,148,89369
2015,148,61601
2016,148,53245
2017,148,51090
2018,148,44596
2019,148,52234
2020,148,
2008,149,399691
2009,149,368386
2010,149,330352
2011,149,300347
2012,149,260325
2013,149,249641
2014,149,113228
2015,149,121834
2016,149,117094
2017,149,196111
2018,149,181273
2019,149,153883
2020,149,
2008,150,1527200
2009,150,1670800
2010,150,1830800
2011,150,1961300
2012,150,1943500
2013,150,1693900
2014,150,1371200
2015,150,1261700
2016,150,1534100
2017,150,1597900
2018,150,1156400
2019,150,1623700
2020,150,1535000
2008,151,
2009,151,
2010,151,
2011,151,0
2012,151,0
2013,151,0
2014,151,0
2015,151,0
2016,151,2749
2017,151,9224
2018,151,10656
2019,151,10862
2020,151,17064
2008,152,
2009,152,
2010,152,
2011,152,
2012,152,
2013,152,
2014,152,956
2015,152,324
2016,152,0
2017,152,289
2018,152,499
2019,152,1657
2020,152,1849
2008,153,1208900
2009,153,1124800
2010,153,1034900
2011,153,1015700
2012,153,860300
2013,153,484700
2014,153,491500
2015,153,533300
2016,153,380200
2017,153,302800
2018,153,200400
2019,153,332800
2020,153,271200
2008,154,
2009,154,
2010,154,
2011,154,
2012,154,
2013,154,300
2014,154,0
2015,154,
2016,154,
2017,154,
2018,154,0
2019,154,11386
2020,154,23429
2008,155,
2009,155,
2010,155,
2011,155,
2012,155,
2013,155,
2014,155,45504
2015,155,39582
2016,155,35245
2017,155,37342
2018,155,33426
2019,155,40138
2020,155,36937
2008,156,
2009,156,
2010,156,106501
2011,156,153872
2012,156,135127
2013,156,58579
2014,156,80868
2015,156,120438
2016,156,90551
2017,156,60531
2018,156,685
2019,156,39977
2020,156,50794
2008,157,
2009,157,
2010,157,
2011,157,
2012,157,1158
2013,157,531
2014,157,841
2015,157,254
2016,157,19479
2017,157,32358
2018,157,32881
2019,157,
2020,157,
2008,158,
2009,158,
2010,158,
2011,158,
2012,158,
2013,158,
2014,158,
2015,158,51
2016,158,438
2017,158,845
2018,158,978
2019,158,531
2020,158,
2008,159,
2009,159,
2010,159,
2011,159,
2012,159,
2013,159,
2014,159,
2015,159,598
2016,159,840
2017,159,803
2018,159,837
2019,159,699
2020,159,
2008,160,
2009,160,
2010,160,
2011,160,3390
2012,160,3140
2013,160,3349
2014,160,4941
2015,160,3696
2016,160,12054
2017,160,20465
2018,160,22672
2019,160,22401
2020,160,15786
2008,161,
2009,161,
2010,161,
2011,161,
2012,161,
2013,161,
2014,161,2566
2015,161,9545
2016,161,10852
2017,161,8222
2018,161,7456
2019,161,11182
2020,161,11408
2008,162,
2009,162,
2010,162,
2011,162,
2012,162,
2013,162,
2014,162,5103
2015,162,3204
2016,162,5318
2017,162,3973
2018,162,3857
2019,162,7178
2020,162,9857
2008,163,
2009,163,
2010,163,
2011,163,
2012,163,
2013,163,
2014,163,86
2015,163,0
2016,163,151
2017,163,776
2018,163,1100
2019,163,1543
2020,163,3081
2008,164,3740
2009,164,3592
2010,164,3836
2011,164,35
2012,164,659
2013,164,5405
2014,164,5547
2015,164,0
2016,164,0
2017,164,381
2018,164,294
2019,164,334
2020,164,260
2008,165,
2009,165,
2010,165,
2011,165,
2012,165,
2013,165,
2014,165,
2015,165,
2016,165,
2017,165,
2018,165,
2019,165,
2020,165,
2008,166,
2009,166,
2010,166,
2011,166,
2012,166,
2013,166,
2014,166,
2015,166,119897
2016,166,119996
2017,166,100062
2018,166,170568
2019,166,794065
2020,166,3833620
2008,167,418191
2009,167,669114
2010,167,669727
2011,167,858660
2012,167,546256
2013,167,545326
2014,167,654366
2015,167,743651
2016,167,315032
2017,167,377654
2018,167,327761
2019,167,368016
2020,167,1112694
2008,168,24242
2009,168,47619
2010,168,263266
2011,168,187294
2012,168,114441
2013,168,75195
2014,168,53562
2015,168,46812
2016,168,41689
2017,168,65745
2018,168,58088
2019,168,79307
2020,168,90732
2008,169,20837000
2009,169,24800000
2010,169,27783000
2011,169,29597000
2012,169,24463000
2013,169,25879000
2014,169,25891000
2015,169,27776000
2016,169,27239000
2017,169,24707000
2018,169,25865000
2019,169,30166000
2020,169,31704000
2008,170,1885344
2009,170,2467770
2010,170,2088800
2011,170,1515877
2012,170,1549190
2013,170,1858063
2014,170,1558273
2015,170,2311280
2016,170,2093158
2017,170,2076365
2018,170,2202937
2019,170,2231718
2020,170,2225526
2008,171,212374
2009,171,208527
2010,171,397958
2011,171,593920
2012,171,687890
2013,171,515473
2014,171,467683
2015,171,425883
2016,171,453170
2017,171,431331
2018,171,400610
2019,171,735664
2020,171,819984
2008,172,5524
2009,172,4415
2010,172,3445
2011,172,1978
2012,172,266
2013,172,647
2014,172,32951
2015,172,50043
2016,172,46273
2017,172,50668
2018,172,60425
2019,172,71941
2020,172,75629
2008,173,3726000
2009,173,3943000
2010,173,4216000
2011,173,4298000
2012,173,5683000
2013,173,6116000
2014,173,6094000
2015,173,6513000
2016,173,3400000
2017,173,3118000
2018,173,2951000
2019,173,3704000
2020,173,3456000
2008,174,3237967
2009,174,2719419
2010,174,2791285
2011,174,2936712
2012,174,2452463
2013,174,2079431
2014,174,2466506
2015,174,1870436
2016,174,2043858
2017,174,1899178
2018,174,1726410
2019,174,
2020,174,
2008,175,28445
2009,175,26820
2010,175,75234
2011,175,77007
2012,175,64588
2013,175,48874
2014,175,35936
2015,175,83565
2016,175,263087
2017,175,212271
2018,175,266519
2019,175,635233
2020,175,852226
2008,176,66057
2009,176,62356
2010,176,81762
2011,176,74546
2012,176,63471
2013,176,59612
2014,176,49585
2015,176,52333
2016,176,55166
2017,176,67299
2018,176,61297
2019,176,90670
2020,176,115814
2008,177,29119
2009,177,10333
2010,177,27327
2011,177,11694
2012,177,7501
2013,177,67031
2014,177,95926
2015,177,40494
2016,177,91473
2017,177,60791
2018,177,48907
2019,177,345693
2020,177,444216
2008,178,623729
2009,178,625406
2010,178,344437
2011,178,328636
2012,178,274677
2013,178,264747
2014,178,251812
2015,178,176548
2016,178,157406
2017,178,207900
2018,178,211129
2019,178,139070
2020,178,311035
2008,179,23816
2009,179,19193
2010,179,22696
2011,179,18097
2012,179,27328
2013,179,25580
2014,179,19546
2015,179,19456
2016,179,20758
2017,179,23351
2018,179,34828
2019,179,40356
2020,179,54089
2008,180,74510
2009,180,93004
2010,180,100037
2011,180,106527
2012,180,98472
2013,180,98628
2014,180,92904
2015,180,94306
2016,180,79655
2017,180,77414
2018,180,63016
2019,180,166962
2020,180,183495
2008,181,29039
2009,181,23162
2010,181,17093
2011,181,14608
2012,181,10510
2013,181,9165
2014,181,17220
2015,181,15212
2016,181,17771
2017,181,18361
2018,181,14827
2019,181,18849
2020,181,25315
2008,182,147725
2009,182,148660
2010,182,154608
2011,182,68658
2012,182,78952
2013,182,84220
2014,182,85900
2015,182,88381
2016,182,93069
2017,182,62731
2018,182,
2019,182,
2020,182,
2008,183,165227
2009,183,158149
2010,183,150796
2011,183,60017
2012,183,125133
2013,183,100052
2014,183,142414
2015,183,146953
2016,183,121251
2017,183,81343
2018,183,36831
2019,183,724389
2020,183,753909
2008,184,154702
2009,184,146758
2010,184,149827
2011,184,159258
2012,184,157068
2013,184,146100
2014,184,
2015,184,
2016,184,
2017,184,
2018,184,
2019,184,
2020,184,
2008,185,
2009,185,64399
2010,185,59870
2011,185,56873
2012,185,40216
2013,185,54352
2014,185,95504
2015,185,103728
2016,185,98712
2017,185,78321
2018,185,79848
2019,185,559267
2020,185,678307
2008,186,20376
2009,186,11391
2010,186,26468
2011,186,24971
2012,186,20407
2013,186,17369
2014,186,14329
2015,186,14004
2016,186,18714
2017,186,20020
2018,186,16973
2019,186,21615
2020,186,19042
2008,187,
2009,187,
2010,187,
2011,187,
2012,187,4470
2013,187,8198
2014,187,16399
2015,187,20660
2016,187,16451
2017,187,17244
2018,187,10676
2019,187,10909
2020,187,14318
2008,188,
2009,188,
2010,188,200633
2011,188,330818
2012,188,324737
2013,188,276360
2014,188,234574
2015,188,198198
2016,188,140612
2017,188,93076
2018,188,96432
2019,188,738778
2020,188,713267
2008,189,
2009,189,
2010,189,
2011,189,
2012,189,
2013,189,824456
2014,189,757761
2015,189,782542
2016,189,378793
2017,189,378397
2018,189,378407
2019,189,403530
2020,189,1258642
2008,190,
2009,190,
2010,190,
2011,190,
2012,190,
2013,190,
2014,190,
2015,190,0
2016,190,0
2017,190,0
2018,190,0
2019,190,0
2020,190,4000
2008,191,34551
2009,191,32110
2010,191,37056
2011,191,39243
2012,191,42796
2013,191,34488
2014,191,31895
2015,191,28456
2016,191,23983
2017,191,13223
2018,191,13423
2019,191,12290
2020,191,11697
2008,192,909
2009,192,281
2010,192,0
2011,192,2157
2012,192,1802
2013,192,1445
2014,192,1087
2015,192,726
2016,192,364
2017,192,0
2018,192,0
2019,192,16887
2020,192,26345
2008,193,257
2009,193,420
2010,193,333
2011,193,236
2012,193,124
2013,193,1035
2014,193,0
2015,193,0
2016,193,0
2017,193,0
2018,193,0
2019,193,8529
2020,193,
2008,194,175959
2009,194,113518
2010,194,116877
2011,194,162689
2012,194,193245
2013,194,311092
2014,194,323035
2015,194,326933
2016,194,349761
2017,194,680749
2018,194,788135
2019,194,1100553
2020,194,1061059
2008,195,
2009,195,
2010,195,
2011,195,10372
2012,195,9225
2013,195,8938
2014,195,6493
2015,195,2899
2016,195,4692
2017,195,6931
2018,195,14074
2019,195,
2020,195,
2008,196,58545
2009,196,44467
2010,196,51501
2011,196,58439
2012,196,58531
2013,196,63421
2014,196,76122
2015,196,80149
2016,196,66721
2017,196,54207
2018,196,62505
2019,196,136030
2020,196,175119
2008,197,102452
2009,197,84997
2010,197,78195
2011,197,134053
2012,197,129997
2013,197,107189
2014,197,70883
2015,197,67730
2016,197,134410
2017,197,
2018,197,
2019,197,
2020,197,
2008,198,42626
2009,198,29415
2010,198,35647
2011,198,42480
2012,198,40650
2013,198,28560
2014,198,25510
2015,198,26914
2016,198,34871
2017,198,28832
2018,198,35107
2019,198,45564
2020,198,57370
2008,199,859
2009,199,1465
2010,199,2001
2011,199,1824
2012,199,2092
2013,199,6382
2014,199,1747
2015,199,3055
2016,199,4188
2017,199,5611
2018,199,8582
2019,199,9154
2020,199,5526
2008,200,635273
2009,200,240629
2010,200,214662
2011,200,206525
2012,200,197293
2013,200,201680
2014,200,204325
2015,200,177783
2016,200,192120
2017,200,180202
2018,200,171364
2019,200,99494
2020,200,
2008,201,47242
2009,201,43857
2010,201,56090
2011,201,34160
2012,201,29964
2013,201,32570
2014,201,35393
2015,201,31460
2016,201,34413
2017,201,
2018,201,
2019,201,
2020,201,
2008,202,10705
2009,202,11450
2010,202,5973
2011,202,3911
2012,202,9798
2013,202,6248
2014,202,3839
2015,202,821
2016,202,2199
2017,202,2363
2018,202,49287
2019,202,51415
2020,202,57873
2008,203,93647
2009,203,90190
2010,203,65188
2011,203,66473
2012,203,18600
2013,203,19747
2014,203,20634
2015,203,21845
2016,203,4213
2017,203,6375
2018,203,8897
2019,203,17303
2020,203,17059
2008,204,9433
2009,204,8462
2010,204,1017
2011,204,7166
2012,204,4584
2013,204,2345
2014,204,3231
2015,204,8124
2016,204,8550
2017,204,7306
2018,204,5285
2019,204,4318
2020,204,3752
2008,205,45080
2009,205,49429
2010,205,54088
2011,205,62940
2012,205,52210
2013,205,44653
2014,205,43402
2015,205,46310
2016,205,53818
2017,205,260629
2018,205,239154
2019,205,
2020,205,
2008,206,25448
2009,206,31507
2010,206,28559
2011,206,49655
2012,206,36757
2013,206,26559
2014,206,32472
2015,206,39758
2016,206,
2017,206,
2018,206,
2019,206,
2020,206,
2008,207,926
2009,207,4259
2010,207,6250
2011,207,5630
2012,207,3949
2013,207,5625
2014,207,13885
2015,207,13605
2016,207,9748
2017,207,14757
2018,207,
2019,207,
2020,207,
2008,208,68
2009,208,391
2010,208,1556
2011,208,1198
2012,208,1157
2013,208,1195
2014,208,916
2015,208,988
2016,208,855
2017,208,756
2018,208,844
2019,208,2022
2020,208,1699
2008,209,
2009,209,
2010,209,0
2011,209,0
2012,209,0
2013,209,71954
2014,209,47670
2015,209,58822
2016,209,105651
2017,209,141996
2018,209,195876
2019,209,208672
2020,209,314244
2008,210,
2009,210,
2010,210,
2011,210,
2012,210,
2013,210,
2014,210,2778
2015,210,3430
2016,210,3729
2017,210,2866
2018,210,2787
2019,210,2966
2020,210,2260
2008,211,
2009,211,2447
2010,211,7411
2011,211,9730
2012,211,6438
2013,211,6805
2014,211,8926
2015,211,10081
2016,211,13449
2017,211,19704
2018,211,26579
2019,211,28748
2020,211,22452
2008,212,
2009,212,
2010,212,6886
2011,212,7128
2012,212,6974
2013,212,8156
2014,212,7739
2015,212,23675
2016,212,21471
2017,212,20058
2018,212,20470
2019,212,24481
2020,212,33143
2008,213,
2009,213,
2010,213,10935
2011,213,11053
2012,213,12523
2013,213,12396
2014,213,15121
2015,213,15424
2016,213,19266
2017,213,
2018,213,
2019,213,
2020,213,
2008,214,
2009,214,
2010,214,
2011,214,
2012,214,
2013,214,64
2014,214,59
2015,214,2242
2016,214,3508
2017,214,3452
2018,214,1816
2019,214,7084
2020,214,8094
2008,215,
2009,215,
2010,215,
2011,215,1040
2012,215,769
2013,215,1272
2014,215,1336
2015,215,1310
2016,215,1675
2017,215,
2018,215,
2019,215,
2020,215,
2008,216,
2009,216,
2010,216,
2011,216,
2012,216,
2013,216,
2014,216,
2015,216,3210
2016,216,4760
2017,216,5776
2018,216,4803
2019,216,8625
2020,216,12820
2008,217,
2009,217,
2010,217,
2011,217,
2012,217,
2013,217,11154
2014,217,
2015,217,10545
2016,217,8923
2017,217,10856
2018,217,17014
2019,217,18353
2020,217,46532
2008,218,77043
2009,218,79772
2010,218,110824
2011,218,75536
2012,218,105716
2013,218,89819
2014,218,110179
2015,218,50438
2016,218,59701
2017,218,20755
2018,218,3514
2019,218,473395
2020,218,498590
2008,219,7465
2009,219,5904
2010,219,6566
2011,219,8056
2012,219,7479
2013,219,7801
2014,219,6755
2015,219,8017
2016,219,8550
2017,219,10799
2018,219,13739
2019,219,16657
2020,219,26078
2008,220,57184
2009,220,143626
2010,220,144258
2011,220,142664
2012,220,132130
2013,220,130911
2014,220,119614
2015,220,116373
2016,220,114456
2017,220,113785
2018,220,120157
2019,220,117135
2020,220,
2008,221,51686
2009,221,58780
2010,221,77616
2011,221,83726
2012,221,71791
2013,221,84495
2014,221,71049
2015,221,82302
2016,221,93268
2017,221,91593
2018,221,97228
2019,221,142859
2020,221,140569
2008,222,
2009,222,
2010,222,
2011,222,
2012,222,
2013,222,
2014,222,600
2015,222,899
2016,222,1387
2017,222,1533
2018,222,1022
2019,222,1273
2020,222,1212
2008,223,
2009,223,
2010,223,
2011,223,
2012,223,
2013,223,
2014,223,299
2015,223,12652
2016,223,10332
2017,223,12910
2018,223,
2019,223,
2020,223,
2008,224,
2009,224,
2010,224,
2011,224,
2012,224,
2013,224,
2014,224,
2015,224,
2016,224,
2017,224,
2018,224,
2019,224,
2020,224,
2008,225,
2009,225,
2010,225,0
2011,225,0
2012,225,1
2013,225,1070
2014,225,6193
2015,225,9155
2016,225,12747
2017,225,25698
2018,225,25940
2019,225,0
2020,225,
2008,226,42147
2009,226,35913
2010,226,24333
2011,226,19526
2012,226,15707
2013,226,17085
2014,226,13520
2015,226,11021
2016,226,4430
2017,226,5608
2018,226,3833
2019,226,9143
2020,226,24164
2008,227,
2009,227,
2010,227,
2011,227,243778
2012,227,522
2013,227,755811
2014,227,533664
2015,227,587573
2016,227,571961
2017,227,575204
2018,227,591157
2019,227,635663
2020,227,644201
2008,228,33656
2009,228,32031
2010,228,28293
2011,228,30006
2012,228,28480
2013,228,28201
2014,228,27065
2015,228,309032
2016,228,298906
2017,228,290347
2018,228,206642
2019,228,210929
2020,228,239350
2008,229,
2009,229,
2010,229,
2011,229,11132
2012,229,9222
2013,229,10245
2014,229,15350
2015,229,21751
2016,229,28502
2017,229,40975
2018,229,60781
2019,229,
2020,229,
2008,230,
2009,230,
2010,230,
2011,230,
2012,230,85230
2013,230,89134
2014,230,71280
2015,230,65703
2016,230,49530
2017,230,39682
2018,230,30679
2019,230,36608
2020,230,34344
2008,231,13601
2009,231,22218
2010,231,26861
2011,231,23381
2012,231,29035
2013,231,22971
2014,231,22055
2015,231,25358
2016,231,25806
2017,231,11566
2018,231,11109
2019,231,9770
2020,231,7809
2008,232,187383
2009,232,158599
2010,232,111722
2011,232,85134
2012,232,51910
2013,232,41925
2014,232,89233
2015,232,94452
2016,232,180718
2017,232,175887
2018,232,151115
2019,232,205716
2020,232,266214
2008,233,164329
2009,233,162583
2010,233,114713
2011,233,117355
2012,233,210934
2013,233,232320
2014,233,232776
2015,233,233708
2016,233,236547
2017,233,325983
2018,233,254099
2019,233,971536
2020,233,
2008,234,38485
2009,234,38322
2010,234,32924
2011,234,27951
2012,234,23363
2013,234,15048
2014,234,10686
2015,234,11717
2016,234,11685
2017,234,12564
2018,234,12437
2019,234,18591
2020,234,32775
2008,235,109423
2009,235,95559
2010,235,60740
2011,235,63728
2012,235,50726
2013,235,45412
2014,235,45412
2015,235,2380
2016,235,2380
2017,235,1181
2018,235,884
2019,235,837
2020,235,
2008,236,69714
2009,236,41178
2010,236,26504
2011,236,29416
2012,236,28009
2013,236,22997
2014,236,22733
2015,236,20906
2016,236,19212
2017,236,297
2018,236,140
2019,236,187
2020,236,188
2008,237,17510
2009,237,16593
2010,237,32294
2011,237,123883
2012,237,131692
2013,237,169738
2014,237,211254
2015,237,195901
2016,237,232088
2017,237,306600
2018,237,329200
2019,237,293380
2020,237,313124
2008,238,1261
2009,238,587
2010,238,11896
2011,238,56658
2012,238,77264
2013,238,97152
2014,238,136934
2015,238,176650
2016,238,190713
2017,238,261084
2018,238,266393
2019,238,255451
2020,238,317508
2008,239,34711
2009,239,32326
2010,239,39282
2011,239,42573
2012,239,46000
2013,239,45403
2014,239,42021
2015,239,140425
2016,239,147568
2017,239,215027
2018,239,226130
2019,239,257139
2020,239,322516
2008,240,4940
2009,240,11918
2010,240,5661
2011,240,13934
2012,240,10187
2013,240,14283
2014,240,20817
2015,240,20898
2016,240,30466
2017,240,46761
2018,240,50458
2019,240,59516
2020,240,61118
2008,241,50087
2009,241,45568
2010,241,41438
2011,241,36752
2012,241,32320
2013,241,29008
2014,241,24961
2015,241,20912
2016,241,16694
2017,241,12293
2018,241,9727
2019,241,6834
2020,241,10102
2008,242,2389819
2009,242,2134210
2010,242,1694006
2011,242,1756786
2012,242,1660289
2013,242,864043
2014,242,891986
2015,242,835377
2016,242,771639
2017,242,749953
2018,242,928038
2019,242,3378932
2020,242,3696965
2008,243,
2009,243,
2010,243,
2011,243,
2012,243,
2013,243,
2014,243,
2015,243,
2016,243,
2017,243,
2018,243,
2019,243,
2020,243,
2008,244,373742
2009,244,356724
2010,244,314264
2011,244,389426
2012,244,371225
2013,244,488895
2014,244,485512
2015,244,574467
2016,244,557864
2017,244,561006
2018,244,
2019,244,
2020,244,
2008,245,
2009,245,
2010,245,
2011,245,131116
2012,245,418177
2013,245,1206921
2014,245,1080320
2015,245,1291266
2016,245,844037
2017,245,1014926
2018,245,1180003
2019,245,1323666
2020,245,1357192
2008,246,7540569
2009,246,4175366
2010,246,4608528
2011,246,44485114
2012,246,50291602
2013,246,51770305
2014,246,51088576
2015,246,52543000
2016,246,54916000
2017,246,56875000
2018,246,59375000
2019,246,66956000
2020,246,80513000
2008,247,
2009,247,
2010,247,
2011,247,
2012,247,
2013,247,
2014,247,
2015,247,
2016,247,
2017,247,
2018,247,
2019,247,
2020,247,
2008,248,
2009,248,
2010,248,
2011,248,
2012,248,
2013,248,
2014,248,
2015,248,
2016,248,
2017,248,
2018,248,
2019,248,
2020,248,
2008,249,64821
2009,249,152209
2010,249,124660
2011,249,163931
2012,249,187891
2013,249,189616
2014,249,5561
2015,249,651
2016,249,1241
2017,249,200
2018,249,3063
2019,249,33024
2020,249,15624
2008,250,
2009,250,
2010,250,
2011,250,
2012,250,
2013,250,
2014,250,
2015,250,
2016,250,
2017,250,129136
2018,250,184799
2019,250,172882
2020,250,157034
2008,251,
2009,251,
2010,251,
2011,251,
2012,251,
2013,251,
2014,251,
2015,251,
2016,251,
2017,251,
2018,251,
2019,251,
2020,251,
2008,252,
2009,252,
2010,252,
2011,252,
2012,252,
2013,252,
2014,252,
2015,252,
2016,252,
2017,252,
2018,252,
2019,252,
2020,252,
2008,253,
2009,253,
2010,253,
2011,253,
2012,253,
2013,253,23962
2014,253,26153
2015,253,54758
2016,253,86252
2017,253,98481
2018,253,127362
2019,253,163461
2020,253,206117
2008,254,6841
2009,254,5671
2010,254,2642
2011,254,8739
2012,254,5806
2013,254,5059
2014,254,9087
2015,254,42507
2016,254,35049
2017,254,55314
2018,254,134220
2019,254,137817
2020,254,131042
2008,255,3135
2009,255,1329
2010,255,5592
2011,255,0
2012,255,0
2013,255,0
2014,255,0
2015,255,446
2016,255,656
2017,255,1458
2018,255,2841
2019,255,2534
2020,255,4995
2008,256,
2009,256,
2010,256,
2011,256,
2012,256,
2013,256,
2014,256,
2015,256,
2016,256,
2017,256,
2018,256,
2019,256,
2020,256,
2008,257,
2009,257,
2010,257,
2011,257,
2012,257,
2013,257,132020
2014,257,108113
2015,257,106013
2016,257,131866
2017,257,119128
2018,257,113510
2019,257,110819
2020,257,144086
2008,258,
2009,258,
2010,258,
2011,258,
2012,258,
2013,258,
2014,258,
2015,258,
2016,258,8741
2017,258,13914
2018,258,18687
2019,258,23247
2020,258,94797
2008,259,
2009,259,
2010,259,
2011,259,
2012,259,
2013,259,
2014,259,
2015,259,
2016,259,
2017,259,
2018,259,
2019,259,
2020,259,
2008,260,
2009,260,
2010,260,
2011,260,
2012,260,
2013,260,
2014,260,
2015,260,
2016,260,
2017,260,
2018,260,
2019,260,
2020,260,
2008,261,
2009,261,
2010,261,
2011,261,
2012,261,
2013,261,
2014,261,
2015,261,
2016,261,
2017,261,
2018,261,
2019,261,
2020,261,
2008,262,
2009,262,
2010,262,
2011,262,
2012,262,
2013,262,179897
2014,262,227902
2015,262,363611
2016,262,332244
2017,262,381132
2018,262,352177
2019,262,347954
2020,262,552608
2008,263,3307411
2009,263,3024672
2010,263,2929383
2011,263,2881142
2012,263,1529991
2013,263,742901
2014,263,39772
2015,263,8975
2016,263,59
2017,263,2195
2018,263,34146
2019,263,
2020,263,
2008,264,2563025
2009,264,1730787
2010,264,2833770
2011,264,5682921
2012,264,3902674
2013,264,7532427
2014,264,9775822
2015,264,9027381
2016,264,2215321
2017,264,2003841
2018,264,5799517
2019,264,4617509
2020,264,3877982
2008,265,
2009,265,
2010,265,
2011,265,
2012,265,6402
2013,265,
2014,265,3641
2015,265,2354
2016,265,4326
2017,265,9953
2018,265,10235
2019,265,8951
2020,265,18233
2008,266,
2009,266,
2010,266,
2011,266,
2012,266,
2013,266,
2014,266,
2015,266,26616
2016,266,25270
2017,266,32586
2018,266,34933
2019,266,35565
2020,266,36601
2008,267,
2009,267,
2010,267,
2011,267,
2012,267,
2013,267,
2014,267,
2015,267,
2016,267,
2017,267,
2018,267,
2019,267,
2020,267,
2008,268,
2009,268,
2010,268,
2011,268,
2012,268,
2013,268,
2014,268,
2015,268,
2016,268,
2017,268,
2018,268,
2019,268,
2020,268,
2008,269,
2009,269,
2010,269,
2011,269,
2012,269,
2013,269,
2014,269,
2015,269,
2016,269,3619043
2017,269,3723220
2018,269,4023782
2019,269,4752654
2020,269,5405551
2008,270,
2009,270,
2010,270,
2011,270,
2012,270,
2013,270,
2014,270,
2015,270,
2016,270,0
2017,270,0
2018,270,2
2019,270,0
2020,270,77
2008,271,
2009,271,
2010,271,
2011,271,
2012,271,
2013,271,
2014,271,12059
2015,271,11106
2016,271,12802
2017,271,6292
2018,271,5810
2019,271,15283
2020,271,17552
2008,272,
2009,272,
2010,272,
2011,272,
2012,272,
2013,272,
2014,272,249
2015,272,537
2016,272,
2017,272,550
2018,272,284
2019,272,829
2020,272,1037
2008,273,
2009,273,
2010,273,
2011,273,
2012,273,
2013,273,
2014,273,
2015,273,
2016,273,637
2017,273,133
2018,273,95
2019,273,325
2020,273,7568
2008,274,
2009,274,
2010,274,
2011,274,
2012,274,
2013,274,
2014,274,0
2015,274,0
2016,274,289973
2017,274,263140
2018,274,291340
2019,274,357674
2020,274,340130
2008,275,
2009,275,
2010,275,
2011,275,
2012,275,
2013,275,3375
2014,275,1331
2015,275,3162
2016,275,4789
2017,275,12198
2018,275,10501
2019,275,
2020,275,
2008,276,
2009,276,
2010,276,
2011,276,
2012,276,
2013,276,
2014,276,
2015,276,
2016,276,
2017,276,
2018,276,
2019,276,
2020,276,
2008,277,
2009,277,
2010,277,
2011,277,
2012,277,
2013,277,26758
2014,277,31286
2015,277,58574
2016,277,60494
2017,277,54670
2018,277,51370
2019,277,74765
2020,277,
2008,278,
2009,278,
2010,278,
2011,278,
2012,278,
2013,278,
2014,278,8165
2015,278,11301
2016,278,10705
2017,278,11677
2018,278,11306
2019,278,12818
2020,278,
2008,279,
2009,279,
2010,279,
2011,279,
2012,279,
2013,279,
2014,279,
2015,279,8427
2016,279,7376
2017,279,7419
2018,279,5195
2019,279,5916
2020,279,6951
2008,280,
2009,280,
2010,280,
2011,280,
2012,280,
2013,280,
2014,280,
2015,280,
2016,280,
2017,280,
2018,280,
2019,280,
2020,280,
2008,281,
2009,281,
2010,281,
2011,281,
2012,281,
2013,281,
2014,281,
2015,281,
2016,281,
2017,281,
2018,281,
2019,281,
2020,281,
2008,282,
2009,282,
2010,282,
2011,282,
2012,282,
2013,282,
2014,282,
2015,282,
2016,282,
2017,282,
2018,282,
2019,282,
2020,282,
2008,283,
2009,283,
2010,283,
2011,283,
2012,283,
2013,283,
2014,283,
2015,283,
2016,283,
2017,283,
2018,283,
2019,283,
2020,283,
2008,284,
2009,284,
2010,284,
2011,284,
2012,284,
2013,284,
2014,284,
2015,284,
2016,284,
2017,284,
2018,284,
2019,284,
2020,284,
2008,285,
2009,285,
2010,285,
2011,285,
2012,285,
2013,285,
2014,285,
2015,285,
2016,285,
2017,285,
2018,285,
2019,285,
2020,285,
2008,286,
2009,286,
2010,286,
2011,286,
2012,286,
2013,286,
2014,286,
2015,286,
2016,286,
2017,286,
2018,286,
2019,286,
2020,286,
2008,287,
2009,287,
2010,287,
2011,287,
2012,287,
2013,287,
2014,287,
2015,287,
2016,287,
2017,287,
2018,287,
2019,287,
2020,287,
2008,288,
2009,288,
2010,288,
2011,288,
2012,288,
2013,288,
2014,288,
2015,288,
2016,288,0
2017,288,0
2018,288,0
2019,288,1702
2020,288,3922
2008,289,
2009,289,
2010,289,
2011,289,
2012,289,
2013,289,
2014,289,
2015,289,
2016,289,
2017,289,
2018,289,
2019,289,
2020,289,
2008,290,
2009,290,
2010,290,
2011,290,
2012,290,
2013,290,
2014,290,
2015,290,3299
2016,290,3978
2017,290,4251
2018,290,6065
2019,290,8135
2020,290,7700
2008,291,
2009,291,
2010,291,
2011,291,
2012,291,
2013,291,
2014,291,
2015,291,
2016,291,
2017,291,
2018,291,
2019,291,
2020,291,
2008,292,
2009,292,
2010,292,
2011,292,
2012,292,
2013,292,
2014,292,12922
2015,292,10171
2016,292,14395
2017,292,21738
2018,292,22044
2019,292,26174
2020,292,47681
2008,293,
2009,293,
2010,293,
2011,293,
2012,293,154564
2013,293,153774
2014,293,7919
2015,293,104478
2016,293,105776
2017,293,65319
2018,293,59309
2019,293,86360
2020,293,62031
2008,294,
2009,294,
2010,294,
2011,294,
2012,294,987000
2013,294,1124451
2014,294,2031861
2015,294,2061514
2016,294,3078134
2017,294,2611043
2018,294,3083893
2019,294,3244046
2020,294,3518317
2008,295,
2009,295,
2010,295,
2011,295,
2012,295,
2013,295,
2014,295,
2015,295,
2016,295,
2017,295,
2018,295,
2019,295,
2020,295,
2008,296,
2009,296,
2010,296,
2011,296,
2012,296,
2013,296,
2014,296,
2015,296,1376
2016,296,1149
2017,296,1109
2018,296,339
2019,296,2175
2020,296,1865
2008,297,
2009,297,
2010,297,
2011,297,
2012,297,
2013,297,
2014,297,
2015,297,0
2016,297,
2017,297,
2018,297,
2019,297,415
2020,297,3820
2008,298,
2009,298,
2010,298,
2011,298,
2012,298,
2013,298,
2014,298,
2015,298,0
2016,298,0
2017,298,126334
2018,298,110890
2019,298,182954
2020,298,142539
2008,299,
2009,299,
2010,299,
2011,299,
2012,299,
2013,299,
2014,299,
2015,299,1123
2016,299,522
2017,299,3699
2018,299,14667
2019,299,17860
2020,299,18560
2008,300,
2009,300,
2010,300,
2011,300,
2012,300,
2013,300,
2014,300,
2015,300,
2016,300,
2017,300,
2018,300,
2019,300,
2020,300,
2008,301,
2009,301,
2010,301,
2011,301,
2012,301,
2013,301,
2014,301,
2015,301,
2016,301,
2017,301,
2018,301,
2019,301,
2020,301,
2008,302,
2009,302,
2010,302,
2011,302,
2012,302,
2013,302,
2014,302,
2015,302,12386
2016,302,10184
2017,302,6221
2018,302,3736
2019,302,3279
2020,302,11149
2008,303,
2009,303,
2010,303,
2011,303,
2012,303,
2013,303,
2014,303,
2015,303,
2016,303,
2017,303,
2018,303,
2019,303,
2020,303,
2008,304,
2009,304,
2010,304,
2011,304,
2012,304,
2013,304,
2014,304,
2015,304,
2016,304,
2017,304,
2018,304,
2019,304,
2020,304,
2008,305,
2009,305,
2010,305,
2011,305,
2012,305,
2013,305,
2014,305,
2015,305,
2016,305,
2017,305,
2018,305,
2019,305,
2020,305,
2008,306,
2009,306,
2010,306,
2011,306,
2012,306,
2013,306,
2014,306,
2015,306,
2016,306,
2017,306,
2018,306,
2019,306,
2020,306,
2008,307,
2009,307,
2010,307,
2011,307,
2012,307,
2013,307,
2014,307,
2015,307,
2016,307,
2017,307,
2018,307,
2019,307,
2020,307,
2008,308,
2009,308,
2010,308,
2011,308,
2012,308,
2013,308,
2014,308,
2015,308,
2016,308,1806
2017,308,1255
2018,308,700
2019,308,894
2020,308,672
2008,309,
2009,309,
2010,309,
2011,309,
2012,309,
2013,309,
2014,309,
2015,309,
2016,309,
2017,309,
2018,309,
2019,309,
2020,309,
2008,310,
2009,310,
2010,310,
2011,310,
2012,310,
2013,310,
2014,310,
2015,310,
2016,310,
2017,310,
2018,310,
2019,310,
2020,310,
2008,311,
2009,311,
2010,311,
2011,311,
2012,311,
2013,311,
2014,311,
2015,311,
2016,311,
2017,311,
2018,311,
2019,311,
2020,311,
2008,312,
2009,312,
2010,312,
2011,312,
2012,312,
2013,312,
2014,312,
2015,312,
2016,312,
2017,312,
2018,312,
2019,312,
2020,312,
2008,313,
2009,313,
2010,313,
2011,313,
2012,313,
2013,313,
2014,313,
2015,313,
2016,313,
2017,313,
2018,313,
2019,313,
2020,313,
2008,314,
2009,314,
2010,314,
2011,314,
2012,314,
2013,314,
2014,314,
2015,314,
2016,314,
2017,314,
2018,314,
2019,314,
2020,314,
2008,315,
2009,315,
2010,315,
2011,315,
2012,315,
2013,315,
2014,315,
2015,315,
2016,315,
2017,315,
2018,315,
2019,315,
2020,315,
2008,316,
2009,316,
2010,316,
2011,316,
2012,316,
2013,316,
2014,316,
2015,316,
2016,316,
2017,316,
2018,316,
2019,316,
2020,316,
2008,317,
2009,317,
2010,317,
2011,317,
2012,317,
2013,317,
2014,317,
2015,317,
2016,317,
2017,317,
2018,317,
2019,317,
2020,317,
2008,318,
2009,318,
2010,318,
2011,318,
2012,318,
2013,318,
2014,318,
2015,318,
2016,318,
2017,318,
2018,318,
2019,318,
2020,318,
2008,319,
2009,319,
2010,319,
2011,319,
2012,319,
2013,319,
2014,319,
2015,319,
2016,319,
2017,319,
2018,319,
2019,319,
2020,319,
2008,320,
2009,320,
2010,320,
2011,320,
2012,320,
2013,320,
2014,320,
2015,320,
2016,320,0
2017,320,0
2018,320,0
2019,320,663
2020,320,270
2008,321,
2009,321,
2010,321,
2011,321,
2012,321,
2013,321,
2014,321,
2015,321,
2016,321,
2017,321,
2018,321,
2019,321,
2020,321,
2008,322,
2009,322,
2010,322,
2011,322,
2012,322,
2013,322,
2014,322,
2015,322,
2016,322,
2017,322,
2018,322,
2019,322,
2020,322,
2008,323,
2009,323,
2010,323,
2011,323,
2012,323,
2013,323,
2014,323,
2015,323,
2016,323,
2017,323,
2018,323,
2019,323,
2020,323,
2008,324,
2009,324,
2010,324,
2011,324,
2012,324,
2013,324,
2014,324,
2015,324,
2016,324,
2017,324,
2018,324,
2019,324,
2020,324,
2008,325,
2009,325,
2010,325,
2011,325,
2012,325,
2013,325,
2014,325,
2015,325,
2016,325,
2017,325,
2018,325,
2019,325,
2020,325,
