Date,Id,ap
2008,1,
2009,1,
2010,1,
2011,1,
2012,1,
2013,1,
2014,1,
2015,1,
2016,1,
2017,1,
2018,1,
2019,1,
2020,1,
2008,2,6811
2009,2,10087
2010,2,40695
2011,2,53731
2012,2,57785
2013,2,49302
2014,2,101305
2015,2,68628
2016,2,
2017,2,
2018,2,
2019,2,
2020,2,
2008,3,
2009,3,
2010,3,
2011,3,
2012,3,
2013,3,
2014,3,9716
2015,3,29298
2016,3,27335
2017,3,15811
2018,3,6663
2019,3,5946
2020,3,15542
2008,4,
2009,4,
2010,4,
2011,4,
2012,4,
2013,4,1596
2014,4,3746
2015,4,33206
2016,4,24254
2017,4,22631
2018,4,15058
2019,4,32397
2020,4,
2008,5,
2009,5,
2010,5,
2011,5,
2012,5,
2013,5,
2014,5,14939
2015,5,11111
2016,5,12640
2017,5,15879
2018,5,23526
2019,5,23599
2020,5,
2008,6,
2009,6,
2010,6,
2011,6,
2012,6,
2013,6,
2014,6,8708
2015,6,19869
2016,6,15646
2017,6,4854
2018,6,
2019,6,
2020,6,
2008,7,
2009,7,
2010,7,
2011,7,
2012,7,13707
2013,7,9076
2014,7,9717
2015,7,8884
2016,7,31580
2017,7,24865
2018,7,13389
2019,7,
2020,7,
2008,8,178926
2009,8,159361
2010,8,224010
2011,8,266573
2012,8,247263
2013,8,301585
2014,8,308977
2015,8,349941
2016,8,428530
2017,8,470390
2018,8,566737
2019,8,473996
2020,8,474906
2008,9,499878
2009,9,471570
2010,9,505464
2011,9,551925
2012,9,549387
2013,9,492507
2014,9,507511
2015,9,468641
2016,9,469314
2017,9,490483
2018,9,492553
2019,9,535336
2020,9,533931
2008,10,362824
2009,10,346594
2010,10,353057
2011,10,375573
2012,10,393080
2013,10,346164
2014,10,386288
2015,10,380363
2016,10,395649
2017,10,411775
2018,10,432722
2019,10,478688
2020,10,489964
2008,11,76991
2009,11,96559
2010,11,64828
2011,11,55964
2012,11,55780
2013,11,52115
2014,11,55936
2015,11,58351
2016,11,53090
2017,11,47829
2018,11,55166
2019,11,51935
2020,11,53509
2008,12,89953
2009,12,61352
2010,12,33050
2011,12,11493
2012,12,13267
2013,12,14098
2014,12,8968
2015,12,9049
2016,12,6910
2017,12,15607
2018,12,16595
2019,12,19357
2020,12,15405
2008,13,159892
2009,13,149522
2010,13,160082
2011,13,217413
2012,13,213488
2013,13,223703
2014,13,242525
2015,13,325421
2016,13,266138
2017,13,288416
2018,13,277389
2019,13,274585
2020,13,226905
2008,14,
2009,14,
2010,14,
2011,14,
2012,14,
2013,14,
2014,14,
2015,14,
2016,14,
2017,14,
2018,14,
2019,14,
2020,14,
2008,15,
2009,15,
2010,15,
2011,15,
2012,15,
2013,15,
2014,15,
2015,15,
2016,15,
2017,15,
2018,15,
2019,15,
2020,15,
2008,16,
2009,16,
2010,16,
2011,16,
2012,16,
2013,16,
2014,16,
2015,16,
2016,16,
2017,16,
2018,16,
2019,16,
2020,16,
2008,17,
2009,17,
2010,17,
2011,17,
2012,17,
2013,17,485948
2014,17,535707
2015,17,507499
2016,17,614888
2017,17,607505
2018,17,653751
2019,17,711539
2020,17,713807
2008,18,
2009,18,
2010,18,
2011,18,
2012,18,
2013,18,
2014,18,
2015,18,523
2016,18,1557
2017,18,872
2018,18,1842
2019,18,2260
2020,18,2501
2008,19,152145
2009,19,179082
2010,19,187400
2011,19,166800
2012,19,201400
2013,19,198100
2014,19,223200
2015,19,217200
2016,19,262800
2017,19,225600
2018,19,216000
2019,19,240700
2020,19,321200
2008,20,
2009,20,
2010,20,
2011,20,
2012,20,
2013,20,
2014,20,
2015,20,35709
2016,20,43889
2017,20,46801
2018,20,44522
2019,20,45750
2020,20,56809
2008,21,
2009,21,
2010,21,
2011,21,
2012,21,75494
2013,21,63360
2014,21,92576
2015,21,80745
2016,21,122209
2017,21,139329
2018,21,144292
2019,21,155238
2020,21,
2008,22,
2009,22,
2010,22,
2011,22,10578
2012,22,9880
2013,22,8275
2014,22,6965
2015,22,8736
2016,22,9372
2017,22,8719
2018,22,9255
2019,22,10180
2020,22,9460
2008,23,59821
2009,23,53147
2010,23,34512
2011,23,37210
2012,23,33183
2013,23,30212
2014,23,44578
2015,23,37689
2016,23,31663
2017,23,30998
2018,23,32696
2019,23,26143
2020,23,24206
2008,24,69846
2009,24,64281
2010,24,69209
2011,24,85960
2012,24,74576
2013,24,77245
2014,24,83454
2015,24,88960
2016,24,91428
2017,24,105494
2018,24,107342
2019,24,108494
2020,24,122222
2008,25,
2009,25,
2010,25,
2011,25,
2012,25,906
2013,25,637
2014,25,1091
2015,25,852
2016,25,1101
2017,25,2217
2018,25,21572
2019,25,
2020,25,
2008,26,647012
2009,26,762954
2010,26,898074
2011,26,1119164
2012,26,1130217
2013,26,1117990
2014,26,1031736
2015,26,1013237
2016,26,1092282
2017,26,1226626
2018,26,1236912
2019,26,1185695
2020,26,794725
2008,27,65078
2009,27,57104
2010,27,59947
2011,27,62306
2012,27,59772
2013,27,50655
2014,27,58633
2015,27,76037
2016,27,83647
2017,27,83198
2018,27,88342
2019,27,82103
2020,27,77471
2008,28,246920
2009,28,233440
2010,28,297316
2011,28,304575
2012,28,327620
2013,28,245328
2014,28,501298
2015,28,537212
2016,28,667768
2017,28,539094
2018,28,293989
2019,28,263273
2020,28,267928
2008,29,28447
2009,29,25314
2010,29,31213
2011,29,19778
2012,29,15141
2013,29,25008
2014,29,20451
2015,29,16938
2016,29,15392
2017,29,17601
2018,29,
2019,29,
2020,29,
2008,30,340224
2009,30,169980
2010,30,191106
2011,30,338822
2012,30,209684
2013,30,
2014,30,298543
2015,30,360542
2016,30,260573
2017,30,234997
2018,30,193848
2019,30,170665
2020,30,100427
2008,31,1262
2009,31,1673
2010,31,2120
2011,31,2201
2012,31,1670
2013,31,1962
2014,31,2322
2015,31,2521
2016,31,1956
2017,31,1090
2018,31,1257
2019,31,1421
2020,31,
2008,32,9656
2009,32,7315
2010,32,6302
2011,32,4921
2012,32,3971
2013,32,5346
2014,32,5374
2015,32,7044
2016,32,10752
2017,32,5173
2018,32,1484
2019,32,2862
2020,32,1047
2008,33,39989
2009,33,33484
2010,33,34160
2011,33,39223
2012,33,44068
2013,33,40451
2014,33,47135
2015,33,42727
2016,33,47995
2017,33,47296
2018,33,48794
2019,33,
2020,33,
2008,34,697907
2009,34,548358
2010,34,588572
2011,34,648178
2012,34,682544
2013,34,671287
2014,34,714924
2015,34,663461
2016,34,
2017,34,
2018,34,
2019,34,
2020,34,
2008,35,146330
2009,35,132163
2010,35,164316
2011,35,180256
2012,35,188221
2013,35,177773
2014,35,177859
2015,35,178318
2016,35,260545
2017,35,201191
2018,35,224468
2019,35,216200
2020,35,221138
2008,36,310430
2009,36,265667
2010,36,278576
2011,36,263597
2012,36,244713
2013,36,230333
2014,36,226399
2015,36,245237
2016,36,237875
2017,36,247486
2018,36,234985
2019,36,235365
2020,36,229247
2008,37,684381
2009,37,534801
2010,37,626447
2011,37,685869
2012,37,649409
2013,37,563804
2014,37,619494
2015,37,58215
2016,37,53933
2017,37,63143
2018,37,78200
2019,37,68857
2020,37,51497
2008,38,1236671
2009,38,989837
2010,38,820380
2011,38,727897
2012,38,818599
2013,38,748830
2014,38,1426743
2015,38,1630437
2016,38,2344773
2017,38,2163432
2018,38,2385610
2019,38,2612737
2020,38,2706576
2008,39,
2009,39,
2010,39,
2011,39,
2012,39,
2013,39,5236
2014,39,5540
2015,39,4146
2016,39,4304
2017,39,5049
2018,39,38734
2019,39,9819
2020,39,8313
2008,40,43002
2009,40,41904
2010,40,101158
2011,40,62116
2012,40,56688
2013,40,72512
2014,40,50774
2015,40,45154
2016,40,62237
2017,40,43142
2018,40,48287
2019,40,70620
2020,40,60322
2008,41,13100
2009,41,17331
2010,41,11206
2011,41,13163
2012,41,8078
2013,41,5835
2014,41,2450
2015,41,2215
2016,41,6497
2017,41,30757
2018,41,28278
2019,41,45060
2020,41,37801
2008,42,10600000
2009,42,11174000
2010,42,12373000
2011,42,12931000
2012,42,13903000
2013,42,13004000
2014,42,13419000
2015,42,11775000
2016,42,12688000
2017,42,12671000
2018,42,13387000
2019,42,12960000
2020,42,12859000
2008,43,1880600
2009,43,1481600
2010,43,1540200
2011,43,2026700
2012,43,2292100
2013,43,2062300
2014,43,2103800
2015,43,2170100
2016,43,2280700
2017,43,2497900
2018,43,2514100
2019,43,2445200
2020,43,2217300
2008,44,
2009,44,
2010,44,
2011,44,
2012,44,
2013,44,6993
2014,44,6748
2015,44,6819
2016,44,6052
2017,44,
2018,44,
2019,44,
2020,44,
2008,45,
2009,45,
2010,45,
2011,45,
2012,45,
2013,45,
2014,45,
2015,45,
2016,45,
2017,45,
2018,45,
2019,45,
2020,45,
2008,46,1055797
2009,46,1028662
2010,46,883497
2011,46,1344785
2012,46,1267161
2013,46,1306882
2014,46,1249366
2015,46,1245257
2016,46,1292590
2017,46,1237808
2018,46,1524876
2019,46,1600263
2020,46,1627119
2008,47,1175000
2009,47,1060000
2010,47,1427000
2011,47,1328000
2012,47,1325000
2013,47,1298000
2014,47,1249000
2015,47,1165000
2016,47,1381000
2017,47,1379000
2018,47,1410000
2019,47,1478000
2020,47,1549000
2008,48,313000
2009,48,454000
2010,48,865000
2011,48,1033000
2012,48,1100000
2013,48,787000
2014,48,919000
2015,48,1298000
2016,48,
2017,48,
2018,48,
2019,48,
2020,48,
2008,49,
2009,49,
2010,49,1239
2011,49,903
2012,49,367
2013,49,204
2014,49,
2015,49,884
2016,49,1310
2017,49,864
2018,49,410
2019,49,160
2020,49,76
2008,50,
2009,50,
2010,50,
2011,50,
2012,50,1770
2013,50,1122
2014,50,1196
2015,50,5984
2016,50,1391
2017,50,3885
2018,50,2820
2019,50,3605
2020,50,6921
2008,51,
2009,51,
2010,51,
2011,51,
2012,51,
2013,51,
2014,51,
2015,51,
2016,51,
2017,51,
2018,51,
2019,51,
2020,51,
2008,52,
2009,52,
2010,52,
2011,52,
2012,52,
2013,52,
2014,52,5421
2015,52,7467
2016,52,17224
2017,52,11492
2018,52,12742
2019,52,9433
2020,52,30843
2008,53,10952
2009,53,9774
2010,53,11006
2011,53,11463
2012,53,12903
2013,53,9259
2014,53,11047
2015,53,13675
2016,53,20048
2017,53,18877
2018,53,12082
2019,53,15694
2020,53,11424
2008,54,31118
2009,54,25136
2010,54,35138
2011,54,34576
2012,54,22992
2013,54,31227
2014,54,35267
2015,54,42065
2016,54,44694
2017,54,63257
2018,54,63891
2019,54,78391
2020,54,94923
2008,55,47800
2009,55,43816
2010,55,56688
2011,55,67170
2012,55,70821
2013,55,84712
2014,55,92167
2015,55,101711
2016,55,104585
2017,55,107651
2018,55,117139
2019,55,106029
2020,55,97006
2008,56,65870
2009,56,51429
2010,56,59068
2011,56,79797
2012,56,72404
2013,56,68118
2014,56,77594
2015,56,78323
2016,56,88448
2017,56,110465
2018,56,115141
2019,56,81290
2020,56,69390
2008,57,24565
2009,57,35722
2010,57,41027
2011,57,52207
2012,57,42957
2013,57,48969
2014,57,41284
2015,57,46211
2016,57,49862
2017,57,54777
2018,57,73073
2019,57,
2020,57,
2008,58,650000
2009,58,561000
2010,58,862000
2011,58,1421000
2012,58,1450000
2013,58,1441000
2014,58,1415000
2015,58,1377000
2016,58,1498000
2017,58,1686000
2018,58,2132000
2019,58,2062000
2020,58,1958000
2008,59,10792
2009,59,8161
2010,59,11435
2011,59,12398
2012,59,14812
2013,59,12763
2014,59,12898
2015,59,11627
2016,59,13281
2017,59,14538
2018,59,14773
2019,59,11953
2020,59,11408
2008,60,30698
2009,60,35740
2010,60,55264
2011,60,33729
2012,60,31963
2013,60,33554
2014,60,33869
2015,60,40952
2016,60,43369
2017,60,38798
2018,60,48285
2019,60,35279
2020,60,35761
2008,61,20595
2009,61,14876
2010,61,25396
2011,61,19303
2012,61,16958
2013,61,20874
2014,61,17637
2015,61,16252
2016,61,16443
2017,61,18686
2018,61,20337
2019,61,24224
2020,61,20056
2008,62,29812
2009,62,21951
2010,62,40893
2011,62,29374
2012,62,19787
2013,62,16819
2014,62,34290
2015,62,14918
2016,62,24992
2017,62,24688
2018,62,16212
2019,62,13455
2020,62,21201
2008,63,13798
2009,63,15757
2010,63,14592
2011,63,15294
2012,63,16864
2013,63,16206
2014,63,16864
2015,63,26176
2016,63,28530
2017,63,36750
2018,63,33519
2019,63,37362
2020,63,58149
2008,64,6597000
2009,64,6015000
2010,64,6284000
2011,64,6264000
2012,64,6119000
2013,64,4970000
2014,64,5041000
2015,64,4421000
2016,64,4855000
2017,64,4645000
2018,64,4470000
2019,64,4323000
2020,64,4133000
2008,65,230051
2009,65,236927
2010,65,260020
2011,65,259722
2012,65,270373
2013,65,274334
2014,65,274443
2015,65,276706
2016,65,312094
2017,65,328860
2018,65,323227
2019,65,332999
2020,65,234579
2008,66,
2009,66,
2010,66,
2011,66,61365
2012,66,68608
2013,66,63211
2014,66,49111
2015,66,51927
2016,66,59901
2017,66,71682
2018,66,68034
2019,66,75254
2020,66,67522
2008,67,24591
2009,67,20671
2010,67,23164
2011,67,22710
2012,67,18157
2013,67,18418
2014,67,19309
2015,67,20051
2016,67,37460
2017,67,41230
2018,67,40589
2019,67,39159
2020,67,
2008,68,35761
2009,68,40739
2010,68,10958
2011,68,11328
2012,68,11297
2013,68,9224
2014,68,11678
2015,68,11902
2016,68,10967
2017,68,11000
2018,68,10871
2019,68,9815
2020,68,6445
2008,69,468900
2009,69,491900
2010,69,545000
2011,69,539200
2012,69,641100
2013,69,577500
2014,69,641600
2015,69,754600
2016,69,935600
2017,69,888800
2018,69,
2019,69,
2020,69,
2008,70,10734
2009,70,10289
2010,70,12662
2011,70,14841
2012,70,19250
2013,70,23116
2014,70,20492
2015,70,15036
2016,70,16245
2017,70,17871
2018,70,11241
2019,70,11755
2020,70,15278
2008,71,7291
2009,71,8689
2010,71,9885
2011,71,10773
2012,71,11775
2013,71,10547
2014,71,11171
2015,71,10849
2016,71,9283
2017,71,11966
2018,71,12265
2019,71,13146
2020,71,9785
2008,72,87819
2009,72,71118
2010,72,78365
2011,72,103224
2012,72,112849
2013,72,103901
2014,72,110930
2015,72,100113
2016,72,101448
2017,72,115682
2018,72,124626
2019,72,127391
2020,72,138381
2008,73,247
2009,73,341
2010,73,529
2011,73,1903
2012,73,827
2013,73,832
2014,73,1225
2015,73,2189
2016,73,9336
2017,73,
2018,73,
2019,73,
2020,73,
2008,74,
2009,74,
2010,74,
2011,74,
2012,74,
2013,74,
2014,74,
2015,74,
2016,74,
2017,74,
2018,74,
2019,74,
2020,74,
2008,75,
2009,75,
2010,75,
2011,75,
2012,75,
2013,75,
2014,75,10421
2015,75,10542
2016,75,10141
2017,75,10234
2018,75,10203
2019,75,8852
2020,75,5583
2008,76,459000
2009,76,900000
2010,76,468000
2011,76,556000
2012,76,764000
2013,76,1047000
2014,76,816000
2015,76,694000
2016,76,433000
2017,76,406000
2018,76,491000
2019,76,487000
2020,76,1022000
2008,77,585434
2009,77,569443
2010,77,936342
2011,77,1020462
2012,77,1114227
2013,77,988741
2014,77,860350
2015,77,730277
2016,77,821481
2017,77,800378
2018,77,892650
2019,77,865747
2020,77,963453
2008,78,1073710
2009,78,1038644
2010,78,1046526
2011,78,1216381
2012,78,1147523
2013,78,1178126
2014,78,1187826
2015,78,1121000
2016,78,1270800
2017,78,1395900
2018,78,1360400
2019,78,1391800
2020,78,1497500
2008,79,48120
2009,79,62669
2010,79,56317
2011,79,73044
2012,79,63660
2013,79,49330
2014,79,44849
2015,79,40513
2016,79,38032
2017,79,38857
2018,79,89377
2019,79,93027
2020,79,90112
2008,80,220955
2009,80,151861
2010,80,171777
2011,80,250083
2012,80,231735
2013,80,178950
2014,80,136179
2015,80,122823
2016,80,103052
2017,80,117653
2018,80,131185
2019,80,52082
2020,80,66774
2008,81,1659000
2009,81,1469000
2010,81,2153000
2011,81,2357000
2012,81,2440000
2013,81,2240000
2014,81,2321000
2015,81,1623000
2016,81,1607000
2017,81,1696000
2018,81,1580000
2019,81,1425000
2020,81,1256000
2008,82,
2009,82,
2010,82,
2011,82,
2012,82,161624
2013,82,202996
2014,82,261925
2015,82,335437
2016,82,
2017,82,
2018,82,
2019,82,
2020,82,
2008,83,39224
2009,83,35193
2010,83,39472
2011,83,47010
2012,83,43869
2013,83,47246
2014,83,53658
2015,83,44412
2016,83,50033
2017,83,53401
2018,83,72748
2019,83,60005
2020,83,60292
2008,84,940007
2009,84,825717
2010,84,856448
2011,84,973227
2012,84,1183144
2013,84,1005178
2014,84,414202
2015,84,423998
2016,84,429410
2017,84,463029
2018,84,459037
2019,84,357690
2020,84,306936
2008,85,108956
2009,85,102683
2010,85,127227
2011,85,123879
2012,85,123398
2013,85,105894
2014,85,88532
2015,85,84879
2016,85,103685
2017,85,105979
2018,85,130409
2019,85,141209
2020,85,130811
2008,86,940007
2009,86,825717
2010,86,856448
2011,86,973227
2012,86,1183144
2013,86,1005178
2014,86,414202
2015,86,423998
2016,86,429410
2017,86,463029
2018,86,459037
2019,86,357690
2020,86,306936
2008,87,19851
2009,87,16685
2010,87,15359
2011,87,18184
2012,87,19488
2013,87,19113
2014,87,23799
2015,87,17312
2016,87,9544
2017,87,10993
2018,87,9362
2019,87,6655
2020,87,
2008,88,5800
2009,88,4540
2010,88,4488
2011,88,5016
2012,88,4260
2013,88,3253
2014,88,2423
2015,88,2450
2016,88,8680
2017,88,7051
2018,88,7623
2019,88,
2020,88,
2008,89,64807
2009,89,70180
2010,89,57356
2011,89,53987
2012,89,50405
2013,89,44601
2014,89,47492
2015,89,51811
2016,89,44680
2017,89,51248
2018,89,48728
2019,89,
2020,89,
2008,90,19307
2009,90,31713
2010,90,54310
2011,90,69622
2012,90,96763
2013,90,120792
2014,90,164466
2015,90,353259
2016,90,399412
2017,90,588733
2018,90,
2019,90,
2020,90,
2008,91,
2009,91,
2010,91,
2011,91,
2012,91,3289
2013,91,4214
2014,91,5106
2015,91,4011
2016,91,0
2017,91,
2018,91,
2019,91,6978
2020,91,
2008,92,
2009,92,
2010,92,
2011,92,
2012,92,
2013,92,
2014,92,4868
2015,92,4825
2016,92,4362
2017,92,5321
2018,92,3018
2019,92,2506
2020,92,
2008,93,
2009,93,
2010,93,
2011,93,
2012,93,
2013,93,
2014,93,
2015,93,
2016,93,
2017,93,
2018,93,
2019,93,
2020,93,
2008,94,
2009,94,
2010,94,
2011,94,
2012,94,
2013,94,
2014,94,
2015,94,
2016,94,
2017,94,
2018,94,
2019,94,
2020,94,
2008,95,88902
2009,95,95912
2010,95,109238
2011,95,96613
2012,95,98016
2013,95,96297
2014,95,101788
2015,95,113343
2016,95,131181
2017,95,137401
2018,95,173649
2019,95,177390
2020,95,181036
2008,96,52330
2009,96,60615
2010,96,57652
2011,96,47897
2012,96,14750
2013,96,33004
2014,96,
2015,96,
2016,96,
2017,96,
2018,96,
2019,96,
2020,96,
2008,97,42717
2009,97,39033
2010,97,40733
2011,97,23384
2012,97,15848
2013,97,14452
2014,97,8761
2015,97,5760
2016,97,6387
2017,97,7037
2018,97,7452
2019,97,6370
2020,97,5896
2008,98,28780
2009,98,29778
2010,98,40515
2011,98,38382
2012,98,37206
2013,98,36601
2014,98,39311
2015,98,40775
2016,98,47674
2017,98,62331
2018,98,57286
2019,98,55733
2020,98,65485
2008,99,38941
2009,99,42868
2010,99,42311
2011,99,45188
2012,99,43864
2013,99,48023
2014,99,38866
2015,99,38706
2016,99,38583
2017,99,45709
2018,99,
2019,99,
2020,99,
2008,100,286177
2009,100,291073
2010,100,374184
2011,100,420807
2012,100,351731
2013,100,345666
2014,100,382545
2015,100,383346
2016,100,365315
2017,100,366061
2018,100,419795
2019,100,365778
2020,100,581860
2008,101,15245
2009,101,14596
2010,101,14895
2011,101,10536
2012,101,11887
2013,101,16163
2014,101,10719
2015,101,14079
2016,101,16289
2017,101,12406
2018,101,13831
2019,101,8897
2020,101,14420
2008,102,86968
2009,102,86806
2010,102,88742
2011,102,89806
2012,102,88716
2013,102,85520
2014,102,88238
2015,102,99474
2016,102,114831
2017,102,120541
2018,102,109916
2019,102,110100
2020,102,134137
2008,103,47711
2009,103,42430
2010,103,51126
2011,103,40442
2012,103,36191
2013,103,34163
2014,103,44859
2015,103,40127
2016,103,36883
2017,103,34279
2018,103,40847
2019,103,
2020,103,
2008,104,10971
2009,104,11296
2010,104,12849
2011,104,13301
2012,104,13856
2013,104,15030
2014,104,12887
2015,104,13657
2016,104,12521
2017,104,20244
2018,104,22149
2019,104,36219
2020,104,38681
2008,105,6254
2009,105,3786
2010,105,4439
2011,105,5358
2012,105,7184
2013,105,4846
2014,105,5679
2015,105,5886
2016,105,6226
2017,105,8417
2018,105,7603
2019,105,9347
2020,105,7830
2008,106,48932
2009,106,35833
2010,106,36776
2011,106,58245
2012,106,58248
2013,106,60650
2014,106,57617
2015,106,63334
2016,106,61273
2017,106,82861
2018,106,75538
2019,106,76606
2020,106,91293
2008,107,51432
2009,107,42796
2010,107,50853
2011,107,35139
2012,107,31743
2013,107,39120
2014,107,21133
2015,107,24918
2016,107,11492
2017,107,10249
2018,107,10639
2019,107,12429
2020,107,18270
2008,108,
2009,108,
2010,108,
2011,108,
2012,108,
2013,108,
2014,108,
2015,108,38412
2016,108,63170
2017,108,68374
2018,108,75297
2019,108,76197
2020,108,68418
2008,109,
2009,109,3862
2010,109,7928
2011,109,8343
2012,109,13647
2013,109,15845
2014,109,17754
2015,109,18862
2016,109,
2017,109,
2018,109,
2019,109,
2020,109,
2008,110,5072
2009,110,5718
2010,110,7929
2011,110,3718
2012,110,15424
2013,110,1694
2014,110,1538
2015,110,1163
2016,110,2872
2017,110,685
2018,110,373
2019,110,378
2020,110,284
2008,111,11516
2009,111,8056
2010,111,1447
2011,111,1439
2012,111,1188
2013,111,
2014,111,
2015,111,
2016,111,
2017,111,
2018,111,
2019,111,
2020,111,
2008,112,109820
2009,112,73271
2010,112,114497
2011,112,150704
2012,112,137606
2013,112,174629
2014,112,178467
2015,112,250860
2016,112,328215
2017,112,358137
2018,112,364194
2019,112,413777
2020,112,
2008,113,84354
2009,113,60977
2010,113,111134
2011,113,91899
2012,113,89041
2013,113,92335
2014,113,98429
2015,113,109016
2016,113,145993
2017,113,223916
2018,113,244024
2019,113,132673
2020,113,132790
2008,114,12106
2009,114,7792
2010,114,8256
2011,114,9386
2012,114,9237
2013,114,8409
2014,114,12391
2015,114,11335
2016,114,10095
2017,114,9928
2018,114,16394
2019,114,11399
2020,114,
2008,115,15126
2009,115,11356
2010,115,16195
2011,115,17525
2012,115,16295
2013,115,17371
2014,115,18831
2015,115,19427
2016,115,
2017,115,
2018,115,
2019,115,
2020,115,
2008,116,25217
2009,116,24844
2010,116,24185
2011,116,27808
2012,116,18544
2013,116,18963
2014,116,19328
2015,116,19450
2016,116,18977
2017,116,19975
2018,116,21215
2019,116,27560
2020,116,41773
2008,117,27350
2009,117,21804
2010,117,26291
2011,117,26529
2012,117,32082
2013,117,25529
2014,117,34179
2015,117,39049
2016,117,31197
2017,117,39479
2018,117,54350
2019,117,57514
2020,117,61385
2008,118,270973
2009,118,151973
2010,118,249018
2011,118,299465
2012,118,251116
2013,118,212297
2014,118,232786
2015,118,167283
2016,118,129087
2017,118,174722
2018,118,160888
2019,118,150169
2020,118,140400
2008,119,54234
2009,119,41475
2010,119,61732
2011,119,57962
2012,119,53612
2013,119,69985
2014,119,80273
2015,119,94022
2016,119,109004
2017,119,142975
2018,119,177782
2019,119,157413
2020,119,154098
2008,120,
2009,120,
2010,120,
2011,120,577272
2012,120,596962
2013,120,910538
2014,120,1046825
2015,120,1179401
2016,120,1204623
2017,120,1476531
2018,120,1471101
2019,120,1777752
2020,120,1894356
2008,121,
2009,121,
2010,121,
2011,121,5052000
2012,121,4843000
2013,121,5344000
2014,121,4947114
2015,121,4919982
2016,121,4915380
2017,121,5054040
2018,121,5132592
2019,121,5026420
2020,121,5204745
2008,122,1093724
2009,122,1136694
2010,122,934496
2011,122,887254
2012,122,905527
2013,122,914154
2014,122,952966
2015,122,1003556
2016,122,960470
2017,122,939136
2018,122,946609
2019,122,1113181
2020,122,1091860
2008,123,
2009,123,
2010,123,
2011,123,
2012,123,
2013,123,
2014,123,4826
2015,123,2800
2016,123,4240
2017,123,5320
2018,123,14914
2019,123,16691
2020,123,14562
2008,124,
2009,124,
2010,124,
2011,124,
2012,124,
2013,124,
2014,124,
2015,124,8785
2016,124,11777
2017,124,13332
2018,124,15751
2019,124,17238
2020,124,11390
2008,125,
2009,125,
2010,125,
2011,125,
2012,125,
2013,125,
2014,125,
2015,125,47072
2016,125,53070
2017,125,63405
2018,125,57800
2019,125,86231
2020,125,80630
2008,126,147669
2009,126,209657
2010,126,410772
2011,126,526938
2012,126,503693
2013,126,481431
2014,126,1276
2015,126,1271
2016,126,1027
2017,126,2647
2018,126,1308
2019,126,1399
2020,126,1905
2008,127,28987
2009,127,28374
2010,127,40894
2011,127,34252
2012,127,32769
2013,127,28422
2014,127,32624
2015,127,30148
2016,127,26650
2017,127,27063
2018,127,24790
2019,127,28763
2020,127,30090
2008,128,132999
2009,128,137531
2010,128,92089
2011,128,152346
2012,128,153098
2013,128,168201
2014,128,157004
2015,128,164312
2016,128,142880
2017,128,140613
2018,128,166558
2019,128,
2020,128,
2008,129,61724
2009,129,61305
2010,129,60165
2011,129,81407
2012,129,71509
2013,129,27324
2014,129,41677
2015,129,66909
2016,129,72842
2017,129,65758
2018,129,
2019,129,
2020,129,
2008,130,213501
2009,130,248168
2010,130,403133
2011,130,431851
2012,130,500563
2013,130,364716
2014,130,368865
2015,130,415973
2016,130,458119
2017,130,413639
2018,130,391599
2019,130,
2020,130,
2008,131,14773
2009,131,14805
2010,131,17484
2011,131,18818
2012,131,15418
2013,131,18828
2014,131,17142
2015,131,28956
2016,131,26029
2017,131,28540
2018,131,28606
2019,131,31643
2020,131,23968
2008,132,648857
2009,132,741087
2010,132,746702
2011,132,902200
2012,132,828347
2013,132,1446830
2014,132,1406019
2015,132,1581503
2016,132,1650551
2017,132,1583415
2018,132,2139300
2019,132,2243000
2020,132,2160000
2008,133,17946
2009,133,23229
2010,133,12120
2011,133,16801
2012,133,9868
2013,133,12011
2014,133,9653
2015,133,12356
2016,133,
2017,133,
2018,133,
2019,133,
2020,133,
2008,134,130482
2009,134,139123
2010,134,98523
2011,134,154805
2012,134,155393
2013,134,168681
2014,134,155844
2015,134,163363
2016,134,241637
2017,134,241795
2018,134,350500
2019,134,447864
2020,134,582047
2008,135,
2009,135,
2010,135,
2011,135,
2012,135,18297
2013,135,17240
2014,135,12312
2015,135,13746
2016,135,15669
2017,135,16208
2018,135,19011
2019,135,18537
2020,135,13612
2008,136,14436
2009,136,13539
2010,136,13862
2011,136,11353
2012,136,13953
2013,136,12784
2014,136,22034
2015,136,26929
2016,136,21712
2017,136,27680
2018,136,20811
2019,136,24631
2020,136,41140
2008,137,2119
2009,137,2142
2010,137,3711
2011,137,2376
2012,137,3149
2013,137,2338
2014,137,4392
2015,137,3180
2016,137,3949
2017,137,6129
2018,137,5543
2019,137,4960
2020,137,2957
2008,138,
2009,138,
2010,138,
2011,138,
2012,138,
2013,138,
2014,138,
2015,138,
2016,138,
2017,138,
2018,138,
2019,138,
2020,138,
2008,139,24315
2009,139,5771
2010,139,9078
2011,139,6877
2012,139,5537
2013,139,4871
2014,139,6253
2015,139,8058
2016,139,9059
2017,139,11649
2018,139,17876
2019,139,9017
2020,139,8849
2008,140,21887
2009,140,23324
2010,140,19412
2011,140,18743
2012,140,19888
2013,140,15881
2014,140,1797
2015,140,546
2016,140,407
2017,140,1014
2018,140,1983
2019,140,
2020,140,
2008,141,40032
2009,141,35733
2010,141,31218
2011,141,29296
2012,141,27049
2013,141,24576
2014,141,22455
2015,141,24578
2016,141,22106
2017,141,21472
2018,141,22243
2019,141,21284
2020,141,19647
2008,142,84753
2009,142,93132
2010,142,101715
2011,142,109185
2012,142,104943
2013,142,105937
2014,142,88040
2015,142,83200
2016,142,370400
2017,142,324900
2018,142,281700
2019,142,272500
2020,142,252300
2008,143,47119
2009,143,36947
2010,143,35563
2011,143,32840
2012,143,29104
2013,143,28682
2014,143,24920
2015,143,16064
2016,143,16330
2017,143,16084
2018,143,16668
2019,143,17662
2020,143,
2008,144,108242
2009,144,97457
2010,144,101709
2011,144,101887
2012,144,132263
2013,144,106371
2014,144,108105
2015,144,135774
2016,144,125493
2017,144,105333
2018,144,41668
2019,144,43483
2020,144,41808
2008,145,22626
2009,145,15831
2010,145,16524
2011,145,15895
2012,145,15120
2013,145,17345
2014,145,13978
2015,145,4809
2016,145,3956
2017,145,3396
2018,145,3824
2019,145,3727
2020,145,
2008,146,40680
2009,146,33505
2010,146,42846
2011,146,44409
2012,146,44444
2013,146,56516
2014,146,45169
2015,146,38439
2016,146,39263
2017,146,40600
2018,146,51070
2019,146,54850
2020,146,46055
2008,147,264300
2009,147,265450
2010,147,290323
2011,147,366837
2012,147,366811
2013,147,301173
2014,147,271182
2015,147,275783
2016,147,318700
2017,147,308513
2018,147,243911
2019,147,259696
2020,147,223934
2008,148,43814
2009,148,34141
2010,148,31948
2011,148,30451
2012,148,26154
2013,148,26274
2014,148,23083
2015,148,13731
2016,148,14401
2017,148,14036
2018,148,14903
2019,148,16108
2020,148,
2008,149,146369
2009,149,146625
2010,149,141730
2011,149,131311
2012,149,130829
2013,149,111618
2014,149,97355
2015,149,96504
2016,149,92209
2017,149,108230
2018,149,107824
2019,149,84694
2020,149,
2008,150,1300300
2009,150,1497200
2010,150,1421500
2011,150,1924900
2012,150,1567800
2013,150,1201000
2014,150,2589100
2015,150,2368900
2016,150,1765800
2017,150,1138500
2018,150,720600
2019,150,722700
2020,150,638600
2008,151,
2009,151,
2010,151,
2011,151,6091
2012,151,7323
2013,151,6935
2014,151,8438
2015,151,9721
2016,151,33820
2017,151,41397
2018,151,48607
2019,151,48319
2020,151,60394
2008,152,
2009,152,
2010,152,
2011,152,
2012,152,
2013,152,
2014,152,333
2015,152,117
2016,152,92
2017,152,108
2018,152,148
2019,152,317
2020,152,788
2008,153,580800
2009,153,511100
2010,153,549600
2011,153,509700
2012,153,364700
2013,153,369200
2014,153,395200
2015,153,284200
2016,153,292900
2017,153,227100
2018,153,197500
2019,153,192000
2020,153,173800
2008,154,
2009,154,
2010,154,
2011,154,
2012,154,
2013,154,3755
2014,154,8176
2015,154,5952
2016,154,6320
2017,154,6686
2018,154,7164
2019,154,12597
2020,154,7608
2008,155,
2009,155,
2010,155,
2011,155,
2012,155,
2013,155,
2014,155,11552
2015,155,12350
2016,155,10373
2017,155,13294
2018,155,12827
2019,155,11732
2020,155,8508
2008,156,
2009,156,
2010,156,76714
2011,156,85391
2012,156,78970
2013,156,82964
2014,156,35951
2015,156,37179
2016,156,41172
2017,156,37691
2018,156,45585
2019,156,54278
2020,156,45546
2008,157,
2009,157,
2010,157,
2011,157,
2012,157,591
2013,157,212
2014,157,1324
2015,157,5735
2016,157,8038
2017,157,7821
2018,157,12351
2019,157,
2020,157,
2008,158,
2009,158,
2010,158,
2011,158,
2012,158,
2013,158,
2014,158,
2015,158,606
2016,158,585
2017,158,504
2018,158,845
2019,158,897
2020,158,
2008,159,
2009,159,
2010,159,
2011,159,
2012,159,
2013,159,
2014,159,
2015,159,3999
2016,159,3573
2017,159,2528
2018,159,890
2019,159,237
2020,159,
2008,160,
2009,160,
2010,160,
2011,160,2089
2012,160,2956
2013,160,2271
2014,160,1193
2015,160,8284
2016,160,18311
2017,160,33638
2018,160,24058
2019,160,19403
2020,160,12840
2008,161,
2009,161,
2010,161,
2011,161,
2012,161,
2013,161,
2014,161,5149
2015,161,7157
2016,161,9618
2017,161,9767
2018,161,9089
2019,161,10699
2020,161,9507
2008,162,
2009,162,
2010,162,
2011,162,
2012,162,
2013,162,
2014,162,8464
2015,162,6704
2016,162,6197
2017,162,5665
2018,162,4967
2019,162,4888
2020,162,4117
2008,163,
2009,163,
2010,163,
2011,163,
2012,163,
2013,163,
2014,163,
2015,163,
2016,163,423
2017,163,697
2018,163,1096
2019,163,1536
2020,163,1914
2008,164,7618
2009,164,15074
2010,164,16606
2011,164,17586
2012,164,19849
2013,164,21127
2014,164,21533
2015,164,5468
2016,164,2140
2017,164,2100
2018,164,1937
2019,164,1760
2020,164,4202
2008,165,
2009,165,
2010,165,
2011,165,
2012,165,
2013,165,
2014,165,
2015,165,
2016,165,
2017,165,
2018,165,
2019,165,
2020,165,
2008,166,
2009,166,
2010,166,
2011,166,
2012,166,
2013,166,
2014,166,
2015,166,7549
2016,166,16431
2017,166,32780
2018,166,44031
2019,166,74398
2020,166,134150
2008,167,560711
2009,167,630331
2010,167,1094236
2011,167,1134991
2012,167,1387816
2013,167,1515984
2014,167,1713439
2015,167,1014756
2016,167,1043777
2017,167,1146803
2018,167,1024272
2019,167,1568336
2020,167,915012
2008,168,108368
2009,168,53130
2010,168,155240
2011,168,51107
2012,168,35756
2013,168,28147
2014,168,35545
2015,168,21838
2016,168,22232
2017,168,23283
2018,168,29560
2019,168,23689
2020,168,25622
2008,169,13647000
2009,169,10887000
2010,169,14335000
2011,169,14980000
2012,169,16619000
2013,169,15529000
2014,169,15015000
2015,169,13978000
2016,169,11038000
2017,169,10890000
2018,169,16540000
2019,169,10480000
2020,169,8679000
2008,170,658856
2009,170,671771
2010,170,660552
2011,170,844586
2012,170,681085
2013,170,689137
2014,170,285050
2015,170,162055
2016,170,152524
2017,170,126716
2018,170,92258
2019,170,87447
2020,170,74067
2008,171,772304
2009,171,530676
2010,171,873221
2011,171,1082878
2012,171,771636
2013,171,660791
2014,171,755896
2015,171,726779
2016,171,1150157
2017,171,1282306
2018,171,1478301
2019,171,1960592
2020,171,1706534
2008,172,55347
2009,172,50798
2010,172,47561
2011,172,50344
2012,172,65365
2013,172,67687
2014,172,51207
2015,172,40780
2016,172,38926
2017,172,32655
2018,172,40775
2019,172,63729
2020,172,47624
2008,173,3276000
2009,173,2602000
2010,173,2698000
2011,173,2954000
2012,173,2962000
2013,173,2812000
2014,173,3283000
2015,173,2638000
2016,173,2770000
2017,173,2179000
2018,173,2372000
2019,173,2262000
2020,173,2193000
2008,174,398080
2009,174,434604
2010,174,537742
2011,174,608327
2012,174,682588
2013,174,681151
2014,174,744272
2015,174,927186
2016,174,944402
2017,174,906749
2018,174,961850
2019,174,
2020,174,
2008,175,113114
2009,175,103921
2010,175,130008
2011,175,159876
2012,175,139236
2013,175,152619
2014,175,160220
2015,175,142881
2016,175,130804
2017,175,158388
2018,175,148989
2019,175,137191
2020,175,105270
2008,176,28904
2009,176,31477
2010,176,44025
2011,176,33073
2012,176,39746
2013,176,35747
2014,176,30142
2015,176,25151
2016,176,31699
2017,176,33869
2018,176,38280
2019,176,46492
2020,176,55925
2008,177,149206
2009,177,121725
2010,177,117822
2011,177,133013
2012,177,162606
2013,177,169098
2014,177,167598
2015,177,224025
2016,177,196328
2017,177,177306
2018,177,236027
2019,177,224046
2020,177,178154
2008,178,205363
2009,178,150068
2010,178,204189
2011,178,200024
2012,178,210573
2013,178,204934
2014,178,210775
2015,178,220170
2016,178,248492
2017,178,204897
2018,178,170772
2019,178,173122
2020,178,181401
2008,179,20041
2009,179,14166
2010,179,19547
2011,179,25978
2012,179,29594
2013,179,24832
2014,179,24386
2015,179,28727
2016,179,26301
2017,179,31556
2018,179,25170
2019,179,24987
2020,179,16066
2008,180,63004
2009,180,42133
2010,180,49153
2011,180,54809
2012,180,48148
2013,180,45448
2014,180,55052
2015,180,61429
2016,180,61881
2017,180,68619
2018,180,76950
2019,180,74300
2020,180,69328
2008,181,10686
2009,181,8732
2010,181,9853
2011,181,10137
2012,181,10719
2013,181,11475
2014,181,15469
2015,181,16482
2016,181,16201
2017,181,17071
2018,181,16188
2019,181,15524
2020,181,11362
2008,182,54272
2009,182,54602
2010,182,66086
2011,182,73835
2012,182,60287
2013,182,50998
2014,182,45855
2015,182,55257
2016,182,55042
2017,182,24740
2018,182,
2019,182,
2020,182,
2008,183,95491
2009,183,77854
2010,183,113552
2011,183,163171
2012,183,156408
2013,183,201873
2014,183,186866
2015,183,201243
2016,183,179165
2017,183,201978
2018,183,208720
2019,183,197460
2020,183,134094
2008,184,46027
2009,184,38575
2010,184,37025
2011,184,37213
2012,184,32039
2013,184,30729
2014,184,
2015,184,
2016,184,
2017,184,
2018,184,
2019,184,
2020,184,
2008,185,
2009,185,37140
2010,185,43981
2011,185,56129
2012,185,62718
2013,185,62607
2014,185,62185
2015,185,68826
2016,185,63356
2017,185,65261
2018,185,76585
2019,185,89453
2020,185,91412
2008,186,25734
2009,186,23847
2010,186,29641
2011,186,26997
2012,186,25358
2013,186,22047
2014,186,21873
2015,186,26307
2016,186,27191
2017,186,24402
2018,186,24563
2019,186,23317
2020,186,15808
2008,187,
2009,187,
2010,187,
2011,187,
2012,187,5232
2013,187,7005
2014,187,11867
2015,187,11224
2016,187,7507
2017,187,4634
2018,187,9109
2019,187,6427
2020,187,6241
2008,188,
2009,188,
2010,188,110285
2011,188,122133
2012,188,125080
2013,188,107077
2014,188,112323
2015,188,112969
2016,188,132586
2017,188,167212
2018,188,224989
2019,188,248621
2020,188,211903
2008,189,
2009,189,
2010,189,
2011,189,
2012,189,
2013,189,300410
2014,189,299648
2015,189,374403
2016,189,368834
2017,189,367662
2018,189,403406
2019,189,350981
2020,189,321146
2008,190,
2009,190,
2010,190,
2011,190,
2012,190,
2013,190,
2014,190,
2015,190,
2016,190,5628
2017,190,5420
2018,190,5800
2019,190,5027
2020,190,4342
2008,191,13598
2009,191,11049
2010,191,11931
2011,191,15036
2012,191,17954
2013,191,13514
2014,191,10420
2015,191,5617
2016,191,5839
2017,191,4486
2018,191,4502
2019,191,2985
2020,191,2848
2008,192,3923
2009,192,3573
2010,192,2210
2011,192,1015
2012,192,1881
2013,192,1316
2014,192,1046
2015,192,1636
2016,192,1983
2017,192,2223
2018,192,1149
2019,192,2406
2020,192,1273
2008,193,2727
2009,193,2722
2010,193,3649
2011,193,6301
2012,193,7662
2013,193,8445
2014,193,9565
2015,193,10364
2016,193,9252
2017,193,8542
2018,193,7547
2019,193,6226
2020,193,
2008,194,88598
2009,194,81751
2010,194,93068
2011,194,98678
2012,194,76277
2013,194,140617
2014,194,112536
2015,194,106597
2016,194,124644
2017,194,141740
2018,194,165020
2019,194,175481
2020,194,132096
2008,195,
2009,195,
2010,195,
2011,195,4292
2012,195,4667
2013,195,4307
2014,195,4606
2015,195,5995
2016,195,6530
2017,195,7131
2018,195,5553
2019,195,
2020,195,
2008,196,32652
2009,196,36185
2010,196,36313
2011,196,48005
2012,196,
2013,196,
2014,196,83360
2015,196,77686
2016,196,92735
2017,196,100150
2018,196,123387
2019,196,119951
2020,196,114149
2008,197,159492
2009,197,155564
2010,197,175571
2011,197,230204
2012,197,208608
2013,197,226002
2014,197,201603
2015,197,230845
2016,197,283986
2017,197,
2018,197,
2019,197,
2020,197,
2008,198,15340
2009,198,12539
2010,198,13797
2011,198,13269
2012,198,15311
2013,198,8148
2014,198,8417
2015,198,11263
2016,198,12477
2017,198,11667
2018,198,11839
2019,198,12366
2020,198,22076
2008,199,3699
2009,199,3808
2010,199,3418
2011,199,3590
2012,199,3208
2013,199,3781
2014,199,21483
2015,199,19963
2016,199,3950
2017,199,5800
2018,199,3765
2019,199,4453
2020,199,5566
2008,200,268899
2009,200,150894
2010,200,153092
2011,200,152800
2012,200,128633
2013,200,94001
2014,200,91348
2015,200,131743
2016,200,163947
2017,200,154913
2018,200,134840
2019,200,60650
2020,200,
2008,201,57039
2009,201,36789
2010,201,35811
2011,201,13650
2012,201,13572
2013,201,10320
2014,201,10148
2015,201,6758
2016,201,6788
2017,201,
2018,201,
2019,201,
2020,201,
2008,202,4009
2009,202,4354
2010,202,3255
2011,202,2291
2012,202,1800
2013,202,1505
2014,202,1540
2015,202,1422
2016,202,1626
2017,202,1341
2018,202,1434
2019,202,2122
2020,202,4176
2008,203,9715
2009,203,8951
2010,203,4980
2011,203,5945
2012,203,7698
2013,203,5757
2014,203,11978
2015,203,11471
2016,203,9324
2017,203,17013
2018,203,4477
2019,203,13829
2020,203,15397
2008,204,9770
2009,204,5243
2010,204,2560
2011,204,2139
2012,204,2292
2013,204,2939
2014,204,4878
2015,204,4734
2016,204,6643
2017,204,5876
2018,204,2955
2019,204,1570
2020,204,1588
2008,205,15595
2009,205,18712
2010,205,14720
2011,205,24058
2012,205,22995
2013,205,20512
2014,205,22525
2015,205,17088
2016,205,18817
2017,205,146584
2018,205,195255
2019,205,
2020,205,
2008,206,7145
2009,206,7932
2010,206,6309
2011,206,10716
2012,206,11024
2013,206,10799
2014,206,10858
2015,206,12063
2016,206,
2017,206,
2018,206,
2019,206,
2020,206,
2008,207,2785
2009,207,3452
2010,207,4262
2011,207,5498
2012,207,4906
2013,207,7422
2014,207,10779
2015,207,10292
2016,207,6321
2017,207,12547
2018,207,
2019,207,
2020,207,
2008,208,24
2009,208,927
2010,208,1042
2011,208,356
2012,208,507
2013,208,1721
2014,208,1646
2015,208,1662
2016,208,750
2017,208,1076
2018,208,1619
2019,208,1746
2020,208,1758
2008,209,
2009,209,
2010,209,0
2011,209,379
2012,209,
2013,209,220608
2014,209,240654
2015,209,243197
2016,209,261673
2017,209,270984
2018,209,295706
2019,209,326009
2020,209,379066
2008,210,
2009,210,
2010,210,
2011,210,
2012,210,
2013,210,
2014,210,
2015,210,
2016,210,2014
2017,210,1301
2018,210,1235
2019,210,1114
2020,210,1173
2008,211,
2009,211,1771
2010,211,1126
2011,211,1718
2012,211,2476
2013,211,3383
2014,211,3517
2015,211,4320
2016,211,2619
2017,211,2649
2018,211,3106
2019,211,2870
2020,211,2703
2008,212,
2009,212,
2010,212,607
2011,212,1833
2012,212,1543
2013,212,1104
2014,212,1914
2015,212,2855
2016,212,2699
2017,212,2225
2018,212,2808
2019,212,4247
2020,212,4117
2008,213,
2009,213,
2010,213,8730
2011,213,9727
2012,213,9970
2013,213,10645
2014,213,11496
2015,213,8764
2016,213,11584
2017,213,
2018,213,
2019,213,
2020,213,
2008,214,
2009,214,
2010,214,
2011,214,
2012,214,
2013,214,532
2014,214,773
2015,214,2320
2016,214,2948
2017,214,4711
2018,214,8053
2019,214,12943
2020,214,11796
2008,215,
2009,215,
2010,215,
2011,215,894
2012,215,971
2013,215,1150
2014,215,1534
2015,215,1264
2016,215,2624
2017,215,
2018,215,
2019,215,
2020,215,
2008,216,
2009,216,
2010,216,
2011,216,
2012,216,
2013,216,
2014,216,
2015,216,
2016,216,5483
2017,216,4311
2018,216,6089
2019,216,5425
2020,216,6430
2008,217,
2009,217,
2010,217,
2011,217,
2012,217,
2013,217,523
2014,217,
2015,217,405
2016,217,392
2017,217,377
2018,217,656
2019,217,927
2020,217,2329
2008,218,50419
2009,218,47435
2010,218,38951
2011,218,44508
2012,218,41493
2013,218,45863
2014,218,36160
2015,218,49267
2016,218,41114
2017,218,48437
2018,218,38548
2019,218,41985
2020,218,19904
2008,219,8918
2009,219,8984
2010,219,10375
2011,219,10316
2012,219,9834
2013,219,11842
2014,219,11005
2015,219,11418
2016,219,13102
2017,219,14113
2018,219,14418
2019,219,15568
2020,219,14206
2008,220,12867
2009,220,29548
2010,220,61442
2011,220,77348
2012,220,81599
2013,220,69281
2014,220,56198
2015,220,49082
2016,220,48460
2017,220,49697
2018,220,18576
2019,220,21226
2020,220,
2008,221,62000
2009,221,66765
2010,221,77748
2011,221,76227
2012,221,74104
2013,221,69831
2014,221,64675
2015,221,65429
2016,221,63544
2017,221,69854
2018,221,74140
2019,221,72364
2020,221,76934
2008,222,
2009,222,
2010,222,
2011,222,
2012,222,
2013,222,
2014,222,600
2015,222,815
2016,222,
2017,222,
2018,222,
2019,222,
2020,222,
2008,223,
2009,223,
2010,223,
2011,223,
2012,223,
2013,223,
2014,223,
2015,223,
2016,223,
2017,223,
2018,223,
2019,223,
2020,223,
2008,224,
2009,224,
2010,224,
2011,224,
2012,224,
2013,224,
2014,224,
2015,224,
2016,224,
2017,224,
2018,224,
2019,224,
2020,224,
2008,225,
2009,225,
2010,225,
2011,225,
2012,225,
2013,225,480
2014,225,494
2015,225,1179
2016,225,2089
2017,225,9025
2018,225,12275
2019,225,0
2020,225,52
2008,226,28968
2009,226,28934
2010,226,24171
2011,226,24337
2012,226,25284
2013,226,32937
2014,226,33471
2015,226,35328
2016,226,36178
2017,226,29532
2018,226,29288
2019,226,33643
2020,226,33917
2008,227,
2009,227,
2010,227,
2011,227,26800
2012,227,25409
2013,227,30135
2014,227,32356
2015,227,29955
2016,227,38528
2017,227,46045
2018,227,59844
2019,227,55572
2020,227,46908
2008,228,
2009,228,
2010,228,
2011,228,
2012,228,
2013,228,
2014,228,3931
2015,228,32247
2016,228,30690
2017,228,32089
2018,228,27704
2019,228,28885
2020,228,33413
2008,229,
2009,229,
2010,229,
2011,229,8372
2012,229,8456
2013,229,9553
2014,229,10047
2015,229,10951
2016,229,16061
2017,229,17678
2018,229,27173
2019,229,
2020,229,
2008,230,
2009,230,
2010,230,
2011,230,
2012,230,6879
2013,230,5779
2014,230,6003
2015,230,8943
2016,230,8224
2017,230,6946
2018,230,5677
2019,230,7942
2020,230,10456
2008,231,25330
2009,231,23851
2010,231,27334
2011,231,34801
2012,231,38805
2013,231,32972
2014,231,34829
2015,231,40273
2016,231,30265
2017,231,15997
2018,231,14500
2019,231,14158
2020,231,13389
2008,232,488562
2009,232,448244
2010,232,391702
2011,232,370040
2012,232,356268
2013,232,400366
2014,232,452040
2015,232,522436
2016,232,615512
2017,232,690449
2018,232,867866
2019,232,1089246
2020,232,1107826
2008,233,17299
2009,233,24394
2010,233,10303
2011,233,17495
2012,233,37081
2013,233,30003
2014,233,32560
2015,233,41342
2016,233,34430
2017,233,42055
2018,233,37673
2019,233,43162
2020,233,
2008,234,15207
2009,234,14171
2010,234,18824
2011,234,18388
2012,234,15084
2013,234,14677
2014,234,15272
2015,234,14381
2016,234,13459
2017,234,13088
2018,234,14411
2019,234,11562
2020,234,10647
2008,235,18742
2009,235,25294
2010,235,37826
2011,235,30572
2012,235,20342
2013,235,6444
2014,235,5762
2015,235,2366
2016,235,988
2017,235,824
2018,235,730
2019,235,712
2020,235,
2008,236,8586
2009,236,10961
2010,236,1998
2011,236,10703
2012,236,12131
2013,236,15844
2014,236,21498
2015,236,16691
2016,236,16512
2017,236,2440
2018,236,1437
2019,236,2018
2020,236,2501
2008,237,6638
2009,237,5785
2010,237,20664
2011,237,23885
2012,237,16939
2013,237,16126
2014,237,15413
2015,237,22598
2016,237,15392
2017,237,31583
2018,237,36343
2019,237,35061
2020,237,20566
2008,238,40442
2009,238,42894
2010,238,36586
2011,238,27434
2012,238,70011
2013,238,60484
2014,238,70280
2015,238,135735
2016,238,132524
2017,238,133135
2018,238,129855
2019,238,132084
2020,238,167286
2008,239,157914
2009,239,216947
2010,239,146186
2011,239,139431
2012,239,134626
2013,239,129975
2014,239,132302
2015,239,119289
2016,239,81314
2017,239,77532
2018,239,63476
2019,239,175746
2020,239,177538
2008,240,11060
2009,240,13284
2010,240,15328
2011,240,14718
2012,240,9246
2013,240,13089
2014,240,12406
2015,240,9297
2016,240,9340
2017,240,10661
2018,240,10138
2019,240,10918
2020,240,11181
2008,241,11262
2009,241,9264
2010,241,9000
2011,241,8030
2012,241,6934
2013,241,8224
2014,241,8063
2015,241,6980
2016,241,6604
2017,241,6647
2018,241,8150
2019,241,7614
2020,241,4173
2008,242,711725
2009,242,709028
2010,242,674582
2011,242,632366
2012,242,643957
2013,242,452606
2014,242,489179
2015,242,477319
2016,242,451476
2017,242,426216
2018,242,457623
2019,242,486760
2020,242,379547
2008,243,
2009,243,
2010,243,
2011,243,
2012,243,
2013,243,
2014,243,
2015,243,
2016,243,
2017,243,
2018,243,
2019,243,
2020,243,
2008,244,35084
2009,244,32492
2010,244,53206
2011,244,27791
2012,244,44497
2013,244,37539
2014,244,32385
2015,244,42365
2016,244,34330
2017,244,39155
2018,244,
2019,244,
2020,244,
2008,245,
2009,245,
2010,245,
2011,245,
2012,245,
2013,245,
2014,245,
2015,245,
2016,245,
2017,245,
2018,245,
2019,245,
2020,245,
2008,246,1549075
2009,246,1581102
2010,246,1501361
2011,246,1469093
2012,246,1418534
2013,246,1309598
2014,246,1236425
2015,246,1267000
2016,246,
2017,246,
2018,246,
2019,246,
2020,246,
2008,247,
2009,247,
2010,247,
2011,247,
2012,247,
2013,247,
2014,247,
2015,247,
2016,247,
2017,247,
2018,247,
2019,247,
2020,247,
2008,248,
2009,248,
2010,248,
2011,248,
2012,248,
2013,248,
2014,248,
2015,248,
2016,248,
2017,248,
2018,248,
2019,248,
2020,248,
2008,249,
2009,249,
2010,249,
2011,249,
2012,249,
2013,249,
2014,249,
2015,249,
2016,249,
2017,249,
2018,249,
2019,249,
2020,249,
2008,250,
2009,250,
2010,250,
2011,250,
2012,250,
2013,250,
2014,250,
2015,250,
2016,250,
2017,250,
2018,250,
2019,250,
2020,250,
2008,251,
2009,251,
2010,251,
2011,251,
2012,251,
2013,251,
2014,251,
2015,251,
2016,251,
2017,251,
2018,251,
2019,251,
2020,251,
2008,252,
2009,252,
2010,252,
2011,252,
2012,252,
2013,252,
2014,252,
2015,252,
2016,252,
2017,252,
2018,252,
2019,252,
2020,252,
2008,253,
2009,253,
2010,253,
2011,253,
2012,253,
2013,253,12203
2014,253,11088
2015,253,17001
2016,253,47568
2017,253,59861
2018,253,53598
2019,253,78952
2020,253,97213
2008,254,2731
2009,254,3087
2010,254,5453
2011,254,4944
2012,254,4638
2013,254,6647
2014,254,7106
2015,254,12904
2016,254,16407
2017,254,15784
2018,254,24698
2019,254,28113
2020,254,44501
2008,255,1567
2009,255,117
2010,255,1935
2011,255,53
2012,255,14
2013,255,222
2014,255,367
2015,255,353
2016,255,1043
2017,255,637
2018,255,875
2019,255,724
2020,255,1415
2008,256,
2009,256,
2010,256,
2011,256,
2012,256,
2013,256,
2014,256,
2015,256,
2016,256,
2017,256,
2018,256,
2019,256,
2020,256,
2008,257,
2009,257,
2010,257,
2011,257,
2012,257,
2013,257,92806
2014,257,93181
2015,257,93898
2016,257,125594
2017,257,123514
2018,257,143910
2019,257,127537
2020,257,114006
2008,258,
2009,258,
2010,258,
2011,258,
2012,258,
2013,258,
2014,258,
2015,258,
2016,258,1729
2017,258,2058
2018,258,3802
2019,258,4479
2020,258,6167
2008,259,
2009,259,
2010,259,
2011,259,
2012,259,
2013,259,
2014,259,
2015,259,
2016,259,
2017,259,
2018,259,
2019,259,
2020,259,
2008,260,
2009,260,
2010,260,
2011,260,
2012,260,
2013,260,
2014,260,
2015,260,
2016,260,
2017,260,
2018,260,
2019,260,
2020,260,
2008,261,
2009,261,
2010,261,
2011,261,
2012,261,
2013,261,
2014,261,
2015,261,
2016,261,
2017,261,
2018,261,
2019,261,
2020,261,
2008,262,
2009,262,
2010,262,
2011,262,
2012,262,
2013,262,142261
2014,262,127987
2015,262,128349
2016,262,132512
2017,262,130854
2018,262,126122
2019,262,138754
2020,262,149812
2008,263,165668
2009,263,149439
2010,263,150920
2011,263,140109
2012,263,135363
2013,263,
2014,263,94216
2015,263,109388
2016,263,111027
2017,263,101113
2018,263,91258
2019,263,
2020,263,
2008,264,
2009,264,
2010,264,
2011,264,
2012,264,
2013,264,
2014,264,
2015,264,
2016,264,
2017,264,
2018,264,
2019,264,
2020,264,
2008,265,
2009,265,
2010,265,
2011,265,
2012,265,
2013,265,
2014,265,
2015,265,
2016,265,
2017,265,
2018,265,
2019,265,
2020,265,
2008,266,
2009,266,
2010,266,
2011,266,
2012,266,
2013,266,
2014,266,
2015,266,
2016,266,
2017,266,
2018,266,
2019,266,
2020,266,
2008,267,
2009,267,
2010,267,
2011,267,
2012,267,
2013,267,
2014,267,
2015,267,
2016,267,
2017,267,
2018,267,
2019,267,
2020,267,
2008,268,
2009,268,
2010,268,
2011,268,
2012,268,
2013,268,
2014,268,
2015,268,
2016,268,
2017,268,
2018,268,
2019,268,
2020,268,
2008,269,
2009,269,
2010,269,
2011,269,
2012,269,
2013,269,
2014,269,
2015,269,
2016,269,174000
2017,269,184050
2018,269,230930
2019,269,299090
2020,269,303021
2008,270,
2009,270,
2010,270,
2011,270,
2012,270,
2013,270,
2014,270,
2015,270,
2016,270,
2017,270,
2018,270,
2019,270,
2020,270,
2008,271,
2009,271,
2010,271,
2011,271,
2012,271,
2013,271,
2014,271,19727
2015,271,13910
2016,271,28197
2017,271,22166
2018,271,28063
2019,271,25751
2020,271,20532
2008,272,
2009,272,
2010,272,
2011,272,
2012,272,
2013,272,
2014,272,
2015,272,
2016,272,
2017,272,
2018,272,
2019,272,
2020,272,
2008,273,
2009,273,
2010,273,
2011,273,
2012,273,
2013,273,
2014,273,
2015,273,
2016,273,246
2017,273,441
2018,273,379
2019,273,561
2020,273,1768
2008,274,
2009,274,
2010,274,
2011,274,
2012,274,
2013,274,
2014,274,
2015,274,
2016,274,
2017,274,
2018,274,
2019,274,
2020,274,
2008,275,
2009,275,
2010,275,
2011,275,
2012,275,
2013,275,
2014,275,1537
2015,275,2394
2016,275,2873
2017,275,5507
2018,275,8041
2019,275,
2020,275,
2008,276,
2009,276,
2010,276,
2011,276,
2012,276,
2013,276,
2014,276,
2015,276,
2016,276,
2017,276,
2018,276,
2019,276,
2020,276,
2008,277,
2009,277,
2010,277,
2011,277,
2012,277,
2013,277,45758
2014,277,45305
2015,277,63425
2016,277,66306
2017,277,63786
2018,277,64259
2019,277,64568
2020,277,51576
2008,278,
2009,278,
2010,278,
2011,278,
2012,278,
2013,278,
2014,278,3945
2015,278,7049
2016,278,8925
2017,278,10454
2018,278,5971
2019,278,8031
2020,278,
2008,279,
2009,279,
2010,279,
2011,279,
2012,279,
2013,279,
2014,279,
2015,279,2281
2016,279,2056
2017,279,2928
2018,279,2643
2019,279,2763
2020,279,2492
2008,280,
2009,280,
2010,280,
2011,280,
2012,280,
2013,280,
2014,280,
2015,280,
2016,280,
2017,280,
2018,280,
2019,280,
2020,280,
2008,281,
2009,281,
2010,281,
2011,281,
2012,281,
2013,281,
2014,281,
2015,281,
2016,281,
2017,281,
2018,281,
2019,281,
2020,281,
2008,282,
2009,282,
2010,282,
2011,282,
2012,282,
2013,282,
2014,282,
2015,282,
2016,282,
2017,282,
2018,282,
2019,282,
2020,282,
2008,283,
2009,283,
2010,283,
2011,283,
2012,283,
2013,283,
2014,283,
2015,283,
2016,283,
2017,283,
2018,283,
2019,283,
2020,283,
2008,284,
2009,284,
2010,284,
2011,284,
2012,284,
2013,284,
2014,284,
2015,284,
2016,284,
2017,284,
2018,284,
2019,284,
2020,284,
2008,285,
2009,285,
2010,285,
2011,285,
2012,285,
2013,285,
2014,285,
2015,285,
2016,285,
2017,285,
2018,285,
2019,285,
2020,285,
2008,286,
2009,286,
2010,286,
2011,286,
2012,286,
2013,286,
2014,286,
2015,286,
2016,286,
2017,286,
2018,286,
2019,286,
2020,286,
2008,287,
2009,287,
2010,287,
2011,287,
2012,287,
2013,287,
2014,287,
2015,287,
2016,287,
2017,287,
2018,287,
2019,287,
2020,287,
2008,288,
2009,288,
2010,288,
2011,288,
2012,288,
2013,288,
2014,288,
2015,288,
2016,288,1196
2017,288,966
2018,288,812
2019,288,1496
2020,288,2563
2008,289,
2009,289,
2010,289,
2011,289,
2012,289,
2013,289,
2014,289,
2015,289,
2016,289,
2017,289,
2018,289,
2019,289,
2020,289,
2008,290,
2009,290,
2010,290,
2011,290,
2012,290,
2013,290,
2014,290,
2015,290,2336
2016,290,1651
2017,290,2009
2018,290,3435
2019,290,3098
2020,290,3388
2008,291,
2009,291,
2010,291,
2011,291,
2012,291,
2013,291,
2014,291,
2015,291,
2016,291,
2017,291,
2018,291,
2019,291,
2020,291,
2008,292,
2009,292,
2010,292,
2011,292,
2012,292,
2013,292,
2014,292,13403
2015,292,15251
2016,292,15574
2017,292,24765
2018,292,25365
2019,292,24360
2020,292,25923
2008,293,
2009,293,
2010,293,
2011,293,
2012,293,56728
2013,293,57701
2014,293,51641
2015,293,46872
2016,293,56717
2017,293,89441
2018,293,131407
2019,293,100335
2020,293,66454
2008,294,
2009,294,
2010,294,
2011,294,
2012,294,
2013,294,
2014,294,
2015,294,
2016,294,
2017,294,
2018,294,
2019,294,
2020,294,
2008,295,
2009,295,
2010,295,
2011,295,
2012,295,
2013,295,
2014,295,
2015,295,
2016,295,
2017,295,
2018,295,
2019,295,
2020,295,
2008,296,
2009,296,
2010,296,
2011,296,
2012,296,
2013,296,
2014,296,
2015,296,984
2016,296,1609
2017,296,2804
2018,296,1889
2019,296,2775
2020,296,2108
2008,297,
2009,297,
2010,297,
2011,297,
2012,297,
2013,297,
2014,297,
2015,297,3935
2016,297,3086
2017,297,2149
2018,297,2725
2019,297,1741
2020,297,4779
2008,298,
2009,298,
2010,298,
2011,298,
2012,298,
2013,298,
2014,298,
2015,298,
2016,298,
2017,298,99676
2018,298,110321
2019,298,125761
2020,298,111704
2008,299,
2009,299,
2010,299,
2011,299,
2012,299,
2013,299,
2014,299,
2015,299,2518
2016,299,4791
2017,299,5985
2018,299,
2019,299,
2020,299,
2008,300,
2009,300,
2010,300,
2011,300,
2012,300,
2013,300,
2014,300,
2015,300,
2016,300,
2017,300,
2018,300,
2019,300,
2020,300,
2008,301,
2009,301,
2010,301,
2011,301,
2012,301,
2013,301,
2014,301,
2015,301,
2016,301,
2017,301,
2018,301,
2019,301,
2020,301,
2008,302,
2009,302,
2010,302,
2011,302,
2012,302,
2013,302,
2014,302,
2015,302,3114
2016,302,2664
2017,302,3150
2018,302,3323
2019,302,3884
2020,302,3488
2008,303,
2009,303,
2010,303,
2011,303,
2012,303,
2013,303,
2014,303,
2015,303,
2016,303,
2017,303,
2018,303,
2019,303,
2020,303,
2008,304,
2009,304,
2010,304,
2011,304,
2012,304,
2013,304,
2014,304,
2015,304,
2016,304,
2017,304,
2018,304,
2019,304,
2020,304,
2008,305,
2009,305,
2010,305,
2011,305,
2012,305,
2013,305,
2014,305,
2015,305,
2016,305,
2017,305,
2018,305,
2019,305,
2020,305,
2008,306,
2009,306,
2010,306,
2011,306,
2012,306,
2013,306,
2014,306,
2015,306,
2016,306,
2017,306,
2018,306,
2019,306,
2020,306,
2008,307,
2009,307,
2010,307,
2011,307,
2012,307,
2013,307,
2014,307,
2015,307,
2016,307,
2017,307,
2018,307,
2019,307,
2020,307,
2008,308,
2009,308,
2010,308,
2011,308,
2012,308,
2013,308,
2014,308,
2015,308,
2016,308,2461
2017,308,3162
2018,308,4291
2019,308,3801
2020,308,2780
2008,309,
2009,309,
2010,309,
2011,309,
2012,309,
2013,309,
2014,309,
2015,309,
2016,309,
2017,309,
2018,309,
2019,309,
2020,309,
2008,310,
2009,310,
2010,310,
2011,310,
2012,310,
2013,310,
2014,310,
2015,310,
2016,310,
2017,310,
2018,310,
2019,310,
2020,310,
2008,311,
2009,311,
2010,311,
2011,311,
2012,311,
2013,311,
2014,311,
2015,311,
2016,311,
2017,311,
2018,311,
2019,311,
2020,311,
2008,312,
2009,312,
2010,312,
2011,312,
2012,312,
2013,312,
2014,312,
2015,312,
2016,312,
2017,312,
2018,312,
2019,312,
2020,312,
2008,313,
2009,313,
2010,313,
2011,313,
2012,313,
2013,313,
2014,313,
2015,313,
2016,313,
2017,313,
2018,313,
2019,313,
2020,313,
2008,314,
2009,314,
2010,314,
2011,314,
2012,314,
2013,314,
2014,314,
2015,314,
2016,314,
2017,314,
2018,314,
2019,314,
2020,314,
2008,315,
2009,315,
2010,315,
2011,315,
2012,315,
2013,315,
2014,315,
2015,315,
2016,315,
2017,315,
2018,315,
2019,315,
2020,315,
2008,316,
2009,316,
2010,316,
2011,316,
2012,316,
2013,316,
2014,316,
2015,316,
2016,316,
2017,316,
2018,316,
2019,316,
2020,316,
2008,317,
2009,317,
2010,317,
2011,317,
2012,317,
2013,317,
2014,317,
2015,317,
2016,317,
2017,317,
2018,317,
2019,317,
2020,317,
2008,318,
2009,318,
2010,318,
2011,318,
2012,318,
2013,318,
2014,318,
2015,318,
2016,318,
2017,318,
2018,318,
2019,318,
2020,318,
2008,319,
2009,319,
2010,319,
2011,319,
2012,319,
2013,319,
2014,319,
2015,319,
2016,319,
2017,319,
2018,319,
2019,319,
2020,319,
2008,320,
2009,320,
2010,320,
2011,320,
2012,320,
2013,320,
2014,320,
2015,320,
2016,320,401
2017,320,562
2018,320,678
2019,320,905
2020,320,1137
2008,321,
2009,321,
2010,321,
2011,321,
2012,321,
2013,321,
2014,321,
2015,321,
2016,321,
2017,321,
2018,321,
2019,321,
2020,321,
2008,322,
2009,322,
2010,322,
2011,322,
2012,322,
2013,322,
2014,322,
2015,322,
2016,322,
2017,322,
2018,322,
2019,322,
2020,322,
2008,323,
2009,323,
2010,323,
2011,323,
2012,323,
2013,323,
2014,323,
2015,323,
2016,323,
2017,323,
2018,323,
2019,323,
2020,323,
2008,324,
2009,324,
2010,324,
2011,324,
2012,324,
2013,324,
2014,324,
2015,324,
2016,324,
2017,324,
2018,324,
2019,324,
2020,324,
2008,325,
2009,325,
2010,325,
2011,325,
2012,325,
2013,325,
2014,325,
2015,325,
2016,325,
2017,325,
2018,325,
2019,325,
2020,325,
