Date,Id,interest expenses on debt
2008,1,
2009,1,
2010,1,
2011,1,
2012,1,
2013,1,
2014,1,
2015,1,
2016,1,
2017,1,
2018,1,
2019,1,
2020,1,
2008,2,157
2009,2,356
2010,2,2448
2011,2,3995
2012,2,3300
2013,2,5054
2014,2,8091
2015,2,30179
2016,2,
2017,2,
2018,2,
2019,2,
2020,2,
2008,3,
2009,3,
2010,3,
2011,3,
2012,3,
2013,3,
2014,3,484
2015,3,1256
2016,3,460
2017,3,280
2018,3,5
2019,3,205
2020,3,2
2008,4,
2009,4,
2010,4,
2011,4,
2012,4,
2013,4,119
2014,4,606
2015,4,2073
2016,4,
2017,4,
2018,4,1566
2019,4,2658
2020,4,
2008,5,
2009,5,
2010,5,
2011,5,
2012,5,
2013,5,
2014,5,2213
2015,5,1951
2016,5,1850
2017,5,1644
2018,5,1039
2019,5,1205
2020,5,
2008,6,
2009,6,
2010,6,
2011,6,
2012,6,
2013,6,
2014,6,478
2015,6,970
2016,6,585
2017,6,866
2018,6,
2019,6,
2020,6,
2008,7,
2009,7,
2010,7,
2011,7,
2012,7,2490
2013,7,3249
2014,7,2981
2015,7,3516
2016,7,4306
2017,7,7267
2018,7,7626
2019,7,
2020,7,
2008,8,12406
2009,8,12153
2010,8,9795
2011,8,12429
2012,8,15861
2013,8,15301
2014,8,15568
2015,8,14020
2016,8,11567
2017,8,11084
2018,8,14901
2019,8,16047
2020,8,18112
2008,9,48129
2009,9,38387
2010,9,33167
2011,9,39795
2012,9,
2013,9,49356
2014,9,57185
2015,9,52812
2016,9,52034
2017,9,50202
2018,9,47794
2019,9,42592
2020,9,42302
2008,10,35496
2009,10,28477
2010,10,23430
2011,10,25455
2012,10,28369
2013,10,36870
2014,10,41746
2015,10,40599
2016,10,37086
2017,10,35111
2018,10,33695
2019,10,28859
2020,10,28541
2008,11,977
2009,11,1793
2010,11,1855
2011,11,2915
2012,11,2641
2013,11,2704
2014,11,3069
2015,11,3939
2016,11,4035
2017,11,3437
2018,11,3112
2019,11,2887
2020,11,2552
2008,12,35233
2009,12,6870
2010,12,3585
2011,12,5443
2012,12,8570
2013,12,7504
2014,12,6034
2015,12,5601
2016,12,3251
2017,12,2225
2018,12,1971
2019,12,2212
2020,12,1988
2008,13,13978
2009,13,7366
2010,13,5503
2011,13,9118
2012,13,11104
2013,13,26189
2014,13,20462
2015,13,29262
2016,13,27378
2017,13,22124
2018,13,24510
2019,13,26494
2020,13,24025
2008,14,
2009,14,
2010,14,
2011,14,
2012,14,
2013,14,
2014,14,
2015,14,
2016,14,
2017,14,
2018,14,
2019,14,
2020,14,
2008,15,
2009,15,
2010,15,
2011,15,
2012,15,
2013,15,
2014,15,
2015,15,
2016,15,
2017,15,
2018,15,
2019,15,
2020,15,
2008,16,
2009,16,
2010,16,
2011,16,
2012,16,
2013,16,
2014,16,
2015,16,
2016,16,
2017,16,
2018,16,
2019,16,
2020,16,
2008,17,
2009,17,
2010,17,
2011,17,
2012,17,3586
2013,17,8131
2014,17,
2015,17,
2016,17,27729
2017,17,35697
2018,17,25685
2019,17,49060
2020,17,51162
2008,18,
2009,18,
2010,18,
2011,18,
2012,18,
2013,18,
2014,18,
2015,18,11
2016,18,35
2017,18,104
2018,18,101
2019,18,38
2020,18,39
2008,19,24859
2009,19,31429
2010,19,42400
2011,19,46200
2012,19,48400
2013,19,58800
2014,19,60600
2015,19,64400
2016,19,68800
2017,19,37400
2018,19,33600
2019,19,40800
2020,19,32600
2008,20,
2009,20,
2010,20,
2011,20,
2012,20,
2013,20,
2014,20,
2015,20,2532
2016,20,1683
2017,20,1198
2018,20,768
2019,20,994
2020,20,881
2008,21,
2009,21,
2010,21,
2011,21,
2012,21,10245
2013,21,8396
2014,21,8964
2015,21,8741
2016,21,7489
2017,21,6176
2018,21,5680
2019,21,8357
2020,21,
2008,22,
2009,22,
2010,22,
2011,22,1134
2012,22,980
2013,22,731
2014,22,705
2015,22,506
2016,22,504
2017,22,372
2018,22,295
2019,22,436
2020,22,567
2008,23,12979
2009,23,10005
2010,23,4225
2011,23,4462
2012,23,5455
2013,23,4964
2014,23,3312
2015,23,1789
2016,23,1763
2017,23,1556
2018,23,1514
2019,23,1407
2020,23,1119
2008,24,7351
2009,24,6316
2010,24,5938
2011,24,7379
2012,24,8572
2013,24,9221
2014,24,9644
2015,24,10442
2016,24,9318
2017,24,8756
2018,24,8480
2019,24,8329
2020,24,8003
2008,25,
2009,25,
2010,25,
2011,25,
2012,25,
2013,25,
2014,25,
2015,25,
2016,25,59
2017,25,9
2018,25,127
2019,25,
2020,25,
2008,26,61059
2009,26,33609
2010,26,28391
2011,26,39997
2012,26,49301
2013,26,9239
2014,26,59169
2015,26,61105
2016,26,61153
2017,26,62764
2018,26,59246
2019,26,15176
2020,26,24378
2008,27,4550
2009,27,2776
2010,27,1662
2011,27,2149
2012,27,2245
2013,27,1763
2014,27,1536
2015,27,1145
2016,27,977
2017,27,853
2018,27,817
2019,27,2400
2020,27,2234
2008,28,27257
2009,28,12730
2010,28,8003
2011,28,13447
2012,28,18180
2013,28,15396
2014,28,13079
2015,28,10101
2016,28,14179
2017,28,24602
2018,28,18627
2019,28,16431
2020,28,42819
2008,29,1129
2009,29,1050
2010,29,699
2011,29,1104
2012,29,1264
2013,29,1068
2014,29,1149
2015,29,1021
2016,29,801
2017,29,592
2018,29,
2019,29,
2020,29,
2008,30,18794
2009,30,16311
2010,30,13707
2011,30,17199
2012,30,25359
2013,30,27545
2014,30,31329
2015,30,31329
2016,30,24731
2017,30,25623
2018,30,24309
2019,30,25403
2020,30,28731
2008,31,80
2009,31,66
2010,31,70
2011,31,69
2012,31,73
2013,31,67
2014,31,100
2015,31,
2016,31,147
2017,31,124
2018,31,192
2019,31,142
2020,31,
2008,32,87
2009,32,28
2010,32,19
2011,32,22
2012,32,44
2013,32,28
2014,32,47
2015,32,46
2016,32,3728
2017,32,5406
2018,32,4728
2019,32,4039
2020,32,2603
2008,33,7068
2009,33,4520
2010,33,3496
2011,33,4505
2012,33,4831
2013,33,4880
2014,33,5062
2015,33,4286
2016,33,2635
2017,33,1629
2018,33,4417
2019,33,
2020,33,
2008,34,163268
2009,34,124732
2010,34,135260
2011,34,110475
2012,34,98929
2013,34,115514
2014,34,121645
2015,34,125226
2016,34,
2017,34,
2018,34,
2019,34,
2020,34,
2008,35,23357
2009,35,11334
2010,35,8312
2011,35,12678
2012,35,15327
2013,35,15111
2014,35,12727
2015,35,9947
2016,35,10952
2017,35,19524
2018,35,14280
2019,35,12818
2020,35,12809
2008,36,123947
2009,36,88188
2010,36,102125
2011,36,93805
2012,36,105780
2013,36,101175
2014,36,86444
2015,36,73811
2016,36,74416
2017,36,74386
2018,36,50741
2019,36,34658
2020,36,29312
2008,37,166921
2009,37,127730
2010,37,136406
2011,37,113299
2012,37,102412
2013,37,148797
2014,37,134299
2015,37,13764
2016,37,21781
2017,37,31290
2018,37,34355
2019,37,19504
2020,37,37005
2008,38,107007
2009,38,80792
2010,38,70563
2011,38,98864
2012,38,65181
2013,38,62174
2014,38,115958
2015,38,91362
2016,38,121618
2017,38,117051
2018,38,78544
2019,38,86149
2020,38,95671
2008,39,4440
2009,39,9839
2010,39,13336
2011,39,19054
2012,39,21813
2013,39,19760
2014,39,17285
2015,39,15978
2016,39,14148
2017,39,13436
2018,39,18562
2019,39,15976
2020,39,28502
2008,40,10638
2009,40,5241
2010,40,10143
2011,40,86651
2012,40,50862
2013,40,50716
2014,40,52987
2015,40,47392
2016,40,3014
2017,40,36783
2018,40,42997
2019,40,44445
2020,40,41216
2008,41,1072
2009,41,2319
2010,41,2346
2011,41,1082
2012,41,1313
2013,41,1156
2014,41,1301
2015,41,1020
2016,41,1306
2017,41,836
2018,41,3368
2019,41,3737
2020,41,4158
2008,42,3274000
2009,42,2416000
2010,42,2667000
2011,42,2752000
2012,42,2932000
2013,42,2883000
2014,42,2952000
2015,42,2828000
2016,42,2678000
2017,42,2439000
2018,42,2488000
2019,42,2599000
2020,42,2327000
2008,43,208200
2009,43,159500
2010,43,121900
2011,43,176800
2012,43,201100
2013,43,184500
2014,43,183400
2015,43,174600
2016,43,101000
2017,43,94000
2018,43,101000
2019,43,96300
2020,43,103200
2008,44,352
2009,44,1501
2010,44,3239
2011,44,3757
2012,44,4303
2013,44,4919
2014,44,4580
2015,44,4069
2016,44,3427
2017,44,
2018,44,
2019,44,
2020,44,
2008,45,
2009,45,
2010,45,
2011,45,
2012,45,
2013,45,
2014,45,
2015,45,
2016,45,
2017,45,
2018,45,
2019,45,
2020,45,
2008,46,106593
2009,46,79138
2010,46,78701
2011,46,88794
2012,46,103483
2013,46,107581
2014,46,106005
2015,46,95755
2016,46,118315
2017,46,79593
2018,46,86619
2019,46,85094
2020,46,77259
2008,47,57000
2009,47,234000
2010,47,135000
2011,47,146000
2012,47,177000
2013,47,263000
2014,47,163000
2015,47,140000
2016,47,134000
2017,47,113000
2018,47,108000
2019,47,98000
2020,47,77000
2008,48,249000
2009,48,134000
2010,48,111000
2011,48,196000
2012,48,246000
2013,48,278000
2014,48,315000
2015,48,378000
2016,48,
2017,48,
2018,48,
2019,48,
2020,48,
2008,49,
2009,49,
2010,49,16
2011,49,57
2012,49,55
2013,49,84
2014,49,419
2015,49,767
2016,49,638
2017,49,211
2018,49,274
2019,49,108
2020,49,
2008,50,
2009,50,
2010,50,
2011,50,
2012,50,2211
2013,50,1518
2014,50,431
2015,50,103
2016,50,777
2017,50,709
2018,50,1286
2019,50,1332
2020,50,1308
2008,51,
2009,51,
2010,51,
2011,51,
2012,51,
2013,51,
2014,51,
2015,51,
2016,51,
2017,51,
2018,51,
2019,51,
2020,51,
2008,52,
2009,52,
2010,52,
2011,52,
2012,52,
2013,52,
2014,52,284
2015,52,201
2016,52,195
2017,52,402
2018,52,432
2019,52,918
2020,52,1235
2008,53,1610
2009,53,1378
2010,53,1412
2011,53,1148
2012,53,1519
2013,53,1205
2014,53,1730
2015,53,1618
2016,53,1403
2017,53,1537
2018,53,813
2019,53,1205
2020,53,2099
2008,54,1229
2009,54,439
2010,54,329
2011,54,531
2012,54,
2013,54,688
2014,54,639
2015,54,586
2016,54,409
2017,54,307
2018,54,162
2019,54,301
2020,54,288
2008,55,6244
2009,55,5867
2010,55,5601
2011,55,5712
2012,55,7738
2013,55,7246
2014,55,6037
2015,55,2262
2016,55,1637
2017,55,2964
2018,55,1153
2019,55,415
2020,55,1921
2008,56,13036
2009,56,6401
2010,56,8945
2011,56,5265
2012,56,8630
2013,56,8082
2014,56,7223
2015,56,9473
2016,56,8507
2017,56,6787
2018,56,12863
2019,56,2156
2020,56,2209
2008,57,727
2009,57,351
2010,57,282
2011,57,765
2012,57,1212
2013,57,1269
2014,57,1170
2015,57,721
2016,57,726
2017,57,560
2018,57,856
2019,57,
2020,57,
2008,58,64000
2009,58,34000
2010,58,38000
2011,58,66000
2012,58,83000
2013,58,70000
2014,58,66000
2015,58,54000
2016,58,52000
2017,58,42000
2018,58,43000
2019,58,55000
2020,58,49000
2008,59,302
2009,59,61
2010,59,42
2011,59,44
2012,59,93
2013,59,54
2014,59,6
2015,59,1
2016,59,0
2017,59,0
2018,59,
2019,59,125
2020,59,105
2008,60,5675
2009,60,4076
2010,60,3489
2011,60,5260
2012,60,6247
2013,60,6244
2014,60,5336
2015,60,4318
2016,60,3198
2017,60,2931
2018,60,2945
2019,60,3064
2020,60,2285
2008,61,1188
2009,61,1589
2010,61,794
2011,61,1461
2012,61,1419
2013,61,1632
2014,61,1570
2015,61,1272
2016,61,786
2017,61,465
2018,61,199
2019,61,412
2020,61,463
2008,62,4003
2009,62,1144
2010,62,1794
2011,62,2733
2012,62,4052
2013,62,3874
2014,62,2669
2015,62,2903
2016,62,788
2017,62,2734
2018,62,1084
2019,62,862
2020,62,1086
2008,63,2159
2009,63,463
2010,63,155
2011,63,263
2012,63,194
2013,63,135
2014,63,220
2015,63,90
2016,63,45
2017,63,472
2018,63,741
2019,63,1121
2020,63,6029
2008,64,2341000
2009,64,2129000
2010,64,2108000
2011,64,1989000
2012,64,2015000
2013,64,1876000
2014,64,1845000
2015,64,2013000
2016,64,1525000
2017,64,1463000
2018,64,1288000
2019,64,1413000
2020,64,1240000
2008,65,13222
2009,65,2492
2010,65,2051
2011,65,3001
2012,65,6151
2013,65,8237
2014,65,8688
2015,65,5254
2016,65,4107
2017,65,3902
2018,65,3527
2019,65,5109
2020,65,4779
2008,66,
2009,66,
2010,66,0
2011,66,12479
2012,66,7771
2013,66,16406
2014,66,20473
2015,66,32979
2016,66,18822
2017,66,13837
2018,66,13482
2019,66,22670
2020,66,14568
2008,67,1564
2009,67,1218
2010,67,873
2011,67,1037
2012,67,1019
2013,67,699
2014,67,743
2015,67,628
2016,67,642
2017,67,986
2018,67,1253
2019,67,1389
2020,67,1750
2008,68,2768
2009,68,1584
2010,68,822
2011,68,398
2012,68,118
2013,68,250
2014,68,176
2015,68,212
2016,68,223
2017,68,427
2018,68,438
2019,68,458
2020,68,821
2008,69,48500
2009,69,45200
2010,69,27400
2011,69,4900
2012,69,5500
2013,69,8700
2014,69,10300
2015,69,14100
2016,69,18200
2017,69,21400
2018,69,
2019,69,
2020,69,
2008,70,202
2009,70,172
2010,70,93
2011,70,392
2012,70,1276
2013,70,1246
2014,70,1058
2015,70,571
2016,70,586
2017,70,166
2018,70,209
2019,70,185
2020,70,98
2008,71,101
2009,71,34
2010,71,23
2011,71,36
2012,71,13
2013,71,70
2014,71,44
2015,71,53
2016,71,47
2017,71,49
2018,71,36
2019,71,237
2020,71,315
2008,72,11047
2009,72,6064
2010,72,3637
2011,72,3633
2012,72,
2013,72,5084
2014,72,4622
2015,72,3897
2016,72,3038
2017,72,2466
2018,72,2485
2019,72,3658
2020,72,3089
2008,73,175
2009,73,186
2010,73,171
2011,73,196
2012,73,242
2013,73,370
2014,73,321
2015,73,260
2016,73,344
2017,73,
2018,73,
2019,73,
2020,73,
2008,74,
2009,74,
2010,74,
2011,74,
2012,74,
2013,74,
2014,74,
2015,74,
2016,74,
2017,74,
2018,74,
2019,74,
2020,74,
2008,75,
2009,75,
2010,75,
2011,75,
2012,75,
2013,75,
2014,75,77
2015,75,109
2016,75,193
2017,75,155
2018,75,139
2019,75,277
2020,75,454
2008,76,276000
2009,76,190000
2010,76,225000
2011,76,262000
2012,76,320000
2013,76,489000
2014,76,385000
2015,76,379000
2016,76,634000
2017,76,281000
2018,76,242000
2019,76,204000
2020,76,171000
2008,77,95349
2009,77,122512
2010,77,51466
2011,77,79775
2012,77,102421
2013,77,100149
2014,77,98836
2015,77,94687
2016,77,132138
2017,77,89585
2018,77,123377
2019,77,87357
2020,77,60459
2008,78,50200
2009,78,23876
2010,78,13245
2011,78,91728
2012,78,107049
2013,78,128732
2014,78,132750
2015,78,117000
2016,78,105700
2017,78,96500
2018,78,96600
2019,78,96400
2020,78,79100
2008,79,4288
2009,79,2849
2010,79,2140
2011,79,3193
2012,79,3469
2013,79,2590
2014,79,2415
2015,79,1850
2016,79,1247
2017,79,1077
2018,79,979
2019,79,624
2020,79,969
2008,80,4975
2009,80,1933
2010,80,1466
2011,80,3689
2012,80,4361
2013,80,2715
2014,80,2225
2015,80,1137
2016,80,601
2017,80,554
2018,80,1023
2019,80,1075
2020,80,1543
2008,81,157000
2009,81,141000
2010,81,130000
2011,81,129000
2012,81,117000
2013,81,122000
2014,81,101000
2015,81,81000
2016,81,60000
2017,81,26000
2018,81,5000
2019,81,22000
2020,81,10000
2008,82,
2009,82,
2010,82,
2011,82,
2012,82,5660
2013,82,6125
2014,82,7022
2015,82,10893
2016,82,
2017,82,
2018,82,
2019,82,
2020,82,
2008,83,3504
2009,83,1552
2010,83,1534
2011,83,2408
2012,83,3125
2013,83,3144
2014,83,2155
2015,83,2364
2016,83,1710
2017,83,1487
2018,83,916
2019,83,875
2020,83,1009
2008,84,162068
2009,84,111263
2010,84,121181
2011,84,132266
2012,84,135265
2013,84,
2014,84,74484
2015,84,45314
2016,84,44557
2017,84,43911
2018,84,42957
2019,84,43969
2020,84,52143
2008,85,8574
2009,85,6083
2010,85,4765
2011,85,4823
2012,85,3362
2013,85,2491
2014,85,1930
2015,85,1379
2016,85,4352
2017,85,769
2018,85,685
2019,85,1316
2020,85,868
2008,86,162068
2009,86,111263
2010,86,121181
2011,86,132266
2012,86,135265
2013,86,
2014,86,74484
2015,86,45314
2016,86,44557
2017,86,43911
2018,86,42957
2019,86,43969
2020,86,52143
2008,87,1979
2009,87,1084
2010,87,992
2011,87,1432
2012,87,2181
2013,87,2149
2014,87,1749
2015,87,901
2016,87,196
2017,87,156
2018,87,206
2019,87,284
2020,87,
2008,88,515
2009,88,288
2010,88,249
2011,88,255
2012,88,256
2013,88,214
2014,88,486
2015,88,595
2016,88,456
2017,88,1250
2018,88,375
2019,88,
2020,88,
2008,89,2283
2009,89,1541
2010,89,1675
2011,89,2557
2012,89,2287
2013,89,
2014,89,2867
2015,89,
2016,89,2749
2017,89,
2018,89,2540
2019,89,
2020,89,
2008,90,1112
2009,90,735
2010,90,95
2011,90,242
2012,90,554
2013,90,841
2014,90,1312
2015,90,2573
2016,90,2225
2017,90,1877
2018,90,
2019,90,
2020,90,
2008,91,
2009,91,
2010,91,
2011,91,
2012,91,
2013,91,147
2014,91,415
2015,91,421
2016,91,360
2017,91,688
2018,91,471
2019,91,557
2020,91,
2008,92,
2009,92,
2010,92,
2011,92,
2012,92,
2013,92,
2014,92,66
2015,92,72
2016,92,174
2017,92,172
2018,92,149
2019,92,83
2020,92,
2008,93,
2009,93,
2010,93,
2011,93,
2012,93,
2013,93,
2014,93,
2015,93,
2016,93,
2017,93,
2018,93,
2019,93,
2020,93,
2008,94,
2009,94,
2010,94,
2011,94,
2012,94,
2013,94,
2014,94,
2015,94,
2016,94,
2017,94,
2018,94,
2019,94,
2020,94,
2008,95,16114
2009,95,11779
2010,95,10601
2011,95,26773
2012,95,24145
2013,95,27689
2014,95,21938
2015,95,24269
2016,95,18566
2017,95,18766
2018,95,13095
2019,95,25945
2020,95,28470
2008,96,16762
2009,96,12792
2010,96,13136
2011,96,10938
2012,96,8816
2013,96,6619
2014,96,
2015,96,
2016,96,
2017,96,
2018,96,
2019,96,
2020,96,
2008,97,8558
2009,97,6874
2010,97,6462
2011,97,5432
2012,97,2217
2013,97,2326
2014,97,2065
2015,97,1880
2016,97,1381
2017,97,488
2018,97,477
2019,97,3077
2020,97,3104
2008,98,1389
2009,98,2642
2010,98,219
2011,98,264
2012,98,3042
2013,98,2853
2014,98,2467
2015,98,1189
2016,98,2453
2017,98,3819
2018,98,4004
2019,98,3517
2020,98,2943
2008,99,3048
2009,99,2124
2010,99,2419
2011,99,4177
2012,99,5853
2013,99,6570
2014,99,6780
2015,99,6154
2016,99,4306
2017,99,3673
2018,99,
2019,99,
2020,99,
2008,100,31532
2009,100,12859
2010,100,10871
2011,100,10987
2012,100,11935
2013,100,11826
2014,100,10819
2015,100,6880
2016,100,5630
2017,100,5634
2018,100,4084
2019,100,4118
2020,100,5249
2008,101,1165
2009,101,537
2010,101,359
2011,101,516
2012,101,693
2013,101,693
2014,101,782
2015,101,620
2016,101,426
2017,101,230
2018,101,225
2019,101,202
2020,101,202
2008,102,2169
2009,102,1964
2010,102,1647
2011,102,3361
2012,102,3659
2013,102,3302
2014,102,3359
2015,102,2738
2016,102,2403
2017,102,2414
2018,102,2094
2019,102,2545
2020,102,3122
2008,103,9147
2009,103,6373
2010,103,4108
2011,103,4931
2012,103,5389
2013,103,4778
2014,103,5090
2015,103,7027
2016,103,8580
2017,103,4182
2018,103,2848
2019,103,
2020,103,
2008,104,838
2009,104,822
2010,104,393
2011,104,297
2012,104,354
2013,104,84
2014,104,776
2015,104,692
2016,104,373
2017,104,288
2018,104,82
2019,104,74
2020,104,969
2008,105,127
2009,105,90
2010,105,41
2011,105,86
2012,105,164
2013,105,133
2014,105,78
2015,105,93
2016,105,77
2017,105,79
2018,105,71
2019,105,96
2020,105,266
2008,106,2925
2009,106,1722
2010,106,831
2011,106,1053
2012,106,3149
2013,106,2977
2014,106,2811
2015,106,3442
2016,106,2711
2017,106,2259
2018,106,2086
2019,106,2875
2020,106,2917
2008,107,9379
2009,107,4302
2010,107,4044
2011,107,4692
2012,107,3256
2013,107,2494
2014,107,1454
2015,107,1268
2016,107,200
2017,107,62
2018,107,103
2019,107,272
2020,107,406
2008,108,
2009,108,
2010,108,
2011,108,
2012,108,
2013,108,429
2014,108,1200
2015,108,3686
2016,108,5864
2017,108,9068
2018,108,19568
2019,108,31314
2020,108,26938
2008,109,
2009,109,1624
2010,109,1339
2011,109,3777
2012,109,2927
2013,109,2246
2014,109,1422
2015,109,745
2016,109,
2017,109,
2018,109,
2019,109,
2020,109,
2008,110,122
2009,110,202
2010,110,328
2011,110,275
2012,110,1531
2013,110,17
2014,110,19
2015,110,0
2016,110,83
2017,110,2
2018,110,21
2019,110,7
2020,110,4
2008,111,5716
2009,111,3460
2010,111,2285
2011,111,2887
2012,111,1529
2013,111,1141
2014,111,973
2015,111,901
2016,111,877
2017,111,303
2018,111,0
2019,111,151
2020,111,2552
2008,112,11412
2009,112,6638
2010,112,5479
2011,112,8626
2012,112,8633
2013,112,8380
2014,112,12167
2015,112,12025
2016,112,
2017,112,9463
2018,112,9401
2019,112,15802
2020,112,
2008,113,2117
2009,113,2282
2010,113,1471
2011,113,2243
2012,113,3205
2013,113,3516
2014,113,2605
2015,113,1914
2016,113,1595
2017,113,1380
2018,113,1358
2019,113,2231
2020,113,2538
2008,114,988
2009,114,494
2010,114,239
2011,114,262
2012,114,318
2013,114,340
2014,114,267
2015,114,161
2016,114,181
2017,114,232
2018,114,448
2019,114,526
2020,114,
2008,115,1924
2009,115,1343
2010,115,950
2011,115,1138
2012,115,1207
2013,115,1108
2014,115,1393
2015,115,1079
2016,115,
2017,115,
2018,115,
2019,115,
2020,115,
2008,116,1734
2009,116,992
2010,116,559
2011,116,689
2012,116,452
2013,116,455
2014,116,283
2015,116,289
2016,116,620
2017,116,279
2018,116,846
2019,116,992
2020,116,1081
2008,117,2875
2009,117,2283
2010,117,2659
2011,117,3613
2012,117,2615
2013,117,3810
2014,117,5443
2015,117,5355
2016,117,4190
2017,117,3558
2018,117,3446
2019,117,5170
2020,117,5612
2008,118,23440
2009,118,8345
2010,118,9760
2011,118,15795
2012,118,18709
2013,118,19695
2014,118,17066
2015,118,19122
2016,118,13135
2017,118,10493
2018,118,8949
2019,118,9121
2020,118,11949
2008,119,13922
2009,119,8294
2010,119,9379
2011,119,10500
2012,119,8993
2013,119,7992
2014,119,10101
2015,119,6419
2016,119,4718
2017,119,4080
2018,119,3677
2019,119,5371
2020,119,5546
2008,120,
2009,120,
2010,120,
2011,120,15781
2012,120,18930
2013,120,68401
2014,120,75683
2015,120,86169
2016,120,85848
2017,120,81380
2018,120,82640
2019,120,66964
2020,120,74277
2008,121,
2009,121,
2010,121,
2011,121,
2012,121,512000
2013,121,504000
2014,121,638438
2015,121,810554
2016,121,735688
2017,121,618891
2018,121,550813
2019,121,378437
2020,121,285901
2008,122,14399
2009,122,15417
2010,122,5896
2011,122,9773
2012,122,12259
2013,122,9796
2014,122,8831
2015,122,10026
2016,122,7674
2017,122,7675
2018,122,6101
2019,122,6096
2020,122,6148
2008,123,
2009,123,
2010,123,
2011,123,
2012,123,
2013,123,
2014,123,319
2015,123,226
2016,123,225
2017,123,425
2018,123,211
2019,123,297
2020,123,196
2008,124,
2009,124,
2010,124,
2011,124,
2012,124,
2013,124,
2014,124,
2015,124,428
2016,124,613
2017,124,708
2018,124,977
2019,124,1117
2020,124,2152
2008,125,
2009,125,
2010,125,
2011,125,
2012,125,
2013,125,
2014,125,
2015,125,2100
2016,125,1794
2017,125,1462
2018,125,1483
2019,125,2587
2020,125,1967
2008,126,28017
2009,126,13955
2010,126,13023
2011,126,12936
2012,126,8977
2013,126,8843
2014,126,17311
2015,126,6087
2016,126,5655
2017,126,5744
2018,126,5636
2019,126,5588
2020,126,4261
2008,127,2623
2009,127,2539
2010,127,3715
2011,127,6453
2012,127,6484
2013,127,
2014,127,12370
2015,127,2579
2016,127,3937
2017,127,7204
2018,127,6295
2019,127,6340
2020,127,5729
2008,128,109386
2009,128,83216
2010,128,63214
2011,128,87182
2012,128,100944
2013,128,89730
2014,128,101076
2015,128,96581
2016,128,113229
2017,128,98387
2018,128,92877
2019,128,
2020,128,
2008,129,6118
2009,129,3411
2010,129,2304
2011,129,2866
2012,129,3658
2013,129,2818
2014,129,4769
2015,129,4242
2016,129,3648
2017,129,3144
2018,129,
2019,129,
2020,129,
2008,130,2273
2009,130,3899
2010,130,3068
2011,130,2769
2012,130,5882
2013,130,2224
2014,130,1636
2015,130,1786
2016,130,8206
2017,130,4688
2018,130,1087
2019,130,
2020,130,
2008,131,599
2009,131,135
2010,131,175
2011,131,351
2012,131,409
2013,131,325
2014,131,429
2015,131,1068
2016,131,693
2017,131,577
2018,131,512
2019,131,636
2020,131,684
2008,132,499435
2009,132,492277
2010,132,466852
2011,132,500065
2012,132,651665
2013,132,763252
2014,132,704837
2015,132,140540
2016,132,632628
2017,132,600525
2018,132,710364
2019,132,1098000
2020,132,1276000
2008,133,10522
2009,133,7007
2010,133,5823
2011,133,6347
2012,133,7248
2013,133,8809
2014,133,10420
2015,133,18590
2016,133,
2017,133,
2018,133,
2019,133,
2020,133,
2008,134,84954
2009,134,58022
2010,134,38835
2011,134,63352
2012,134,123021
2013,134,109387
2014,134,119786
2015,134,116913
2016,134,110599
2017,134,98301
2018,134,94614
2019,134,90724
2020,134,82711
2008,135,
2009,135,
2010,135,
2011,135,
2012,135,2766
2013,135,1494
2014,135,1603
2015,135,1259
2016,135,940
2017,135,661
2018,135,520
2019,135,453
2020,135,584
2008,136,3889
2009,136,4382
2010,136,2942
2011,136,3045
2012,136,3216
2013,136,2677
2014,136,2014
2015,136,917
2016,136,667
2017,136,630
2018,136,217
2019,136,513
2020,136,1288
2008,137,22
2009,137,7
2010,137,5
2011,137,61
2012,137,38
2013,137,32
2014,137,13
2015,137,65
2016,137,31
2017,137,35
2018,137,84
2019,137,208
2020,137,196
2008,138,
2009,138,
2010,138,
2011,138,
2012,138,
2013,138,
2014,138,
2015,138,
2016,138,
2017,138,
2018,138,
2019,138,
2020,138,
2008,139,1427
2009,139,183
2010,139,348
2011,139,451
2012,139,389
2013,139,336
2014,139,288
2015,139,224
2016,139,152
2017,139,194
2018,139,206
2019,139,186
2020,139,172
2008,140,5307
2009,140,4488
2010,140,3988
2011,140,3513
2012,140,4056
2013,140,2154
2014,140,1819
2015,140,1361
2016,140,677
2017,140,13
2018,140,1
2019,140,
2020,140,
2008,141,4526
2009,141,2134
2010,141,1070
2011,141,1383
2012,141,1334
2013,141,926
2014,141,991
2015,141,786
2016,141,842
2017,141,595
2018,141,246
2019,141,357
2020,141,336
2008,142,124
2009,142,26
2010,142,4
2011,142,3
2012,142,3
2013,142,2
2014,142,113
2015,142,71
2016,142,5100
2017,142,12300
2018,142,6900
2019,142,7900
2020,142,6500
2008,143,9197
2009,143,5604
2010,143,4398
2011,143,5450
2012,143,6292
2013,143,6664
2014,143,
2015,143,4767
2016,143,3829
2017,143,3592
2018,143,3628
2019,143,4573
2020,143,
2008,144,952
2009,144,467
2010,144,53
2011,144,60
2012,144,139
2013,144,1136
2014,144,2615
2015,144,3833
2016,144,5383
2017,144,2847
2018,144,919
2019,144,621
2020,144,709
2008,145,2011
2009,145,956
2010,145,696
2011,145,833
2012,145,799
2013,145,997
2014,145,1104
2015,145,633
2016,145,442
2017,145,107
2018,145,48
2019,145,85
2020,145,121
2008,146,283
2009,146,147
2010,146,128
2011,146,383
2012,146,727
2013,146,1309
2014,146,1356
2015,146,3389
2016,146,2365
2017,146,1907
2018,146,2025
2019,146,2146
2020,146,2247
2008,147,50610
2009,147,23328
2010,147,19279
2011,147,13606
2012,147,17816
2013,147,15389
2014,147,22291
2015,147,17265
2016,147,15961
2017,147,10796
2018,147,4855
2019,147,5572
2020,147,4925
2008,148,6096
2009,148,3559
2010,148,2295
2011,148,2766
2012,148,2981
2013,148,3250
2014,148,3875
2015,148,2267
2016,148,1587
2017,148,1672
2018,148,1790
2019,148,2034
2020,148,
2008,149,19185
2009,149,18164
2010,149,16078
2011,149,15146
2012,149,12567
2013,149,11208
2014,149,12792
2015,149,7120
2016,149,7482
2017,149,7966
2018,149,8589
2019,149,5832
2020,149,
2008,150,71400
2009,150,28200
2010,150,27100
2011,150,44000
2012,150,40500
2013,150,51100
2014,150,55400
2015,150,49900
2016,150,49300
2017,150,40800
2018,150,27200
2019,150,10500
2020,150,9400
2008,151,
2009,151,
2010,151,
2011,151,61
2012,151,164
2013,151,108
2014,151,8
2015,151,1
2016,151,50
2017,151,182
2018,151,298
2019,151,410
2020,151,507
2008,152,
2009,152,
2010,152,
2011,152,
2012,152,
2013,152,
2014,152,51
2015,152,44
2016,152,1
2017,152,
2018,152,16
2019,152,8
2020,152,1
2008,153,75200
2009,153,30900
2010,153,23700
2011,153,21100
2012,153,14400
2013,153,14300
2014,153,21000
2015,153,18400
2016,153,16000
2017,153,11700
2018,153,6400
2019,153,7100
2020,153,5700
2008,154,
2009,154,
2010,154,
2011,154,
2012,154,
2013,154,34
2014,154,30
2015,154,4
2016,154,4
2017,154,79
2018,154,29
2019,154,222
2020,154,204
2008,155,
2009,155,
2010,155,
2011,155,
2012,155,
2013,155,
2014,155,1709
2015,155,1578
2016,155,1031
2017,155,997
2018,155,970
2019,155,1081
2020,155,953
2008,156,
2009,156,
2010,156,
2011,156,3636
2012,156,4068
2013,156,2915
2014,156,2435
2015,156,1744
2016,156,1346
2017,156,997
2018,156,515
2019,156,31
2020,156,610
2008,157,
2009,157,
2010,157,
2011,157,
2012,157,62
2013,157,57
2014,157,31
2015,157,59
2016,157,241
2017,157,265
2018,157,792
2019,157,
2020,157,
2008,158,
2009,158,
2010,158,
2011,158,
2012,158,
2013,158,
2014,158,
2015,158,
2016,158,
2017,158,
2018,158,
2019,158,
2020,158,
2008,159,
2009,159,
2010,159,
2011,159,
2012,159,
2013,159,
2014,159,
2015,159,
2016,159,18
2017,159,150
2018,159,24
2019,159,24
2020,159,
2008,160,
2009,160,
2010,160,
2011,160,203
2012,160,274
2013,160,198
2014,160,217
2015,160,395
2016,160,486
2017,160,453
2018,160,680
2019,160,1033
2020,160,961
2008,161,
2009,161,
2010,161,
2011,161,
2012,161,
2013,161,
2014,161,30
2015,161,228
2016,161,259
2017,161,335
2018,161,339
2019,161,446
2020,161,300
2008,162,
2009,162,
2010,162,
2011,162,
2012,162,
2013,162,
2014,162,2
2015,162,1
2016,162,
2017,162,
2018,162,162
2019,162,161
2020,162,291
2008,163,
2009,163,
2010,163,
2011,163,
2012,163,
2013,163,
2014,163,10
2015,163,0
2016,163,
2017,163,
2018,163,
2019,163,98
2020,163,29
2008,164,381
2009,164,444
2010,164,834
2011,164,195
2012,164,415
2013,164,552
2014,164,541
2015,164,206
2016,164,119
2017,164,192
2018,164,103
2019,164,53
2020,164,41
2008,165,
2009,165,
2010,165,
2011,165,
2012,165,
2013,165,
2014,165,
2015,165,
2016,165,
2017,165,
2018,165,
2019,165,
2020,165,
2008,166,
2009,166,
2010,166,
2011,166,
2012,166,
2013,166,
2014,166,3576
2015,166,1071
2016,166,1522
2017,166,1475
2018,166,1097
2019,166,20567
2020,166,69554
2008,167,25224
2009,167,18237
2010,167,22749
2011,167,34100
2012,167,30131
2013,167,29188
2014,167,40405
2015,167,37709
2016,167,36585
2017,167,12320
2018,167,17250
2019,167,19826
2020,167,17604
2008,168,875
2009,168,1268
2010,168,2414
2011,168,9943
2012,168,8111
2013,168,4914
2014,168,4020
2015,168,2066
2016,168,2007
2017,168,1877
2018,168,1486
2019,168,1547
2020,168,6016
2008,169,993000
2009,169,753000
2010,169,766000
2011,169,922000
2012,169,980000
2013,169,1914000
2014,169,922000
2015,169,1294000
2016,169,757000
2017,169,751000
2018,169,685000
2019,169,1118000
2020,169,966000
2008,170,94119
2009,170,48897
2010,170,40374
2011,170,53060
2012,170,45310
2013,170,41833
2014,170,34410
2015,170,25076
2016,170,40168
2017,170,28720
2018,170,30845
2019,170,42317
2020,170,39209
2008,171,16404
2009,171,8380
2010,171,9866
2011,171,23718
2012,171,
2013,171,
2014,171,5373
2015,171,6421
2016,171,6604
2017,171,10111
2018,171,5360
2019,171,12665
2020,171,11425
2008,172,691
2009,172,471
2010,172,389
2011,172,151
2012,172,307
2013,172,1017
2014,172,413
2015,172,1012
2016,172,858
2017,172,674
2018,172,712
2019,172,764
2020,172,799
2008,173,208000
2009,173,85000
2010,173,64000
2011,173,116000
2012,173,140000
2013,173,170000
2014,173,199000
2015,173,204000
2016,173,109000
2017,173,102000
2018,173,95000
2019,173,147000
2020,173,137000
2008,174,135267
2009,174,91571
2010,174,103037
2011,174,114526
2012,174,130456
2013,174,87863
2014,174,96755
2015,174,93040
2016,174,69173
2017,174,60974
2018,174,49802
2019,174,
2020,174,
2008,175,784
2009,175,650
2010,175,668
2011,175,1621
2012,175,1475
2013,175,1059
2014,175,759
2015,175,902
2016,175,2724
2017,175,1692
2018,175,1292
2019,175,16309
2020,175,16454
2008,176,4267
2009,176,2969
2010,176,2702
2011,176,3286
2012,176,3236
2013,176,2989
2014,176,2500
2015,176,1840
2016,176,1394
2017,176,1141
2018,176,961
2019,176,1100
2020,176,1145
2008,177,2893
2009,177,3126
2010,177,1029
2011,177,4055
2012,177,4742
2013,177,772
2014,177,2212
2015,177,1107
2016,177,919
2017,177,795
2018,177,589
2019,177,5445
2020,177,5378
2008,178,43066
2009,178,42921
2010,178,27483
2011,178,23564
2012,178,19852
2013,178,11828
2014,178,10228
2015,178,8097
2016,178,7570
2017,178,7698
2018,178,11890
2019,178,7661
2020,178,12049
2008,179,1716
2009,179,779
2010,179,565
2011,179,775
2012,179,987
2013,179,849
2014,179,609
2015,179,341
2016,179,226
2017,179,283
2018,179,254
2019,179,287
2020,179,282
2008,180,5070
2009,180,2976
2010,180,2888
2011,180,4349
2012,180,6904
2013,180,6547
2014,180,5350
2015,180,3496
2016,180,2274
2017,180,1333
2018,180,722
2019,180,587
2020,180,2709
2008,181,1559
2009,181,1015
2010,181,601
2011,181,517
2012,181,367
2013,181,291
2014,181,196
2015,181,285
2016,181,248
2017,181,224
2018,181,319
2019,181,553
2020,181,674
2008,182,11018
2009,182,5808
2010,182,3914
2011,182,3114
2012,182,2106
2013,182,1820
2014,182,1983
2015,182,8034
2016,182,6942
2017,182,2427
2018,182,
2019,182,
2020,182,
2008,183,5937
2009,183,2669
2010,183,2337
2011,183,2633
2012,183,4116
2013,183,3532
2014,183,4485
2015,183,5498
2016,183,4819
2017,183,3232
2018,183,1672
2019,183,19468
2020,183,17563
2008,184,9933
2009,184,6951
2010,184,7441
2011,184,6391
2012,184,5777
2013,184,4379
2014,184,
2015,184,
2016,184,
2017,184,
2018,184,
2019,184,
2020,184,
2008,185,
2009,185,835
2010,185,886
2011,185,935
2012,185,1634
2013,185,1495
2014,185,2070
2015,185,2104
2016,185,1691
2017,185,1372
2018,185,1082
2019,185,12029
2020,185,12920
2008,186,1371
2009,186,802
2010,186,852
2011,186,1139
2012,186,1345
2013,186,601
2014,186,529
2015,186,331
2016,186,165
2017,186,142
2018,186,125
2019,186,112
2020,186,122
2008,187,
2009,187,
2010,187,
2011,187,
2012,187,222
2013,187,298
2014,187,419
2015,187,783
2016,187,1022
2017,187,716
2018,187,719
2019,187,430
2020,187,366
2008,188,
2009,188,
2010,188,9245
2011,188,14147
2012,188,18666
2013,188,18314
2014,188,12164
2015,188,5975
2016,188,3233
2017,188,1899
2018,188,1294
2019,188,21746
2020,188,23023
2008,189,
2009,189,
2010,189,
2011,189,
2012,189,
2013,189,59545
2014,189,52791
2015,189,45400
2016,189,21537
2017,189,11754
2018,189,11744
2019,189,13019
2020,189,67694
2008,190,
2009,190,
2010,190,
2011,190,
2012,190,
2013,190,
2014,190,
2015,190,58
2016,190,54
2017,190,109
2018,190,150
2019,190,155
2020,190,137
2008,191,2029
2009,191,1275
2010,191,1435
2011,191,1457
2012,191,1226
2013,191,2598
2014,191,3374
2015,191,1044
2016,191,324
2017,191,202
2018,191,26
2019,191,63
2020,191,55
2008,192,64
2009,192,45
2010,192,5
2011,192,6
2012,192,16
2013,192,
2014,192,
2015,192,
2016,192,132
2017,192,85
2018,192,56
2019,192,572
2020,192,2239
2008,193,15
2009,193,11
2010,193,54
2011,193,43
2012,193,
2013,193,7
2014,193,2
2015,193,0
2016,193,33
2017,193,0
2018,193,0
2019,193,132
2020,193,
2008,194,6926
2009,194,4786
2010,194,4140
2011,194,6757
2012,194,7179
2013,194,10230
2014,194,16632
2015,194,12236
2016,194,11574
2017,194,13525
2018,194,16246
2019,194,19874
2020,194,17503
2008,195,
2009,195,
2010,195,
2011,195,304
2012,195,196
2013,195,169
2014,195,139
2015,195,98
2016,195,61
2017,195,64
2018,195,145
2019,195,
2020,195,
2008,196,2991
2009,196,2377
2010,196,1797
2011,196,1977
2012,196,1806
2013,196,1647
2014,196,1950
2015,196,1334
2016,196,1017
2017,196,816
2018,196,1224
2019,196,4206
2020,196,4477
2008,197,4064
2009,197,3107
2010,197,2708
2011,197,2716
2012,197,4391
2013,197,4617
2014,197,2838
2015,197,3309
2016,197,1741
2017,197,
2018,197,
2019,197,
2020,197,
2008,198,2210
2009,198,2043
2010,198,1466
2011,198,2335
2012,198,2367
2013,198,2108
2014,198,1939
2015,198,1592
2016,198,1304
2017,198,877
2018,198,720
2019,198,759
2020,198,761
2008,199,100
2009,199,56
2010,199,78
2011,199,92
2012,199,81
2013,199,63
2014,199,54
2015,199,29
2016,199,48
2017,199,42
2018,199,70
2019,199,93
2020,199,60
2008,200,60881
2009,200,43836
2010,200,10555
2011,200,8709
2012,200,7021
2013,200,9230
2014,200,10494
2015,200,12915
2016,200,7779
2017,200,5590
2018,200,5012
2019,200,6198
2020,200,8000
2008,201,2042
2009,201,1327
2010,201,1765
2011,201,1895
2012,201,1795
2013,201,1627
2014,201,1691
2015,201,1350
2016,201,1111
2017,201,
2018,201,
2019,201,
2020,201,
2008,202,450
2009,202,342
2010,202,190
2011,202,347
2012,202,211
2013,202,142
2014,202,135
2015,202,68
2016,202,48
2017,202,2
2018,202,104
2019,202,276
2020,202,220
2008,203,4975
2009,203,4201
2010,203,5580
2011,203,2476
2012,203,10085
2013,203,1261
2014,203,39
2015,203,21
2016,203,48
2017,203,104
2018,203,923
2019,203,715
2020,203,651
2008,204,949
2009,204,345
2010,204,85
2011,204,246
2012,204,240
2013,204,211
2014,204,178
2015,204,172
2016,204,423
2017,204,369
2018,204,283
2019,204,299
2020,204,160
2008,205,2802
2009,205,2216
2010,205,1517
2011,205,2227
2012,205,2522
2013,205,2475
2014,205,2089
2015,205,1663
2016,205,2241
2017,205,1693
2018,205,8657
2019,205,
2020,205,
2008,206,1175
2009,206,1001
2010,206,1141
2011,206,1520
2012,206,2132
2013,206,2341
2014,206,2149
2015,206,2101
2016,206,
2017,206,
2018,206,
2019,206,
2020,206,
2008,207,53
2009,207,110
2010,207,133
2011,207,215
2012,207,157
2013,207,145
2014,207,402
2015,207,452
2016,207,388
2017,207,213
2018,207,
2019,207,
2020,207,
2008,208,16
2009,208,
2010,208,50
2011,208,104
2012,208,68
2013,208,71
2014,208,85
2015,208,72
2016,208,42
2017,208,23
2018,208,33
2019,208,84
2020,208,73
2008,209,
2009,209,
2010,209,
2011,209,
2012,209,0
2013,209,3634
2014,209,3685
2015,209,3195
2016,209,3383
2017,209,2906
2018,209,2535
2019,209,2937
2020,209,3313
2008,210,
2009,210,
2010,210,
2011,210,
2012,210,
2013,210,
2014,210,
2015,210,111
2016,210,159
2017,210,163
2018,210,105
2019,210,149
2020,210,82
2008,211,
2009,211,98
2010,211,387
2011,211,862
2012,211,551
2013,211,531
2014,211,1089
2015,211,1275
2016,211,1520
2017,211,1400
2018,211,1580
2019,211,2270
2020,211,1580
2008,212,
2009,212,
2010,212,220
2011,212,285
2012,212,282
2013,212,280
2014,212,337
2015,212,383
2016,212,489
2017,212,455
2018,212,428
2019,212,444
2020,212,450
2008,213,
2009,213,
2010,213,673
2011,213,638
2012,213,1593
2013,213,879
2014,213,938
2015,213,927
2016,213,797
2017,213,
2018,213,
2019,213,
2020,213,
2008,214,
2009,214,
2010,214,
2011,214,
2012,214,
2013,214,2
2014,214,2
2015,214,3
2016,214,71
2017,214,78
2018,214,43
2019,214,75
2020,214,86
2008,215,
2009,215,
2010,215,
2011,215,18
2012,215,33
2013,215,26
2014,215,39
2015,215,17
2016,215,17
2017,215,
2018,215,
2019,215,
2020,215,
2008,216,
2009,216,
2010,216,
2011,216,
2012,216,
2013,216,
2014,216,154
2015,216,163
2016,216,132
2017,216,146
2018,216,129
2019,216,284
2020,216,588
2008,217,
2009,217,
2010,217,
2011,217,
2012,217,
2013,217,957
2014,217,900
2015,217,457
2016,217,434
2017,217,545
2018,217,628
2019,217,3902
2020,217,1184
2008,218,4768
2009,218,1792
2010,218,1685
2011,218,2528
2012,218,
2013,218,4238
2014,218,
2015,218,
2016,218,1223
2017,218,958
2018,218,223
2019,218,13635
2020,218,12897
2008,219,528
2009,219,247
2010,219,169
2011,219,231
2012,219,291
2013,219,280
2014,219,282
2015,219,165
2016,219,123
2017,219,105
2018,219,143
2019,219,174
2020,219,260
2008,220,3703
2009,220,2834
2010,220,4682
2011,220,7176
2012,220,7089
2013,220,7890
2014,220,4075
2015,220,3767
2016,220,528
2017,220,49
2018,220,67
2019,220,1162
2020,220,
2008,221,3995
2009,221,2009
2010,221,1742
2011,221,3141
2012,221,3600
2013,221,
2014,221,3488
2015,221,2384
2016,221,1693
2017,221,1568
2018,221,2028
2019,221,4441
2020,221,4122
2008,222,
2009,222,
2010,222,
2011,222,
2012,222,
2013,222,
2014,222,24
2015,222,63
2016,222,50
2017,222,26
2018,222,37
2019,222,30
2020,222,27
2008,223,
2009,223,
2010,223,
2011,223,
2012,223,
2013,223,
2014,223,
2015,223,17
2016,223,231
2017,223,179
2018,223,
2019,223,
2020,223,
2008,224,
2009,224,
2010,224,
2011,224,
2012,224,
2013,224,
2014,224,
2015,224,
2016,224,
2017,224,
2018,224,
2019,224,
2020,224,
2008,225,
2009,225,
2010,225,0
2011,225,1
2012,225,2
2013,225,3
2014,225,212
2015,225,538
2016,225,880
2017,225,1354
2018,225,1868
2019,225,1498
2020,225,
2008,226,1735
2009,226,1041
2010,226,416
2011,226,755
2012,226,683
2013,226,805
2014,226,1009
2015,226,727
2016,226,2205
2017,226,415
2018,226,518
2019,226,425
2020,226,676
2008,227,
2009,227,
2010,227,
2011,227,22535
2012,227,22132
2013,227,54885
2014,227,36704
2015,227,40381
2016,227,16477
2017,227,14631
2018,227,13417
2019,227,13801
2020,227,12472
2008,228,2668
2009,228,1743
2010,228,1327
2011,228,1307
2012,228,1614
2013,228,707
2014,228,1093
2015,228,1684
2016,228,1521
2017,228,1312
2018,228,12155
2019,228,8113
2020,228,7456
2008,229,
2009,229,
2010,229,
2011,229,1230
2012,229,1229
2013,229,1053
2014,229,1217
2015,229,1764
2016,229,1366
2017,229,1456
2018,229,1963
2019,229,
2020,229,
2008,230,
2009,230,
2010,230,
2011,230,
2012,230,4313
2013,230,4239
2014,230,3745
2015,230,3330
2016,230,1606
2017,230,944
2018,230,632
2019,230,489
2020,230,447
2008,231,1525
2009,231,1279
2010,231,948
2011,231,1288
2012,231,
2013,231,
2014,231,
2015,231,2109
2016,231,985
2017,231,1195
2018,231,652
2019,231,253
2020,231,253
2008,232,11407
2009,232,6933
2010,232,5078
2011,232,4672
2012,232,2855
2013,232,2098
2014,232,1573
2015,232,2842
2016,232,2933
2017,232,3714
2018,232,3087
2019,232,5983
2020,232,5314
2008,233,11766
2009,233,9394
2010,233,5794
2011,233,5709
2012,233,6204
2013,233,8769
2014,233,9880
2015,233,9873
2016,233,9958
2017,233,13285
2018,233,5589
2019,233,16192
2020,233,
2008,234,2637
2009,234,1674
2010,234,744
2011,234,1076
2012,234,973
2013,234,399
2014,234,406
2015,234,463
2016,234,390
2017,234,394
2018,234,410
2019,234,473
2020,234,405
2008,235,4940
2009,235,3882
2010,235,1799
2011,235,2281
2012,235,1850
2013,235,1571
2014,235,992
2015,235,346
2016,235,0
2017,235,6
2018,235,83
2019,235,5
2020,235,
2008,236,2450
2009,236,1800
2010,236,1410
2011,236,1131
2012,236,1208
2013,236,1148
2014,236,1290
2015,236,1720
2016,236,861
2017,236,494
2018,236,5
2019,236,18
2020,236,9
2008,237,1170
2009,237,904
2010,237,457
2011,237,1017
2012,237,4103
2013,237,5894
2014,237,7358
2015,237,6939
2016,237,5105
2017,237,6106
2018,237,6442
2019,237,9333
2020,237,12802
2008,238,2754
2009,238,3281
2010,238,393
2011,238,1077
2012,238,3125
2013,238,3921
2014,238,4875
2015,238,9381
2016,238,16790
2017,238,22804
2018,238,22092
2019,238,22298
2020,238,28429
2008,239,1193
2009,239,781
2010,239,407
2011,239,339
2012,239,1521
2013,239,1086
2014,239,1450
2015,239,543
2016,239,903
2017,239,811
2018,239,982
2019,239,1316
2020,239,620
2008,240,3413
2009,240,3112
2010,240,2426
2011,240,1125
2012,240,1804
2013,240,2790
2014,240,1487
2015,240,1487
2016,240,1340
2017,240,0
2018,240,
2019,240,
2020,240,874
2008,241,2442
2009,241,1732
2010,241,770
2011,241,762
2012,241,704
2013,241,553
2014,241,416
2015,241,429
2016,241,307
2017,241,219
2018,241,200
2019,241,125
2020,241,98
2008,242,114745
2009,242,90515
2010,242,69626
2011,242,75815
2012,242,83080
2013,242,44049
2014,242,37055
2015,242,31555
2016,242,27948
2017,242,25342
2018,242,25937
2019,242,102147
2020,242,119635
2008,243,
2009,243,
2010,243,
2011,243,
2012,243,
2013,243,
2014,243,
2015,243,
2016,243,
2017,243,
2018,243,
2019,243,
2020,243,
2008,244,36939
2009,244,29724
2010,244,26110
2011,244,32834
2012,244,28387
2013,244,50789
2014,244,52662
2015,244,52538
2016,244,72016
2017,244,38036
2018,244,
2019,244,
2020,244,
2008,245,
2009,245,
2010,245,
2011,245,7351
2012,245,17454
2013,245,30543
2014,245,27456
2015,245,21013
2016,245,15321
2017,245,16584
2018,245,25145
2019,245,29663
2020,245,23862
2008,246,119660
2009,246,90165
2010,246,74319
2011,246,74460
2012,246,50535
2013,246,36395
2014,246,58650
2015,246,58000
2016,246,51000
2017,246,71000
2018,246,52000
2019,246,83000
2020,246,89000
2008,247,
2009,247,
2010,247,
2011,247,
2012,247,
2013,247,
2014,247,
2015,247,
2016,247,
2017,247,
2018,247,
2019,247,
2020,247,
2008,248,
2009,248,
2010,248,
2011,248,
2012,248,
2013,248,
2014,248,
2015,248,
2016,248,
2017,248,
2018,248,
2019,248,
2020,248,
2008,249,105
2009,249,3219
2010,249,4101
2011,249,3525
2012,249,4166
2013,249,4271
2014,249,4068
2015,249,1026
2016,249,184
2017,249,52
2018,249,69
2019,249,373
2020,249,329
2008,250,
2009,250,
2010,250,
2011,250,
2012,250,
2013,250,
2014,250,
2015,250,
2016,250,
2017,250,1339
2018,250,1395
2019,250,2306
2020,250,1855
2008,251,
2009,251,
2010,251,
2011,251,
2012,251,
2013,251,
2014,251,
2015,251,
2016,251,
2017,251,
2018,251,
2019,251,
2020,251,
2008,252,
2009,252,
2010,252,
2011,252,
2012,252,
2013,252,
2014,252,
2015,252,
2016,252,
2017,252,
2018,252,
2019,252,
2020,252,
2008,253,
2009,253,
2010,253,
2011,253,
2012,253,
2013,253,1759
2014,253,1750
2015,253,2150
2016,253,2333
2017,253,2633
2018,253,2667
2019,253,2919
2020,253,4136
2008,254,408
2009,254,228
2010,254,211
2011,254,228
2012,254,1043
2013,254,306
2014,254,245
2015,254,908
2016,254,915
2017,254,714
2018,254,1383
2019,254,1124
2020,254,1252
2008,255,202
2009,255,93
2010,255,32
2011,255,4
2012,255,3
2013,255,1
2014,255,0
2015,255,17
2016,255,23
2017,255,32
2018,255,89
2019,255,98
2020,255,131
2008,256,
2009,256,
2010,256,
2011,256,
2012,256,
2013,256,
2014,256,
2015,256,
2016,256,
2017,256,
2018,256,
2019,256,
2020,256,
2008,257,
2009,257,
2010,257,
2011,257,
2012,257,
2013,257,2701
2014,257,2882
2015,257,1373
2016,257,2214
2017,257,1380
2018,257,1071
2019,257,850
2020,257,934
2008,258,
2009,258,
2010,258,
2011,258,
2012,258,
2013,258,
2014,258,
2015,258,
2016,258,155
2017,258,245
2018,258,210
2019,258,211
2020,258,1107
2008,259,
2009,259,
2010,259,
2011,259,
2012,259,
2013,259,
2014,259,
2015,259,
2016,259,
2017,259,
2018,259,
2019,259,
2020,259,
2008,260,
2009,260,
2010,260,
2011,260,
2012,260,
2013,260,
2014,260,
2015,260,
2016,260,
2017,260,
2018,260,
2019,260,
2020,260,
2008,261,
2009,261,
2010,261,
2011,261,
2012,261,
2013,261,
2014,261,
2015,261,
2016,261,
2017,261,
2018,261,
2019,261,
2020,261,
2008,262,
2009,262,
2010,262,
2011,262,
2012,262,
2013,262,6666
2014,262,4327
2015,262,4940
2016,262,6676
2017,262,6320
2018,262,6905
2019,262,6524
2020,262,6107
2008,263,241625
2009,263,214492
2010,263,248123
2011,263,263030
2012,263,119005
2013,263,131741
2014,263,127643
2015,263,300
2016,263,791
2017,263,0
2018,263,376
2019,263,
2020,263,
2008,264,195957
2009,264,88186
2010,264,73479
2011,264,149033
2012,264,225051
2013,264,249191
2014,264,239175
2015,264,178355
2016,264,128449
2017,264,85553
2018,264,80835
2019,264,63012
2020,264,73253
2008,265,
2009,265,
2010,265,
2011,265,
2012,265,104
2013,265,
2014,265,128
2015,265,290
2016,265,76
2017,265,200
2018,265,353
2019,265,374
2020,265,139
2008,266,
2009,266,
2010,266,
2011,266,
2012,266,
2013,266,
2014,266,
2015,266,1023
2016,266,1060
2017,266,906
2018,266,1195
2019,266,1060
2020,266,1062
2008,267,
2009,267,
2010,267,
2011,267,
2012,267,
2013,267,
2014,267,
2015,267,
2016,267,
2017,267,
2018,267,
2019,267,
2020,267,
2008,268,
2009,268,
2010,268,
2011,268,
2012,268,
2013,268,
2014,268,
2015,268,
2016,268,
2017,268,
2018,268,
2019,268,
2020,268,
2008,269,
2009,269,
2010,269,
2011,269,
2012,269,
2013,269,
2014,269,
2015,269,48000
2016,269,48000
2017,269,30185
2018,269,43338
2019,269,45689
2020,269,47643
2008,270,
2009,270,
2010,270,
2011,270,
2012,270,
2013,270,
2014,270,
2015,270,
2016,270,
2017,270,0
2018,270,0
2019,270,0
2020,270,0
2008,271,
2009,271,
2010,271,
2011,271,
2012,271,
2013,271,
2014,271,357
2015,271,464
2016,271,279
2017,271,191
2018,271,83
2019,271,156
2020,271,634
2008,272,
2009,272,
2010,272,
2011,272,
2012,272,
2013,272,
2014,272,0
2015,272,0
2016,272,5
2017,272,1
2018,272,3
2019,272,28
2020,272,28
2008,273,
2009,273,
2010,273,
2011,273,
2012,273,
2013,273,
2014,273,
2015,273,
2016,273,27
2017,273,17
2018,273,14
2019,273,16
2020,273,34
2008,274,
2009,274,
2010,274,
2011,274,
2012,274,
2013,274,
2014,274,
2015,274,
2016,274,2803
2017,274,6124
2018,274,5536
2019,274,7779
2020,274,6834
2008,275,
2009,275,
2010,275,
2011,275,
2012,275,
2013,275,46
2014,275,39
2015,275,28
2016,275,117
2017,275,295
2018,275,446
2019,275,
2020,275,
2008,276,
2009,276,
2010,276,
2011,276,
2012,276,
2013,276,
2014,276,
2015,276,
2016,276,
2017,276,
2018,276,
2019,276,
2020,276,
2008,277,
2009,277,
2010,277,
2011,277,
2012,277,
2013,277,2150
2014,277,2813
2015,277,2226
2016,277,1800
2017,277,1634
2018,277,1874
2019,277,1988
2020,277,2840
2008,278,
2009,278,
2010,278,
2011,278,
2012,278,
2013,278,
2014,278,
2015,278,
2016,278,
2017,278,
2018,278,
2019,278,
2020,278,
2008,279,
2009,279,
2010,279,
2011,279,
2012,279,
2013,279,
2014,279,
2015,279,345
2016,279,321
2017,279,349
2018,279,497
2019,279,148
2020,279,83
2008,280,
2009,280,
2010,280,
2011,280,
2012,280,
2013,280,
2014,280,
2015,280,
2016,280,
2017,280,
2018,280,
2019,280,
2020,280,
2008,281,
2009,281,
2010,281,
2011,281,
2012,281,
2013,281,
2014,281,
2015,281,
2016,281,
2017,281,
2018,281,
2019,281,
2020,281,
2008,282,
2009,282,
2010,282,
2011,282,
2012,282,
2013,282,
2014,282,
2015,282,
2016,282,
2017,282,
2018,282,
2019,282,
2020,282,
2008,283,
2009,283,
2010,283,
2011,283,
2012,283,
2013,283,
2014,283,
2015,283,
2016,283,
2017,283,
2018,283,
2019,283,
2020,283,
2008,284,
2009,284,
2010,284,
2011,284,
2012,284,
2013,284,
2014,284,
2015,284,
2016,284,
2017,284,
2018,284,
2019,284,
2020,284,
2008,285,
2009,285,
2010,285,
2011,285,
2012,285,
2013,285,
2014,285,
2015,285,
2016,285,
2017,285,
2018,285,
2019,285,
2020,285,
2008,286,
2009,286,
2010,286,
2011,286,
2012,286,
2013,286,
2014,286,
2015,286,
2016,286,
2017,286,
2018,286,
2019,286,
2020,286,
2008,287,
2009,287,
2010,287,
2011,287,
2012,287,
2013,287,
2014,287,
2015,287,
2016,287,
2017,287,
2018,287,
2019,287,
2020,287,
2008,288,
2009,288,
2010,288,
2011,288,
2012,288,
2013,288,
2014,288,
2015,288,
2016,288,52
2017,288,6
2018,288,6
2019,288,4
2020,288,1
2008,289,
2009,289,
2010,289,
2011,289,
2012,289,
2013,289,
2014,289,
2015,289,
2016,289,
2017,289,
2018,289,
2019,289,
2020,289,
2008,290,
2009,290,
2010,290,
2011,290,
2012,290,
2013,290,
2014,290,
2015,290,78
2016,290,119
2017,290,218
2018,290,183
2019,290,90
2020,290,294
2008,291,
2009,291,
2010,291,
2011,291,
2012,291,
2013,291,
2014,291,
2015,291,
2016,291,
2017,291,
2018,291,
2019,291,
2020,291,
2008,292,
2009,292,
2010,292,
2011,292,
2012,292,
2013,292,
2014,292,180
2015,292,776
2016,292,626
2017,292,1256
2018,292,578
2019,292,431
2020,292,
2008,293,
2009,293,
2010,293,
2011,293,
2012,293,826
2013,293,3851
2014,293,11311
2015,293,3912
2016,293,7205
2017,293,2438
2018,293,488
2019,293,962
2020,293,650
2008,294,
2009,294,
2010,294,
2011,294,
2012,294,
2013,294,
2014,294,5110
2015,294,9300
2016,294,15099
2017,294,17610
2018,294,17210
2019,294,17052
2020,294,19628
2008,295,
2009,295,
2010,295,
2011,295,
2012,295,
2013,295,
2014,295,
2015,295,
2016,295,
2017,295,
2018,295,
2019,295,
2020,295,
2008,296,
2009,296,
2010,296,
2011,296,
2012,296,
2013,296,
2014,296,
2015,296,
2016,296,74
2017,296,49
2018,296,26
2019,296,151
2020,296,176
2008,297,
2009,297,
2010,297,
2011,297,
2012,297,
2013,297,
2014,297,
2015,297,0
2016,297,
2017,297,
2018,297,
2019,297,33
2020,297,117
2008,298,
2009,298,
2010,298,
2011,298,
2012,298,
2013,298,
2014,298,
2015,298,
2016,298,
2017,298,2460
2018,298,2477
2019,298,4271
2020,298,4033
2008,299,
2009,299,
2010,299,
2011,299,
2012,299,
2013,299,
2014,299,
2015,299,55
2016,299,45
2017,299,60
2018,299,448
2019,299,599
2020,299,1136
2008,300,
2009,300,
2010,300,
2011,300,
2012,300,
2013,300,
2014,300,
2015,300,
2016,300,
2017,300,
2018,300,
2019,300,
2020,300,
2008,301,
2009,301,
2010,301,
2011,301,
2012,301,
2013,301,
2014,301,
2015,301,
2016,301,
2017,301,
2018,301,
2019,301,
2020,301,
2008,302,
2009,302,
2010,302,
2011,302,
2012,302,
2013,302,
2014,302,
2015,302,128
2016,302,54
2017,302,39
2018,302,39
2019,302,73
2020,302,70
2008,303,
2009,303,
2010,303,
2011,303,
2012,303,
2013,303,
2014,303,
2015,303,
2016,303,
2017,303,
2018,303,
2019,303,
2020,303,
2008,304,
2009,304,
2010,304,
2011,304,
2012,304,
2013,304,
2014,304,
2015,304,
2016,304,
2017,304,
2018,304,
2019,304,
2020,304,
2008,305,
2009,305,
2010,305,
2011,305,
2012,305,
2013,305,
2014,305,
2015,305,
2016,305,
2017,305,
2018,305,
2019,305,
2020,305,
2008,306,
2009,306,
2010,306,
2011,306,
2012,306,
2013,306,
2014,306,
2015,306,
2016,306,
2017,306,
2018,306,
2019,306,
2020,306,
2008,307,
2009,307,
2010,307,
2011,307,
2012,307,
2013,307,
2014,307,
2015,307,
2016,307,
2017,307,
2018,307,
2019,307,
2020,307,
2008,308,
2009,308,
2010,308,
2011,308,
2012,308,
2013,308,
2014,308,
2015,308,
2016,308,25
2017,308,13
2018,308,7
2019,308,3
2020,308,1
2008,309,
2009,309,
2010,309,
2011,309,
2012,309,
2013,309,
2014,309,
2015,309,
2016,309,
2017,309,
2018,309,
2019,309,
2020,309,
2008,310,
2009,310,
2010,310,
2011,310,
2012,310,
2013,310,
2014,310,
2015,310,
2016,310,
2017,310,
2018,310,
2019,310,
2020,310,
2008,311,
2009,311,
2010,311,
2011,311,
2012,311,
2013,311,
2014,311,
2015,311,
2016,311,
2017,311,
2018,311,
2019,311,
2020,311,
2008,312,
2009,312,
2010,312,
2011,312,
2012,312,
2013,312,
2014,312,
2015,312,
2016,312,
2017,312,
2018,312,
2019,312,
2020,312,
2008,313,
2009,313,
2010,313,
2011,313,
2012,313,
2013,313,
2014,313,
2015,313,
2016,313,
2017,313,
2018,313,
2019,313,
2020,313,
2008,314,
2009,314,
2010,314,
2011,314,
2012,314,
2013,314,
2014,314,
2015,314,
2016,314,
2017,314,
2018,314,
2019,314,
2020,314,
2008,315,
2009,315,
2010,315,
2011,315,
2012,315,
2013,315,
2014,315,
2015,315,
2016,315,
2017,315,
2018,315,
2019,315,
2020,315,
2008,316,
2009,316,
2010,316,
2011,316,
2012,316,
2013,316,
2014,316,
2015,316,
2016,316,
2017,316,
2018,316,
2019,316,
2020,316,
2008,317,
2009,317,
2010,317,
2011,317,
2012,317,
2013,317,
2014,317,
2015,317,
2016,317,
2017,317,
2018,317,
2019,317,
2020,317,
2008,318,
2009,318,
2010,318,
2011,318,
2012,318,
2013,318,
2014,318,
2015,318,
2016,318,
2017,318,
2018,318,
2019,318,
2020,318,
2008,319,
2009,319,
2010,319,
2011,319,
2012,319,
2013,319,
2014,319,
2015,319,
2016,319,
2017,319,
2018,319,
2019,319,
2020,319,
2008,320,
2009,320,
2010,320,
2011,320,
2012,320,
2013,320,
2014,320,
2015,320,
2016,320,1
2017,320,0
2018,320,1
2019,320,6
2020,320,13
2008,321,
2009,321,
2010,321,
2011,321,
2012,321,
2013,321,
2014,321,
2015,321,
2016,321,
2017,321,
2018,321,
2019,321,
2020,321,
2008,322,
2009,322,
2010,322,
2011,322,
2012,322,
2013,322,
2014,322,
2015,322,
2016,322,
2017,322,
2018,322,
2019,322,
2020,322,
2008,323,
2009,323,
2010,323,
2011,323,
2012,323,
2013,323,
2014,323,
2015,323,
2016,323,
2017,323,
2018,323,
2019,323,
2020,323,
2008,324,
2009,324,
2010,324,
2011,324,
2012,324,
2013,324,
2014,324,
2015,324,
2016,324,
2017,324,
2018,324,
2019,324,
2020,324,
2008,325,
2009,325,
2010,325,
2011,325,
2012,325,
2013,325,
2014,325,
2015,325,
2016,325,
2017,325,
2018,325,
2019,325,
2020,325,
