Date,Id,long term debt
2008,1,
2009,1,
2010,1,
2011,1,
2012,1,
2013,1,
2014,1,
2015,1,
2016,1,
2017,1,
2018,1,
2019,1,
2020,1,
2008,2,983
2009,2,7587
2010,2,70981
2011,2,35288
2012,2,48540
2013,2,78081
2014,2,226961
2015,2,197686
2016,2,
2017,2,
2018,2,
2019,2,
2020,2,
2008,3,
2009,3,
2010,3,
2011,3,
2012,3,
2013,3,
2014,3,16495
2015,3,23618
2016,3,23045
2017,3,19371
2018,3,4269
2019,3,2656
2020,3,1938
2008,4,
2009,4,
2010,4,
2011,4,
2012,4,
2013,4,945
2014,4,8260
2015,4,9078
2016,4,10812
2017,4,21703
2018,4,21924
2019,4,27379
2020,4,
2008,5,
2009,5,
2010,5,
2011,5,
2012,5,
2013,5,
2014,5,35169
2015,5,28342
2016,5,29325
2017,5,20363
2018,5,18480
2019,5,17983
2020,5,
2008,6,
2009,6,
2010,6,
2011,6,
2012,6,
2013,6,
2014,6,4361
2015,6,4105
2016,6,8784
2017,6,9336
2018,6,
2019,6,
2020,6,
2008,7,
2009,7,
2010,7,
2011,7,
2012,7,56388
2013,7,64331
2014,7,70411
2015,7,80825
2016,7,119804
2017,7,186177
2018,7,177269
2019,7,
2020,7,
2008,8,193907
2009,8,122495
2010,8,225461
2011,8,254645
2012,8,270320
2013,8,259173
2014,8,276899
2015,8,215149
2016,8,215904
2017,8,321658
2018,8,207444
2019,8,375005
2020,8,736588
2008,9,338187
2009,9,484207
2010,9,476165
2011,9,415744
2012,9,410387
2013,9,578994
2014,9,573214
2015,9,625088
2016,9,529749
2017,9,571342
2018,9,520383
2019,9,547011
2020,9,571517
2008,10,264789
2009,10,443164
2010,10,371048
2011,10,317525
2012,10,364168
2013,10,426098
2014,10,488541
2015,10,496686
2016,10,516342
2017,10,439363
2018,10,507023
2019,10,480314
2020,10,483770
2008,11,28144
2009,11,53915
2010,11,66810
2011,11,40168
2012,11,38465
2013,11,12096
2014,11,26171
2015,11,11935
2016,11,18687
2017,11,26906
2018,11,23055
2019,11,55526
2020,11,71052
2008,12,245053
2009,12,163074
2010,12,193537
2011,12,17596
2012,12,90343
2013,12,7522
2014,12,70886
2015,12,66391
2016,12,26131
2017,12,24375
2018,12,22441
2019,12,25390
2020,12,21499
2008,13,249335
2009,13,207071
2010,13,150968
2011,13,338378
2012,13,276594
2013,13,332339
2014,13,335265
2015,13,359497
2016,13,258197
2017,13,288217
2018,13,296238
2019,13,398376
2020,13,402956
2008,14,
2009,14,
2010,14,
2011,14,
2012,14,
2013,14,
2014,14,
2015,14,
2016,14,
2017,14,
2018,14,
2019,14,
2020,14,
2008,15,
2009,15,
2010,15,
2011,15,
2012,15,
2013,15,
2014,15,
2015,15,
2016,15,
2017,15,
2018,15,
2019,15,
2020,15,
2008,16,
2009,16,
2010,16,
2011,16,
2012,16,
2013,16,
2014,16,
2015,16,
2016,16,
2017,16,
2018,16,
2019,16,
2020,16,
2008,17,
2009,17,
2010,17,
2011,17,
2012,17,
2013,17,20519
2014,17,18900
2015,17,1340981
2016,17,1448165
2017,17,1500150
2018,17,1574758
2019,17,1668414
2020,17,1835517
2008,18,
2009,18,
2010,18,
2011,18,
2012,18,
2013,18,
2014,18,
2015,18,491
2016,18,331
2017,18,165
2018,18,1100
2019,18,1000
2020,18,1726
2008,19,373506
2009,19,814419
2010,19,851800
2011,19,789800
2012,19,1180700
2013,19,1128900
2014,19,1097200
2015,19,1282500
2016,19,1296900
2017,19,1297300
2018,19,1079700
2019,19,680800
2020,19,1284200
2008,20,
2009,20,
2010,20,
2011,20,
2012,20,
2013,20,
2014,20,
2015,20,34630
2016,20,32122
2017,20,24670
2018,20,24454
2019,20,34877
2020,20,32628
2008,21,
2009,21,
2010,21,
2011,21,
2012,21,76720
2013,21,77637
2014,21,145731
2015,21,98338
2016,21,192117
2017,21,204145
2018,21,175300
2019,21,213674
2020,21,
2008,22,
2009,22,
2010,22,
2011,22,26013
2012,22,22286
2013,22,22799
2014,22,17510
2015,22,12077
2016,22,7855
2017,22,14258
2018,22,13203
2019,22,22310
2020,22,32374
2008,23,23194
2009,23,32214
2010,23,20626
2011,23,1915
2012,23,14181
2013,23,125
2014,23,19898
2015,23,25648
2016,23,39861
2017,23,45309
2018,23,39109
2019,23,33457
2020,23,6614
2008,24,131673
2009,24,140555
2010,24,143800
2011,24,179668
2012,24,224273
2013,24,235585
2014,24,274875
2015,24,301691
2016,24,334354
2017,24,334137
2018,24,331345
2019,24,398644
2020,24,443042
2008,25,
2009,25,
2010,25,
2011,25,
2012,25,0
2013,25,0
2014,25,126
2015,25,656
2016,25,385
2017,25,14922
2018,25,23370
2019,25,
2020,25,
2008,26,480615
2009,26,582565
2010,26,563618
2011,26,655915
2012,26,734920
2013,26,961010
2014,26,1171120
2015,26,1281145
2016,26,1485307
2017,26,1465897
2018,26,24457
2019,26,185744
2020,26,222730
2008,27,36086
2009,27,63634
2010,27,54509
2011,27,49127
2012,27,69212
2013,27,64487
2014,27,52160
2015,27,63449
2016,27,86987
2017,27,100793
2018,27,100156
2019,27,172796
2020,27,207792
2008,28,255647
2009,28,307106
2010,28,257655
2011,28,182258
2012,28,244777
2013,28,302786
2014,28,269269
2015,28,243598
2016,28,958343
2017,28,944646
2018,28,660978
2019,28,670133
2020,28,328987
2008,29,18261
2009,29,21375
2010,29,17810
2011,29,14245
2012,29,10680
2013,29,7116
2014,29,5278
2015,29,3168
2016,29,2000
2017,29,0
2018,29,
2019,29,
2020,29,
2008,30,218770
2009,30,340708
2010,30,280061
2011,30,287095
2012,30,239572
2013,30,251790
2014,30,265096
2015,30,388602
2016,30,100397
2017,30,80231
2018,30,33999
2019,30,33420
2020,30,87471
2008,31,435
2009,31,187
2010,31,63
2011,31,349
2012,31,274
2013,31,175
2014,31,2887
2015,31,2653
2016,31,2282
2017,31,2344
2018,31,1825
2019,31,1495
2020,31,
2008,32,0
2009,32,0
2010,32,0
2011,32,0
2012,32,0
2013,32,0
2014,32,0
2015,32,0
2016,32,210672
2017,32,241606
2018,32,203503
2019,32,158378
2020,32,159618
2008,33,40350
2009,33,46174
2010,33,58649
2011,33,26432
2012,33,24910
2013,33,32384
2014,33,29610
2015,33,22691
2016,33,60346
2017,33,61656
2018,33,20895
2019,33,
2020,33,
2008,34,2684198
2009,34,2632588
2010,34,2567468
2011,34,2099268
2012,34,2016946
2013,34,2135003
2014,34,2296753
2015,34,2095528
2016,34,
2017,34,
2018,34,
2019,34,
2020,34,
2008,35,206586
2009,35,265719
2010,35,223898
2011,35,153164
2012,35,220251
2013,35,284135
2014,35,255754
2015,35,235291
2016,35,744606
2017,35,696090
2018,35,450980
2019,35,504265
2020,35,161207
2008,36,1394665
2009,36,1448713
2010,36,1458850
2011,36,1247855
2012,36,1385154
2013,36,1356335
2014,36,1304359
2015,36,970509
2016,36,1381407
2017,36,1119986
2018,36,922394
2019,36,1310293
2020,36,1230863
2008,37,3010954
2009,37,2915453
2010,37,2735959
2011,37,2318948
2012,37,2196608
2013,37,2192235
2014,37,2339173
2015,37,43242
2016,37,77909
2017,37,46622
2018,37,113333
2019,37,118817
2020,37,83050
2008,38,313956
2009,38,465944
2010,38,682826
2011,38,534676
2012,38,327417
2013,38,277643
2014,38,952845
2015,38,1221554
2016,38,1854219
2017,38,1623204
2018,38,1761583
2019,38,1941855
2020,38,2154995
2008,39,181279
2009,39,243152
2010,39,263844
2011,39,311138
2012,39,288519
2013,39,240737
2014,39,148153
2015,39,128400
2016,39,128927
2017,39,157938
2018,39,221394
2019,39,578756
2020,39,534883
2008,40,76745
2009,40,56144
2010,40,589929
2011,40,818656
2012,40,907928
2013,40,820209
2014,40,758640
2015,40,685485
2016,40,693440
2017,40,724628
2018,40,663720
2019,40,737192
2020,40,803803
2008,41,28707
2009,41,25880
2010,41,24347
2011,41,26116
2012,41,21014
2013,41,29224
2014,41,26719
2015,41,24958
2016,41,24567
2017,41,2170
2018,41,18704
2019,41,30398
2020,41,60782
2008,42,51045000
2009,42,55850000
2010,42,52440000
2011,42,48703000
2012,42,55959000
2013,42,51113000
2014,42,49431000
2015,42,45569000
2016,42,42006000
2017,42,43075000
2018,42,49573000
2019,42,54174000
2020,42,49519000
2008,43,4022000
2009,43,4199200
2010,43,5147500
2011,43,6738700
2012,43,8909400
2013,43,8009900
2014,43,8085200
2015,43,8516500
2016,43,8404400
2017,43,8671600
2018,43,8227600
2019,43,9480700
2020,43,9860200
2008,44,3366
2009,44,50644
2010,44,43223
2011,44,65589
2012,44,76955
2013,44,67246
2014,44,61891
2015,44,41875
2016,44,25312
2017,44,
2018,44,
2019,44,
2020,44,
2008,45,
2009,45,
2010,45,
2011,45,
2012,45,
2013,45,
2014,45,
2015,45,
2016,45,
2017,45,
2018,45,
2019,45,
2020,45,
2008,46,1708037
2009,46,1839586
2010,46,2299463
2011,46,2298916
2012,46,2211609
2013,46,2507623
2014,46,3040712
2015,46,2688435
2016,46,2797106
2017,46,2745035
2018,46,3374134
2019,46,3551889
2020,46,4154251
2008,47,3196000
2009,47,4152000
2010,47,3736000
2011,47,3851000
2012,47,4371000
2013,47,3982000
2014,47,3931000
2015,47,3089000
2016,47,3436000
2017,47,3501000
2018,47,2984000
2019,47,3307000
2020,47,3909000
2008,48,875000
2009,48,1131000
2010,48,1696000
2011,48,3733000
2012,48,4617000
2013,48,5277000
2014,48,6035000
2015,48,6367000
2016,48,
2017,48,
2018,48,
2019,48,
2020,48,
2008,49,
2009,49,
2010,49,1039
2011,49,1943
2012,49,1539
2013,49,5757
2014,49,18048
2015,49,14557
2016,49,8795
2017,49,8262
2018,49,2251
2019,49,1814
2020,49,384
2008,50,
2009,50,
2010,50,
2011,50,
2012,50,18293
2013,50,15355
2014,50,13548
2015,50,15480
2016,50,24221
2017,50,34524
2018,50,33900
2019,50,33634
2020,50,51199
2008,51,
2009,51,
2010,51,
2011,51,
2012,51,
2013,51,
2014,51,
2015,51,
2016,51,
2017,51,
2018,51,
2019,51,
2020,51,
2008,52,
2009,52,
2010,52,
2011,52,
2012,52,
2013,52,
2014,52,4458
2015,52,2448
2016,52,9564
2017,52,14163
2018,52,13783
2019,52,18085
2020,52,30786
2008,53,17455
2009,53,13401
2010,53,30672
2011,53,8334
2012,53,19233
2013,53,80
2014,53,14689
2015,53,27019
2016,53,35916
2017,53,28057
2018,53,13344
2019,53,103434
2020,53,99067
2008,54,3735
2009,54,4927
2010,54,4882
2011,54,6684
2012,54,10281
2013,54,6968
2014,54,5907
2015,54,4998
2016,54,4342
2017,54,5875
2018,54,12493
2019,54,21116
2020,54,30763
2008,55,92458
2009,55,46749
2010,55,130187
2011,55,155605
2012,55,138313
2013,55,182173
2014,55,89519
2015,55,139918
2016,55,139321
2017,55,205656
2018,55,157407
2019,55,115578
2020,55,83656
2008,56,42455
2009,56,113496
2010,56,103019
2011,56,102351
2012,56,91703
2013,56,72442
2014,56,68679
2015,56,117805
2016,56,111676
2017,56,98396
2018,56,113180
2019,56,117740
2020,56,105318
2008,57,2573
2009,57,3850
2010,57,162
2011,57,31725
2012,57,3291
2013,57,13134
2014,57,47
2015,57,60206
2016,57,55058
2017,57,35209
2018,57,148168
2019,57,
2020,57,
2008,58,969000
2009,58,884000
2010,58,1111000
2011,58,880000
2012,58,1433000
2013,58,1154000
2014,58,817000
2015,58,1141000
2016,58,1114000
2017,58,1466000
2018,58,3161000
2019,58,3032000
2020,58,3045000
2008,59,60
2009,59,26
2010,59,4
2011,59,0
2012,59,0
2013,59,0
2014,59,0
2015,59,0
2016,59,0
2017,59,0
2018,59,1000
2019,59,4901
2020,59,5010
2008,60,95599
2009,60,92930
2010,60,99618
2011,60,102988
2012,60,31998
2013,60,19141
2014,60,82853
2015,60,76343
2016,60,59014
2017,60,67317
2018,60,2540
2019,60,5516
2020,60,11671
2008,61,32864
2009,61,19947
2010,61,15684
2011,61,24605
2012,61,20316
2013,61,28478
2014,61,25959
2015,61,10879
2016,61,16045
2017,61,13933
2018,61,11864
2019,61,23929
2020,61,29110
2008,62,30358
2009,62,22187
2010,62,11490
2011,62,9947
2012,62,3820
2013,62,1629
2014,62,3252
2015,62,22462
2016,62,13968
2017,62,11967
2018,62,17033
2019,62,8747
2020,62,21312
2008,63,2154
2009,63,3790
2010,63,5563
2011,63,3743
2012,63,2138
2013,63,0
2014,63,0
2015,63,1441
2016,63,11037
2017,63,15122
2018,63,23011
2019,63,14803
2020,63,157606
2008,64,33650000
2009,64,33677000
2010,64,32036000
2011,64,33306000
2012,64,31520000
2013,64,29057000
2014,64,30156000
2015,64,28923000
2016,64,28580000
2017,64,26189000
2018,64,23634000
2019,64,28521000
2020,64,26012000
2008,65,28900
2009,65,43413
2010,65,107070
2011,65,56901
2012,65,53469
2013,65,161588
2014,65,81236
2015,65,182629
2016,65,176923
2017,65,195695
2018,65,218357
2019,65,205307
2020,65,276000
2008,66,
2009,66,
2010,66,0
2011,66,293692
2012,66,113682
2013,66,228333
2014,66,278958
2015,66,256898
2016,66,283504
2017,66,274895
2018,66,281411
2019,66,435902
2020,66,441542
2008,67,29053
2009,67,23688
2010,67,24464
2011,67,26346
2012,67,26016
2013,67,21206
2014,67,21434
2015,67,24777
2016,67,46519
2017,67,58279
2018,67,66525
2019,67,58562
2020,67,71097
2008,68,8908
2009,68,6305
2010,68,2621
2011,68,6307
2012,68,5180
2013,68,3943
2014,68,3435
2015,68,2728
2016,68,4415
2017,68,3234
2018,68,4508
2019,68,6461
2020,68,6686
2008,69,261900
2009,69,184200
2010,69,11800
2011,69,8000
2012,69,7300
2013,69,93200
2014,69,74900
2015,69,205600
2016,69,379000
2017,69,224200
2018,69,
2019,69,
2020,69,
2008,70,988
2009,70,637
2010,70,290
2011,70,19506
2012,70,21885
2013,70,15479
2014,70,8636
2015,70,6075
2016,70,804
2017,70,718
2018,70,8745
2019,70,7716
2020,70,4921
2008,71,60
2009,71,240
2010,71,184
2011,71,74
2012,71,1226
2013,71,902
2014,71,798
2015,71,1636
2016,71,3863
2017,71,3278
2018,71,1708
2019,71,12615
2020,71,20969
2008,72,51932
2009,72,36769
2010,72,42197
2011,72,48789
2012,72,36914
2013,72,50689
2014,72,93910
2015,72,116634
2016,72,106128
2017,72,97220
2018,72,105183
2019,72,98177
2020,72,87275
2008,73,1366
2009,73,1314
2010,73,3200
2011,73,4134
2012,73,4912
2013,73,4615
2014,73,4305
2015,73,3981
2016,73,11769
2017,73,
2018,73,
2019,73,
2020,73,
2008,74,
2009,74,
2010,74,
2011,74,
2012,74,
2013,74,
2014,74,
2015,74,
2016,74,
2017,74,
2018,74,
2019,74,
2020,74,
2008,75,
2009,75,
2010,75,
2011,75,
2012,75,
2013,75,
2014,75,1175
2015,75,2634
2016,75,2826
2017,75,1242
2018,75,635
2019,75,2580
2020,75,6644
2008,76,5200000
2009,76,7486000
2010,76,7186000
2011,76,6800000
2012,76,11939000
2013,76,11078000
2014,76,11885000
2015,76,11067000
2016,76,8737000
2017,76,10176000
2018,76,9787000
2019,76,10643000
2020,76,10332000
2008,77,961240
2009,77,1338039
2010,77,1829263
2011,77,2051413
2012,77,2197827
2013,77,1876123
2014,77,2170937
2015,77,2663603
2016,77,2846161
2017,77,2936942
2018,77,2937547
2019,77,3085592
2020,77,3735983
2008,78,1571833
2009,78,2154236
2010,78,2322604
2011,78,2410539
2012,78,2454350
2013,78,3292989
2014,78,3120652
2015,78,2944000
2016,78,2933100
2017,78,2892200
2018,78,2684600
2019,78,3532400
2020,78,3752200
2008,79,30523
2009,79,37829
2010,79,44878
2011,79,34733
2012,79,50383
2013,79,50196
2014,79,89656
2015,79,56275
2016,79,66237
2017,79,62472
2018,79,41029
2019,79,24961
2020,79,80953
2008,80,4763
2009,80,5072
2010,80,6226
2011,80,45508
2012,80,30033
2013,80,65401
2014,80,53945
2015,80,44251
2016,80,34898
2017,80,54637
2018,80,55111
2019,80,135524
2020,80,196562
2008,81,2299000
2009,81,3383000
2010,81,2733000
2011,81,3127000
2012,81,1970000
2013,81,2133000
2014,81,1588000
2015,81,1242000
2016,81,215000
2017,81,221000
2018,81,353000
2019,81,615000
2020,81,623000
2008,82,
2009,82,
2010,82,
2011,82,
2012,82,9337
2013,82,8789
2014,82,7234
2015,82,8169
2016,82,
2017,82,
2018,82,
2019,82,
2020,82,
2008,83,38923
2009,83,38625
2010,83,27766
2011,83,25630
2012,83,28995
2013,83,32132
2014,83,79276
2015,83,118335
2016,83,87579
2017,83,124608
2018,83,117768
2019,83,123710
2020,83,146049
2008,84,2699000
2009,84,2621489
2010,84,2718571
2011,84,2760716
2012,84,2838057
2013,84,907232
2014,84,653218
2015,84,710276
2016,84,595557
2017,84,646975
2018,84,635258
2019,84,1570328
2020,84,1420425
2008,85,19935
2009,85,62672
2010,85,55531
2011,85,45934
2012,85,37042
2013,85,32322
2014,85,26725
2015,85,53280
2016,85,57627
2017,85,44277
2018,85,75858
2019,85,63986
2020,85,50845
2008,86,2699000
2009,86,2621489
2010,86,2718571
2011,86,2760716
2012,86,2838057
2013,86,907232
2014,86,653218
2015,86,710276
2016,86,595557
2017,86,646975
2018,86,635258
2019,86,1570328
2020,86,1420425
2008,87,8888
2009,87,7360
2010,87,1813
2011,87,1630
2012,87,1556
2013,87,1191
2014,87,945
2015,87,867
2016,87,875
2017,87,2007
2018,87,1064
2019,87,2446
2020,87,
2008,88,267
2009,88,0
2010,88,2817
2011,88,2498
2012,88,0
2013,88,0
2014,88,3357
2015,88,2913
2016,88,1871
2017,88,216
2018,88,821
2019,88,
2020,88,
2008,89,16631
2009,89,22029
2010,89,34356
2011,89,26316
2012,89,19579
2013,89,12763
2014,89,24978
2015,89,21941
2016,89,27892
2017,89,18319
2018,89,38629
2019,89,
2020,89,
2008,90,18735
2009,90,693
2010,90,846
2011,90,11522
2012,90,15099
2013,90,33848
2014,90,66072
2015,90,101219
2016,90,98982
2017,90,157666
2018,90,
2019,90,
2020,90,
2008,91,
2009,91,
2010,91,
2011,91,
2012,91,15
2013,91,494
2014,91,425
2015,91,2761
2016,91,3246
2017,91,1475
2018,91,7517
2019,91,6915
2020,91,
2008,92,
2009,92,
2010,92,
2011,92,
2012,92,
2013,92,
2014,92,0
2015,92,0
2016,92,838
2017,92,718
2018,92,590
2019,92,487
2020,92,
2008,93,
2009,93,
2010,93,
2011,93,
2012,93,
2013,93,
2014,93,
2015,93,
2016,93,
2017,93,
2018,93,
2019,93,
2020,93,
2008,94,
2009,94,
2010,94,
2011,94,
2012,94,
2013,94,
2014,94,
2015,94,
2016,94,
2017,94,
2018,94,
2019,94,
2020,94,
2008,95,220565
2009,95,170779
2010,95,436968
2011,95,401132
2012,95,284714
2013,95,417541
2014,95,438719
2015,95,394152
2016,95,399166
2017,95,123990
2018,95,872669
2019,95,1093759
2020,95,1406671
2008,96,29034
2009,96,14820
2010,96,12216
2011,96,51633
2012,96,41499
2013,96,46931
2014,96,
2015,96,
2016,96,
2017,96,
2018,96,
2019,96,
2020,96,
2008,97,71713
2009,97,74997
2010,97,67032
2011,97,31345
2012,97,43014
2013,97,37421
2014,97,37552
2015,97,11674
2016,97,16945
2017,97,15248
2018,97,14203
2019,97,99523
2020,97,92096
2008,98,31238
2009,98,27862
2010,98,20799
2011,98,12801
2012,98,4548
2013,98,423
2014,98,210
2015,98,0
2016,98,23888
2017,98,102
2018,98,81
2019,98,24466
2020,98,30451
2008,99,19762
2009,99,26352
2010,99,24647
2011,99,19466
2012,99,23155
2013,99,19968
2014,99,33378
2015,99,50608
2016,99,47298
2017,99,77037
2018,99,
2019,99,
2020,99,
2008,100,161289
2009,100,113094
2010,100,107934
2011,100,84463
2012,100,232175
2013,100,180432
2014,100,123311
2015,100,118248
2016,100,75883
2017,100,283911
2018,100,239173
2019,100,428422
2020,100,506724
2008,101,3229
2009,101,5064
2010,101,5116
2011,101,3460
2012,101,5378
2013,101,7151
2014,101,9992
2015,101,6923
2016,101,6929
2017,101,8211
2018,101,6984
2019,101,12204
2020,101,20709
2008,102,8591
2009,102,17210
2010,102,30533
2011,102,45161
2012,102,46676
2013,102,37771
2014,102,29289
2015,102,44057
2016,102,33724
2017,102,47154
2018,102,54102
2019,102,63684
2020,102,100080
2008,103,15230
2009,103,15499
2010,103,1076
2011,103,880
2012,103,696
2013,103,409
2014,103,15388
2015,103,12107
2016,103,8946
2017,103,5793
2018,103,19070
2019,103,
2020,103,
2008,104,12387
2009,104,14522
2010,104,11294
2011,104,9735
2012,104,6334
2013,104,20600
2014,104,12921
2015,104,9397
2016,104,8477
2017,104,14592
2018,104,11140
2019,104,13598
2020,104,59744
2008,105,605
2009,105,1963
2010,105,1985
2011,105,1365
2012,105,499
2013,105,596
2014,105,2564
2015,105,3786
2016,105,2829
2017,105,3007
2018,105,5390
2019,105,10140
2020,105,14778
2008,106,26728
2009,106,31432
2010,106,22741
2011,106,41398
2012,106,34326
2013,106,51240
2014,106,51005
2015,106,93840
2016,106,76107
2017,106,95730
2018,106,113328
2019,106,123579
2020,106,159514
2008,107,490
2009,107,214
2010,107,109
2011,107,62
2012,107,0
2013,107,28725
2014,107,0
2015,107,0
2016,107,0
2017,107,0
2018,107,0
2019,107,15571
2020,107,29558
2008,108,
2009,108,
2010,108,
2011,108,
2012,108,
2013,108,0
2014,108,0
2015,108,1510
2016,108,190052
2017,108,178889
2018,108,519884
2019,108,483303
2020,108,476432
2008,109,
2009,109,39256
2010,109,46952
2011,109,49653
2012,109,39895
2013,109,8944
2014,109,22947
2015,109,31602
2016,109,
2017,109,
2018,109,
2019,109,
2020,109,
2008,110,4
2009,110,2392
2010,110,1956
2011,110,2885
2012,110,2063
2013,110,1996
2014,110,297
2015,110,552
2016,110,0
2017,110,0
2018,110,0
2019,110,47
2020,110,32
2008,111,80956
2009,111,86764
2010,111,21070
2011,111,18719
2012,111,15260
2013,111,10409
2014,111,8159
2015,111,7514
2016,111,7403
2017,111,
2018,111,
2019,111,25351
2020,111,22000
2008,112,93751
2009,112,90962
2010,112,60315
2011,112,122650
2012,112,114710
2013,112,133915
2014,112,198325
2015,112,229382
2016,112,221186
2017,112,167480
2018,112,283281
2019,112,664122
2020,112,
2008,113,9198
2009,113,18574
2010,113,8824
2011,113,27743
2012,113,7332
2013,113,16338
2014,113,44818
2015,113,22871
2016,113,7719
2017,113,19765
2018,113,35390
2019,113,53049
2020,113,66480
2008,114,1095
2009,114,938
2010,114,1755
2011,114,1056
2012,114,2782
2013,114,1852
2014,114,2437
2015,114,6006
2016,114,11697
2017,114,11294
2018,114,8881
2019,114,6790
2020,114,
2008,115,11914
2009,115,12051
2010,115,13288
2011,115,16113
2012,115,12889
2013,115,13900
2014,115,15881
2015,115,22146
2016,115,
2017,115,
2018,115,
2019,115,
2020,115,
2008,116,22589
2009,116,22270
2010,116,16416
2011,116,11939
2012,116,5259
2013,116,3895
2014,116,10173
2015,116,6388
2016,116,18892
2017,116,17760
2018,116,42406
2019,116,44046
2020,116,32153
2008,117,13698
2009,117,12153
2010,117,19981
2011,117,50060
2012,117,48404
2013,117,53505
2014,117,61861
2015,117,77409
2016,117,53916
2017,117,40040
2018,117,50322
2019,117,64144
2020,117,97385
2008,118,161565
2009,118,26437
2010,118,173821
2011,118,164754
2012,118,177821
2013,118,180892
2014,118,126985
2015,118,180344
2016,118,159666
2017,118,134493
2018,118,186375
2019,118,194075
2020,118,474477
2008,119,150654
2009,119,91892
2010,119,131718
2011,119,113569
2012,119,91701
2013,119,111693
2014,119,147060
2015,119,300549
2016,119,327974
2017,119,243060
2018,119,232158
2019,119,387412
2020,119,420475
2008,120,
2009,120,
2010,120,
2011,120,149965
2012,120,209448
2013,120,604727
2014,120,634429
2015,120,627590
2016,120,549846
2017,120,276214
2018,120,771314
2019,120,849913
2020,120,2124445
2008,121,
2009,121,
2010,121,
2011,121,20217000
2012,121,20633000
2013,121,14182000
2014,121,15345812
2015,121,15441486
2016,121,14202936
2017,121,12001260
2018,121,12200152
2019,121,13124888
2020,121,12154779
2008,122,132123
2009,122,139198
2010,122,133934
2011,122,207535
2012,122,224069
2013,122,183050
2014,122,202497
2015,122,314703
2016,122,410007
2017,122,159006
2018,122,337660
2019,122,299428
2020,122,246142
2008,123,
2009,123,
2010,123,
2011,123,
2012,123,
2013,123,
2014,123,3007
2015,123,5323
2016,123,5870
2017,123,7194
2018,123,16023
2019,123,5366
2020,123,28353
2008,124,
2009,124,
2010,124,
2011,124,
2012,124,
2013,124,
2014,124,
2015,124,9841
2016,124,10750
2017,124,13721
2018,124,12586
2019,124,18443
2020,124,24754
2008,125,
2009,125,
2010,125,
2011,125,
2012,125,
2013,125,
2014,125,
2015,125,93702
2016,125,105952
2017,125,113286
2018,125,152249
2019,125,151015
2020,125,239837
2008,126,139307
2009,126,363075
2010,126,316875
2011,126,266669
2012,126,423050
2013,126,175308
2014,126,87147
2015,126,132419
2016,126,130898
2017,126,107844
2018,126,108088
2019,126,5422
2020,126,78462
2008,127,50000
2009,127,95000
2010,127,95000
2011,127,0
2012,127,0
2013,127,0
2014,127,0
2015,127,0
2016,127,0
2017,127,0
2018,127,0
2019,127,0
2020,127,0
2008,128,1077543
2009,128,1477321
2010,128,1943621
2011,128,1843713
2012,128,2026210
2013,128,2198632
2014,128,2541354
2015,128,2526494
2016,128,1919927
2017,128,1854652
2018,128,2258198
2019,128,
2020,128,
2008,129,46734
2009,129,41926
2010,129,55764
2011,129,58150
2012,129,89694
2013,129,46212
2014,129,199321
2015,129,230244
2016,129,214639
2017,129,255839
2018,129,
2019,129,
2020,129,
2008,130,5747
2009,130,4032
2010,130,1621
2011,130,438
2012,130,0
2013,130,0
2014,130,0
2015,130,0
2016,130,0
2017,130,0
2018,130,758
2019,130,
2020,130,
2008,131,0
2009,131,5839
2010,131,13555
2011,131,14870
2012,131,18416
2013,131,19287
2014,131,24700
2015,131,40534
2016,131,36259
2017,131,32327
2018,131,28164
2019,131,27591
2020,131,107146
2008,132,9526826
2009,132,10931177
2010,132,9813310
2011,132,10097100
2012,132,14024900
2013,132,13919836
2014,132,13473457
2015,132,13556796
2016,132,14178732
2017,132,15373593
2018,132,42603355
2019,132,41832000
2020,132,44331000
2008,133,167291
2009,133,241283
2010,133,246944
2011,133,244780
2012,133,275385
2013,133,0
2014,133,2471
2015,133,2756
2016,133,
2017,133,
2018,133,
2019,133,
2020,133,
2008,134,987097
2009,134,1385643
2010,134,1850654
2011,134,1749400
2012,134,1930493
2013,134,2101450
2014,134,2442859
2015,134,2427988
2016,134,1951875
2017,134,1947226
2018,134,2333481
2019,134,2037482
2020,134,2102817
2008,135,
2009,135,
2010,135,
2011,135,
2012,135,30855
2013,135,28619
2014,135,21252
2015,135,32728
2016,135,24896
2017,135,19109
2018,135,14690
2019,135,13080
2020,135,69785
2008,136,6408
2009,136,5370
2010,136,2053
2011,136,1657
2012,136,1441
2013,136,1117
2014,136,19
2015,136,1619
2016,136,1613
2017,136,423
2018,136,4558
2019,136,4302
2020,136,6369
2008,137,0
2009,137,56
2010,137,247
2011,137,1127
2012,137,649
2013,137,486
2014,137,358
2015,137,2822
2016,137,1693
2017,137,10519
2018,137,7210
2019,137,10062
2020,137,13022
2008,138,
2009,138,
2010,138,
2011,138,
2012,138,
2013,138,
2014,138,
2015,138,
2016,138,
2017,138,
2018,138,
2019,138,
2020,138,
2008,139,223
2009,139,1404
2010,139,5038
2011,139,6385
2012,139,308
2013,139,573
2014,139,169
2015,139,217
2016,139,580
2017,139,748
2018,139,1322
2019,139,4114
2020,139,8790
2008,140,44899
2009,140,34203
2010,140,39131
2011,140,34004
2012,140,12572
2013,140,9460
2014,140,38877
2015,140,
2016,140,0
2017,140,
2018,140,
2019,140,
2020,140,
2008,141,49061
2009,141,41387
2010,141,33756
2011,141,28868
2012,141,23749
2013,141,18652
2014,141,13516
2015,141,8306
2016,141,3066
2017,141,0
2018,141,0
2019,141,5700
2020,141,3562
2008,142,0
2009,142,0
2010,142,0
2011,142,0
2012,142,0
2013,142,0
2014,142,20000
2015,142,15000
2016,142,368500
2017,142,319000
2018,142,181600
2019,142,298200
2020,142,211000
2008,143,79738
2009,143,91422
2010,143,93859
2011,143,83159
2012,143,82266
2013,143,65586
2014,143,58252
2015,143,31966
2016,143,22031
2017,143,25307
2018,143,14907
2019,143,54181
2020,143,
2008,144,14140
2009,144,10886
2010,144,8109
2011,144,5916
2012,144,3686
2013,144,371
2014,144,15044
2015,144,15000
2016,144,6163
2017,144,5610
2018,144,4982
2019,144,15944
2020,144,81799
2008,145,28703
2009,145,27592
2010,145,23494
2011,145,20894
2012,145,23863
2013,145,20003
2014,145,17449
2015,145,14029
2016,145,9395
2017,145,411
2018,145,0
2019,145,1207
2020,145,
2008,146,3053
2009,146,2083
2010,146,1521
2011,146,1114
2012,146,1276
2013,146,6671
2014,146,2897
2015,146,90
2016,146,75835
2017,146,72215
2018,146,60
2019,146,88971
2020,146,83644
2008,147,663359
2009,147,377496
2010,147,412556
2011,147,401111
2012,147,372532
2013,147,394601
2014,147,260716
2015,147,220244
2016,147,301233
2017,147,229607
2018,147,114178
2019,147,175041
2020,147,136731
2008,148,62526
2009,148,58168
2010,148,61570
2011,148,52735
2012,148,52697
2013,148,40932
2014,148,29536
2015,148,20199
2016,148,11817
2017,148,16360
2018,148,10653
2019,148,17873
2020,148,
2008,149,379768
2009,149,348582
2010,149,313339
2011,149,285099
2012,149,244512
2013,149,7512
2014,149,81396
2015,149,79497
2016,149,83526
2017,149,95651
2018,149,3507
2019,149,43469
2020,149,
2008,150,921800
2009,150,826700
2010,150,1069400
2011,150,1203100
2012,150,1210400
2013,150,1319400
2014,150,1092700
2015,150,1102400
2016,150,1003500
2017,150,1323800
2018,150,744300
2019,150,987500
2020,150,1021500
2008,151,
2009,151,
2010,151,
2011,151,0
2012,151,0
2013,151,0
2014,151,0
2015,151,0
2016,151,2749
2017,151,9224
2018,151,10656
2019,151,10862
2020,151,17064
2008,152,
2009,152,
2010,152,
2011,152,
2012,152,
2013,152,
2014,152,0
2015,152,0
2016,152,0
2017,152,0
2018,152,0
2019,152,15
2020,152,0
2008,153,868300
2009,153,984700
2010,153,853100
2011,153,925000
2012,153,131300
2013,153,430600
2014,153,393800
2015,153,15600
2016,153,275100
2017,153,235800
2018,153,141600
2019,153,233800
2020,153,190100
2008,154,
2009,154,
2010,154,
2011,154,
2012,154,
2013,154,
2014,154,
2015,154,
2016,154,
2017,154,
2018,154,0
2019,154,4095
2020,154,20530
2008,155,
2009,155,
2010,155,
2011,155,
2012,155,
2013,155,
2014,155,41509
2015,155,35543
2016,155,32593
2017,155,33931
2018,155,30878
2019,155,35360
2020,155,31996
2008,156,
2009,156,
2010,156,1612
2011,156,1477
2012,156,1339
2013,156,1197
2014,156,80572
2015,156,90193
2016,156,60350
2017,156,30335
2018,156,428
2019,156,26524
2020,156,39014
2008,157,
2009,157,
2010,157,
2011,157,
2012,157,0
2013,157,0
2014,157,0
2015,157,0
2016,157,5863
2017,157,10696
2018,157,0
2019,157,
2020,157,
2008,158,
2009,158,
2010,158,
2011,158,
2012,158,
2013,158,
2014,158,
2015,158,0
2016,158,0
2017,158,0
2018,158,250
2019,158,0
2020,158,
2008,159,
2009,159,
2010,159,
2011,159,
2012,159,
2013,159,
2014,159,
2015,159,
2016,159,0
2017,159,
2018,159,0
2019,159,0
2020,159,
2008,160,
2009,160,
2010,160,
2011,160,1348
2012,160,1103
2013,160,1404
2014,160,2967
2015,160,2149
2016,160,7636
2017,160,9201
2018,160,6663
2019,160,3786
2020,160,12183
2008,161,
2009,161,
2010,161,
2011,161,
2012,161,
2013,161,
2014,161,833
2015,161,6857
2016,161,6529
2017,161,5832
2018,161,4896
2019,161,4314
2020,161,7912
2008,162,
2009,162,
2010,162,
2011,162,
2012,162,
2013,162,
2014,162,933
2015,162,776
2016,162,160
2017,162,601
2018,162,60
2019,162,3075
2020,162,7216
2008,163,
2009,163,
2010,163,
2011,163,
2012,163,
2013,163,
2014,163,0
2015,163,0
2016,163,0
2017,163,0
2018,163,0
2019,163,0
2020,163,
2008,164,101
2009,164,69
2010,164,35
2011,164,0
2012,164,0
2013,164,0
2014,164,0
2015,164,0
2016,164,0
2017,164,271
2018,164,184
2019,164,101
2020,164,55
2008,165,
2009,165,
2010,165,
2011,165,
2012,165,
2013,165,
2014,165,
2015,165,
2016,165,
2017,165,
2018,165,
2019,165,
2020,165,
2008,166,
2009,166,
2010,166,
2011,166,
2012,166,
2013,166,
2014,166,
2015,166,119666
2016,166,99763
2017,166,59884
2018,166,130209
2019,166,670405
2020,166,3661950
2008,167,174211
2009,167,289552
2010,167,481937
2011,167,284798
2012,167,424891
2013,167,385780
2014,167,276595
2015,167,585848
2016,167,183438
2017,167,248317
2018,167,248068
2019,167,198994
2020,167,598580
2008,168,0
2009,168,0
2010,168,25165
2011,168,106310
2012,168,96514
2013,168,54956
2014,168,45781
2015,168,40993
2016,168,34184
2017,168,40001
2018,168,25396
2019,168,52251
2020,168,55270
2008,169,13929000
2009,169,18064000
2010,169,20305000
2011,169,23102000
2012,169,19279000
2013,169,20988000
2014,169,19316000
2015,169,19393000
2016,169,20564000
2017,169,20179000
2018,169,20082000
2019,169,23669000
2020,169,26064000
2008,170,853065
2009,170,751955
2010,170,1221735
2011,170,1012730
2012,170,921438
2013,170,1435682
2014,170,1313904
2015,170,1987829
2016,170,1934060
2017,170,1788714
2018,170,1868211
2019,170,2102754
2020,170,2063715
2008,171,136714
2009,171,139918
2010,171,165044
2011,171,125059
2012,171,0
2013,171,362766
2014,171,10995
2015,171,352961
2016,171,313519
2017,171,331445
2018,171,206410
2019,171,372150
2020,171,682328
2008,172,4428
2009,172,3446
2010,172,2522
2011,172,1332
2012,172,180
2013,172,92
2014,172,32285
2015,172,43771
2016,172,42737
2017,172,12391
2018,172,48522
2019,172,42215
2020,172,45806
2008,173,1106000
2009,173,1796000
2010,173,2887000
2011,173,2576000
2012,173,3543000
2013,173,2859000
2014,173,3314000
2015,173,2841000
2016,173,3194000
2017,173,2929000
2018,173,2646000
2019,173,3147000
2020,173,2847000
2008,174,2519289
2009,174,2404189
2010,174,2435071
2011,174,2244583
2012,174,2052107
2013,174,1716410
2014,174,1688415
2015,174,1715104
2016,174,1680951
2017,174,1671281
2018,174,1074452
2019,174,
2020,174,
2008,175,8340
2009,175,6819
2010,175,42805
2011,175,41408
2012,175,32023
2013,175,21087
2014,175,20298
2015,175,59743
2016,175,197139
2017,175,147617
2018,175,77804
2019,175,428224
2020,175,314388
2008,176,36871
2009,176,32145
2010,176,28362
2011,176,24331
2012,176,20839
2013,176,21809
2014,176,15692
2015,176,20566
2016,176,21514
2017,176,28430
2018,176,22217
2019,176,39226
2020,176,67484
2008,177,1145
2009,177,749
2010,177,554
2011,177,358
2012,177,161
2013,177,62
2014,177,253
2015,177,10062
2016,177,24895
2017,177,16062
2018,177,639
2019,177,249570
2020,177,316693
2008,178,461084
2009,178,447282
2010,178,287794
2011,178,195741
2012,178,92034
2013,178,191230
2014,178,176493
2015,178,132526
2016,178,137393
2017,178,142491
2018,178,0
2019,178,110191
2020,178,278430
2008,179,3268
2009,179,2551
2010,179,16731
2011,179,14026
2012,179,11243
2013,179,8334
2014,179,6110
2015,179,15680
2016,179,17898
2017,179,17815
2018,179,28250
2019,179,31467
2020,179,42952
2008,180,17528
2009,180,18160
2010,180,13211
2011,180,7060
2012,180,4007
2013,180,15488
2014,180,12680
2015,180,18322
2016,180,23840
2017,180,22080
2018,180,16409
2019,180,95154
2020,180,109582
2008,181,3228
2009,181,5808
2010,181,5599
2011,181,4768
2012,181,3852
2013,181,2998
2014,181,9578
2015,181,9130
2016,181,8793
2017,181,9591
2018,181,5987
2019,181,9010
2020,181,19930
2008,182,14407
2009,182,9801
2010,182,1
2011,182,28410
2012,182,40481
2013,182,0
2014,182,50996
2015,182,0
2016,182,0
2017,182,61888
2018,182,
2019,182,
2020,182,
2008,183,0
2009,183,0
2010,183,0
2011,183,0
2012,183,0
2013,183,0
2014,183,21331
2015,183,23312
2016,183,0
2017,183,14814
2018,183,15892
2019,183,559267
2020,183,593702
2008,184,69369
2009,184,35082
2010,184,90182
2011,184,61183
2012,184,54465
2013,184,45332
2014,184,
2015,184,
2016,184,
2017,184,
2018,184,
2019,184,
2020,184,
2008,185,
2009,185,30338
2010,185,29096
2011,185,18334
2012,185,11778
2013,185,21758
2014,185,45113
2015,185,54541
2016,185,39488
2017,185,37339
2018,185,25934
2019,185,419290
2020,185,497089
2008,186,5574
2009,186,10737
2010,186,23410
2011,186,20378
2012,186,17343
2013,186,14306
2014,186,11265
2015,186,10714
2016,186,13805
2017,186,11240
2018,186,9781
2019,186,9036
2020,186,11043
2008,187,
2009,187,
2010,187,
2011,187,
2012,187,2113
2013,187,3714
2014,187,10500
2015,187,14669
2016,187,10479
2017,187,13685
2018,187,9555
2019,187,9167
2020,187,12263
2008,188,
2009,188,
2010,188,145866
2011,188,224440
2012,188,228088
2013,188,160116
2014,188,154243
2015,188,127016
2016,188,75835
2017,188,67874
2018,188,80783
2019,188,611997
2020,188,562844
2008,189,
2009,189,
2010,189,
2011,189,
2012,189,
2013,189,6347
2014,189,665471
2015,189,3725
2016,189,371546
2017,189,373242
2018,189,373428
2019,189,374190
2020,189,1086771
2008,190,
2009,190,
2010,190,
2011,190,
2012,190,
2013,190,
2014,190,
2015,190,0
2016,190,0
2017,190,0
2018,190,0
2019,190,0
2020,190,3050
2008,191,17288
2009,191,15060
2010,191,14521
2011,191,12185
2012,191,10325
2013,191,10772
2014,191,9183
2015,191,20343
2016,191,7519
2017,191,10726
2018,191,11216
2019,191,10471
2020,191,9107
2008,192,283
2009,192,0
2010,192,0
2011,192,1802
2012,192,1447
2013,192,1087
2014,192,729
2015,192,364
2016,192,0
2017,192,0
2018,192,0
2019,192,16827
2020,192,26194
2008,193,214
2009,193,333
2010,193,235
2011,193,125
2012,193,5
2013,193,1032
2014,193,0
2015,193,0
2016,193,0
2017,193,0
2018,193,0
2019,193,7325
2020,193,
2008,194,81409
2009,194,79990
2010,194,96767
2011,194,137518
2012,194,129111
2013,194,196788
2014,194,286202
2015,194,282615
2016,194,293644
2017,194,612462
2018,194,640647
2019,194,937344
2020,194,778238
2008,195,
2009,195,
2010,195,
2011,195,5548
2012,195,5043
2013,195,5114
2014,195,2879
2015,195,2173
2016,195,2499
2017,195,4312
2018,195,11317
2019,195,
2020,195,
2008,196,34433
2009,196,22830
2010,196,10507
2011,196,16414
2012,196,13427
2013,196,21719
2014,196,31030
2015,196,33868
2016,196,31051
2017,196,14102
2018,196,24247
2019,196,97556
2020,196,138532
2008,197,56944
2009,197,48016
2010,197,39445
2011,197,26106
2012,197,14340
2013,197,19503
2014,197,46629
2015,197,33956
2016,197,88056
2017,197,
2018,197,
2019,197,
2020,197,
2008,198,16746
2009,198,20312
2010,198,13798
2011,198,5381
2012,198,12309
2013,198,11124
2014,198,11669
2015,198,9286
2016,198,15643
2017,198,12075
2018,198,15483
2019,198,27140
2020,198,32357
2008,199,206
2009,199,179
2010,199,150
2011,199,119
2012,199,0
2013,199,0
2014,199,0
2015,199,1261
2016,199,1677
2017,199,1663
2018,199,6230
2019,199,6236
2020,199,2890
2008,200,103861
2009,200,211827
2010,200,183412
2011,200,182485
2012,200,181329
2013,200,53742
2014,200,128510
2015,200,145825
2016,200,154369
2017,200,10809
2018,200,7132
2019,200,87024
2020,200,
2008,201,28494
2009,201,30861
2010,201,28541
2011,201,17745
2012,201,18678
2013,201,21397
2014,201,17210
2015,201,20332
2016,201,28462
2017,201,
2018,201,
2019,201,
2020,201,
2008,202,5104
2009,202,3750
2010,202,3870
2011,202,2155
2012,202,4301
2013,202,2896
2014,202,1685
2015,202,0
2016,202,1391
2017,202,1688
2018,202,36882
2019,202,32029
2020,202,27398
2008,203,86195
2009,203,364
2010,203,64944
2011,203,213
2012,203,18454
2013,203,19608
2014,203,20549
2015,203,43
2016,203,4053
2017,203,6149
2018,203,7176
2019,203,10321
2020,203,11995
2008,204,4044
2009,204,0
2010,204,0
2011,204,3098
2012,204,2098
2013,204,1098
2014,204,0
2015,204,2795
2016,204,2240
2017,204,1814
2018,204,1360
2019,204,1837
2020,204,1267
2008,205,19606
2009,205,18750
2010,205,23032
2011,205,14253
2012,205,9552
2013,205,8532
2014,205,11538
2015,205,9423
2016,205,26464
2017,205,189912
2018,205,180675
2019,205,
2020,205,
2008,206,7282
2009,206,6397
2010,206,5802
2011,206,10784
2012,206,7974
2013,206,9438
2014,206,11764
2015,206,17934
2016,206,
2017,206,
2018,206,
2019,206,
2020,206,
2008,207,418
2009,207,2992
2010,207,3198
2011,207,3581
2012,207,2155
2013,207,2219
2014,207,6680
2015,207,8324
2016,207,5345
2017,207,7515
2018,207,
2019,207,
2020,207,
2008,208,4
2009,208,0
2010,208,16
2011,208,2
2012,208,0
2013,208,0
2014,208,0
2015,208,0
2016,208,0
2017,208,756
2018,208,664
2019,208,1323
2020,208,742
2008,209,
2009,209,
2010,209,0
2011,209,0
2012,209,0
2013,209,13580
2014,209,24433
2015,209,36063
2016,209,65103
2017,209,81118
2018,209,123172
2019,209,123040
2020,209,187038
2008,210,
2009,210,
2010,210,
2011,210,
2012,210,
2013,210,
2014,210,
2015,210,
2016,210,2111
2017,210,1745
2018,210,1360
2019,210,1825
2020,210,1257
2008,211,
2009,211,386
2010,211,2017
2011,211,1276
2012,211,1243
2013,211,3048
2014,211,6196
2015,211,7591
2016,211,10126
2017,211,15942
2018,211,20256
2019,211,17419
2020,211,14501
2008,212,
2009,212,
2010,212,2355
2011,212,2579
2012,212,4642
2013,212,5172
2014,212,4799
2015,212,18240
2016,212,15252
2017,212,14683
2018,212,14811
2019,212,18588
2020,212,27675
2008,213,
2009,213,
2010,213,3939
2011,213,2420
2012,213,3781
2013,213,4841
2014,213,5066
2015,213,5738
2016,213,6578
2017,213,
2018,213,
2019,213,
2020,213,
2008,214,
2009,214,
2010,214,
2011,214,
2012,214,
2013,214,50
2014,214,50
2015,214,1604
2016,214,2246
2017,214,1772
2018,214,343
2019,214,5074
2020,214,6080
2008,215,
2009,215,
2010,215,
2011,215,0
2012,215,0
2013,215,57
2014,215,337
2015,215,671
2016,215,813
2017,215,
2018,215,
2019,215,
2020,215,
2008,216,
2009,216,
2010,216,
2011,216,
2012,216,
2013,216,
2014,216,
2015,216,3210
2016,216,2265
2017,216,3691
2018,216,2595
2019,216,4993
2020,216,7837
2008,217,
2009,217,
2010,217,
2011,217,
2012,217,
2013,217,9635
2014,217,
2015,217,8825
2016,217,7204
2017,217,9354
2018,217,15037
2019,217,8617
2020,217,42068
2008,218,7092
2009,218,4027
2010,218,2705
2011,218,15324
2012,218,27226
2013,218,34506
2014,218,27118
2015,218,10972
2016,218,14108
2017,218,3503
2018,218,0
2019,218,439402
2020,218,405961
2008,219,2024
2009,219,1712
2010,219,990
2011,219,1098
2012,219,558
2013,219,1216
2014,219,740
2015,219,2490
2016,219,4381
2017,219,5419
2018,219,6907
2019,219,8499
2020,219,19616
2008,220,14398
2009,220,71314
2010,220,60879
2011,220,56385
2012,220,43344
2013,220,24432
2014,220,68486
2015,220,2028
2016,220,1313
2017,220,1006
2018,220,1669
2019,220,14084
2020,220,
2008,221,11509
2009,221,19930
2010,221,22083
2011,221,15193
2012,221,14989
2013,221,30304
2014,221,28258
2015,221,36111
2016,221,45237
2017,221,40210
2018,221,36044
2019,221,68558
2020,221,56262
2008,222,
2009,222,
2010,222,
2011,222,
2012,222,
2013,222,
2014,222,273
2015,222,414
2016,222,302
2017,222,214
2018,222,189
2019,222,111
2020,222,93
2008,223,
2009,223,
2010,223,
2011,223,
2012,223,
2013,223,
2014,223,
2015,223,9586
2016,223,7705
2017,223,10450
2018,223,
2019,223,
2020,223,
2008,224,
2009,224,
2010,224,
2011,224,
2012,224,
2013,224,
2014,224,
2015,224,
2016,224,
2017,224,
2018,224,
2019,224,
2020,224,
2008,225,
2009,225,
2010,225,0
2011,225,0
2012,225,0
2013,225,1070
2014,225,5942
2015,225,8885
2016,225,12494
2017,225,21642
2018,225,18866
2019,225,0
2020,225,
2008,226,34049
2009,226,20612
2010,226,12278
2011,226,6232
2012,226,2103
2013,226,1179
2014,226,902
2015,226,601
2016,226,300
2017,226,0
2018,226,
2019,226,3694
2020,226,17896
2008,227,
2009,227,
2010,227,
2011,227,243778
2012,227,522
2013,227,755811
2014,227,515909
2015,227,16000
2016,227,557722
2017,227,571749
2018,227,576713
2019,227,619422
2020,227,609573
2008,228,23736
2009,228,21743
2010,228,21574
2011,228,19637
2012,228,18606
2013,228,16858
2014,228,5152
2015,228,221301
2016,228,103167
2017,228,164274
2018,228,185889
2019,228,158252
2020,228,202785
2008,229,
2009,229,
2010,229,
2011,229,3518
2012,229,2988
2013,229,5905
2014,229,5847
2015,229,14257
2016,229,19548
2017,229,28293
2018,229,47127
2019,229,
2020,229,
2008,230,
2009,230,
2010,230,
2011,230,
2012,230,38630
2013,230,32509
2014,230,26324
2015,230,28410
2016,230,16963
2017,230,13609
2018,230,4133
2019,230,18954
2020,230,16439
2008,231,0
2009,231,2495
2010,231,2663
2011,231,2553
2012,231,2454
2013,231,2629
2014,231,2493
2015,231,5191
2016,231,3642
2017,231,1899
2018,231,1862
2019,231,1785
2020,231,4389
2008,232,114411
2009,232,88815
2010,232,60249
2011,232,36239
2012,232,12110
2013,232,3356
2014,232,68419
2015,232,65138
2016,232,28833
2017,232,19927
2018,232,12804
2019,232,161257
2020,232,201298
2008,233,120316
2009,233,115662
2010,233,99529
2011,233,83589
2012,233,66119
2013,233,225208
2014,233,226193
2015,233,226977
2016,233,228599
2017,233,285408
2018,233,243533
2019,233,946356
2020,233,
2008,234,32703
2009,234,3406
2010,234,22873
2011,234,10482
2012,234,10327
2013,234,2729
2014,234,2756
2015,234,3401
2016,234,3475
2017,234,1844
2018,234,4312
2019,234,11590
2020,234,23874
2008,235,61069
2009,235,27
2010,235,0
2011,235,0
2012,235,0
2013,235,0
2014,235,0
2015,235,0
2016,235,0
2017,235,0
2018,235,203
2019,235,0
2020,235,
2008,236,4666
2009,236,3500
2010,236,22970
2011,236,21803
2012,236,9202
2013,236,17697
2014,236,16765
2015,236,15801
2016,236,0
2017,236,0
2018,236,
2019,236,0
2020,236,0
2008,237,15919
2009,237,14991
2010,237,30155
2011,237,58145
2012,237,66042
2013,237,59636
2014,237,53697
2015,237,46400
2016,237,154832
2017,237,193933
2018,237,276807
2019,237,252265
2020,237,232260
2008,238,590
2009,238,0
2010,238,0
2011,238,0
2012,238,50826
2013,238,0
2014,238,61520
2015,238,158398
2016,238,156692
2017,238,231738
2018,238,228631
2019,238,211819
2020,238,284562
2008,239,30157
2009,239,27512
2010,239,34412
2011,239,27936
2012,239,26048
2013,239,24546
2014,239,23446
2015,239,82672
2016,239,82110
2017,239,88845
2018,239,129466
2019,239,58964
2020,239,56147
2008,240,1132
2009,240,0
2010,240,0
2011,240,0
2012,240,0
2013,240,7754
2014,240,7388
2015,240,7152
2016,240,6612
2017,240,31583
2018,240,22990
2019,240,19521
2020,240,24584
2008,241,45230
2009,241,40998
2010,241,36782
2011,241,31993
2012,241,27822
2013,241,24916
2014,241,20809
2015,241,16540
2016,241,12482
2017,241,9697
2018,241,6804
2019,241,3798
2020,241,7617
2008,242,2143569
2009,242,1876308
2010,242,1511653
2011,242,1571585
2012,242,1328683
2013,242,744395
2014,242,754711
2015,242,746749
2016,242,519865
2017,242,531330
2018,242,858767
2019,242,2925110
2020,242,3020752
2008,243,
2009,243,
2010,243,
2011,243,
2012,243,
2013,243,
2014,243,
2015,243,
2016,243,
2017,243,
2018,243,
2019,243,
2020,243,
2008,244,318154
2009,244,282645
2010,244,36379
2011,244,275732
2012,244,335030
2013,244,481388
2014,244,464769
2015,244,573101
2016,244,557414
2017,244,560244
2018,244,
2019,244,
2020,244,
2008,245,
2009,245,
2010,245,
2011,245,53907
2012,245,55242
2013,245,35216
2014,245,20109
2015,245,20102
2016,245,90330
2017,245,281770
2018,245,304987
2019,245,478237
2020,245,252314
2008,246,4878090
2009,246,1845113
2010,246,1668876
2011,246,1283072
2012,246,5203865
2013,246,5928324
2014,246,4003351
2015,246,6003000
2016,246,6097000
2017,246,3398000
2018,246,5654000
2019,246,8424000
2020,246,10173000
2008,247,
2009,247,
2010,247,
2011,247,
2012,247,
2013,247,
2014,247,
2015,247,
2016,247,
2017,247,
2018,247,
2019,247,
2020,247,
2008,248,
2009,248,
2010,248,
2011,248,
2012,248,
2013,248,
2014,248,
2015,248,
2016,248,
2017,248,
2018,248,
2019,248,
2020,248,
2008,249,59324
2009,249,146712
2010,249,119839
2011,249,160020
2012,249,142802
2013,249,150198
2014,249,5201
2015,249,0
2016,249,19
2017,249,0
2018,249,2859
2019,249,13457
2020,249,11945
2008,250,
2009,250,
2010,250,
2011,250,
2012,250,
2013,250,
2014,250,
2015,250,
2016,250,
2017,250,0
2018,250,0
2019,250,6786
2020,250,5443
2008,251,
2009,251,
2010,251,
2011,251,
2012,251,
2013,251,
2014,251,
2015,251,
2016,251,
2017,251,
2018,251,
2019,251,
2020,251,
2008,252,
2009,252,
2010,252,
2011,252,
2012,252,
2013,252,
2014,252,
2015,252,
2016,252,
2017,252,
2018,252,
2019,252,
2020,252,
2008,253,
2009,253,
2010,253,
2011,253,
2012,253,
2013,253,10101
2014,253,16758
2015,253,36749
2016,253,50894
2017,253,64369
2018,253,86797
2019,253,109254
2020,253,153701
2008,254,5689
2009,254,4266
2010,254,1712
2011,254,5795
2012,254,5048
2013,254,4066
2014,254,8082
2015,254,37119
2016,254,30179
2017,254,25262
2018,254,75638
2019,254,108650
2020,254,86720
2008,255,916
2009,255,807
2010,255,4536
2011,255,0
2012,255,0
2013,255,0
2014,255,0
2015,255,446
2016,255,656
2017,255,1449
2018,255,2833
2019,255,1914
2020,255,4626
2008,256,
2009,256,
2010,256,
2011,256,
2012,256,
2013,256,
2014,256,
2015,256,
2016,256,
2017,256,
2018,256,
2019,256,
2020,256,
2008,257,
2009,257,
2010,257,
2011,257,
2012,257,
2013,257,3191
2014,257,4979
2015,257,48456
2016,257,83619
2017,257,84464
2018,257,53389
2019,257,55996
2020,257,97677
2008,258,
2009,258,
2010,258,
2011,258,
2012,258,
2013,258,
2014,258,
2015,258,
2016,258,4681
2017,258,8689
2018,258,10946
2019,258,13804
2020,258,84394
2008,259,
2009,259,
2010,259,
2011,259,
2012,259,
2013,259,
2014,259,
2015,259,
2016,259,
2017,259,
2018,259,
2019,259,
2020,259,
2008,260,
2009,260,
2010,260,
2011,260,
2012,260,
2013,260,
2014,260,
2015,260,
2016,260,
2017,260,
2018,260,
2019,260,
2020,260,
2008,261,
2009,261,
2010,261,
2011,261,
2012,261,
2013,261,
2014,261,
2015,261,
2016,261,
2017,261,
2018,261,
2019,261,
2020,261,
2008,262,
2009,262,
2010,262,
2011,262,
2012,262,
2013,262,126095
2014,262,181766
2015,262,330824
2016,262,299623
2017,262,350670
2018,262,337253
2019,262,330784
2020,262,485117
2008,263,3031488
2009,263,2395823
2010,263,2603219
2011,263,750661
2012,263,1328338
2013,263,35216
2014,263,32344
2015,263,7798
2016,263,0
2017,263,0
2018,263,25499
2019,263,
2020,263,
2008,264,2038033
2009,264,1726684
2010,264,2662467
2011,264,5505235
2012,264,3900986
2013,264,369409
2014,264,341741
2015,264,223505
2016,264,187425
2017,264,151730
2018,264,108138
2019,264,68213
2020,264,0
2008,265,
2009,265,
2010,265,
2011,265,
2012,265,6059
2013,265,
2014,265,2860
2015,265,1481
2016,265,642
2017,265,5817
2018,265,5487
2019,265,3618
2020,265,16981
2008,266,
2009,266,
2010,266,
2011,266,
2012,266,
2013,266,
2014,266,
2015,266,3232
2016,266,3272
2017,266,13632
2018,266,15144
2019,266,13023
2020,266,18499
2008,267,
2009,267,
2010,267,
2011,267,
2012,267,
2013,267,
2014,267,
2015,267,
2016,267,
2017,267,
2018,267,
2019,267,
2020,267,
2008,268,
2009,268,
2010,268,
2011,268,
2012,268,
2013,268,
2014,268,
2015,268,
2016,268,
2017,268,
2018,268,
2019,268,
2020,268,
2008,269,
2009,269,
2010,269,
2011,269,
2012,269,
2013,269,
2014,269,
2015,269,
2016,269,923000
2017,269,3617044
2018,269,3705980
2019,269,4171497
2020,269,4707145
2008,270,
2009,270,
2010,270,
2011,270,
2012,270,
2013,270,
2014,270,
2015,270,
2016,270,0
2017,270,0
2018,270,0
2019,270,0
2020,270,0
2008,271,
2009,271,
2010,271,
2011,271,
2012,271,
2013,271,
2014,271,3399
2015,271,3163
2016,271,2886
2017,271,3566
2018,271,3413
2019,271,7627
2020,271,11995
2008,272,
2009,272,
2010,272,
2011,272,
2012,272,
2013,272,
2014,272,249
2015,272,537
2016,272,
2017,272,550
2018,272,284
2019,272,829
2020,272,1037
2008,273,
2009,273,
2010,273,
2011,273,
2012,273,
2013,273,
2014,273,
2015,273,
2016,273,549
2017,273,9
2018,273,0
2019,273,205
2020,273,5331
2008,274,
2009,274,
2010,274,
2011,274,
2012,274,
2013,274,
2014,274,0
2015,274,0
2016,274,289973
2017,274,240420
2018,274,291340
2019,274,341534
2020,274,318113
2008,275,
2009,275,
2010,275,
2011,275,
2012,275,
2013,275,813
2014,275,839
2015,275,2868
2016,275,4352
2017,275,8716
2018,275,7505
2019,275,
2020,275,
2008,276,
2009,276,
2010,276,
2011,276,
2012,276,
2013,276,
2014,276,
2015,276,
2016,276,
2017,276,
2018,276,
2019,276,
2020,276,
2008,277,
2009,277,
2010,277,
2011,277,
2012,277,
2013,277,16970
2014,277,19737
2015,277,31728
2016,277,29268
2017,277,29842
2018,277,26144
2019,277,43705
2020,277,
2008,278,
2009,278,
2010,278,
2011,278,
2012,278,
2013,278,
2014,278,6864
2015,278,9072
2016,278,8288
2017,278,7315
2018,278,7161
2019,278,6031
2020,278,
2008,279,
2009,279,
2010,279,
2011,279,
2012,279,
2013,279,
2014,279,
2015,279,6683
2016,279,5736
2017,279,5112
2018,279,2656
2019,279,2964
2020,279,4864
2008,280,
2009,280,
2010,280,
2011,280,
2012,280,
2013,280,
2014,280,
2015,280,
2016,280,
2017,280,
2018,280,
2019,280,
2020,280,
2008,281,
2009,281,
2010,281,
2011,281,
2012,281,
2013,281,
2014,281,
2015,281,
2016,281,
2017,281,
2018,281,
2019,281,
2020,281,
2008,282,
2009,282,
2010,282,
2011,282,
2012,282,
2013,282,
2014,282,
2015,282,
2016,282,
2017,282,
2018,282,
2019,282,
2020,282,
2008,283,
2009,283,
2010,283,
2011,283,
2012,283,
2013,283,
2014,283,
2015,283,
2016,283,
2017,283,
2018,283,
2019,283,
2020,283,
2008,284,
2009,284,
2010,284,
2011,284,
2012,284,
2013,284,
2014,284,
2015,284,
2016,284,
2017,284,
2018,284,
2019,284,
2020,284,
2008,285,
2009,285,
2010,285,
2011,285,
2012,285,
2013,285,
2014,285,
2015,285,
2016,285,
2017,285,
2018,285,
2019,285,
2020,285,
2008,286,
2009,286,
2010,286,
2011,286,
2012,286,
2013,286,
2014,286,
2015,286,
2016,286,
2017,286,
2018,286,
2019,286,
2020,286,
2008,287,
2009,287,
2010,287,
2011,287,
2012,287,
2013,287,
2014,287,
2015,287,
2016,287,
2017,287,
2018,287,
2019,287,
2020,287,
2008,288,
2009,288,
2010,288,
2011,288,
2012,288,
2013,288,
2014,288,
2015,288,
2016,288,0
2017,288,0
2018,288,0
2019,288,974
2020,288,3481
2008,289,
2009,289,
2010,289,
2011,289,
2012,289,
2013,289,
2014,289,
2015,289,
2016,289,
2017,289,
2018,289,
2019,289,
2020,289,
2008,290,
2009,290,
2010,290,
2011,290,
2012,290,
2013,290,
2014,290,
2015,290,3299
2016,290,3978
2017,290,4251
2018,290,6065
2019,290,4986
2020,290,5869
2008,291,
2009,291,
2010,291,
2011,291,
2012,291,
2013,291,
2014,291,
2015,291,
2016,291,
2017,291,
2018,291,
2019,291,
2020,291,
2008,292,
2009,292,
2010,292,
2011,292,
2012,292,
2013,292,
2014,292,9860
2015,292,8322
2016,292,12464
2017,292,16541
2018,292,16227
2019,292,18311
2020,292,28805
2008,293,
2009,293,
2010,293,
2011,293,
2012,293,133880
2013,293,139929
2014,293,0
2015,293,91272
2016,293,0
2017,293,40000
2018,293,40000
2019,293,46889
2020,293,36543
2008,294,
2009,294,
2010,294,
2011,294,
2012,294,250000
2013,294,320000
2014,294,468562
2015,294,452962
2016,294,634283
2017,294,790139
2018,294,815177
2019,294,1105692
2020,294,808908
2008,295,
2009,295,
2010,295,
2011,295,
2012,295,
2013,295,
2014,295,
2015,295,
2016,295,
2017,295,
2018,295,
2019,295,
2020,295,
2008,296,
2009,296,
2010,296,
2011,296,
2012,296,
2013,296,
2014,296,
2015,296,1376
2016,296,1149
2017,296,1109
2018,296,339
2019,296,2175
2020,296,1865
2008,297,
2009,297,
2010,297,
2011,297,
2012,297,
2013,297,
2014,297,
2015,297,0
2016,297,
2017,297,
2018,297,
2019,297,415
2020,297,3820
2008,298,
2009,298,
2010,298,
2011,298,
2012,298,
2013,298,
2014,298,
2015,298,0
2016,298,0
2017,298,76142
2018,298,82617
2019,298,131107
2020,298,102711
2008,299,
2009,299,
2010,299,
2011,299,
2012,299,
2013,299,
2014,299,
2015,299,
2016,299,4
2017,299,359
2018,299,13500
2019,299,14863
2020,299,
2008,300,
2009,300,
2010,300,
2011,300,
2012,300,
2013,300,
2014,300,
2015,300,
2016,300,
2017,300,
2018,300,
2019,300,
2020,300,
2008,301,
2009,301,
2010,301,
2011,301,
2012,301,
2013,301,
2014,301,
2015,301,
2016,301,
2017,301,
2018,301,
2019,301,
2020,301,
2008,302,
2009,302,
2010,302,
2011,302,
2012,302,
2013,302,
2014,302,
2015,302,12386
2016,302,10184
2017,302,6221
2018,302,3736
2019,302,3279
2020,302,11149
2008,303,
2009,303,
2010,303,
2011,303,
2012,303,
2013,303,
2014,303,
2015,303,
2016,303,
2017,303,
2018,303,
2019,303,
2020,303,
2008,304,
2009,304,
2010,304,
2011,304,
2012,304,
2013,304,
2014,304,
2015,304,
2016,304,
2017,304,
2018,304,
2019,304,
2020,304,
2008,305,
2009,305,
2010,305,
2011,305,
2012,305,
2013,305,
2014,305,
2015,305,
2016,305,
2017,305,
2018,305,
2019,305,
2020,305,
2008,306,
2009,306,
2010,306,
2011,306,
2012,306,
2013,306,
2014,306,
2015,306,
2016,306,
2017,306,
2018,306,
2019,306,
2020,306,
2008,307,
2009,307,
2010,307,
2011,307,
2012,307,
2013,307,
2014,307,
2015,307,
2016,307,
2017,307,
2018,307,
2019,307,
2020,307,
2008,308,
2009,308,
2010,308,
2011,308,
2012,308,
2013,308,
2014,308,
2015,308,
2016,308,1250
2017,308,695
2018,308,312
2019,308,531
2020,308,398
2008,309,
2009,309,
2010,309,
2011,309,
2012,309,
2013,309,
2014,309,
2015,309,
2016,309,
2017,309,
2018,309,
2019,309,
2020,309,
2008,310,
2009,310,
2010,310,
2011,310,
2012,310,
2013,310,
2014,310,
2015,310,
2016,310,
2017,310,
2018,310,
2019,310,
2020,310,
2008,311,
2009,311,
2010,311,
2011,311,
2012,311,
2013,311,
2014,311,
2015,311,
2016,311,
2017,311,
2018,311,
2019,311,
2020,311,
2008,312,
2009,312,
2010,312,
2011,312,
2012,312,
2013,312,
2014,312,
2015,312,
2016,312,
2017,312,
2018,312,
2019,312,
2020,312,
2008,313,
2009,313,
2010,313,
2011,313,
2012,313,
2013,313,
2014,313,
2015,313,
2016,313,
2017,313,
2018,313,
2019,313,
2020,313,
2008,314,
2009,314,
2010,314,
2011,314,
2012,314,
2013,314,
2014,314,
2015,314,
2016,314,
2017,314,
2018,314,
2019,314,
2020,314,
2008,315,
2009,315,
2010,315,
2011,315,
2012,315,
2013,315,
2014,315,
2015,315,
2016,315,
2017,315,
2018,315,
2019,315,
2020,315,
2008,316,
2009,316,
2010,316,
2011,316,
2012,316,
2013,316,
2014,316,
2015,316,
2016,316,
2017,316,
2018,316,
2019,316,
2020,316,
2008,317,
2009,317,
2010,317,
2011,317,
2012,317,
2013,317,
2014,317,
2015,317,
2016,317,
2017,317,
2018,317,
2019,317,
2020,317,
2008,318,
2009,318,
2010,318,
2011,318,
2012,318,
2013,318,
2014,318,
2015,318,
2016,318,
2017,318,
2018,318,
2019,318,
2020,318,
2008,319,
2009,319,
2010,319,
2011,319,
2012,319,
2013,319,
2014,319,
2015,319,
2016,319,
2017,319,
2018,319,
2019,319,
2020,319,
2008,320,
2009,320,
2010,320,
2011,320,
2012,320,
2013,320,
2014,320,
2015,320,
2016,320,0
2017,320,0
2018,320,0
2019,320,0
2020,320,
2008,321,
2009,321,
2010,321,
2011,321,
2012,321,
2013,321,
2014,321,
2015,321,
2016,321,
2017,321,
2018,321,
2019,321,
2020,321,
2008,322,
2009,322,
2010,322,
2011,322,
2012,322,
2013,322,
2014,322,
2015,322,
2016,322,
2017,322,
2018,322,
2019,322,
2020,322,
2008,323,
2009,323,
2010,323,
2011,323,
2012,323,
2013,323,
2014,323,
2015,323,
2016,323,
2017,323,
2018,323,
2019,323,
2020,323,
2008,324,
2009,324,
2010,324,
2011,324,
2012,324,
2013,324,
2014,324,
2015,324,
2016,324,
2017,324,
2018,324,
2019,324,
2020,324,
2008,325,
2009,325,
2010,325,
2011,325,
2012,325,
2013,325,
2014,325,
2015,325,
2016,325,
2017,325,
2018,325,
2019,325,
2020,325,
