Date,Id,closely held shares
2008,1,
2009,1,
2010,1,
2011,1,
2012,1,
2013,1,
2014,1,
2015,1,
2016,1,
2017,1,
2018,1,
2019,1,
2020,1,
2008,2,2248
2009,2,11888
2010,2,11920
2011,2,14218
2012,2,14773
2013,2,
2014,2,29689
2015,2,29689
2016,2,
2017,2,
2018,2,
2019,2,
2020,2,
2008,3,
2009,3,
2010,3,
2011,3,
2012,3,
2013,3,
2014,3,
2015,3,
2016,3,
2017,3,
2018,3,
2019,3,
2020,3,
2008,4,
2009,4,
2010,4,
2011,4,
2012,4,
2013,4,
2014,4,
2015,4,
2016,4,
2017,4,
2018,4,
2019,4,
2020,4,
2008,5,
2009,5,
2010,5,
2011,5,
2012,5,
2013,5,
2014,5,
2015,5,
2016,5,
2017,5,
2018,5,1489
2019,5,1480
2020,5,
2008,6,
2009,6,
2010,6,
2011,6,
2012,6,
2013,6,
2014,6,
2015,6,
2016,6,
2017,6,10865
2018,6,
2019,6,
2020,6,
2008,7,
2009,7,
2010,7,
2011,7,
2012,7,
2013,7,
2014,7,
2015,7,0
2016,7,
2017,7,
2018,7,
2019,7,
2020,7,
2008,8,
2009,8,188940
2010,8,197285
2011,8,188732
2012,8,188732
2013,8,188723
2014,8,188723
2015,8,188723
2016,8,188723
2017,8,178725
2018,8,178724
2019,8,182210
2020,8,182210
2008,9,280484
2009,9,186986
2010,9,186986
2011,9,183307
2012,9,190716
2013,9,183307
2014,9,183304
2015,9,201400
2016,9,201400
2017,9,201400
2018,9,203739
2019,9,201389
2020,9,201400
2008,10,215601
2009,10,241651
2010,10,215109
2011,10,217946
2012,10,213325
2013,10,214909
2014,10,214909
2015,10,213514
2016,10,213514
2017,10,211708
2018,10,199658
2019,10,201244
2020,10,211708
2008,11,61500
2009,11,61500
2010,11,61500
2011,11,75904
2012,11,69548
2013,11,75904
2014,11,75900
2015,11,75900
2016,11,75900
2017,11,92987
2018,11,92987
2019,11,75895
2020,11,75904
2008,12,7116
2009,12,7811
2010,12,
2011,12,33194
2012,12,33194
2013,12,33195
2014,12,33195
2015,12,33195
2016,12,32667
2017,12,42102
2018,12,42102
2019,12,42102
2020,12,42102
2008,13,72973
2009,13,64632
2010,13,74513
2011,13,70926
2012,13,72210
2013,13,69981
2014,13,69981
2015,13,70117
2016,13,70117
2017,13,67595
2018,13,66789
2019,13,66789
2020,13,66789
2008,14,
2009,14,
2010,14,
2011,14,
2012,14,
2013,14,
2014,14,
2015,14,
2016,14,
2017,14,
2018,14,
2019,14,
2020,14,
2008,15,
2009,15,
2010,15,
2011,15,
2012,15,
2013,15,
2014,15,
2015,15,
2016,15,
2017,15,
2018,15,
2019,15,
2020,15,
2008,16,
2009,16,
2010,16,
2011,16,
2012,16,
2013,16,
2014,16,
2015,16,
2016,16,
2017,16,
2018,16,
2019,16,
2020,16,
2008,17,
2009,17,
2010,17,
2011,17,
2012,17,
2013,17,
2014,17,
2015,17,
2016,17,
2017,17,
2018,17,126718
2019,17,126718
2020,17,126837
2008,18,
2009,18,
2010,18,
2011,18,
2012,18,
2013,18,
2014,18,
2015,18,
2016,18,0
2017,18,0
2018,18,10051
2019,18,10051
2020,18,10051
2008,19,679847
2009,19,708896
2010,19,713484
2011,19,592416
2012,19,592416
2013,19,592416
2014,19,592416
2015,19,714396
2016,19,714396
2017,19,592416
2018,19,747954
2019,19,592416
2020,19,630728
2008,20,
2009,20,
2010,20,
2011,20,
2012,20,
2013,20,
2014,20,
2015,20,0
2016,20,0
2017,20,0
2018,20,1448
2019,20,1315
2020,20,1315
2008,21,
2009,21,
2010,21,
2011,21,
2012,21,
2013,21,
2014,21,22645
2015,21,22874
2016,21,22874
2017,21,22874
2018,21,22874
2019,21,22871
2020,21,
2008,22,
2009,22,
2010,22,
2011,22,
2012,22,
2013,22,
2014,22,
2015,22,0
2016,22,0
2017,22,23631
2018,22,23631
2019,22,23631
2020,22,23631
2008,23,9575
2009,23,
2010,23,9573
2011,23,10089
2012,23,10089
2013,23,13859
2014,23,13859
2015,23,13859
2016,23,13174
2017,23,13174
2018,23,13174
2019,23,13174
2020,23,13174
2008,24,6814
2009,24,6824
2010,24,7844
2011,24,63472
2012,24,63472
2013,24,63472
2014,24,68069
2015,24,61720
2016,24,61720
2017,24,61200
2018,24,61200
2019,24,61200
2020,24,
2008,25,
2009,25,
2010,25,
2011,25,
2012,25,
2013,25,11863
2014,25,11863
2015,25,11863
2016,25,11861
2017,25,0
2018,25,0
2019,25,
2020,25,
2008,26,51209
2009,26,51239
2010,26,51391
2011,26,51703
2012,26,51703
2013,26,51701
2014,26,51701
2015,26,51701
2016,26,51701
2017,26,67970
2018,26,
2019,26,51929
2020,26,1030188
2008,27,32207
2009,27,31749
2010,27,
2011,27,33876
2012,27,33876
2013,27,33877
2014,27,33877
2015,27,33877
2016,27,33877
2017,27,31432
2018,27,31432
2019,27,31431
2020,27,31431
2008,28,105227
2009,28,105227
2010,28,105267
2011,28,105225
2012,28,105225
2013,28,105225
2014,28,
2015,28,0
2016,28,0
2017,28,105228
2018,28,105228
2019,28,105267
2020,28,
2008,29,2458
2009,29,2429
2010,29,2429
2011,29,3880
2012,29,3880
2013,29,3880
2014,29,
2015,29,2417
2016,29,3665
2017,29,3434
2018,29,
2019,29,
2020,29,
2008,30,5585
2009,30,5986
2010,30,
2011,30,5845
2012,30,5689
2013,30,5689
2014,30,8756
2015,30,8756
2016,30,8756
2017,30,
2018,30,8756
2019,30,8
2020,30,59036
2008,31,
2009,31,
2010,31,
2011,31,0
2012,31,0
2013,31,
2014,31,0
2015,31,
2016,31,
2017,31,
2018,31,0
2019,31,25
2020,31,
2008,32,20137
2009,32,23457
2010,32,20137
2011,32,20137
2012,32,20137
2013,32,20137
2014,32,20137
2015,32,21407
2016,32,24699
2017,32,24699
2018,32,24699
2019,32,24177
2020,32,24299
2008,33,37061
2009,33,31631
2010,33,35457
2011,33,54076
2012,33,54076
2013,33,54076
2014,33,54076
2015,33,54076
2016,33,51076
2017,33,51076
2018,33,
2019,33,
2020,33,
2008,34,195189
2009,34,121978
2010,34,125980
2011,34,121978
2012,34,121978
2013,34,176905
2014,34,154797
2015,34,157172
2016,34,
2017,34,
2018,34,
2019,34,
2020,34,
2008,35,100732
2009,35,100776
2010,35,60729
2011,35,108711
2012,35,110127
2013,35,110127
2014,35,110781
2015,35,110781
2016,35,112835
2017,35,112835
2018,35,113214
2019,35,113382
2020,35,113382
2008,36,93700
2009,36,116407
2010,36,96550
2011,36,93703
2012,36,93703
2013,36,93700
2014,36,93700
2015,36,93700
2016,36,93700
2017,36,93700
2018,36,
2019,36,
2020,36,
2008,37,20543
2009,37,25975
2010,37,29126
2011,37,29042
2012,37,55014
2013,37,55014
2014,37,55012
2015,37,29037
2016,37,30967
2017,37,30967
2018,37,28628
2019,37,28619
2020,37,29885
2008,38,151473
2009,38,121222
2010,38,121056
2011,38,222680
2012,38,402466
2013,38,304586
2014,38,304586
2015,38,328481
2016,38,331208
2017,38,
2018,38,
2019,38,
2020,38,
2008,39,1190
2009,39,412
2010,39,417
2011,39,13790
2012,39,13950
2013,39,13962
2014,39,11608
2015,39,11518
2016,39,30640
2017,39,36605
2018,39,43015
2019,39,43015
2020,39,43779
2008,40,60208
2009,40,64415
2010,40,125748
2011,40,180356
2012,40,206671
2013,40,174848
2014,40,174848
2015,40,174848
2016,40,174848
2017,40,174848
2018,40,180006
2019,40,174848
2020,40,177063
2008,41,
2009,41,
2010,41,
2011,41,28
2012,41,2811
2013,41,2833
2014,41,2868
2015,41,1891
2016,41,1727
2017,41,3208
2018,41,31008
2019,41,31008
2020,41,29607
2008,42,2242116
2009,42,2937609
2010,42,2985696
2011,42,2937609
2012,42,3132258
2013,42,3132729
2014,42,2586300
2015,42,2397811
2016,42,2397811
2017,42,2397811
2018,42,2397811
2019,42,2397811
2020,42,2397811
2008,43,702274
2009,43,702363
2010,43,700737
2011,43,602998
2012,43,710532
2013,43,643378
2014,43,640303
2015,43,600003
2016,43,600003
2017,43,600003
2018,43,601971
2019,43,601971
2020,43,599983
2008,44,
2009,44,
2010,44,
2011,44,
2012,44,
2013,44,98500
2014,44,81905
2015,44,81905
2016,44,81905
2017,44,
2018,44,
2019,44,
2020,44,
2008,45,
2009,45,
2010,45,
2011,45,
2012,45,
2013,45,
2014,45,
2015,45,
2016,45,
2017,45,
2018,45,
2019,45,
2020,45,
2008,46,108611
2009,46,108611
2010,46,108611
2011,46,167965
2012,46,170010
2013,46,168964
2014,46,168964
2015,46,168964
2016,46,168964
2017,46,168964
2018,46,168881
2019,46,168945
2020,46,169903
2008,47,1697009
2009,47,1720345
2010,47,1863593
2011,47,1799227
2012,47,1799227
2013,47,1799040
2014,47,1566453
2015,47,1566453
2016,47,1566453
2017,47,1566453
2018,47,1566453
2019,47,1566453
2020,47,1566453
2008,48,
2009,48,
2010,48,
2011,48,3458500
2012,48,3458500
2013,48,3458550
2014,48,3458550
2015,48,3458550
2016,48,
2017,48,
2018,48,
2019,48,
2020,48,
2008,49,
2009,49,
2010,49,
2011,49,
2012,49,
2013,49,
2014,49,0
2015,49,0
2016,49,0
2017,49,0
2018,49,
2019,49,0
2020,49,45651
2008,50,
2009,50,
2010,50,
2011,50,
2012,50,
2013,50,
2014,50,
2015,50,0
2016,50,0
2017,50,0
2018,50,0
2019,50,0
2020,50,4448
2008,51,
2009,51,
2010,51,
2011,51,
2012,51,
2013,51,
2014,51,
2015,51,
2016,51,
2017,51,
2018,51,
2019,51,
2020,51,
2008,52,
2009,52,
2010,52,
2011,52,
2012,52,
2013,52,
2014,52,
2015,52,
2016,52,
2017,52,3136
2018,52,3136
2019,52,3144
2020,52,
2008,53,8175
2009,53,12171
2010,53,7959
2011,53,9195
2012,53,9048
2013,53,9049
2014,53,8179
2015,53,8179
2016,53,6859
2017,53,6859
2018,53,
2019,53,
2020,53,
2008,54,10215
2009,54,10215
2010,54,9951
2011,54,11346
2012,54,11140
2013,54,10909
2014,54,9826
2015,54,10257
2016,54,10257
2017,54,10257
2018,54,9328
2019,54,10257
2020,54,10398
2008,55,19698
2009,55,25366
2010,55,39930
2011,55,40322
2012,55,40287
2013,55,39136
2014,55,39137
2015,55,39137
2016,55,39137
2017,55,37787
2018,55,37786
2019,55,44799
2020,55,44799
2008,56,3603
2009,56,3535
2010,56,3536
2011,56,5666
2012,56,4473
2013,56,5666
2014,56,5667
2015,56,5667
2016,56,5667
2017,56,4799
2018,56,5146
2019,56,5190
2020,56,5721
2008,57,81199
2009,57,81346
2010,57,81691
2011,57,101419
2012,57,102764
2013,57,101698
2014,57,97884
2015,57,97884
2016,57,95026
2017,57,85826
2018,57,
2019,57,
2020,57,
2008,58,58949
2009,58,31187
2010,58,2334
2011,58,54971
2012,58,13749
2013,58,4507
2014,58,4507
2015,58,18420
2016,58,8989
2017,58,8990
2018,58,10400
2019,58,18749
2020,58,7650
2008,59,9060
2009,59,9060
2010,59,9237
2011,59,12459
2012,59,12459
2013,59,12461
2014,59,12340
2015,59,12100
2016,59,11980
2017,59,11980
2018,59,12047
2019,59,11980
2020,59,11827
2008,60,146527
2009,60,146527
2010,60,146527
2011,60,142340
2012,60,142340
2013,60,
2014,60,139178
2015,60,139178
2016,60,116190
2017,60,116190
2018,60,116190
2019,60,116190
2020,60,
2008,61,8602
2009,61,8602
2010,61,8697
2011,61,8760
2012,61,8760
2013,61,8760
2014,61,8760
2015,61,8760
2016,61,8760
2017,61,8300
2018,61,8300
2019,61,8669
2020,61,8300
2008,62,1155
2009,62,1742
2010,62,1742
2011,62,15749
2012,62,15749
2013,62,15749
2014,62,15749
2015,62,15749
2016,62,15749
2017,62,14065
2018,62,16002
2019,62,16002
2020,62,16002
2008,63,57158
2009,63,57163
2010,63,41649
2011,63,51037
2012,63,49616
2013,63,51037
2014,63,51026
2015,63,51026
2016,63,0
2017,63,40120
2018,63,59107
2019,63,51954
2020,63,120846
2008,64,4754432
2009,64,4319883
2010,64,4316898
2011,64,3682940
2012,64,5032244
2013,64,4922700
2014,64,4344560
2015,64,4962262
2016,64,3640110
2017,64,5633239
2018,64,
2019,64,
2020,64,
2008,65,37954
2009,65,39544
2010,65,37773
2011,65,38179
2012,65,39143
2013,65,38178
2014,65,38178
2015,65,38178
2016,65,38178
2017,65,38178
2018,65,38178
2019,65,33529
2020,65,33529
2008,66,
2009,66,
2010,66,
2011,66,
2012,66,23047
2013,66,23047
2014,66,23069
2015,66,23069
2016,66,25569
2017,66,
2018,66,
2019,66,
2020,66,
2008,67,
2009,67,
2010,67,
2011,67,5691
2012,67,7194
2013,67,5691
2014,67,5691
2015,67,5691
2016,67,9137
2017,67,9137
2018,67,9958
2019,67,10000
2020,67,11847
2008,68,0
2009,68,0
2010,68,
2011,68,2339
2012,68,2339
2013,68,2339
2014,68,2511
2015,68,2003
2016,68,1800
2017,68,1753
2018,68,2346
2019,68,2772
2020,68,
2008,69,126207
2009,69,126207
2010,69,131138
2011,69,1468643
2012,69,1520274
2013,69,1524844
2014,69,1527491
2015,69,1545840
2016,69,1545882
2017,69,1662786
2018,69,
2019,69,
2020,69,
2008,70,
2009,70,
2010,70,
2011,70,220
2012,70,9007
2013,70,220
2014,70,523
2015,70,523
2016,70,515
2017,70,8880
2018,70,8236
2019,70,8280
2020,70,7968
2008,71,
2009,71,
2010,71,
2011,71,
2012,71,15655
2013,71,15654
2014,71,15654
2015,71,15654
2016,71,15654
2017,71,14563
2018,71,14563
2019,71,14563
2020,71,14926
2008,72,
2009,72,
2010,72,
2011,72,21706
2012,72,22277
2013,72,21706
2014,72,21700
2015,72,21700
2016,72,23259
2017,72,23174
2018,72,23174
2019,72,23174
2020,72,21189
2008,73,2
2009,73,3941
2010,73,3934
2011,73,3934
2012,73,4927
2013,73,4927
2014,73,4927
2015,73,4394
2016,73,6170
2017,73,
2018,73,
2019,73,
2020,73,
2008,74,
2009,74,
2010,74,
2011,74,
2012,74,
2013,74,
2014,74,
2015,74,
2016,74,
2017,74,
2018,74,
2019,74,
2020,74,
2008,75,
2009,75,
2010,75,
2011,75,
2012,75,
2013,75,
2014,75,
2015,75,
2016,75,
2017,75,
2018,75,
2019,75,
2020,75,
2008,76,1229993
2009,76,1876467
2010,76,1876621
2011,76,1303283
2012,76,1698597
2013,76,1422162
2014,76,1376591
2015,76,1246682
2016,76,1183916
2017,76,1254909
2018,76,1265069
2019,76,1305160
2020,76,1245568
2008,77,519527
2009,77,519533
2010,77,
2011,77,666730
2012,77,660585
2013,77,637080
2014,77,631916
2015,77,678001
2016,77,678001
2017,77,633648
2018,77,714003
2019,77,741089
2020,77,599423
2008,78,588746
2009,78,592778
2010,78,654844
2011,78,755594
2012,78,713855
2013,78,749878
2014,78,705803
2015,78,705803
2016,78,600686
2017,78,706458
2018,78,593966
2019,78,544337
2020,78,606175
2008,79,
2009,79,58095
2010,79,
2011,79,58093
2012,79,58093
2013,79,58093
2014,79,58094
2015,79,58094
2016,79,58094
2017,79,58094
2018,79,94999
2019,79,177609
2020,79,187477
2008,80,159496
2009,80,139541
2010,80,144308
2011,80,178645
2012,80,159166
2013,80,154667
2014,80,154667
2015,80,154667
2016,80,154667
2017,80,144308
2018,80,144308
2019,80,171526
2020,80,156008
2008,81,4699735
2009,81,4699741
2010,81,4699741
2011,81,4178062
2012,81,109582
2013,81,
2014,81,
2015,81,109578
2016,81,109578
2017,81,109578
2018,81,109582
2019,81,109194
2020,81,109040
2008,82,
2009,82,
2010,82,
2011,82,
2012,82,
2013,82,14000
2014,82,0
2015,82,0
2016,82,
2017,82,
2018,82,
2019,82,
2020,82,
2008,83,57200
2009,83,57200
2010,83,57200
2011,83,62920
2012,83,58995
2013,83,58993
2014,83,58993
2015,83,58993
2016,83,58993
2017,83,69297
2018,83,69297
2019,83,57200
2020,83,69297
2008,84,375620
2009,84,376337
2010,84,494996
2011,84,388805
2012,84,392041
2013,84,388819
2014,84,388819
2015,84,388819
2016,84,388819
2017,84,474348
2018,84,373270
2019,84,476836
2020,84,393380
2008,85,116892
2009,85,192376
2010,85,207224
2011,85,238258
2012,85,225001
2013,85,238284
2014,85,238284
2015,85,238284
2016,85,217477
2017,85,
2018,85,
2019,85,
2020,85,
2008,86,375620
2009,86,376337
2010,86,494996
2011,86,388805
2012,86,392041
2013,86,388819
2014,86,388819
2015,86,388819
2016,86,388819
2017,86,474348
2018,86,373270
2019,86,476836
2020,86,393380
2008,87,736
2009,87,355
2010,87,355
2011,87,134
2012,87,624
2013,87,597
2014,87,513
2015,87,513
2016,87,99041
2017,87,93332
2018,87,86624
2019,87,111043
2020,87,
2008,88,64719
2009,88,54692
2010,88,57436
2011,88,69746
2012,88,67614
2013,88,74172
2014,88,80931
2015,88,101160
2016,88,125882
2017,88,121342
2018,88,367825
2019,88,
2020,88,
2008,89,64078
2009,89,64716
2010,89,
2011,89,57580
2012,89,59579
2013,89,59579
2014,89,59572
2015,89,59572
2016,89,59572
2017,89,59572
2018,89,59572
2019,89,
2020,89,
2008,90,
2009,90,11661
2010,90,9049
2011,90,11347
2012,90,9346
2013,90,11517
2014,90,30641
2015,90,81601
2016,90,79612
2017,90,80499
2018,90,
2019,90,
2020,90,
2008,91,
2009,91,
2010,91,
2011,91,
2012,91,
2013,91,
2014,91,
2015,91,
2016,91,
2017,91,
2018,91,
2019,91,
2020,91,
2008,92,
2009,92,
2010,92,
2011,92,
2012,92,
2013,92,
2014,92,
2015,92,
2016,92,
2017,92,
2018,92,
2019,92,
2020,92,
2008,93,
2009,93,
2010,93,
2011,93,
2012,93,
2013,93,
2014,93,
2015,93,
2016,93,
2017,93,
2018,93,
2019,93,
2020,93,
2008,94,
2009,94,
2010,94,
2011,94,
2012,94,
2013,94,
2014,94,
2015,94,
2016,94,
2017,94,
2018,94,
2019,94,
2020,94,
2008,95,121636
2009,95,121631
2010,95,118980
2011,95,122960
2012,95,122802
2013,95,123034
2014,95,123276
2015,95,130457
2016,95,123869
2017,95,142327
2018,95,101628
2019,95,101715
2020,95,102989
2008,96,170878
2009,96,170800
2010,96,
2011,96,170882
2012,96,170882
2013,96,10050
2014,96,
2015,96,
2016,96,
2017,96,
2018,96,
2019,96,
2020,96,
2008,97,368
2009,97,368
2010,97,452
2011,97,85
2012,97,9689
2013,97,10313
2014,97,12028
2015,97,12322
2016,97,10681
2017,97,10681
2018,97,14454
2019,97,14855
2020,97,17419
2008,98,33361
2009,98,31965
2010,98,
2011,98,31313
2012,98,31266
2013,98,31314
2014,98,31314
2015,98,31944
2016,98,31944
2017,98,31944
2018,98,32293
2019,98,32259
2020,98,32193
2008,99,
2009,99,
2010,99,
2011,99,
2012,99,24927
2013,99,24927
2014,99,0
2015,99,0
2016,99,0
2017,99,
2018,99,
2019,99,
2020,99,
2008,100,490
2009,100,490
2010,100,2630
2011,100,100180
2012,100,100180
2013,100,100180
2014,100,92699
2015,100,92699
2016,100,92699
2017,100,92699
2018,100,85215
2019,100,85200
2020,100,85216
2008,101,
2009,101,
2010,101,
2011,101,8915
2012,101,8915
2013,101,8915
2014,101,8933
2015,101,8933
2016,101,8933
2017,101,8612
2018,101,8612
2019,101,8611
2020,101,8611
2008,102,36607
2009,102,39773
2010,102,46105
2011,102,39950
2012,102,39950
2013,102,39950
2014,102,39950
2015,102,39947
2016,102,39913
2017,102,41533
2018,102,41533
2019,102,46240
2020,102,46240
2008,103,58133
2009,103,67186
2010,103,67206
2011,103,66707
2012,103,66707
2013,103,66707
2014,103,88185
2015,103,88185
2016,103,88185
2017,103,88185
2018,103,88185
2019,103,
2020,103,
2008,104,32500
2009,104,42681
2010,104,33990
2011,104,37295
2012,104,34515
2013,104,34515
2014,104,34515
2015,104,36669
2016,104,36669
2017,104,36669
2018,104,36660
2019,104,37349
2020,104,36709
2008,105,
2009,105,
2010,105,
2011,105,9719
2012,105,9719
2013,105,9719
2014,105,9720
2015,105,9720
2016,105,9720
2017,105,9720
2018,105,9719
2019,105,9720
2020,105,9720
2008,106,63258
2009,106,63258
2010,106,82227
2011,106,126525
2012,106,129066
2013,106,123254
2014,106,123254
2015,106,123254
2016,106,123254
2017,106,106854
2018,106,106886
2019,106,106886
2020,106,106886
2008,107,186
2009,107,186
2010,107,186
2011,107,821
2012,107,821
2013,107,1979
2014,107,
2015,107,1979
2016,107,3390
2017,107,
2018,107,
2019,107,
2020,107,
2008,108,
2009,108,
2010,108,
2011,108,
2012,108,
2013,108,
2014,108,
2015,108,20551
2016,108,20551
2017,108,20609
2018,108,15607
2019,108,30835
2020,108,29972
2008,109,
2009,109,
2010,109,
2011,109,17999
2012,109,18910
2013,109,18910
2014,109,29841
2015,109,21541
2016,109,
2017,109,
2018,109,
2019,109,
2020,109,
2008,110,
2009,110,
2010,110,
2011,110,
2012,110,12153
2013,110,12153
2014,110,12153
2015,110,26908
2016,110,26908
2017,110,29702
2018,110,29702
2019,110,29702
2020,110,
2008,111,52010
2009,111,53439
2010,111,22983
2011,111,24584
2012,111,26718
2013,111,24928
2014,111,25268
2015,111,
2016,111,25268
2017,111,
2018,111,
2019,111,
2020,111,
2008,112,25706
2009,112,26385
2010,112,
2011,112,25688
2012,112,26373
2013,112,25795
2014,112,25125
2015,112,26784
2016,112,26784
2017,112,22378
2018,112,22378
2019,112,29149
2020,112,
2008,113,16078
2009,113,16079
2010,113,16078
2011,113,16014
2012,113,16014
2013,113,16015
2014,113,16015
2015,113,16015
2016,113,16015
2017,113,16015
2018,113,13970
2019,113,13970
2020,113,13970
2008,114,
2009,114,
2010,114,
2011,114,
2012,114,
2013,114,2808
2014,114,2808
2015,114,2808
2016,114,2808
2017,114,2808
2018,114,2665
2019,114,2808
2020,114,
2008,115,15328
2009,115,16804
2010,115,2786
2011,115,15830
2012,115,17156
2013,115,15830
2014,115,14929
2015,115,25400
2016,115,
2017,115,
2018,115,
2019,115,
2020,115,
2008,116,6523
2009,116,6592
2010,116,6479
2011,116,6300
2012,116,6828
2013,116,7453
2014,116,7453
2015,116,3993
2016,116,3993
2017,116,4768
2018,116,4768
2019,116,5098
2020,116,4010
2008,117,
2009,117,
2010,117,
2011,117,101207
2012,117,112219
2013,117,97193
2014,117,97175
2015,117,86413
2016,117,86413
2017,117,86413
2018,117,92050
2019,117,89973
2020,117,283154
2008,118,31923
2009,118,34556
2010,118,34594
2011,118,34744
2012,118,34744
2013,118,34743
2014,118,34743
2015,118,33967
2016,118,33967
2017,118,50946
2018,118,51220
2019,118,63917
2020,118,56420
2008,119,21837
2009,119,
2010,119,
2011,119,28460
2012,119,33121
2013,119,33121
2014,119,33121
2015,119,35104
2016,119,35104
2017,119,31162
2018,119,31162
2019,119,32794
2020,119,39769
2008,120,
2009,120,
2010,120,
2011,120,
2012,120,
2013,120,1226956
2014,120,1226956
2015,120,1226905
2016,120,1226905
2017,120,1226905
2018,120,1212234
2019,120,1212191
2020,120,1212191
2008,121,
2009,121,
2010,121,
2011,121,
2012,121,
2013,121,
2014,121,
2015,121,
2016,121,
2017,121,
2018,121,369822
2019,121,369822
2020,121,369125
2008,122,26799
2009,122,26803
2010,122,
2011,122,26801
2012,122,27258
2013,122,27309
2014,122,27309
2015,122,27309
2016,122,27309
2017,122,27256
2018,122,
2019,122,
2020,122,
2008,123,
2009,123,
2010,123,
2011,123,
2012,123,
2013,123,
2014,123,
2015,123,
2016,123,
2017,123,
2018,123,
2019,123,
2020,123,
2008,124,
2009,124,
2010,124,
2011,124,
2012,124,
2013,124,
2014,124,
2015,124,
2016,124,
2017,124,
2018,124,5785
2019,124,5785
2020,124,
2008,125,
2009,125,
2010,125,
2011,125,
2012,125,
2013,125,
2014,125,
2015,125,0
2016,125,0
2017,125,15040
2018,125,15040
2019,125,15040
2020,125,15771
2008,126,190597
2009,126,190597
2010,126,
2011,126,174792
2012,126,195560
2013,126,174792
2014,126,174778
2015,126,174778
2016,126,158066
2017,126,
2018,126,
2019,126,
2020,126,
2008,127,2935
2009,127,2799
2010,127,
2011,127,3002
2012,127,3002
2013,127,3002
2014,127,3002
2015,127,3002
2016,127,2994
2017,127,2832
2018,127,2832
2019,127,2581
2020,127,2581
2008,128,166858
2009,128,168293
2010,128,170236
2011,128,166759
2012,128,159001
2013,128,166759
2014,128,166775
2015,128,162984
2016,128,158531
2017,128,158535
2018,128,160210
2019,128,
2020,128,
2008,129,38304
2009,129,37023
2010,129,48403
2011,129,40583
2012,129,37535
2013,129,38048
2014,129,38048
2015,129,38076
2016,129,49859
2017,129,
2018,129,
2019,129,
2020,129,
2008,130,80000
2009,130,80000
2010,130,79979
2011,130,91429
2012,130,90000
2013,130,88889
2014,130,80000
2015,130,107494
2016,130,107484
2017,130,101544
2018,130,
2019,130,
2020,130,
2008,131,1479
2009,131,1591
2010,131,4190
2011,131,8168
2012,131,8171
2013,131,9329
2014,131,8665
2015,131,12750
2016,131,12750
2017,131,12750
2018,131,13600
2019,131,13598
2020,131,13605
2008,132,296109
2009,132,296110
2010,132,279622
2011,132,357327
2012,132,418012
2013,132,418061
2014,132,314004
2015,132,314004
2016,132,314004
2017,132,291634
2018,132,359758
2019,132,359221
2020,132,358266
2008,133,112507
2009,133,112525
2010,133,111033
2011,133,147912
2012,133,147913
2013,133,147913
2014,133,143153
2015,133,143153
2016,133,
2017,133,
2018,133,
2019,133,
2020,133,
2008,134,43236
2009,134,45098
2010,134,43522
2011,134,51278
2012,134,45259
2013,134,51278
2014,134,51277
2015,134,55845
2016,134,55845
2017,134,58527
2018,134,58528
2019,134,66815
2020,134,71036
2008,135,
2009,135,
2010,135,
2011,135,
2012,135,
2013,135,
2014,135,13559
2015,135,13559
2016,135,13559
2017,135,24182
2018,135,24171
2019,135,13558
2020,135,15525
2008,136,9584
2009,136,9584
2010,136,9584
2011,136,9584
2012,136,9775
2013,136,9775
2014,136,9775
2015,136,9775
2016,136,9775
2017,136,9878
2018,136,9878
2019,136,9583
2020,136,9583
2008,137,
2009,137,
2010,137,
2011,137,7664
2012,137,7352
2013,137,7664
2014,137,7664
2015,137,6669
2016,137,6824
2017,137,6824
2018,137,7016
2019,137,6749
2020,137,6694
2008,138,
2009,138,
2010,138,
2011,138,
2012,138,
2013,138,
2014,138,
2015,138,
2016,138,
2017,138,
2018,138,
2019,138,
2020,138,
2008,139,8440
2009,139,9128
2010,139,9139
2011,139,8574
2012,139,15038
2013,139,15588
2014,139,15589
2015,139,16189
2016,139,16814
2017,139,14801
2018,139,12068
2019,139,12994
2020,139,14266
2008,140,2707
2009,140,5408
2010,140,5408
2011,140,13
2012,140,13
2013,140,13
2014,140,0
2015,140,0
2016,140,14549
2017,140,12505
2018,140,12505
2019,140,
2020,140,
2008,141,79000
2009,141,78955
2010,141,89257
2011,141,81750
2012,141,81750
2013,141,81750
2014,141,81753
2015,141,81753
2016,141,81753
2017,141,75955
2018,141,75955
2019,141,75961
2020,141,75955
2008,142,47415
2009,142,56557
2010,142,58766
2011,142,57096
2012,142,57096
2013,142,57097
2014,142,57093
2015,142,57093
2016,142,67344
2017,142,67344
2018,142,67745
2019,142,90558
2020,142,90558
2008,143,104689
2009,143,80625
2010,143,76988
2011,143,107715
2012,143,107715
2013,143,107715
2014,143,107712
2015,143,107712
2016,143,107727
2017,143,107727
2018,143,120377
2019,143,119454
2020,143,
2008,144,21850
2009,144,21850
2010,144,21850
2011,144,7101
2012,144,7101
2013,144,7101
2014,144,28951
2015,144,28951
2016,144,28951
2017,144,43679
2018,144,43653
2019,144,43653
2020,144,43653
2008,145,
2009,145,
2010,145,
2011,145,
2012,145,
2013,145,
2014,145,
2015,145,
2016,145,
2017,145,183
2018,145,183
2019,145,27533
2020,145,
2008,146,22864
2009,146,23541
2010,146,25377
2011,146,23572
2012,146,24339
2013,146,24339
2014,146,66856
2015,146,66816
2016,146,66816
2017,146,94253
2018,146,
2019,146,136130
2020,146,127957
2008,147,169117
2009,147,702
2010,147,753
2011,147,130771
2012,147,130771
2013,147,138732
2014,147,138732
2015,147,138732
2016,147,138732
2017,147,138732
2018,147,138732
2019,147,181808
2020,147,181808
2008,148,84787
2009,148,94710
2010,148,81682
2011,148,103910
2012,148,103910
2013,148,103905
2014,148,103905
2015,148,103905
2016,148,101730
2017,148,101730
2018,148,101719
2019,148,101730
2020,148,
2008,149,225623
2009,149,225669
2010,149,225714
2011,149,286700
2012,149,285223
2013,149,278250
2014,149,278250
2015,149,278221
2016,149,278221
2017,149,282130
2018,149,307661
2019,149,309589
2020,149,
2008,150,458248
2009,150,458287
2010,150,445136
2011,150,473791
2012,150,487729
2013,150,487741
2014,150,487741
2015,150,487741
2016,150,791942
2017,150,1054694
2018,150,1054694
2019,150,827981
2020,150,861989
2008,151,
2009,151,
2010,151,
2011,151,
2012,151,
2013,151,
2014,151,
2015,151,
2016,151,
2017,151,
2018,151,
2019,151,
2020,151,
2008,152,
2009,152,
2010,152,
2011,152,
2012,152,
2013,152,
2014,152,
2015,152,
2016,152,
2017,152,
2018,152,
2019,152,
2020,152,
2008,153,67660
2009,153,78945
2010,153,78945
2011,153,178298
2012,153,83195
2013,153,293299
2014,153,279782
2015,153,260004
2016,153,496560
2017,153,452504
2018,153,454064
2019,153,454064
2020,153,453344
2008,154,
2009,154,
2010,154,
2011,154,
2012,154,
2013,154,
2014,154,
2015,154,
2016,154,
2017,154,
2018,154,18518
2019,154,18518
2020,154,18517
2008,155,
2009,155,
2010,155,
2011,155,
2012,155,
2013,155,
2014,155,
2015,155,
2016,155,
2017,155,
2018,155,13107
2019,155,13107
2020,155,
2008,156,
2009,156,
2010,156,
2011,156,
2012,156,
2013,156,176999
2014,156,176999
2015,156,176999
2016,156,81385
2017,156,176999
2018,156,176718
2019,156,176999
2020,156,176800
2008,157,
2009,157,
2010,157,
2011,157,
2012,157,
2013,157,
2014,157,0
2015,157,0
2016,157,0
2017,157,9037
2018,157,9551
2019,157,
2020,157,
2008,158,
2009,158,
2010,158,
2011,158,
2012,158,
2013,158,
2014,158,
2015,158,
2016,158,
2017,158,
2018,158,0
2019,158,0
2020,158,
2008,159,
2009,159,
2010,159,
2011,159,
2012,159,
2013,159,
2014,159,
2015,159,
2016,159,
2017,159,
2018,159,
2019,159,0
2020,159,
2008,160,
2009,160,
2010,160,
2011,160,
2012,160,
2013,160,
2014,160,
2015,160,0
2016,160,0
2017,160,10404
2018,160,10519
2019,160,10519
2020,160,10736
2008,161,
2009,161,
2010,161,
2011,161,
2012,161,
2013,161,
2014,161,
2015,161,
2016,161,
2017,161,
2018,161,8239
2019,161,5724
2020,161,6208
2008,162,
2009,162,
2010,162,
2011,162,
2012,162,
2013,162,
2014,162,
2015,162,
2016,162,
2017,162,
2018,162,11948
2019,162,11728
2020,162,11948
2008,163,
2009,163,
2010,163,
2011,163,
2012,163,
2013,163,
2014,163,
2015,163,
2016,163,
2017,163,
2018,163,2386
2019,163,2676
2020,163,
2008,164,2949
2009,164,2393
2010,164,2416
2011,164,2933
2012,164,2933
2013,164,3246
2014,164,3127
2015,164,2733
2016,164,2733
2017,164,2733
2018,164,2795
2019,164,3272
2020,164,4407
2008,165,
2009,165,
2010,165,
2011,165,
2012,165,
2013,165,
2014,165,
2015,165,
2016,165,
2017,165,
2018,165,
2019,165,
2020,165,
2008,166,
2009,166,
2010,166,
2011,166,
2012,166,
2013,166,
2014,166,
2015,166,360198
2016,166,360198
2017,166,360198
2018,166,360180
2019,166,360180
2020,166,637064
2008,167,606043
2009,167,12059
2010,167,12022
2011,167,696512
2012,167,623381
2013,167,696560
2014,167,589829
2015,167,589829
2016,167,475709
2017,167,475709
2018,167,380609
2019,167,380590
2020,167,437850
2008,168,37727
2009,168,38250
2010,168,36427
2011,168,39808
2012,168,39808
2013,168,
2014,168,0
2015,168,0
2016,168,0
2017,168,39808
2018,168,40172
2019,168,39808
2020,168,
2008,169,813443
2009,169,813443
2010,169,1213732
2011,169,1170571
2012,169,1177476
2013,169,1177658
2014,169,1177658
2015,169,1177658
2016,169,1177784
2017,169,1101394
2018,169,1101267
2019,169,1101267
2020,169,1129670
2008,170,94472
2009,170,94471
2010,170,94472
2011,170,94472
2012,170,94472
2013,170,94472
2014,170,94472
2015,170,94472
2016,170,100602
2017,170,100130
2018,170,94010
2019,170,94712
2020,170,94000
2008,171,79294
2009,171,79320
2010,171,79280
2011,171,79450
2012,171,8166
2013,171,205040
2014,171,198654
2015,171,198654
2016,171,198654
2017,171,226555
2018,171,183220
2019,171,183220
2020,171,183220
2008,172,
2009,172,
2010,172,
2011,172,
2012,172,
2013,172,
2014,172,
2015,172,
2016,172,
2017,172,3792
2018,172,3792
2019,172,3792
2020,172,3798
2008,173,150477
2009,173,150477
2010,173,150477
2011,173,150486
2012,173,150486
2013,173,157629
2014,173,157629
2015,173,19840
2016,173,433937
2017,173,
2018,173,
2019,173,
2020,173,
2008,174,314164
2009,174,322640
2010,174,312653
2011,174,338537
2012,174,341273
2013,174,343437
2014,174,343437
2015,174,345444
2016,174,345830
2017,174,344982
2018,174,
2019,174,
2020,174,
2008,175,20918
2009,175,20918
2010,175,17931
2011,175,18433
2012,175,18433
2013,175,18434
2014,175,19628
2015,175,21221
2016,175,21221
2017,175,21221
2018,175,21549
2019,175,24638
2020,175,24622
2008,176,
2009,176,
2010,176,
2011,176,
2012,176,26301
2013,176,26297
2014,176,26297
2015,176,26297
2016,176,26297
2017,176,24444
2018,176,24349
2019,176,24349
2020,176,26349
2008,177,64
2009,177,184309
2010,177,184379
2011,177,184008
2012,177,184008
2013,177,184011
2014,177,184009
2015,177,184009
2016,177,184009
2017,177,184223
2018,177,184037
2019,177,184296
2020,177,184009
2008,178,13475
2009,178,13474
2010,178,429
2011,178,51349
2012,178,51804
2013,178,52010
2014,178,52010
2015,178,52089
2016,178,52089
2017,178,52114
2018,178,142299
2019,178,142291
2020,178,142291
2008,179,4262
2009,179,6105
2010,179,4519
2011,179,22766
2012,179,22766
2013,179,22768
2014,179,22768
2015,179,22768
2016,179,22768
2017,179,22768
2018,179,22768
2019,179,22768
2020,179,22768
2008,180,74157
2009,180,62715
2010,180,28766
2011,180,73930
2012,180,73930
2013,180,73818
2014,180,71715
2015,180,71715
2016,180,71715
2017,180,71715
2018,180,69568
2019,180,69568
2020,180,69568
2008,181,
2009,181,
2010,181,
2011,181,388
2012,181,260
2013,181,1643
2014,181,1643
2015,181,1643
2016,181,1502
2017,181,
2018,181,1496
2019,181,1499
2020,181,
2008,182,19214
2009,182,18159
2010,182,48350
2011,182,47800
2012,182,47800
2013,182,47803
2014,182,47803
2015,182,
2016,182,47803
2017,182,
2018,182,
2019,182,
2020,182,
2008,183,
2009,183,
2010,183,153126
2011,183,125415
2012,183,125415
2013,183,125401
2014,183,125684
2015,183,125684
2016,183,130856
2017,183,120594
2018,183,101740
2019,183,119773
2020,183,119773
2008,184,30409
2009,184,30410
2010,184,16332
2011,184,104688
2012,184,104659
2013,184,104659
2014,184,
2015,184,
2016,184,
2017,184,
2018,184,
2019,184,
2020,184,
2008,185,
2009,185,
2010,185,
2011,185,46811
2012,185,46811
2013,185,45614
2014,185,45608
2015,185,45608
2016,185,41664
2017,185,34680
2018,185,41462
2019,185,41456
2020,185,41126
2008,186,17153
2009,186,18726
2010,186,17107
2011,186,18435
2012,186,18435
2013,186,18435
2014,186,18435
2015,186,18435
2016,186,18435
2017,186,16649
2018,186,19789
2019,186,19763
2020,186,18083
2008,187,
2009,187,
2010,187,
2011,187,
2012,187,1635
2013,187,1635
2014,187,1496
2015,187,1496
2016,187,1496
2017,187,4471
2018,187,4467
2019,187,8913
2020,187,8759
2008,188,
2009,188,
2010,188,
2011,188,
2012,188,
2013,188,80000
2014,188,80038
2015,188,80055
2016,188,66937
2017,188,69157
2018,188,82683
2019,188,61984
2020,188,61984
2008,189,
2009,189,
2010,189,
2011,189,
2012,189,
2013,189,
2014,189,115000
2015,189,122575
2016,189,111164
2017,189,
2018,189,
2019,189,51636
2020,189,56380
2008,190,
2009,190,
2010,190,
2011,190,
2012,190,
2013,190,
2014,190,
2015,190,
2016,190,0
2017,190,0
2018,190,3272
2019,190,3272
2020,190,3272
2008,191,14808
2009,191,11068
2010,191,
2011,191,12151
2012,191,12151
2013,191,29867
2014,191,32826
2015,191,32826
2016,191,30718
2017,191,30718
2018,191,164000
2019,191,163307
2020,191,163323
2008,192,338
2009,192,944
2010,192,350
2011,192,3864
2012,192,3458
2013,192,3864
2014,192,3864
2015,192,4237
2016,192,4221
2017,192,3660
2018,192,3136
2019,192,2470
2020,192,1108
2008,193,109220
2009,193,122832
2010,193,87567
2011,193,141018
2012,193,141018
2013,193,157074
2014,193,172824
2015,193,172824
2016,193,157860
2017,193,146004
2018,193,146856
2019,193,120312
2020,193,
2008,194,106900
2009,194,1998
2010,194,101779
2011,194,115123
2012,194,114245
2013,194,114245
2014,194,114233
2015,194,107216
2016,194,107216
2017,194,107216
2018,194,108306
2019,194,108369
2020,194,108308
2008,195,
2009,195,
2010,195,
2011,195,
2012,195,
2013,195,
2014,195,
2015,195,0
2016,195,0
2017,195,8750
2018,195,8750
2019,195,
2020,195,
2008,196,19572
2009,196,22951
2010,196,24813
2011,196,20747
2012,196,20626
2013,196,20071
2014,196,20073
2015,196,20073
2016,196,20073
2017,196,16873
2018,196,16873
2019,196,16873
2020,196,21283
2008,197,
2009,197,6966
2010,197,8316
2011,197,8039
2012,197,8386
2013,197,4394
2014,197,4393
2015,197,9183
2016,197,
2017,197,
2018,197,
2019,197,
2020,197,
2008,198,8382
2009,198,40818
2010,198,
2011,198,59823
2012,198,50326
2013,198,86469
2014,198,48110
2015,198,27213
2016,198,21291
2017,198,41668
2018,198,73236
2019,198,72965
2020,198,58373
2008,199,5444
2009,199,5456
2010,199,5457
2011,199,6525
2012,199,6525
2013,199,6525
2014,199,6440
2015,199,6440
2016,199,6440
2017,199,4470
2018,199,
2019,199,
2020,199,
2008,200,277405
2009,200,331134
2010,200,331134
2011,200,331156
2012,200,331161
2013,200,331123
2014,200,1433022
2015,200,1433022
2016,200,866903
2017,200,1250344
2018,200,1697794
2019,200,1413886
2020,200,
2008,201,8893
2009,201,9039
2010,201,8855
2011,201,11581
2012,201,8856
2013,201,11581
2014,201,12420
2015,201,12420
2016,201,12420
2017,201,
2018,201,
2019,201,
2020,201,
2008,202,
2009,202,5107
2010,202,5107
2011,202,10838
2012,202,6488
2013,202,12153
2014,202,6076
2015,202,6076
2016,202,6076
2017,202,5800
2018,202,5156
2019,202,4075
2020,202,4698
2008,203,3204
2009,203,
2010,203,
2011,203,
2012,203,
2013,203,
2014,203,
2015,203,73142
2016,203,
2017,203,0
2018,203,67740
2019,203,61086
2020,203,61156
2008,204,11009
2009,204,5612
2010,204,5307
2011,204,8040
2012,204,8445
2013,204,8445
2014,204,8444
2015,204,8444
2016,204,8444
2017,204,8512
2018,204,10089
2019,204,10061
2020,204,
2008,205,28688
2009,205,26827
2010,205,25612
2011,205,29807
2012,205,29807
2013,205,29808
2014,205,29808
2015,205,26718
2016,205,26718
2017,205,24125
2018,205,24145
2019,205,
2020,205,
2008,206,
2009,206,
2010,206,
2011,206,
2012,206,5148
2013,206,5108
2014,206,5788
2015,206,6963
2016,206,
2017,206,
2018,206,
2019,206,
2020,206,
2008,207,
2009,207,
2010,207,
2011,207,7127
2012,207,6674
2013,207,7202
2014,207,7357
2015,207,7357
2016,207,7550
2017,207,8906
2018,207,
2019,207,
2020,207,
2008,208,
2009,208,
2010,208,
2011,208,
2012,208,
2013,208,
2014,208,
2015,208,
2016,208,0
2017,208,0
2018,208,0
2019,208,0
2020,208,0
2008,209,
2009,209,
2010,209,
2011,209,
2012,209,
2013,209,9338
2014,209,9270
2015,209,9130
2016,209,9130
2017,209,9038
2018,209,9038
2019,209,8183
2020,209,8183
2008,210,
2009,210,
2010,210,
2011,210,
2012,210,
2013,210,
2014,210,
2015,210,
2016,210,
2017,210,
2018,210,2248
2019,210,2248
2020,210,
2008,211,
2009,211,
2010,211,
2011,211,
2012,211,
2013,211,
2014,211,
2015,211,0
2016,211,0
2017,211,0
2018,211,0
2019,211,3149
2020,211,3149
2008,212,
2009,212,
2010,212,
2011,212,
2012,212,
2013,212,
2014,212,0
2015,212,0
2016,212,0
2017,212,0
2018,212,7093
2019,212,12865
2020,212,12837
2008,213,
2009,213,
2010,213,
2011,213,
2012,213,
2013,213,
2014,213,
2015,213,
2016,213,
2017,213,
2018,213,
2019,213,
2020,213,
2008,214,
2009,214,
2010,214,
2011,214,
2012,214,
2013,214,
2014,214,
2015,214,
2016,214,0
2017,214,0
2018,214,9485
2019,214,9485
2020,214,9735
2008,215,
2009,215,
2010,215,
2011,215,
2012,215,
2013,215,
2014,215,0
2015,215,0
2016,215,0
2017,215,
2018,215,
2019,215,
2020,215,
2008,216,
2009,216,
2010,216,
2011,216,
2012,216,
2013,216,
2014,216,
2015,216,
2016,216,
2017,216,
2018,216,8406
2019,216,7664
2020,216,7361
2008,217,
2009,217,
2010,217,
2011,217,
2012,217,
2013,217,
2014,217,
2015,217,0
2016,217,0
2017,217,13156
2018,217,12560
2019,217,12154
2020,217,13096
2008,218,34897
2009,218,35543
2010,218,35543
2011,218,37285
2012,218,38612
2013,218,38700
2014,218,38703
2015,218,50523
2016,218,49502
2017,218,49502
2018,218,50588
2019,218,50587
2020,218,49502
2008,219,
2009,219,
2010,219,
2011,219,637
2012,219,637
2013,219,637
2014,219,637
2015,219,637
2016,219,637
2017,219,769
2018,219,728
2019,219,601
2020,219,789
2008,220,22339
2009,220,17100
2010,220,17100
2011,220,18499
2012,220,18499
2013,220,18500
2014,220,18500
2015,220,
2016,220,17500
2017,220,17500
2018,220,17500
2019,220,17100
2020,220,
2008,221,9064
2009,221,9116
2010,221,11437
2011,221,9296
2012,221,17746
2013,221,19010
2014,221,21690
2015,221,22475
2016,221,22475
2017,221,22235
2018,221,20943
2019,221,20943
2020,221,20943
2008,222,
2009,222,
2010,222,
2011,222,
2012,222,
2013,222,
2014,222,
2015,222,
2016,222,
2017,222,
2018,222,
2019,222,
2020,222,
2008,223,
2009,223,
2010,223,
2011,223,
2012,223,
2013,223,
2014,223,
2015,223,0
2016,223,0
2017,223,0
2018,223,
2019,223,
2020,223,
2008,224,
2009,224,
2010,224,
2011,224,
2012,224,
2013,224,
2014,224,
2015,224,
2016,224,
2017,224,
2018,224,
2019,224,
2020,224,
2008,225,
2009,225,
2010,225,
2011,225,
2012,225,
2013,225,
2014,225,0
2015,225,
2016,225,0
2017,225,0
2018,225,0
2019,225,0
2020,225,
2008,226,
2009,226,
2010,226,
2011,226,70962
2012,226,70962
2013,226,71065
2014,226,71065
2015,226,71065
2016,226,71065
2017,226,71065
2018,226,71065
2019,226,71065
2020,226,71065
2008,227,
2009,227,
2010,227,
2011,227,
2012,227,
2013,227,
2014,227,
2015,227,0
2016,227,0
2017,227,0
2018,227,5860
2019,227,7909
2020,227,13158
2008,228,13424
2009,228,13424
2010,228,13424
2011,228,13425
2012,228,13425
2013,228,13425
2014,228,
2015,228,104772
2016,228,104772
2017,228,104772
2018,228,105182
2019,228,100151
2020,228,100015
2008,229,
2009,229,
2010,229,
2011,229,
2012,229,
2013,229,
2014,229,
2015,229,
2016,229,0
2017,229,1104
2018,229,9233
2019,229,
2020,229,
2008,230,
2009,230,
2010,230,
2011,230,
2012,230,
2013,230,
2014,230,3097
2015,230,5047
2016,230,5047
2017,230,5809
2018,230,3417
2019,230,3130
2020,230,4607
2008,231,
2009,231,
2010,231,
2011,231,4710
2012,231,4710
2013,231,4710
2014,231,4710
2015,231,4710
2016,231,4326
2017,231,4326
2018,231,4633
2019,231,4633
2020,231,4858
2008,232,27781
2009,232,26763
2010,232,26763
2011,232,23613
2012,232,23613
2013,232,23613
2014,232,23613
2015,232,23898
2016,232,23898
2017,232,23898
2018,232,23898
2019,232,21323
2020,232,21013
2008,233,4059
2009,233,
2010,233,
2011,233,8404
2012,233,21007
2013,233,11305
2014,233,11305
2015,233,11305
2016,233,11305
2017,233,11305
2018,233,
2019,233,
2020,233,
2008,234,3738
2009,234,6628
2010,234,7266
2011,234,9010
2012,234,7991
2013,234,9011
2014,234,8338
2015,234,6596
2016,234,6596
2017,234,5776
2018,234,7304
2019,234,5714
2020,234,7127
2008,235,3086
2009,235,2965
2010,235,2981
2011,235,4918
2012,235,4918
2013,235,4340
2014,235,39229
2015,235,39229
2016,235,39229
2017,235,39229
2018,235,39229
2019,235,39229
2020,235,
2008,236,12638
2009,236,12638
2010,236,12519
2011,236,12638
2012,236,12628
2013,236,12628
2014,236,11849
2015,236,10156
2016,236,10156
2017,236,10156
2018,236,18870
2019,236,
2020,236,15726
2008,237,312167
2009,237,312172
2010,237,312172
2011,237,312172
2012,237,656562
2013,237,656562
2014,237,656562
2015,237,656573
2016,237,656573
2017,237,697772
2018,237,698144
2019,237,642612
2020,237,848248
2008,238,53131
2009,238,208061
2010,238,206088
2011,238,208056
2012,238,186361
2013,238,180576
2014,238,
2015,238,322396
2016,238,322396
2017,238,322396
2018,238,326679
2019,238,516746
2020,238,544467
2008,239,262065
2009,239,262065
2010,239,262065
2011,239,314478
2012,239,327873
2013,239,330793
2014,239,330769
2015,239,330769
2016,239,330769
2017,239,314478
2018,239,314478
2019,239,314478
2020,239,314478
2008,240,41553
2009,240,45008
2010,240,45409
2011,240,45175
2012,240,45175
2013,240,45176
2014,240,45176
2015,240,45176
2016,240,45176
2017,240,45176
2018,240,45175
2019,240,45175
2020,240,45175
2008,241,11412
2009,241,11412
2010,241,11412
2011,241,12856
2012,241,12441
2013,241,12441
2014,241,12441
2015,241,31435
2016,241,29124
2017,241,29124
2018,241,28877
2019,241,30050
2020,241,30048
2008,242,150960
2009,242,150808
2010,242,150808
2011,242,127454
2012,242,150808
2013,242,127454
2014,242,127454
2015,242,127454
2016,242,127454
2017,242,127454
2018,242,127454
2019,242,127454
2020,242,127454
2008,243,
2009,243,
2010,243,
2011,243,
2012,243,
2013,243,
2014,243,
2015,243,
2016,243,
2017,243,
2018,243,
2019,243,
2020,243,
2008,244,59372
2009,244,59486
2010,244,59690
2011,244,80843
2012,244,80843
2013,244,80843
2014,244,84788
2015,244,84788
2016,244,132956
2017,244,132956
2018,244,
2019,244,
2020,244,
2008,245,
2009,245,
2010,245,
2011,245,
2012,245,
2013,245,
2014,245,36839
2015,245,36839
2016,245,
2017,245,
2018,245,
2019,245,
2020,245,
2008,246,1306110
2009,246,1306110
2010,246,457139
2011,246,1306110
2012,246,1306110
2013,246,
2014,246,845001
2015,246,845001
2016,246,845001
2017,246,845001
2018,246,839306
2019,246,839306
2020,246,845001
2008,247,
2009,247,
2010,247,
2011,247,
2012,247,
2013,247,
2014,247,
2015,247,
2016,247,
2017,247,
2018,247,
2019,247,
2020,247,
2008,248,
2009,248,
2010,248,
2011,248,
2012,248,
2013,248,
2014,248,
2015,248,
2016,248,
2017,248,
2018,248,
2019,248,
2020,248,
2008,249,178795
2009,249,178755
2010,249,178755
2011,249,205246
2012,249,196569
2013,249,183523
2014,249,178795
2015,249,178795
2016,249,178795
2017,249,225875
2018,249,206844
2019,249,177766
2020,249,177990
2008,250,
2009,250,
2010,250,
2011,250,
2012,250,
2013,250,
2014,250,
2015,250,
2016,250,
2017,250,0
2018,250,11364
2019,250,13764
2020,250,17906
2008,251,
2009,251,
2010,251,
2011,251,
2012,251,
2013,251,
2014,251,
2015,251,
2016,251,
2017,251,
2018,251,
2019,251,
2020,251,
2008,252,
2009,252,
2010,252,
2011,252,
2012,252,
2013,252,
2014,252,
2015,252,
2016,252,
2017,252,
2018,252,
2019,252,
2020,252,
2008,253,
2009,253,
2010,253,
2011,253,
2012,253,
2013,253,
2014,253,
2015,253,
2016,253,0
2017,253,0
2018,253,10113
2019,253,10152
2020,253,
2008,254,13373
2009,254,13083
2010,254,16110
2011,254,14465
2012,254,14465
2013,254,14466
2014,254,14466
2015,254,14466
2016,254,14466
2017,254,16644
2018,254,12840
2019,254,12840
2020,254,12840
2008,255,
2009,255,
2010,255,
2011,255,
2012,255,
2013,255,1060
2014,255,8740
2015,255,12943
2016,255,14421
2017,255,11488
2018,255,13969
2019,255,24439
2020,255,24439
2008,256,
2009,256,
2010,256,
2011,256,
2012,256,
2013,256,
2014,256,
2015,256,
2016,256,
2017,256,
2018,256,
2019,256,
2020,256,
2008,257,
2009,257,
2010,257,
2011,257,
2012,257,
2013,257,
2014,257,
2015,257,
2016,257,150000
2017,257,136840
2018,257,104000
2019,257,90010
2020,257,80000
2008,258,
2009,258,
2010,258,
2011,258,
2012,258,
2013,258,
2014,258,
2015,258,
2016,258,
2017,258,0
2018,258,18739
2019,258,20439
2020,258,15335
2008,259,
2009,259,
2010,259,
2011,259,
2012,259,
2013,259,
2014,259,
2015,259,
2016,259,
2017,259,
2018,259,
2019,259,
2020,259,
2008,260,
2009,260,
2010,260,
2011,260,
2012,260,
2013,260,
2014,260,
2015,260,
2016,260,
2017,260,
2018,260,
2019,260,
2020,260,
2008,261,
2009,261,
2010,261,
2011,261,
2012,261,
2013,261,
2014,261,
2015,261,
2016,261,
2017,261,
2018,261,
2019,261,
2020,261,
2008,262,
2009,262,
2010,262,
2011,262,
2012,262,
2013,262,
2014,262,
2015,262,
2016,262,289145
2017,262,289145
2018,262,288641
2019,262,288641
2020,262,288641
2008,263,4
2009,263,12
2010,263,18
2011,263,4
2012,263,4
2013,263,153
2014,263,34920
2015,263,51559
2016,263,83440
2017,263,
2018,263,
2019,263,
2020,263,
2008,264,282912
2009,264,473121
2010,264,282578
2011,264,526121
2012,264,526487
2013,264,
2014,264,528421
2015,264,490388
2016,264,342465
2017,264,491976
2018,264,296304
2019,264,492691
2020,264,522957
2008,265,
2009,265,
2010,265,
2011,265,
2012,265,
2013,265,
2014,265,
2015,265,0
2016,265,0
2017,265,0
2018,265,28522
2019,265,23622
2020,265,23622
2008,266,
2009,266,
2010,266,
2011,266,
2012,266,
2013,266,
2014,266,
2015,266,
2016,266,0
2017,266,0
2018,266,0
2019,266,27397
2020,266,35765
2008,267,
2009,267,
2010,267,
2011,267,
2012,267,
2013,267,
2014,267,
2015,267,
2016,267,
2017,267,
2018,267,
2019,267,
2020,267,
2008,268,
2009,268,
2010,268,
2011,268,
2012,268,
2013,268,
2014,268,
2015,268,
2016,268,
2017,268,
2018,268,
2019,268,
2020,268,
2008,269,
2009,269,
2010,269,
2011,269,
2012,269,
2013,269,
2014,269,
2015,269,
2016,269,351100
2017,269,360378
2018,269,364184
2019,269,358520
2020,269,354725
2008,270,
2009,270,
2010,270,
2011,270,
2012,270,
2013,270,
2014,270,
2015,270,
2016,270,
2017,270,
2018,270,
2019,270,0
2020,270,0
2008,271,
2009,271,
2010,271,
2011,271,
2012,271,
2013,271,
2014,271,
2015,271,
2016,271,0
2017,271,0
2018,271,4544
2019,271,4344
2020,271,4344
2008,272,
2009,272,
2010,272,
2011,272,
2012,272,
2013,272,
2014,272,
2015,272,
2016,272,
2017,272,
2018,272,0
2019,272,0
2020,272,
2008,273,
2009,273,
2010,273,
2011,273,
2012,273,
2013,273,
2014,273,
2015,273,
2016,273,
2017,273,
2018,273,1000
2019,273,1000
2020,273,1067
2008,274,
2009,274,
2010,274,
2011,274,
2012,274,
2013,274,
2014,274,
2015,274,
2016,274,0
2017,274,0
2018,274,0
2019,274,14450
2020,274,14450
2008,275,
2009,275,
2010,275,
2011,275,
2012,275,
2013,275,
2014,275,
2015,275,
2016,275,0
2017,275,0
2018,275,12450
2019,275,
2020,275,
2008,276,
2009,276,
2010,276,
2011,276,
2012,276,
2013,276,
2014,276,
2015,276,
2016,276,
2017,276,
2018,276,
2019,276,
2020,276,
2008,277,
2009,277,
2010,277,
2011,277,
2012,277,
2013,277,
2014,277,
2015,277,
2016,277,0
2017,277,0
2018,277,0
2019,277,0
2020,277,
2008,278,
2009,278,
2010,278,
2011,278,
2012,278,
2013,278,
2014,278,
2015,278,
2016,278,
2017,278,
2018,278,0
2019,278,0
2020,278,
2008,279,
2009,279,
2010,279,
2011,279,
2012,279,
2013,279,
2014,279,
2015,279,
2016,279,
2017,279,
2018,279,5000
2019,279,5000
2020,279,0
2008,280,
2009,280,
2010,280,
2011,280,
2012,280,
2013,280,
2014,280,
2015,280,
2016,280,
2017,280,
2018,280,
2019,280,
2020,280,
2008,281,
2009,281,
2010,281,
2011,281,
2012,281,
2013,281,
2014,281,
2015,281,
2016,281,
2017,281,
2018,281,
2019,281,
2020,281,
2008,282,
2009,282,
2010,282,
2011,282,
2012,282,
2013,282,
2014,282,
2015,282,
2016,282,
2017,282,
2018,282,
2019,282,
2020,282,
2008,283,
2009,283,
2010,283,
2011,283,
2012,283,
2013,283,
2014,283,
2015,283,
2016,283,
2017,283,
2018,283,
2019,283,
2020,283,
2008,284,
2009,284,
2010,284,
2011,284,
2012,284,
2013,284,
2014,284,
2015,284,
2016,284,
2017,284,
2018,284,
2019,284,
2020,284,
2008,285,
2009,285,
2010,285,
2011,285,
2012,285,
2013,285,
2014,285,
2015,285,
2016,285,
2017,285,
2018,285,
2019,285,
2020,285,
2008,286,
2009,286,
2010,286,
2011,286,
2012,286,
2013,286,
2014,286,
2015,286,
2016,286,
2017,286,
2018,286,
2019,286,
2020,286,
2008,287,
2009,287,
2010,287,
2011,287,
2012,287,
2013,287,
2014,287,
2015,287,
2016,287,
2017,287,
2018,287,
2019,287,
2020,287,
2008,288,
2009,288,
2010,288,
2011,288,
2012,288,
2013,288,
2014,288,
2015,288,
2016,288,
2017,288,
2018,288,0
2019,288,0
2020,288,
2008,289,
2009,289,
2010,289,
2011,289,
2012,289,
2013,289,
2014,289,
2015,289,
2016,289,
2017,289,
2018,289,
2019,289,
2020,289,
2008,290,
2009,290,
2010,290,
2011,290,
2012,290,
2013,290,
2014,290,
2015,290,
2016,290,
2017,290,
2018,290,9204
2019,290,9204
2020,290,
2008,291,
2009,291,
2010,291,
2011,291,
2012,291,
2013,291,
2014,291,
2015,291,
2016,291,
2017,291,
2018,291,
2019,291,
2020,291,
2008,292,
2009,292,
2010,292,
2011,292,
2012,292,
2013,292,
2014,292,
2015,292,
2016,292,
2017,292,3982
2018,292,3982
2019,292,3982
2020,292,
2008,293,
2009,293,
2010,293,
2011,293,
2012,293,
2013,293,
2014,293,
2015,293,1800
2016,293,8618
2017,293,7542
2018,293,9546
2019,293,10561
2020,293,11131
2008,294,
2009,294,
2010,294,
2011,294,
2012,294,
2013,294,
2014,294,
2015,294,
2016,294,
2017,294,94935
2018,294,77896
2019,294,37196
2020,294,13567
2008,295,
2009,295,
2010,295,
2011,295,
2012,295,
2013,295,
2014,295,
2015,295,
2016,295,
2017,295,
2018,295,
2019,295,
2020,295,
2008,296,
2009,296,
2010,296,
2011,296,
2012,296,
2013,296,
2014,296,
2015,296,
2016,296,
2017,296,
2018,296,5004
2019,296,5454
2020,296,6047
2008,297,
2009,297,
2010,297,
2011,297,
2012,297,
2013,297,
2014,297,
2015,297,
2016,297,
2017,297,
2018,297,0
2019,297,0
2020,297,
2008,298,
2009,298,
2010,298,
2011,298,
2012,298,
2013,298,
2014,298,
2015,298,0
2016,298,0
2017,298,7475
2018,298,7525
2019,298,7661
2020,298,8774
2008,299,
2009,299,
2010,299,
2011,299,
2012,299,
2013,299,
2014,299,
2015,299,
2016,299,
2017,299,7517
2018,299,8860
2019,299,11565
2020,299,
2008,300,
2009,300,
2010,300,
2011,300,
2012,300,
2013,300,
2014,300,
2015,300,
2016,300,
2017,300,
2018,300,
2019,300,
2020,300,
2008,301,
2009,301,
2010,301,
2011,301,
2012,301,
2013,301,
2014,301,
2015,301,
2016,301,
2017,301,
2018,301,
2019,301,
2020,301,
2008,302,
2009,302,
2010,302,
2011,302,
2012,302,
2013,302,
2014,302,
2015,302,
2016,302,
2017,302,
2018,302,2127
2019,302,2127
2020,302,2170
2008,303,
2009,303,
2010,303,
2011,303,
2012,303,
2013,303,
2014,303,
2015,303,
2016,303,
2017,303,
2018,303,
2019,303,
2020,303,
2008,304,
2009,304,
2010,304,
2011,304,
2012,304,
2013,304,
2014,304,
2015,304,
2016,304,
2017,304,
2018,304,
2019,304,
2020,304,
2008,305,
2009,305,
2010,305,
2011,305,
2012,305,
2013,305,
2014,305,
2015,305,
2016,305,
2017,305,
2018,305,
2019,305,
2020,305,
2008,306,
2009,306,
2010,306,
2011,306,
2012,306,
2013,306,
2014,306,
2015,306,
2016,306,
2017,306,
2018,306,
2019,306,
2020,306,
2008,307,
2009,307,
2010,307,
2011,307,
2012,307,
2013,307,
2014,307,
2015,307,
2016,307,
2017,307,
2018,307,
2019,307,
2020,307,
2008,308,
2009,308,
2010,308,
2011,308,
2012,308,
2013,308,
2014,308,
2015,308,
2016,308,
2017,308,
2018,308,0
2019,308,0
2020,308,0
2008,309,
2009,309,
2010,309,
2011,309,
2012,309,
2013,309,
2014,309,
2015,309,
2016,309,
2017,309,
2018,309,
2019,309,
2020,309,
2008,310,
2009,310,
2010,310,
2011,310,
2012,310,
2013,310,
2014,310,
2015,310,
2016,310,
2017,310,
2018,310,
2019,310,
2020,310,
2008,311,
2009,311,
2010,311,
2011,311,
2012,311,
2013,311,
2014,311,
2015,311,
2016,311,
2017,311,
2018,311,
2019,311,
2020,311,
2008,312,
2009,312,
2010,312,
2011,312,
2012,312,
2013,312,
2014,312,
2015,312,
2016,312,
2017,312,
2018,312,
2019,312,
2020,312,
2008,313,
2009,313,
2010,313,
2011,313,
2012,313,
2013,313,
2014,313,
2015,313,
2016,313,
2017,313,
2018,313,
2019,313,
2020,313,
2008,314,
2009,314,
2010,314,
2011,314,
2012,314,
2013,314,
2014,314,
2015,314,
2016,314,
2017,314,
2018,314,
2019,314,
2020,314,
2008,315,
2009,315,
2010,315,
2011,315,
2012,315,
2013,315,
2014,315,
2015,315,
2016,315,
2017,315,
2018,315,
2019,315,
2020,315,
2008,316,
2009,316,
2010,316,
2011,316,
2012,316,
2013,316,
2014,316,
2015,316,
2016,316,
2017,316,
2018,316,
2019,316,
2020,316,
2008,317,
2009,317,
2010,317,
2011,317,
2012,317,
2013,317,
2014,317,
2015,317,
2016,317,
2017,317,
2018,317,
2019,317,
2020,317,
2008,318,
2009,318,
2010,318,
2011,318,
2012,318,
2013,318,
2014,318,
2015,318,
2016,318,
2017,318,
2018,318,
2019,318,
2020,318,
2008,319,
2009,319,
2010,319,
2011,319,
2012,319,
2013,319,
2014,319,
2015,319,
2016,319,
2017,319,
2018,319,
2019,319,
2020,319,
2008,320,
2009,320,
2010,320,
2011,320,
2012,320,
2013,320,
2014,320,
2015,320,
2016,320,
2017,320,
2018,320,0
2019,320,2649
2020,320,2649
2008,321,
2009,321,
2010,321,
2011,321,
2012,321,
2013,321,
2014,321,
2015,321,
2016,321,
2017,321,
2018,321,
2019,321,
2020,321,
2008,322,
2009,322,
2010,322,
2011,322,
2012,322,
2013,322,
2014,322,
2015,322,
2016,322,
2017,322,
2018,322,
2019,322,
2020,322,
2008,323,
2009,323,
2010,323,
2011,323,
2012,323,
2013,323,
2014,323,
2015,323,
2016,323,
2017,323,
2018,323,
2019,323,
2020,323,
2008,324,
2009,324,
2010,324,
2011,324,
2012,324,
2013,324,
2014,324,
2015,324,
2016,324,
2017,324,
2018,324,
2019,324,
2020,324,
2008,325,
2009,325,
2010,325,
2011,325,
2012,325,
2013,325,
2014,325,
2015,325,
2016,325,
2017,325,
2018,325,
2019,325,
2020,325,
