Date,Id,ppe net
2008,1,
2009,1,
2010,1,
2011,1,
2012,1,
2013,1,
2014,1,
2015,1,
2016,1,
2017,1,
2018,1,
2019,1,
2020,1,
2008,2,6097
2009,2,11767
2010,2,90223
2011,2,64764
2012,2,114769
2013,2,124058
2014,2,161610
2015,2,126357
2016,2,
2017,2,
2018,2,
2019,2,
2020,2,
2008,3,
2009,3,
2010,3,
2011,3,
2012,3,
2013,3,
2014,3,12972
2015,3,24247
2016,3,16366
2017,3,10538
2018,3,1659
2019,3,4614
2020,3,27358
2008,4,
2009,4,
2010,4,
2011,4,
2012,4,
2013,4,200
2014,4,3598
2015,4,3414
2016,4,7694
2017,4,6136
2018,4,5617
2019,4,10395
2020,4,
2008,5,
2009,5,
2010,5,
2011,5,
2012,5,
2013,5,
2014,5,44136
2015,5,36789
2016,5,36341
2017,5,23024
2018,5,21494
2019,5,20277
2020,5,
2008,6,
2009,6,
2010,6,
2011,6,
2012,6,
2013,6,
2014,6,3678
2015,6,4406
2016,6,4153
2017,6,23
2018,6,
2019,6,
2020,6,
2008,7,
2009,7,
2010,7,
2011,7,
2012,7,62762
2013,7,66161
2014,7,80340
2015,7,100984
2016,7,176736
2017,7,274872
2018,7,242102
2019,7,
2020,7,
2008,8,354204
2009,8,311838
2010,8,322951
2011,8,406562
2012,8,475390
2013,8,503142
2014,8,539977
2015,8,589777
2016,8,746932
2017,8,933774
2018,8,1041442
2019,8,1258800
2020,8,1183280
2008,9,299500
2009,9,298375
2010,9,302010
2011,9,315912
2012,9,360062
2013,9,340309
2014,9,344450
2015,9,343465
2016,9,336467
2017,9,307343
2018,9,300860
2019,9,337988
2020,9,336850
2008,10,250354
2009,10,250415
2010,10,256759
2011,10,274871
2012,10,321015
2013,10,302767
2014,10,307561
2015,10,307608
2016,10,301079
2017,10,273013
2018,10,266198
2019,10,299982
2020,10,297857
2008,11,25106
2009,11,28206
2010,11,38551
2011,11,35096
2012,11,32972
2013,11,36164
2014,11,35277
2015,11,35364
2016,11,30500
2017,11,14583
2018,11,12745
2019,11,17980
2020,11,18187
2008,12,116948
2009,12,84576
2010,12,73190
2011,12,66466
2012,12,64825
2013,12,53910
2014,12,52096
2015,12,42902
2016,12,41995
2017,12,41805
2018,12,42586
2019,12,40768
2020,12,36509
2008,13,236581
2009,13,231529
2010,13,227146
2011,13,259870
2012,13,859428
2013,13,236415
2014,13,244061
2015,13,252252
2016,13,262482
2017,13,275795
2018,13,390808
2019,13,461018
2020,13,444426
2008,14,
2009,14,
2010,14,
2011,14,
2012,14,
2013,14,
2014,14,
2015,14,
2016,14,
2017,14,
2018,14,
2019,14,
2020,14,
2008,15,
2009,15,
2010,15,
2011,15,
2012,15,
2013,15,
2014,15,
2015,15,
2016,15,
2017,15,
2018,15,
2019,15,
2020,15,
2008,16,
2009,16,
2010,16,
2011,16,
2012,16,
2013,16,
2014,16,
2015,16,
2016,16,
2017,16,
2018,16,
2019,16,
2020,16,
2008,17,
2009,17,
2010,17,
2011,17,
2012,17,
2013,17,567814
2014,17,585185
2015,17,626131
2016,17,669283
2017,17,710260
2018,17,850550
2019,17,1069652
2020,17,1226630
2008,18,
2009,18,
2010,18,
2011,18,
2012,18,
2013,18,
2014,18,
2015,18,293
2016,18,1171
2017,18,1182
2018,18,1336
2019,18,2511
2020,18,1985
2008,19,194504
2009,19,302485
2010,19,343800
2011,19,338000
2012,19,409800
2013,19,413900
2014,19,459000
2015,19,460900
2016,19,494700
2017,19,431900
2018,19,455400
2019,19,580800
2020,19,562700
2008,20,
2009,20,
2010,20,
2011,20,
2012,20,
2013,20,
2014,20,
2015,20,16954
2016,20,15526
2017,20,14232
2018,20,14736
2019,20,25399
2020,20,24741
2008,21,
2009,21,
2010,21,
2011,21,
2012,21,206130
2013,21,194652
2014,21,203226
2015,21,208871
2016,21,220173
2017,21,212830
2018,21,215127
2019,21,265436
2020,21,
2008,22,
2009,22,
2010,22,
2011,22,32918
2012,22,32961
2013,22,42133
2014,22,42990
2015,22,44812
2016,22,53535
2017,22,60413
2018,22,62868
2019,22,76609
2020,22,77897
2008,23,40723
2009,23,39780
2010,23,29930
2011,23,26501
2012,23,26079
2013,23,23081
2014,23,24130
2015,23,23850
2016,23,22620
2017,23,20553
2018,23,19228
2019,23,20006
2020,23,19248
2008,24,307692
2009,24,317965
2010,24,322261
2011,24,343655
2012,24,362844
2013,24,385375
2014,24,417726
2015,24,433651
2016,24,451214
2017,24,462903
2018,24,475382
2019,24,534124
2020,24,554573
2008,25,
2009,25,
2010,25,
2011,25,
2012,25,103
2013,25,77
2014,25,82
2015,25,1366
2016,25,1235
2017,25,5551
2018,25,47543
2019,25,
2020,25,
2008,26,272199
2009,26,333348
2010,26,298680
2011,26,192278
2012,26,221094
2013,26,203977
2014,26,223111
2015,26,210120
2016,26,207558
2017,26,178930
2018,26,162541
2019,26,138662
2020,26,84500
2008,27,96944
2009,27,95572
2010,27,90218
2011,27,92221
2012,27,91625
2013,27,90358
2014,27,89851
2015,27,109115
2016,27,119595
2017,27,126005
2018,27,124840
2019,27,216910
2020,27,204952
2008,28,1012391
2009,28,1000670
2010,28,963612
2011,28,895586
2012,28,904493
2013,28,827562
2014,28,826241
2015,28,776562
2016,28,1114293
2017,28,818257
2018,28,848646
2019,28,911592
2020,28,863393
2008,29,41973
2009,29,45846
2010,29,45139
2011,29,42957
2012,29,38647
2013,29,35497
2014,29,33893
2015,29,31278
2016,29,25616
2017,29,22398
2018,29,
2019,29,
2020,29,
2008,30,291835
2009,30,319801
2010,30,323762
2011,30,339635
2012,30,339471
2013,30,359634
2014,30,386861
2015,30,399877
2016,30,356415
2017,30,339535
2018,30,224972
2019,30,231546
2020,30,191079
2008,31,388
2009,31,454
2010,31,334
2011,31,274
2012,31,129
2013,31,102
2014,31,497
2015,31,59
2016,31,49
2017,31,43
2018,31,36
2019,31,35
2020,31,
2008,32,7283
2009,32,6899
2010,32,7562
2011,32,7088
2012,32,6675
2013,32,6546
2014,32,5814
2015,32,5397
2016,32,5107
2017,32,1503
2018,32,1623
2019,32,2055
2020,32,2165
2008,33,174649
2009,33,168034
2010,33,165975
2011,33,128227
2012,33,125621
2013,33,117546
2014,33,121993
2015,33,117628
2016,33,115670
2017,33,112678
2018,33,92755
2019,33,
2020,33,
2008,34,4258114
2009,34,4392993
2010,34,4595148
2011,34,4447322
2012,34,4121089
2013,34,3912829
2014,34,4173957
2015,34,4110673
2016,34,
2017,34,
2018,34,
2019,34,
2020,34,
2008,35,909534
2009,35,906542
2010,35,876176
2011,35,815310
2012,35,831701
2013,35,762098
2014,35,768709
2015,35,725336
2016,35,1067126
2017,35,759840
2018,35,789500
2019,35,860385
2020,35,817771
2008,36,3222193
2009,36,3411174
2010,36,3477712
2011,36,3334646
2012,36,3208706
2013,36,2973736
2014,36,2835410
2015,36,3090889
2016,36,3208033
2017,36,3000314
2018,36,3059276
2019,36,3249244
2020,36,2997130
2008,37,4373508
2009,37,4503916
2010,37,4700014
2011,37,4546850
2012,37,4220901
2013,37,4009847
2014,37,4266608
2015,37,131238
2016,37,132432
2017,37,130618
2018,37,148534
2019,37,161033
2020,37,159857
2008,38,333244
2009,38,512230
2010,38,295779
2011,38,381587
2012,38,298777
2013,38,199915
2014,38,567919
2015,38,594365
2016,38,803039
2017,38,675277
2018,38,415941
2019,38,477695
2020,38,642129
2008,39,260503
2009,39,327862
2010,39,329528
2011,39,366867
2012,39,340664
2013,39,296577
2014,39,227568
2015,39,223275
2016,39,207267
2017,39,191363
2018,39,276584
2019,39,415325
2020,39,455637
2008,40,221950
2009,40,224140
2010,40,947061
2011,40,1098604
2012,40,1035019
2013,40,1012761
2014,40,965732
2015,40,973151
2016,40,957644
2017,40,1024885
2018,40,1043025
2019,40,1266641
2020,40,1332993
2008,41,29071
2009,41,39465
2010,41,34956
2011,41,49287
2012,41,46225
2013,41,53115
2014,41,50953
2015,41,41493
2016,41,42771
2017,41,27014
2018,41,41281
2019,41,93248
2020,41,101219
2008,42,61524000
2009,42,79100000
2010,42,78094000
2011,42,80592000
2012,42,83115000
2013,42,81050000
2014,42,73089000
2015,42,73307000
2016,42,76265000
2017,42,74937000
2018,42,76631000
2019,42,79809000
2020,42,78718000
2008,43,6035800
2009,43,7075300
2010,43,7802600
2011,43,8618200
2012,43,9342000
2013,43,10119900
2014,43,10778600
2015,43,12078700
2016,43,12386100
2017,43,12752800
2018,43,13244300
2019,43,13864200
2020,43,14559700
2008,44,26537
2009,44,70152
2010,44,76120
2011,44,85019
2012,44,81437
2013,44,76840
2014,44,67466
2015,44,62838
2016,44,54368
2017,44,
2018,44,
2019,44,
2020,44,
2008,45,
2009,45,
2010,45,
2011,45,
2012,45,
2013,45,
2014,45,
2015,45,
2016,45,
2017,45,
2018,45,
2019,45,
2020,45,
2008,46,2907710
2009,46,3192647
2010,46,1904563
2011,46,2021364
2012,46,2066439
2013,46,2057724
2014,46,2031410
2015,46,2087324
2016,46,2210338
2017,46,2252910
2018,46,2365019
2019,46,2672882
2020,46,2860305
2008,47,4005000
2009,47,4164000
2010,47,4872000
2011,47,4685000
2012,47,6370000
2013,47,5930000
2014,47,5625000
2015,47,5067000
2016,47,5080000
2017,47,4606000
2018,47,4620000
2019,47,4869000
2020,47,5162000
2008,48,6755000
2009,48,7200000
2010,48,8571000
2011,48,10172000
2012,48,10878000
2013,48,11851000
2014,48,13329000
2015,48,15364000
2016,48,
2017,48,
2018,48,
2019,48,
2020,48,
2008,49,
2009,49,
2010,49,1983
2011,49,3510
2012,49,4582
2013,49,6409
2014,49,30380
2015,49,28676
2016,49,20093
2017,49,21507
2018,49,15019
2019,49,14407
2020,49,13705
2008,50,
2009,50,
2010,50,
2011,50,
2012,50,56648
2013,50,55115
2014,50,54238
2015,50,63239
2016,50,64610
2017,50,67406
2018,50,66899
2019,50,65234
2020,50,82816
2008,51,
2009,51,
2010,51,
2011,51,
2012,51,
2013,51,
2014,51,
2015,51,
2016,51,
2017,51,
2018,51,
2019,51,
2020,51,
2008,52,
2009,52,
2010,52,
2011,52,
2012,52,
2013,52,
2014,52,7876
2015,52,8450
2016,52,11723
2017,52,16082
2018,52,19826
2019,52,24543
2020,52,36650
2008,53,71691
2009,53,65932
2010,53,63813
2011,53,59263
2012,53,55964
2013,53,51473
2014,53,50684
2015,53,50383
2016,53,53402
2017,53,49492
2018,53,53832
2019,53,75510
2020,53,78768
2008,54,26258
2009,54,29845
2010,54,29076
2011,54,27807
2012,54,21415
2013,54,21853
2014,54,26927
2015,54,32621
2016,54,39616
2017,54,39178
2018,54,61020
2019,54,81813
2020,54,85576
2008,55,52594
2009,55,50822
2010,55,50042
2011,55,49991
2012,55,51621
2013,55,51328
2014,55,57157
2015,55,68384
2016,55,72082
2017,55,69733
2018,55,77995
2019,55,99355
2020,55,103406
2008,56,35504
2009,56,26446
2010,56,25013
2011,56,24473
2012,56,24344
2013,56,24201
2014,56,26912
2015,56,28466
2016,56,35281
2017,56,35628
2018,56,36749
2019,56,69180
2020,56,64281
2008,57,15302
2009,57,16106
2010,57,30464
2011,57,34659
2012,57,35132
2013,57,35119
2014,57,36859
2015,57,41804
2016,57,42721
2017,57,47892
2018,57,59634
2019,57,
2020,57,
2008,58,806000
2009,58,872000
2010,58,949000
2011,58,1539000
2012,58,1539000
2013,58,1441000
2014,58,1414000
2015,58,1551000
2016,58,1631000
2017,58,1646000
2018,58,2629000
2019,58,2804000
2020,58,2648000
2008,59,32590
2009,59,35071
2010,59,36440
2011,59,50012
2012,59,59157
2013,59,61602
2014,59,65846
2015,59,65435
2016,59,66298
2017,59,72082
2018,59,83294
2019,59,92796
2020,59,91533
2008,60,85800
2009,60,82677
2010,60,86390
2011,60,87391
2012,60,83095
2013,60,76334
2014,60,78818
2015,60,78321
2016,60,77137
2017,60,66614
2018,60,63680
2019,60,61419
2020,60,40722
2008,61,42209
2009,61,41556
2010,61,40439
2011,61,44422
2012,61,43813
2013,61,42267
2014,61,40997
2015,61,39389
2016,61,36931
2017,61,35563
2018,61,38955
2019,61,47850
2020,61,44566
2008,62,70864
2009,62,71386
2010,62,77472
2011,62,77038
2012,62,73159
2013,62,66249
2014,62,61944
2015,62,54901
2016,62,58014
2017,62,54515
2018,62,52423
2019,62,51541
2020,62,43377
2008,63,125807
2009,63,122069
2010,63,118077
2011,63,108417
2012,63,104970
2013,63,101588
2014,63,105519
2015,63,124609
2016,63,146109
2017,63,116001
2018,63,188151
2019,63,194014
2020,63,240733
2008,64,15662000
2009,64,14902000
2010,64,16550000
2011,64,15948000
2012,64,15479000
2013,64,13219000
2014,64,13387000
2015,64,14867000
2016,64,16360000
2017,64,16547000
2018,64,16146000
2019,64,19505000
2020,64,18133000
2008,65,60447
2009,65,58149
2010,65,55817
2011,65,54264
2012,65,52573
2013,65,68282
2014,65,68962
2015,65,68563
2016,65,71729
2017,65,70149
2018,65,68168
2019,65,116397
2020,65,127366
2008,66,
2009,66,
2010,66,0
2011,66,138852
2012,66,149500
2013,66,152035
2014,66,153299
2015,66,154954
2016,66,165122
2017,66,180711
2018,66,189783
2019,66,267011
2020,66,245067
2008,67,63188
2009,67,63113
2010,67,61100
2011,67,58488
2012,67,55703
2013,67,52652
2014,67,51671
2015,67,52010
2016,67,107335
2017,67,110817
2018,67,120434
2019,67,124362
2020,67,123826
2008,68,8201
2009,68,12391
2010,68,3762
2011,68,3626
2012,68,2622
2013,68,1595
2014,68,3078
2015,68,3809
2016,68,4277
2017,68,3910
2018,68,3643
2019,68,2984
2020,68,2757
2008,69,646300
2009,69,774000
2010,69,864300
2011,69,899000
2012,69,999300
2013,69,934700
2014,69,996500
2015,69,1298100
2016,69,1489700
2017,69,1459500
2018,69,
2019,69,
2020,69,
2008,70,9346
2009,70,9614
2010,70,10638
2011,70,10911
2012,70,12524
2013,70,11939
2014,70,11992
2015,70,11048
2016,70,10546
2017,70,10303
2018,70,9863
2019,70,11726
2020,70,11466
2008,71,4320
2009,71,4987
2010,71,4996
2011,71,4754
2012,71,4957
2013,71,4962
2014,71,8137
2015,71,9725
2016,71,9089
2017,71,10372
2018,71,12487
2019,71,22351
2020,71,19674
2008,72,89019
2009,72,89749
2010,72,84586
2011,72,96835
2012,72,99183
2013,72,98899
2014,72,146646
2015,72,143305
2016,72,143915
2017,72,149919
2018,72,175939
2019,72,221636
2020,72,219475
2008,73,132390
2009,73,133173
2010,73,133675
2011,73,137322
2012,73,137649
2013,73,137773
2014,73,135829
2015,73,135715
2016,73,164562
2017,73,
2018,73,
2019,73,
2020,73,
2008,74,
2009,74,
2010,74,
2011,74,
2012,74,
2013,74,
2014,74,
2015,74,
2016,74,
2017,74,
2018,74,
2019,74,
2020,74,
2008,75,
2009,75,
2010,75,
2011,75,
2012,75,
2013,75,
2014,75,1797
2015,75,1606
2016,75,1828
2017,75,1547
2018,75,1516
2019,75,2658
2020,75,2888
2008,76,10549000
2009,76,12684000
2010,76,13239000
2011,76,14053000
2012,76,14522000
2013,76,14851000
2014,76,15399000
2015,76,15478000
2016,76,15563000
2017,76,16033000
2018,76,16153000
2019,76,16439000
2020,76,16815000
2008,77,2187221
2009,77,2349683
2010,77,2642531
2011,77,2837578
2012,77,2813297
2013,77,3201332
2014,77,2992246
2015,77,2907076
2016,77,3470706
2017,77,3449344
2018,77,3471958
2019,77,3600408
2020,77,3831865
2008,78,2889134
2009,78,1765225
2010,78,1840232
2011,78,1884476
2012,78,1947597
2013,78,2129221
2014,78,2063698
2015,78,2028000
2016,78,2016400
2017,78,2013100
2018,78,2001100
2019,78,2087200
2020,78,2020100
2008,79,163199
2009,79,241203
2010,79,90515
2011,79,88994
2012,79,85353
2013,79,79775
2014,79,72798
2015,79,66470
2016,79,82240
2017,79,79130
2018,79,119060
2019,79,136787
2020,79,154112
2008,80,319279
2009,80,329970
2010,80,342078
2011,80,61983
2012,80,40534
2013,80,39277
2014,80,36614
2015,80,34987
2016,80,32364
2017,80,32334
2018,80,32724
2019,80,34694
2020,80,33443
2008,81,7416000
2009,81,7517000
2010,81,7002000
2011,81,5113000
2012,81,4786000
2013,81,4548000
2014,81,4348000
2015,81,3678000
2016,81,3937000
2017,81,3657000
2018,81,3647000
2019,81,3312000
2020,81,3447000
2008,82,
2009,82,
2010,82,
2011,82,
2012,82,23976
2013,82,25503
2014,82,32185
2015,82,33587
2016,82,
2017,82,
2018,82,
2019,82,
2020,82,
2008,83,87259
2009,83,97808
2010,83,111315
2011,83,115821
2012,83,121559
2013,83,128380
2014,83,119158
2015,83,133865
2016,83,152553
2017,83,182957
2018,83,229391
2019,83,242479
2020,83,232262
2008,84,1790561
2009,84,2187892
2010,84,2554399
2011,84,2400219
2012,84,2367976
2013,84,1998818
2014,84,622695
2015,84,659109
2016,84,671159
2017,84,691148
2018,84,822444
2019,84,1567176
2020,84,1476335
2008,85,264400
2009,85,256231
2010,85,244241
2011,85,239831
2012,85,228929
2013,85,211204
2014,85,202768
2015,85,190452
2016,85,196633
2017,85,192570
2018,85,245900
2019,85,244957
2020,85,235911
2008,86,1790561
2009,86,2187892
2010,86,2554399
2011,86,2400219
2012,86,2367976
2013,86,1998818
2014,86,622695
2015,86,659109
2016,86,671159
2017,86,691148
2018,86,822444
2019,86,1567176
2020,86,1476335
2008,87,12220
2009,87,12026
2010,87,11649
2011,87,11325
2012,87,10360
2013,87,9833
2014,87,8380
2015,87,5259
2016,87,3910
2017,87,5068
2018,87,4718
2019,87,5823
2020,87,
2008,88,325
2009,88,283
2010,88,5333
2011,88,5111
2012,88,84
2013,88,1320
2014,88,1289
2015,88,1248
2016,88,1968
2017,88,1056
2018,88,924
2019,88,
2020,88,
2008,89,14698
2009,89,26626
2010,89,20397
2011,89,17590
2012,89,17460
2013,89,16907
2014,89,17447
2015,89,16048
2016,89,15818
2017,89,17052
2018,89,16191
2019,89,
2020,89,
2008,90,3481
2009,90,3508
2010,90,8395
2011,90,19315
2012,90,29023
2013,90,34890
2014,90,35663
2015,90,111246
2016,90,130586
2017,90,153875
2018,90,
2019,90,
2020,90,
2008,91,
2009,91,
2010,91,
2011,91,
2012,91,2002
2013,91,3278
2014,91,4081
2015,91,4239
2016,91,4279
2017,91,4155
2018,91,4320
2019,91,4189
2020,91,
2008,92,
2009,92,
2010,92,
2011,92,
2012,92,
2013,92,
2014,92,1800
2015,92,2161
2016,92,1992
2017,92,1808
2018,92,1661
2019,92,1539
2020,92,
2008,93,
2009,93,
2010,93,
2011,93,
2012,93,
2013,93,
2014,93,
2015,93,
2016,93,
2017,93,
2018,93,
2019,93,
2020,93,
2008,94,
2009,94,
2010,94,
2011,94,
2012,94,
2013,94,
2014,94,
2015,94,
2016,94,
2017,94,
2018,94,
2019,94,
2020,94,
2008,95,56358
2009,95,60950
2010,95,87792
2011,95,91380
2012,95,94070
2013,95,88119
2014,95,96188
2015,95,102675
2016,95,119794
2017,95,143003
2018,95,188651
2019,95,615008
2020,95,586954
2008,96,271864
2009,96,243388
2010,96,232399
2011,96,192328
2012,96,180272
2013,96,165135
2014,96,
2015,96,
2016,96,
2017,96,
2018,96,
2019,96,
2020,96,
2008,97,62578
2009,97,68728
2010,97,58308
2011,97,38816
2012,97,31574
2013,97,26475
2014,97,27817
2015,97,15249
2016,97,25921
2017,97,25269
2018,97,25940
2019,97,116139
2020,97,114445
2008,98,35446
2009,98,41963
2010,98,57551
2011,98,62722
2012,98,65316
2013,98,66258
2014,98,72207
2015,98,74493
2016,98,92134
2017,98,92332
2018,98,94981
2019,98,128385
2020,98,140497
2008,99,11915
2009,99,12709
2010,99,15669
2011,99,17043
2012,99,17180
2013,99,17159
2014,99,19899
2015,99,22858
2016,99,20494
2017,99,22146
2018,99,
2019,99,
2020,99,
2008,100,178488
2009,100,177609
2010,100,186431
2011,100,207607
2012,100,158584
2013,100,171428
2014,100,189904
2015,100,197983
2016,100,195095
2017,100,231850
2018,100,236099
2019,100,313807
2020,100,323658
2008,101,3258
2009,101,3050
2010,101,2675
2011,101,2595
2012,101,4881
2013,101,5242
2014,101,5253
2015,101,5163
2016,101,5226
2017,101,5724
2018,101,5010
2019,101,11621
2020,101,10842
2008,102,70010
2009,102,69100
2010,102,83680
2011,102,85165
2012,102,86861
2013,102,81932
2014,102,88014
2015,102,88779
2016,102,95360
2017,102,97686
2018,102,102854
2019,102,114078
2020,102,102145
2008,103,35519
2009,103,29748
2010,103,25682
2011,103,19360
2012,103,21868
2013,103,20602
2014,103,21725
2015,103,21978
2016,103,28904
2017,103,31247
2018,103,26857
2019,103,
2020,103,
2008,104,10229
2009,104,11513
2010,104,11517
2011,104,12064
2012,104,12132
2013,104,12684
2014,104,13059
2015,104,12624
2016,104,12618
2017,104,12691
2018,104,11115
2019,104,13206
2020,104,61920
2008,105,3820
2009,105,4053
2010,105,4057
2011,105,4106
2012,105,3660
2013,105,3000
2014,105,2502
2015,105,2279
2016,105,3077
2017,105,3615
2018,105,4534
2019,105,9655
2020,105,8886
2008,106,50991
2009,106,52437
2010,106,50019
2011,106,62526
2012,106,59155
2013,106,56079
2014,106,56836
2015,106,60236
2016,106,61651
2017,106,73275
2018,106,75446
2019,106,106307
2020,106,104334
2008,107,77008
2009,107,79220
2010,107,73503
2011,107,68409
2012,107,63265
2013,107,62688
2014,107,37945
2015,107,34478
2016,107,32919
2017,107,31910
2018,107,31144
2019,107,49167
2020,107,54483
2008,108,
2009,108,
2010,108,
2011,108,
2012,108,
2013,108,
2014,108,13
2015,108,47901
2016,108,81321
2017,108,88355
2018,108,104472
2019,108,186013
2020,108,171489
2008,109,
2009,109,812
2010,109,1008
2011,109,1381
2012,109,2216
2013,109,4682
2014,109,6306
2015,109,6831
2016,109,
2017,109,
2018,109,
2019,109,
2020,109,
2008,110,7005
2009,110,6499
2010,110,5784
2011,110,1404
2012,110,1471
2013,110,27
2014,110,8
2015,110,2
2016,110,0
2017,110,0
2018,110,0
2019,110,0
2020,110,
2008,111,24067
2009,111,23917
2010,111,6436
2011,111,6273
2012,111,5705
2013,111,15691
2014,111,10927
2015,111,10024
2016,111,20568
2017,111,386
2018,111,393
2019,111,3228
2020,111,463
2008,112,70960
2009,112,28043
2010,112,26714
2011,112,31113
2012,112,32246
2013,112,43261
2014,112,53544
2015,112,75498
2016,112,88175
2017,112,95092
2018,112,111890
2019,112,312984
2020,112,
2008,113,61236
2009,113,57431
2010,113,55835
2011,113,63652
2012,113,62102
2013,113,61086
2014,113,61866
2015,113,69862
2016,113,81940
2017,113,90515
2018,113,102774
2019,113,139710
2020,113,125130
2008,114,2693
2009,114,2579
2010,114,2309
2011,114,1921
2012,114,1685
2013,114,1806
2014,114,4261
2015,114,6452
2016,114,10452
2017,114,11267
2018,114,11313
2019,114,12827
2020,114,
2008,115,30778
2009,115,27881
2010,115,26033
2011,115,25138
2012,115,29535
2013,115,29270
2014,115,33909
2015,115,33170
2016,115,
2017,115,
2018,115,
2019,115,
2020,115,
2008,116,84813
2009,116,76932
2010,116,79070
2011,116,80769
2012,116,81438
2013,116,75701
2014,116,74483
2015,116,73037
2016,116,73064
2017,116,73069
2018,116,70765
2019,116,75885
2020,116,76507
2008,117,9682
2009,117,17183
2010,117,17993
2011,117,38881
2012,117,39776
2013,117,43163
2014,117,48116
2015,117,65352
2016,117,47289
2017,117,46102
2018,117,45337
2019,117,62541
2020,117,72656
2008,118,240248
2009,118,238464
2010,118,224149
2011,118,211938
2012,118,209656
2013,118,202230
2014,118,185403
2015,118,163828
2016,118,150849
2017,118,140717
2018,118,150721
2019,118,158785
2020,118,152871
2008,119,72491
2009,119,107055
2010,119,103121
2011,119,102777
2012,119,112527
2013,119,150668
2014,119,209073
2015,119,286066
2016,119,300921
2017,119,321833
2018,119,355488
2019,119,484358
2020,119,476480
2008,120,
2009,120,
2010,120,
2011,120,554805
2012,120,584672
2013,120,896545
2014,120,958517
2015,120,973905
2016,120,1063946
2017,120,1044671
2018,120,1074026
2019,120,1314647
2020,120,1386189
2008,121,
2009,121,
2010,121,
2011,121,4735000
2012,121,5194000
2013,121,5820000
2014,121,6823577
2015,121,7557726
2016,121,7759380
2017,121,7234950
2018,121,6746664
2019,121,6802392
2020,121,6054048
2008,122,536760
2009,122,595797
2010,122,621781
2011,122,610086
2012,122,666274
2013,122,734975
2014,122,779005
2015,122,908054
2016,122,905609
2017,122,908740
2018,122,865253
2019,122,835230
2020,122,952783
2008,123,
2009,123,
2010,123,
2011,123,
2012,123,
2013,123,
2014,123,2039
2015,123,2539
2016,123,2613
2017,123,5704
2018,123,37397
2019,123,39580
2020,123,39889
2008,124,
2009,124,
2010,124,
2011,124,
2012,124,
2013,124,
2014,124,
2015,124,1239
2016,124,1581
2017,124,3704
2018,124,5502
2019,124,8311
2020,124,5423
2008,125,
2009,125,
2010,125,
2011,125,
2012,125,
2013,125,
2014,125,
2015,125,89131
2016,125,103127
2017,125,111191
2018,125,125061
2019,125,163269
2020,125,158707
2008,126,616087
2009,126,594217
2010,126,583873
2011,126,580114
2012,126,562751
2013,126,540426
2014,126,456
2015,126,11987
2016,126,11519
2017,126,11323
2018,126,11481
2019,126,12148
2020,126,3925
2008,127,225951
2009,127,277891
2010,127,6723
2011,127,6282
2012,127,5860
2013,127,5197
2014,127,4783
2015,127,4384
2016,127,4058
2017,127,3740
2018,127,3656
2019,127,3350
2020,127,3134
2008,128,3144774
2009,128,57987
2010,128,58665
2011,128,61298
2012,128,68412
2013,128,62766
2014,128,65220
2015,128,65261
2016,128,62894
2017,128,60260
2018,128,56715
2019,128,
2020,128,
2008,129,220445
2009,129,231795
2010,129,105974
2011,129,108605
2012,129,117841
2013,129,53995
2014,129,55547
2015,129,59442
2016,129,63505
2017,129,68226
2018,129,
2019,129,
2020,129,
2008,130,97155
2009,130,99993
2010,130,98653
2011,130,93886
2012,130,91099
2013,130,88877
2014,130,87543
2015,130,87012
2016,130,85198
2017,130,85349
2018,130,88116
2019,130,
2020,130,
2008,131,64099
2009,131,68167
2010,131,18652
2011,131,19261
2012,131,20796
2013,131,21443
2014,131,21064
2015,131,26344
2016,131,25633
2017,131,26650
2018,131,26853
2019,131,34929
2020,131,34018
2008,132,9144619
2009,132,10032439
2010,132,215512
2011,132,229066
2012,132,232641
2013,132,231892
2014,132,190669
2015,132,230813
2016,132,288878
2017,132,302291
2018,132,694925
2019,132,819000
2020,132,773000
2008,133,345289
2009,133,385230
2010,133,422574
2011,133,456114
2012,133,428331
2013,133,406690
2014,133,442822
2015,133,302242
2016,133,
2017,133,
2018,133,
2019,133,
2020,133,
2008,134,3154407
2009,134,67273
2010,134,67757
2011,134,70294
2012,134,77225
2013,134,71898
2014,134,73826
2015,134,73672
2016,134,104586
2017,134,110699
2018,134,130019
2019,134,205658
2020,134,216352
2008,135,
2009,135,
2010,135,
2011,135,
2012,135,8836
2013,135,9178
2014,135,14477
2015,135,9922
2016,135,12098
2017,135,14670
2018,135,15135
2019,135,14951
2020,135,12686
2008,136,3753
2009,136,3705
2010,136,4146
2011,136,4104
2012,136,3819
2013,136,3462
2014,136,3232
2015,136,4841
2016,136,7032
2017,136,6619
2018,136,6000
2019,136,3584
2020,136,8837
2008,137,2656
2009,137,2815
2010,137,3149
2011,137,3203
2012,137,3390
2013,137,3621
2014,137,3402
2015,137,3145
2016,137,2710
2017,137,3318
2018,137,3030
2019,137,7432
2020,137,5880
2008,138,
2009,138,
2010,138,
2011,138,
2012,138,
2013,138,
2014,138,
2015,138,
2016,138,
2017,138,
2018,138,
2019,138,
2020,138,
2008,139,625
2009,139,267
2010,139,571
2011,139,443
2012,139,489
2013,139,404
2014,139,283
2015,139,336
2016,139,303
2017,139,387
2018,139,369
2019,139,1618
2020,139,1217
2008,140,59716
2009,140,54842
2010,140,50351
2011,140,42254
2012,140,39677
2013,140,26514
2014,140,157
2015,140,193
2016,140,84
2017,140,196
2018,140,390
2019,140,
2020,140,
2008,141,95329
2009,141,87091
2010,141,79789
2011,141,73077
2012,141,66009
2013,141,58813
2014,141,51586
2015,141,45706
2016,141,41994
2017,141,39433
2018,141,37352
2019,141,44808
2020,141,40419
2008,142,3205
2009,142,2812
2010,142,2656
2011,142,2724
2012,142,2942
2013,142,2829
2014,142,3069
2015,142,3080
2016,142,90100
2017,142,77000
2018,142,69500
2019,142,250300
2020,142,219600
2008,143,205391
2009,143,196809
2010,143,181796
2011,143,171597
2012,143,167642
2013,143,154769
2014,143,142164
2015,143,122339
2016,143,110073
2017,143,86158
2018,143,68453
2019,143,110225
2020,143,
2008,144,96363
2009,144,90523
2010,144,84769
2011,144,77547
2012,144,74001
2013,144,52193
2014,144,45414
2015,144,42625
2016,144,24740
2017,144,20560
2018,144,16749
2019,144,26083
2020,144,59633
2008,145,69672
2009,145,64971
2010,145,59001
2011,145,54089
2012,145,55072
2013,145,49297
2014,145,45181
2015,145,40522
2016,145,35093
2017,145,17267
2018,145,17145
2019,145,17155
2020,145,
2008,146,8324
2009,146,6678
2010,146,6802
2011,146,6731
2012,146,5244
2013,146,4965
2014,146,3894
2015,146,3415
2016,146,3353
2017,146,2927
2018,146,4214
2019,146,22362
2020,146,19789
2008,147,60788
2009,147,48305
2010,147,55959
2011,147,53271
2012,147,49754
2013,147,40760
2014,147,33935
2015,147,28208
2016,147,30388
2017,147,24054
2018,147,19135
2019,147,111879
2020,147,97220
2008,148,117796
2009,148,119139
2010,148,108828
2011,148,102041
2012,148,101625
2013,148,93059
2014,148,83454
2015,148,74868
2016,148,66290
2017,148,46214
2018,148,44335
2019,148,52805
2020,148,
2008,149,220980
2009,149,203617
2010,149,181730
2011,149,162828
2012,149,145823
2013,149,136946
2014,149,101699
2015,149,93233
2016,149,83923
2017,149,90559
2018,149,80164
2019,149,126875
2020,149,
2008,150,527800
2009,150,504200
2010,150,545600
2011,150,565600
2012,150,606600
2013,150,533600
2014,150,455800
2015,150,461400
2016,150,445700
2017,150,412300
2018,150,216900
2019,150,356500
2020,150,335100
2008,151,
2009,151,
2010,151,
2011,151,14
2012,151,86
2013,151,90
2014,151,293
2015,151,275
2016,151,1313
2017,151,5814
2018,151,7858
2019,151,9348
2020,151,8613
2008,152,
2009,152,
2010,152,
2011,152,
2012,152,
2013,152,
2014,152,42
2015,152,29
2016,152,20
2017,152,26
2018,152,34
2019,152,181
2020,152,98
2008,153,503200
2009,153,375000
2010,153,364900
2011,153,315200
2012,153,263200
2013,153,132100
2014,153,118700
2015,153,102400
2016,153,87000
2017,153,73800
2018,153,65400
2019,153,223200
2020,153,195900
2008,154,
2009,154,
2010,154,
2011,154,
2012,154,
2013,154,70
2014,154,67
2015,154,94
2016,154,101
2017,154,82
2018,154,57
2019,154,867
2020,154,13002
2008,155,
2009,155,
2010,155,
2011,155,
2012,155,
2013,155,
2014,155,29059
2015,155,27195
2016,155,25020
2017,155,23292
2018,155,22066
2019,155,25492
2020,155,22408
2008,156,
2009,156,
2010,156,311
2011,156,381
2012,156,354
2013,156,310
2014,156,243127
2015,156,224497
2016,156,205181
2017,156,188686
2018,156,180938
2019,156,213880
2020,156,233401
2008,157,
2009,157,
2010,157,
2011,157,
2012,157,11
2013,157,4
2014,157,13
2015,157,379
2016,157,1140
2017,157,784
2018,157,187
2019,157,
2020,157,
2008,158,
2009,158,
2010,158,
2011,158,
2012,158,
2013,158,
2014,158,
2015,158,9
2016,158,11
2017,158,14
2018,158,26
2019,158,28
2020,158,
2008,159,
2009,159,
2010,159,
2011,159,
2012,159,
2013,159,
2014,159,
2015,159,
2016,159,5
2017,159,4
2018,159,2
2019,159,23
2020,159,
2008,160,
2009,160,
2010,160,
2011,160,2042
2012,160,1841
2013,160,3983
2014,160,3016
2015,160,8161
2016,160,6965
2017,160,6829
2018,160,1492
2019,160,3040
2020,160,1356
2008,161,
2009,161,
2010,161,
2011,161,
2012,161,
2013,161,
2014,161,102
2015,161,274
2016,161,325
2017,161,300
2018,161,370
2019,161,299
2020,161,1241
2008,162,
2009,162,
2010,162,
2011,162,
2012,162,
2013,162,
2014,162,798
2015,162,1443
2016,162,1449
2017,162,1345
2018,162,1147
2019,162,3617
2020,162,2672
2008,163,
2009,163,
2010,163,
2011,163,
2012,163,
2013,163,
2014,163,9
2015,163,10
2016,163,33
2017,163,46
2018,163,140
2019,163,143
2020,163,132
2008,164,4084
2009,164,5218
2010,164,6787
2011,164,9661
2012,164,10445
2013,164,9180
2014,164,7881
2015,164,5281
2016,164,5014
2017,164,2340
2018,164,1488
2019,164,1174
2020,164,804
2008,165,
2009,165,
2010,165,
2011,165,
2012,165,
2013,165,
2014,165,
2015,165,
2016,165,
2017,165,
2018,165,
2019,165,
2020,165,
2008,166,
2009,166,
2010,166,
2011,166,
2012,166,
2013,166,
2014,166,
2015,166,186407
2016,166,193028
2017,166,222336
2018,166,255217
2019,166,995704
2020,166,1952059
2008,167,1377018
2009,167,1525547
2010,167,1473284
2011,167,1392317
2012,167,1288758
2013,167,1217425
2014,167,1121128
2015,167,1033546
2016,167,964263
2017,167,1020210
2018,167,1087107
2019,167,1322491
2020,167,1353595
2008,168,149100
2009,168,151910
2010,168,111680
2011,168,120094
2012,168,121138
2013,168,112427
2014,168,104170
2015,168,102607
2016,168,106520
2017,168,108792
2018,168,108132
2019,168,116401
2020,168,104799
2008,169,59155000
2009,169,63177000
2010,169,67404000
2011,169,73578000
2012,169,63466000
2013,169,62506000
2014,169,71962000
2015,169,63795000
2016,169,70793000
2017,169,63158000
2018,169,60302000
2019,169,67541000
2020,169,58586000
2008,170,1514060
2009,170,1734130
2010,170,1636159
2011,170,1617156
2012,170,1556327
2013,170,1939322
2014,170,1366258
2015,170,2054525
2016,170,2360338
2017,170,2181860
2018,170,2288316
2019,170,2336329
2020,170,2259387
2008,171,56151
2009,171,55163
2010,171,64335
2011,171,52441
2012,171,45342
2013,171,34970
2014,171,33490
2015,171,33631
2016,171,33582
2017,171,33927
2018,171,33700
2019,171,191173
2020,171,176947
2008,172,66067
2009,172,66213
2010,172,68743
2011,172,82593
2012,172,60423
2013,172,85884
2014,172,89430
2015,172,81940
2016,172,81637
2017,172,81296
2018,172,94644
2019,172,92661
2020,172,115787
2008,173,5171000
2009,173,6295000
2010,173,7403000
2011,173,8024000
2012,173,8254000
2013,173,7972000
2014,173,7601000
2015,173,7287000
2016,173,5192000
2017,173,4581000
2018,173,4326000
2019,173,4713000
2020,173,3572000
2008,174,1170698
2009,174,1148916
2010,174,1229130
2011,174,1169066
2012,174,1192394
2013,174,1183236
2014,174,1317617
2015,174,1435524
2016,174,1672554
2017,174,1808834
2018,174,2015256
2019,174,
2020,174,
2008,175,113465
2009,175,105907
2010,175,174103
2011,175,190999
2012,175,194722
2013,175,192353
2014,175,217826
2015,175,226504
2016,175,216888
2017,175,200932
2018,175,203890
2019,175,596715
2020,175,518648
2008,176,31736
2009,176,32167
2010,176,33102
2011,176,32365
2012,176,32485
2013,176,31688
2014,176,30183
2015,176,28769
2016,176,30497
2017,176,29893
2018,176,29397
2019,176,31761
2020,176,45690
2008,177,78020
2009,177,71516
2010,177,67306
2011,177,63658
2012,177,68090
2013,177,65291
2014,177,64497
2015,177,68373
2016,177,66140
2017,177,61326
2018,177,65826
2019,177,359916
2020,177,292221
2008,178,228758
2009,178,208579
2010,178,203680
2011,178,208274
2012,178,204713
2013,178,198176
2014,178,203279
2015,178,197498
2016,178,197606
2017,178,188302
2018,178,176891
2019,178,191606
2020,178,167629
2008,179,23033
2009,179,21096
2010,179,20542
2011,179,22465
2012,179,25292
2013,179,26084
2014,179,29034
2015,179,30584
2016,179,31448
2017,179,30892
2018,179,32596
2019,179,38062
2020,179,40190
2008,180,78465
2009,180,76587
2010,180,75620
2011,180,74537
2012,180,65391
2013,180,64555
2014,180,63771
2015,180,63261
2016,180,61376
2017,180,59104
2018,180,60299
2019,180,173539
2020,180,162130
2008,181,16119
2009,181,14866
2010,181,12301
2011,181,11250
2012,181,10378
2013,181,9450
2014,181,9416
2015,181,9898
2016,181,9874
2017,181,10185
2018,181,9471
2019,181,16476
2020,181,13083
2008,182,50204
2009,182,35837
2010,182,39262
2011,182,38064
2012,182,32796
2013,182,27025
2014,182,23075
2015,182,21587
2016,182,18566
2017,182,15099
2018,182,
2019,182,
2020,182,
2008,183,111958
2009,183,106471
2010,183,107636
2011,183,120768
2012,183,139580
2013,183,168398
2014,183,212077
2015,183,236452
2016,183,243692
2017,183,249600
2018,183,259821
2019,183,828260
2020,183,658361
2008,184,123659
2009,184,123038
2010,184,112235
2011,184,106482
2012,184,105648
2013,184,95900
2014,184,
2015,184,
2016,184,
2017,184,
2018,184,
2019,184,
2020,184,
2008,185,
2009,185,32102
2010,185,34537
2011,185,28568
2012,185,41931
2013,185,59180
2014,185,80157
2015,185,101045
2016,185,111348
2017,185,115676
2018,185,125652
2019,185,576326
2020,185,620451
2008,186,14962
2009,186,16606
2010,186,21672
2011,186,20489
2012,186,19358
2013,186,18742
2014,186,17646
2015,186,16994
2016,186,16780
2017,186,17736
2018,186,16437
2019,186,22140
2020,186,14585
2008,187,
2009,187,
2010,187,
2011,187,
2012,187,2515
2013,187,3095
2014,187,4643
2015,187,4982
2016,187,2870
2017,187,1693
2018,187,1124
2019,187,2562
2020,187,1286
2008,188,
2009,188,
2010,188,30616
2011,188,49167
2012,188,51816
2013,188,58248
2014,188,77254
2015,188,102234
2016,188,123925
2017,188,138127
2018,188,176970
2019,188,806540
2020,188,802987
2008,189,
2009,189,
2010,189,
2011,189,
2012,189,
2013,189,251410
2014,189,220812
2015,189,241517
2016,189,260083
2017,189,267359
2018,189,276513
2019,189,273874
2020,189,1121386
2008,190,
2009,190,
2010,190,
2011,190,
2012,190,
2013,190,
2014,190,
2015,190,267
2016,190,388
2017,190,464
2018,190,456
2019,190,428
2020,190,369
2008,191,22246
2009,191,21153
2010,191,19478
2011,191,18903
2012,191,17272
2013,191,13848
2014,191,14445
2015,191,10969
2016,191,10223
2017,191,10216
2018,191,9536
2019,191,12692
2020,191,14864
2008,192,480
2009,192,241
2010,192,128
2011,192,56
2012,192,72
2013,192,79
2014,192,67
2015,192,79
2016,192,120
2017,192,107
2018,192,106
2019,192,252
2020,192,734
2008,193,2367
2009,193,2189
2010,193,1720
2011,193,1330
2012,193,1204
2013,193,1724
2014,193,5996
2015,193,11138
2016,193,11567
2017,193,11860
2018,193,11701
2019,193,18971
2020,193,
2008,194,57969
2009,194,55381
2010,194,53017
2011,194,55397
2012,194,59972
2013,194,81288
2014,194,92273
2015,194,108987
2016,194,110202
2017,194,103009
2018,194,103582
2019,194,133342
2020,194,133250
2008,195,
2009,195,
2010,195,
2011,195,9817
2012,195,9385
2013,195,9541
2014,195,8329
2015,195,8388
2016,195,12145
2017,195,14444
2018,195,18960
2019,195,
2020,195,
2008,196,8237
2009,196,9823
2010,196,8437
2011,196,10361
2012,196,11562
2013,196,13553
2014,196,14976
2015,196,17022
2016,196,17686
2017,196,21552
2018,196,44452
2019,196,138867
2020,196,189427
2008,197,29963
2009,197,28258
2010,197,28654
2011,197,29249
2012,197,27301
2013,197,31961
2014,197,29212
2015,197,27366
2016,197,26268
2017,197,
2018,197,
2019,197,
2020,197,
2008,198,4352
2009,198,3746
2010,198,4005
2011,198,3866
2012,198,2240
2013,198,1485
2014,198,1356
2015,198,1277
2016,198,1968
2017,198,1918
2018,198,2201
2019,198,10840
2020,198,11408
2008,199,19621
2009,199,19212
2010,199,18651
2011,199,18171
2012,199,17783
2013,199,17445
2014,199,16738
2015,199,16509
2016,199,18413
2017,199,18139
2018,199,18342
2019,199,19845
2020,199,17118
2008,200,232288
2009,200,137737
2010,200,124369
2011,200,106932
2012,200,94773
2013,200,84934
2014,200,77107
2015,200,114784
2016,200,117419
2017,200,127303
2018,200,79032
2019,200,32486
2020,200,
2008,201,11560
2009,201,11459
2010,201,12161
2011,201,6872
2012,201,6893
2013,201,9634
2014,201,8333
2015,201,8878
2016,201,8615
2017,201,
2018,201,
2019,201,
2020,201,
2008,202,1774
2009,202,1714
2010,202,1528
2011,202,819
2012,202,1154
2013,202,1118
2014,202,1249
2015,202,1361
2016,202,1598
2017,202,793
2018,202,3680
2019,202,7929
2020,202,7460
2008,203,1325
2009,203,899
2010,203,930
2011,203,1074
2012,203,836
2013,203,997
2014,203,1084
2015,203,933
2016,203,1157
2017,203,3083
2018,203,3073
2019,203,11313
2020,203,9868
2008,204,628
2009,204,436
2010,204,333
2011,204,262
2012,204,219
2013,204,150
2014,204,149
2015,204,2655
2016,204,2945
2017,204,2699
2018,204,2177
2019,204,2886
2020,204,1911
2008,205,8420
2009,205,10233
2010,205,10603
2011,205,10872
2012,205,11721
2013,205,13095
2014,205,14703
2015,205,13797
2016,205,16041
2017,205,28209
2018,205,27667
2019,205,
2020,205,
2008,206,1805
2009,206,2017
2010,206,1723
2011,206,2256
2012,206,1910
2013,206,2184
2014,206,2251
2015,206,2108
2016,206,
2017,206,
2018,206,
2019,206,
2020,206,
2008,207,394
2009,207,634
2010,207,807
2011,207,1468
2012,207,1216
2013,207,2251
2014,207,2728
2015,207,1955
2016,207,1857
2017,207,1663
2018,207,
2019,207,
2020,207,
2008,208,121
2009,208,233
2010,208,245
2011,208,198
2012,208,151
2013,208,128
2014,208,245
2015,208,555
2016,208,525
2017,208,495
2018,208,494
2019,208,1597
2020,208,1393
2008,209,
2009,209,
2010,209,0
2011,209,0
2012,209,
2013,209,37402
2014,209,36462
2015,209,37953
2016,209,44437
2017,209,49736
2018,209,55221
2019,209,57771
2020,209,83958
2008,210,
2009,210,
2010,210,
2011,210,
2012,210,
2013,210,
2014,210,0
2015,210,0
2016,210,2395
2017,210,2278
2018,210,2127
2019,210,2842
2020,210,1890
2008,211,
2009,211,121
2010,211,155
2011,211,53
2012,211,57
2013,211,64
2014,211,161
2015,211,179
2016,211,179
2017,211,178
2018,211,262
2019,211,346
2020,211,290
2008,212,
2009,212,
2010,212,596
2011,212,566
2012,212,635
2013,212,606
2014,212,692
2015,212,916
2016,212,915
2017,212,792
2018,212,715
2019,212,702
2020,212,719
2008,213,
2009,213,
2010,213,4782
2011,213,6087
2012,213,8250
2013,213,9310
2014,213,12171
2015,213,13093
2016,213,16407
2017,213,
2018,213,
2019,213,
2020,213,
2008,214,
2009,214,
2010,214,
2011,214,
2012,214,
2013,214,783
2014,214,716
2015,214,754
2016,214,709
2017,214,1011
2018,214,1095
2019,214,6404
2020,214,5402
2008,215,
2009,215,
2010,215,
2011,215,1850
2012,215,2148
2013,215,2626
2014,215,3080
2015,215,2747
2016,215,504
2017,215,
2018,215,
2019,215,
2020,215,
2008,216,
2009,216,
2010,216,
2011,216,
2012,216,
2013,216,
2014,216,
2015,216,
2016,216,11750
2017,216,12469
2018,216,12700
2019,216,14294
2020,216,11643
2008,217,
2009,217,
2010,217,
2011,217,
2012,217,
2013,217,1522
2014,217,
2015,217,1421
2016,217,1365
2017,217,1486
2018,217,2098
2019,217,4015
2020,217,3931
2008,218,38237
2009,218,34577
2010,218,30432
2011,218,30667
2012,218,24258
2013,218,18628
2014,218,18438
2015,218,14755
2016,218,14511
2017,218,13765
2018,218,10812
2019,218,478726
2020,218,438708
2008,219,7965
2009,219,6612
2010,219,6248
2011,219,5716
2012,219,5405
2013,219,4852
2014,219,4418
2015,219,4188
2016,219,4507
2017,219,5770
2018,219,8808
2019,219,8559
2020,219,8708
2008,220,44626
2009,220,113692
2010,220,118936
2011,220,142058
2012,220,146215
2013,220,136841
2014,220,127659
2015,220,112427
2016,220,107931
2017,220,107239
2018,220,98541
2019,220,117091
2020,220,
2008,221,82080
2009,221,96886
2010,221,130081
2011,221,128664
2012,221,128723
2013,221,129932
2014,221,129724
2015,221,120736
2016,221,125795
2017,221,124172
2018,221,129609
2019,221,175575
2020,221,168821
2008,222,
2009,222,
2010,222,
2011,222,
2012,222,
2013,222,
2014,222,103
2015,222,82
2016,222,58
2017,222,38
2018,222,39
2019,222,39
2020,222,227
2008,223,
2009,223,
2010,223,
2011,223,
2012,223,
2013,223,
2014,223,
2015,223,36004
2016,223,37677
2017,223,37434
2018,223,
2019,223,
2020,223,
2008,224,
2009,224,
2010,224,
2011,224,
2012,224,
2013,224,
2014,224,
2015,224,
2016,224,
2017,224,
2018,224,
2019,224,
2020,224,
2008,225,
2009,225,
2010,225,0
2011,225,0
2012,225,1
2013,225,1
2014,225,40
2015,225,75
2016,225,94
2017,225,495
2018,225,479
2019,225,0
2020,225,
2008,226,46411
2009,226,32449
2010,226,30348
2011,226,30177
2012,226,24673
2013,226,22015
2014,226,25059
2015,226,22453
2016,226,20661
2017,226,16819
2018,226,16781
2019,226,19899
2020,226,24528
2008,227,
2009,227,
2010,227,
2011,227,17658
2012,227,16482
2013,227,16608
2014,227,17283
2015,227,16404
2016,227,19773
2017,227,20597
2018,227,19829
2019,227,61957
2020,227,58574
2008,228,63974
2009,228,57867
2010,228,55015
2011,228,49266
2012,228,46747
2013,228,43621
2014,228,39280
2015,228,83461
2016,228,79104
2017,228,75748
2018,228,69819
2019,228,72855
2020,228,69425
2008,229,
2009,229,
2010,229,
2011,229,7731
2012,229,6970
2013,229,6609
2014,229,7821
2015,229,10973
2016,229,15533
2017,229,17325
2018,229,29799
2019,229,
2020,229,
2008,230,
2009,230,
2010,230,
2011,230,
2012,230,2674
2013,230,2280
2014,230,2084
2015,230,2173
2016,230,2096
2017,230,2300
2018,230,2376
2019,230,14411
2020,230,15436
2008,231,772
2009,231,3974
2010,231,3981
2011,231,3738
2012,231,3553
2013,231,3369
2014,231,3371
2015,231,4208
2016,231,4200
2017,231,3908
2018,231,3719
2019,231,3792
2020,231,3547
2008,232,13231
2009,232,10002
2010,232,7078
2011,232,6432
2012,232,9758
2013,232,9877
2014,232,10271
2015,232,12130
2016,232,15284
2017,232,14634
2018,232,13327
2019,232,119134
2020,232,112426
2008,233,80984
2009,233,80488
2010,233,74591
2011,233,72176
2012,233,243217
2013,233,216066
2014,233,196885
2015,233,200007
2016,233,188091
2017,233,177706
2018,233,170935
2019,233,330266
2020,233,
2008,234,7885
2009,234,6858
2010,234,6582
2011,234,5897
2012,234,4756
2013,234,3518
2014,234,3391
2015,234,3325
2016,234,2993
2017,234,2436
2018,234,2579
2019,234,6565
2020,234,6468
2008,235,172460
2009,235,139320
2010,235,104677
2011,235,90210
2012,235,15327
2013,235,13154
2014,235,5148
2015,235,15
2016,235,0
2017,235,0
2018,235,0
2019,235,
2020,235,
2008,236,10574
2009,236,10165
2010,236,9779
2011,236,9402
2012,236,9025
2013,236,8660
2014,236,8377
2015,236,8007
2016,236,5812
2017,236,10
2018,236,2
2019,236,1
2020,236,1
2008,237,24909
2009,237,31303
2010,237,68913
2011,237,144753
2012,237,165434
2013,237,159652
2014,237,157897
2015,237,161237
2016,237,160841
2017,237,164396
2018,237,162440
2019,237,156697
2020,237,161417
2008,238,428
2009,238,519
2010,238,513
2011,238,567
2012,238,636
2013,238,521
2014,238,481
2015,238,862
2016,238,1462
2017,238,1756
2018,238,1550
2019,238,7408
2020,238,35897
2008,239,308702
2009,239,315520
2010,239,243703
2011,239,189765
2012,239,209401
2013,239,194603
2014,239,249169
2015,239,281651
2016,239,337389
2017,239,417688
2018,239,437354
2019,239,418743
2020,239,458829
2008,240,42970
2009,240,41960
2010,240,41132
2011,240,40282
2012,240,61524
2013,240,38863
2014,240,40268
2015,240,41462
2016,240,40628
2017,240,39836
2018,240,39106
2019,240,40203
2020,240,43823
2008,241,94422
2009,241,94385
2010,241,93764
2011,241,91293
2012,241,86534
2013,241,83195
2014,241,79722
2015,241,74077
2016,241,70896
2017,241,67661
2018,241,64806
2019,241,62949
2020,241,61552
2008,242,1065484
2009,242,985192
2010,242,925058
2011,242,923393
2012,242,957999
2013,242,782537
2014,242,834903
2015,242,875984
2016,242,896533
2017,242,880916
2018,242,982682
2019,242,3515969
2020,242,2778541
2008,243,
2009,243,
2010,243,
2011,243,
2012,243,
2013,243,
2014,243,
2015,243,
2016,243,
2017,243,
2018,243,
2019,243,
2020,243,
2008,244,178540
2009,244,178734
2010,244,170577
2011,244,157033
2012,244,152113
2013,244,152783
2014,244,143924
2015,244,147143
2016,244,135693
2017,244,132367
2018,244,
2019,244,
2020,244,
2008,245,
2009,245,
2010,245,
2011,245,173
2012,245,445
2013,245,715
2014,245,1201
2015,245,1058
2016,245,23577
2017,245,24428
2018,245,28166
2019,245,29189
2020,245,32748
2008,246,3236323
2009,246,3123942
2010,246,2956784
2011,246,2789470
2012,246,2650319
2013,246,2490278
2014,246,2295901
2015,246,2190000
2016,246,2080000
2017,246,2001000
2018,246,1945000
2019,246,3269000
2020,246,3334000
2008,247,
2009,247,
2010,247,
2011,247,
2012,247,
2013,247,
2014,247,
2015,247,
2016,247,
2017,247,
2018,247,
2019,247,
2020,247,
2008,248,
2009,248,
2010,248,
2011,248,
2012,248,
2013,248,
2014,248,
2015,248,
2016,248,
2017,248,
2018,248,
2019,248,
2020,248,
2008,249,605
2009,249,478
2010,249,382
2011,249,1269
2012,249,2527
2013,249,4855
2014,249,3908
2015,249,3119
2016,249,2145
2017,249,1458
2018,249,854
2019,249,14297
2020,249,11830
2008,250,
2009,250,
2010,250,
2011,250,
2012,250,
2013,250,
2014,250,
2015,250,
2016,250,
2017,250,603
2018,250,580
2019,250,7320
2020,250,6223
2008,251,
2009,251,
2010,251,
2011,251,
2012,251,
2013,251,
2014,251,
2015,251,
2016,251,
2017,251,
2018,251,
2019,251,
2020,251,
2008,252,
2009,252,
2010,252,
2011,252,
2012,252,
2013,252,
2014,252,
2015,252,
2016,252,
2017,252,
2018,252,
2019,252,
2020,252,
2008,253,
2009,253,
2010,253,
2011,253,
2012,253,
2013,253,8998
2014,253,8533
2015,253,8482
2016,253,13872
2017,253,14772
2018,253,15588
2019,253,27800
2020,253,27442
2008,254,3955
2009,254,3745
2010,254,3420
2011,254,4439
2012,254,4479
2013,254,5078
2014,254,5012
2015,254,11485
2016,254,13412
2017,254,14683
2018,254,16995
2019,254,25512
2020,254,27841
2008,255,920
2009,255,570
2010,255,5655
2011,255,0
2012,255,0
2013,255,111
2014,255,107
2015,255,112
2016,255,396
2017,255,456
2018,255,662
2019,255,601
2020,255,904
2008,256,
2009,256,
2010,256,
2011,256,
2012,256,
2013,256,
2014,256,
2015,256,
2016,256,
2017,256,
2018,256,
2019,256,
2020,256,
2008,257,
2009,257,
2010,257,
2011,257,
2012,257,
2013,257,54163
2014,257,49978
2015,257,56876
2016,257,143863
2017,257,139037
2018,257,142593
2019,257,167919
2020,257,159243
2008,258,
2009,258,
2010,258,
2011,258,
2012,258,
2013,258,
2014,258,
2015,258,
2016,258,8920
2017,258,12912
2018,258,15150
2019,258,19063
2020,258,34502
2008,259,
2009,259,
2010,259,
2011,259,
2012,259,
2013,259,
2014,259,
2015,259,
2016,259,
2017,259,
2018,259,
2019,259,
2020,259,
2008,260,
2009,260,
2010,260,
2011,260,
2012,260,
2013,260,
2014,260,
2015,260,
2016,260,
2017,260,
2018,260,
2019,260,
2020,260,
2008,261,
2009,261,
2010,261,
2011,261,
2012,261,
2013,261,
2014,261,
2015,261,
2016,261,
2017,261,
2018,261,
2019,261,
2020,261,
2008,262,
2009,262,
2010,262,
2011,262,
2012,262,
2013,262,1173985
2014,262,1125913
2015,262,1083836
2016,262,1056281
2017,262,1027516
2018,262,1000063
2019,262,985129
2020,262,929533
2008,263,43716
2009,263,37207
2010,263,32217
2011,263,31725
2012,263,29641
2013,263,
2014,263,34755
2015,263,13679
2016,263,8654
2017,263,9430
2018,263,38178
2019,263,
2020,263,
2008,264,85865
2009,264,83963
2010,264,74596
2011,264,69960
2012,264,89582
2013,264,193229
2014,264,191607
2015,264,118064
2016,264,112272
2017,264,111425
2018,264,108703
2019,264,185323
2020,264,177943
2008,265,
2009,265,
2010,265,
2011,265,
2012,265,
2013,265,
2014,265,81
2015,265,281
2016,265,371
2017,265,2058
2018,265,2349
2019,265,2368
2020,265,1611
2008,266,
2009,266,
2010,266,
2011,266,
2012,266,
2013,266,
2014,266,
2015,266,1452
2016,266,1505
2017,266,1957
2018,266,2137
2019,266,1713
2020,266,13350
2008,267,
2009,267,
2010,267,
2011,267,
2012,267,
2013,267,
2014,267,
2015,267,
2016,267,
2017,267,
2018,267,
2019,267,
2020,267,
2008,268,
2009,268,
2010,268,
2011,268,
2012,268,
2013,268,
2014,268,
2015,268,
2016,268,
2017,268,
2018,268,
2019,268,
2020,268,
2008,269,
2009,269,
2010,269,
2011,269,
2012,269,
2013,269,
2014,269,
2015,269,230000
2016,269,227000
2017,269,224651
2018,269,259178
2019,269,350001
2020,269,369899
2008,270,
2009,270,
2010,270,
2011,270,
2012,270,
2013,270,
2014,270,
2015,270,
2016,270,
2017,270,
2018,270,
2019,270,
2020,270,
2008,271,
2009,271,
2010,271,
2011,271,
2012,271,
2013,271,
2014,271,4510
2015,271,4911
2016,271,4861
2017,271,5871
2018,271,7121
2019,271,7019
2020,271,9581
2008,272,
2009,272,
2010,272,
2011,272,
2012,272,
2013,272,
2014,272,84
2015,272,79
2016,272,
2017,272,101
2018,272,94
2019,272,707
2020,272,589
2008,273,
2009,273,
2010,273,
2011,273,
2012,273,
2013,273,
2014,273,
2015,273,
2016,273,215
2017,273,351
2018,273,304
2019,273,561
2020,273,6038
2008,274,
2009,274,
2010,274,
2011,274,
2012,274,
2013,274,
2014,274,331470
2015,274,331500
2016,274,480903
2017,274,563761
2018,274,611909
2019,274,766506
2020,274,756763
2008,275,
2009,275,
2010,275,
2011,275,
2012,275,
2013,275,724
2014,275,606
2015,275,3491
2016,275,4155
2017,275,6076
2018,275,6801
2019,275,
2020,275,
2008,276,
2009,276,
2010,276,
2011,276,
2012,276,
2013,276,
2014,276,
2015,276,
2016,276,
2017,276,
2018,276,
2019,276,
2020,276,
2008,277,
2009,277,
2010,277,
2011,277,
2012,277,
2013,277,2654
2014,277,3413
2015,277,10369
2016,277,11208
2017,277,10355
2018,277,9707
2019,277,30504
2020,277,29878
2008,278,
2009,278,
2010,278,
2011,278,
2012,278,
2013,278,
2014,278,4182
2015,278,9487
2016,278,9248
2017,278,8814
2018,278,9601
2019,278,8836
2020,278,
2008,279,
2009,279,
2010,279,
2011,279,
2012,279,
2013,279,
2014,279,
2015,279,2080
2016,279,1741
2017,279,1515
2018,279,1268
2019,279,1251
2020,279,1495
2008,280,
2009,280,
2010,280,
2011,280,
2012,280,
2013,280,
2014,280,
2015,280,
2016,280,
2017,280,
2018,280,
2019,280,
2020,280,
2008,281,
2009,281,
2010,281,
2011,281,
2012,281,
2013,281,
2014,281,
2015,281,
2016,281,
2017,281,
2018,281,
2019,281,
2020,281,
2008,282,
2009,282,
2010,282,
2011,282,
2012,282,
2013,282,
2014,282,
2015,282,
2016,282,
2017,282,
2018,282,
2019,282,
2020,282,
2008,283,
2009,283,
2010,283,
2011,283,
2012,283,
2013,283,
2014,283,
2015,283,
2016,283,
2017,283,
2018,283,
2019,283,
2020,283,
2008,284,
2009,284,
2010,284,
2011,284,
2012,284,
2013,284,
2014,284,
2015,284,
2016,284,
2017,284,
2018,284,
2019,284,
2020,284,
2008,285,
2009,285,
2010,285,
2011,285,
2012,285,
2013,285,
2014,285,
2015,285,
2016,285,
2017,285,
2018,285,
2019,285,
2020,285,
2008,286,
2009,286,
2010,286,
2011,286,
2012,286,
2013,286,
2014,286,
2015,286,
2016,286,
2017,286,
2018,286,
2019,286,
2020,286,
2008,287,
2009,287,
2010,287,
2011,287,
2012,287,
2013,287,
2014,287,
2015,287,
2016,287,
2017,287,
2018,287,
2019,287,
2020,287,
2008,288,
2009,288,
2010,288,
2011,288,
2012,288,
2013,288,
2014,288,
2015,288,
2016,288,219
2017,288,260
2018,288,297
2019,288,326
2020,288,272
2008,289,
2009,289,
2010,289,
2011,289,
2012,289,
2013,289,
2014,289,
2015,289,
2016,289,
2017,289,
2018,289,
2019,289,
2020,289,
2008,290,
2009,290,
2010,290,
2011,290,
2012,290,
2013,290,
2014,290,
2015,290,64
2016,290,81
2017,290,96
2018,290,521
2019,290,521
2020,290,467
2008,291,
2009,291,
2010,291,
2011,291,
2012,291,
2013,291,
2014,291,
2015,291,
2016,291,
2017,291,
2018,291,
2019,291,
2020,291,
2008,292,
2009,292,
2010,292,
2011,292,
2012,292,
2013,292,
2014,292,10730
2015,292,11329
2016,292,12511
2017,292,25003
2018,292,27085
2019,292,35983
2020,292,37510
2008,293,
2009,293,
2010,293,
2011,293,
2012,293,50076
2013,293,47597
2014,293,47640
2015,293,50224
2016,293,59054
2017,293,71852
2018,293,89315
2019,293,107479
2020,293,121208
2008,294,
2009,294,
2010,294,
2011,294,
2012,294,
2013,294,
2014,294,12693
2015,294,12666
2016,294,12988
2017,294,12795
2018,294,11988
2019,294,17109
2020,294,18014
2008,295,
2009,295,
2010,295,
2011,295,
2012,295,
2013,295,
2014,295,
2015,295,
2016,295,
2017,295,
2018,295,
2019,295,
2020,295,
2008,296,
2009,296,
2010,296,
2011,296,
2012,296,
2013,296,
2014,296,
2015,296,764
2016,296,729
2017,296,818
2018,296,865
2019,296,3494
2020,296,3264
2008,297,
2009,297,
2010,297,
2011,297,
2012,297,
2013,297,
2014,297,
2015,297,585
2016,297,826
2017,297,810
2018,297,814
2019,297,1135
2020,297,1069
2008,298,
2009,298,
2010,298,
2011,298,
2012,298,
2013,298,
2014,298,
2015,298,0
2016,298,0
2017,298,100994
2018,298,103145
2019,298,181722
2020,298,166582
2008,299,
2009,299,
2010,299,
2011,299,
2012,299,
2013,299,
2014,299,
2015,299,208
2016,299,181
2017,299,7624
2018,299,14772
2019,299,20748
2020,299,17563
2008,300,
2009,300,
2010,300,
2011,300,
2012,300,
2013,300,
2014,300,
2015,300,
2016,300,
2017,300,
2018,300,
2019,300,
2020,300,
2008,301,
2009,301,
2010,301,
2011,301,
2012,301,
2013,301,
2014,301,
2015,301,
2016,301,
2017,301,
2018,301,
2019,301,
2020,301,
2008,302,
2009,302,
2010,302,
2011,302,
2012,302,
2013,302,
2014,302,
2015,302,3127
2016,302,3056
2017,302,2962
2018,302,2800
2019,302,3091
2020,302,3028
2008,303,
2009,303,
2010,303,
2011,303,
2012,303,
2013,303,
2014,303,
2015,303,
2016,303,
2017,303,
2018,303,
2019,303,
2020,303,
2008,304,
2009,304,
2010,304,
2011,304,
2012,304,
2013,304,
2014,304,
2015,304,
2016,304,
2017,304,
2018,304,
2019,304,
2020,304,
2008,305,
2009,305,
2010,305,
2011,305,
2012,305,
2013,305,
2014,305,
2015,305,
2016,305,
2017,305,
2018,305,
2019,305,
2020,305,
2008,306,
2009,306,
2010,306,
2011,306,
2012,306,
2013,306,
2014,306,
2015,306,
2016,306,
2017,306,
2018,306,
2019,306,
2020,306,
2008,307,
2009,307,
2010,307,
2011,307,
2012,307,
2013,307,
2014,307,
2015,307,
2016,307,
2017,307,
2018,307,
2019,307,
2020,307,
2008,308,
2009,308,
2010,308,
2011,308,
2012,308,
2013,308,
2014,308,
2015,308,
2016,308,124
2017,308,144
2018,308,677
2019,308,1372
2020,308,1203
2008,309,
2009,309,
2010,309,
2011,309,
2012,309,
2013,309,
2014,309,
2015,309,
2016,309,
2017,309,
2018,309,
2019,309,
2020,309,
2008,310,
2009,310,
2010,310,
2011,310,
2012,310,
2013,310,
2014,310,
2015,310,
2016,310,
2017,310,
2018,310,
2019,310,
2020,310,
2008,311,
2009,311,
2010,311,
2011,311,
2012,311,
2013,311,
2014,311,
2015,311,
2016,311,
2017,311,
2018,311,
2019,311,
2020,311,
2008,312,
2009,312,
2010,312,
2011,312,
2012,312,
2013,312,
2014,312,
2015,312,
2016,312,
2017,312,
2018,312,
2019,312,
2020,312,
2008,313,
2009,313,
2010,313,
2011,313,
2012,313,
2013,313,
2014,313,
2015,313,
2016,313,
2017,313,
2018,313,
2019,313,
2020,313,
2008,314,
2009,314,
2010,314,
2011,314,
2012,314,
2013,314,
2014,314,
2015,314,
2016,314,
2017,314,
2018,314,
2019,314,
2020,314,
2008,315,
2009,315,
2010,315,
2011,315,
2012,315,
2013,315,
2014,315,
2015,315,
2016,315,
2017,315,
2018,315,
2019,315,
2020,315,
2008,316,
2009,316,
2010,316,
2011,316,
2012,316,
2013,316,
2014,316,
2015,316,
2016,316,
2017,316,
2018,316,
2019,316,
2020,316,
2008,317,
2009,317,
2010,317,
2011,317,
2012,317,
2013,317,
2014,317,
2015,317,
2016,317,
2017,317,
2018,317,
2019,317,
2020,317,
2008,318,
2009,318,
2010,318,
2011,318,
2012,318,
2013,318,
2014,318,
2015,318,
2016,318,
2017,318,
2018,318,
2019,318,
2020,318,
2008,319,
2009,319,
2010,319,
2011,319,
2012,319,
2013,319,
2014,319,
2015,319,
2016,319,
2017,319,
2018,319,
2019,319,
2020,319,
2008,320,
2009,320,
2010,320,
2011,320,
2012,320,
2013,320,
2014,320,
2015,320,
2016,320,13
2017,320,14
2018,320,12
2019,320,242
2020,320,206
2008,321,
2009,321,
2010,321,
2011,321,
2012,321,
2013,321,
2014,321,
2015,321,
2016,321,
2017,321,
2018,321,
2019,321,
2020,321,
2008,322,
2009,322,
2010,322,
2011,322,
2012,322,
2013,322,
2014,322,
2015,322,
2016,322,
2017,322,
2018,322,
2019,322,
2020,322,
2008,323,
2009,323,
2010,323,
2011,323,
2012,323,
2013,323,
2014,323,
2015,323,
2016,323,
2017,323,
2018,323,
2019,323,
2020,323,
2008,324,
2009,324,
2010,324,
2011,324,
2012,324,
2013,324,
2014,324,
2015,324,
2016,324,
2017,324,
2018,324,
2019,324,
2020,324,
2008,325,
2009,325,
2010,325,
2011,325,
2012,325,
2013,325,
2014,325,
2015,325,
2016,325,
2017,325,
2018,325,
2019,325,
2020,325,
