Date,Id,che
2008,1,
2009,1,
2010,1,
2011,1,
2012,1,
2013,1,
2014,1,
2015,1,
2016,1,
2017,1,
2018,1,
2019,1,
2020,1,
2008,2,3693
2009,2,8937
2010,2,8257
2011,2,16519
2012,2,17142
2013,2,16428
2014,2,35454
2015,2,9239
2016,2,
2017,2,
2018,2,
2019,2,
2020,2,
2008,3,
2009,3,
2010,3,
2011,3,
2012,3,
2013,3,
2014,3,6104
2015,3,3834
2016,3,2887
2017,3,5379
2018,3,7786
2019,3,9080
2020,3,16931
2008,4,
2009,4,
2010,4,
2011,4,
2012,4,
2013,4,243
2014,4,2655
2015,4,32072
2016,4,15830
2017,4,4688
2018,4,1930
2019,4,8901
2020,4,
2008,5,
2009,5,
2010,5,
2011,5,
2012,5,
2013,5,
2014,5,2326
2015,5,508
2016,5,284
2017,5,2089
2018,5,1873
2019,5,2058
2020,5,
2008,6,
2009,6,
2010,6,
2011,6,
2012,6,
2013,6,
2014,6,859
2015,6,849
2016,6,779
2017,6,25
2018,6,
2019,6,
2020,6,
2008,7,
2009,7,
2010,7,
2011,7,
2012,7,9174
2013,7,7778
2014,7,9131
2015,7,6575
2016,7,11557
2017,7,20259
2018,7,14190
2019,7,
2020,7,
2008,8,45673
2009,8,64653
2010,8,76323
2011,8,105533
2012,8,125454
2013,8,116054
2014,8,216170
2015,8,202918
2016,8,246575
2017,8,301126
2018,8,345420
2019,8,306217
2020,8,553195
2008,9,79467
2009,9,232748
2010,9,228265
2011,9,166118
2012,9,108249
2013,9,74285
2014,9,118818
2015,9,141005
2016,9,212612
2017,9,145614
2018,9,206022
2019,9,220026
2020,9,254642
2008,10,45772
2009,10,204366
2010,10,177910
2011,10,151887
2012,10,87370
2013,10,67342
2014,10,98902
2015,10,104251
2016,10,199227
2017,10,130490
2018,10,191549
2019,10,194658
2020,10,234147
2008,11,30428
2009,11,33751
2010,11,26428
2011,11,20235
2012,11,38745
2013,11,32953
2014,11,31820
2015,11,38264
2016,11,16484
2017,11,17779
2018,11,15075
2019,11,25451
2020,11,24715
2008,12,185373
2009,12,161637
2010,12,163098
2011,12,157015
2012,12,92311
2013,12,60346
2014,12,40782
2015,12,37355
2016,12,27783
2017,12,39785
2018,12,34593
2019,12,24732
2020,12,33105
2008,13,50297
2009,13,111629
2010,13,66960
2011,13,104373
2012,13,93438
2013,13,132852
2014,13,133523
2015,13,128227
2016,13,99542
2017,13,105399
2018,13,92941
2019,13,168479
2020,13,213647
2008,14,
2009,14,
2010,14,
2011,14,
2012,14,
2013,14,
2014,14,
2015,14,
2016,14,
2017,14,
2018,14,
2019,14,
2020,14,
2008,15,
2009,15,
2010,15,
2011,15,
2012,15,
2013,15,
2014,15,
2015,15,
2016,15,
2017,15,
2018,15,
2019,15,
2020,15,
2008,16,
2009,16,
2010,16,
2011,16,
2012,16,
2013,16,
2014,16,
2015,16,
2016,16,
2017,16,
2018,16,
2019,16,
2020,16,
2008,17,
2009,17,
2010,17,
2011,17,
2012,17,
2013,17,188545
2014,17,143025
2015,17,191379
2016,17,474060
2017,17,663389
2018,17,803838
2019,17,909355
2020,17,1402490
2008,18,
2009,18,
2010,18,
2011,18,
2012,18,
2013,18,
2014,18,
2015,18,29
2016,18,127
2017,18,1624
2018,18,378
2019,18,1182
2020,18,1061
2008,19,176015
2009,19,133300
2010,19,261300
2011,19,416000
2012,19,484900
2013,19,475700
2014,19,253700
2015,19,914200
2016,19,361300
2017,19,523800
2018,19,643000
2019,19,712700
2020,19,549300
2008,20,
2009,20,
2010,20,
2011,20,
2012,20,
2013,20,
2014,20,
2015,20,22816
2016,20,27622
2017,20,30680
2018,20,39487
2019,20,32765
2020,20,33459
2008,21,
2009,21,
2010,21,
2011,21,
2012,21,30833
2013,21,22158
2014,21,19336
2015,21,26005
2016,21,46264
2017,21,89594
2018,21,94541
2019,21,95360
2020,21,
2008,22,
2009,22,
2010,22,
2011,22,9783
2012,22,11556
2013,22,6005
2014,22,4288
2015,22,23282
2016,22,6115
2017,22,7181
2018,22,6570
2019,22,5650
2020,22,20517
2008,23,17868
2009,23,21257
2010,23,8685
2011,23,11319
2012,23,15774
2013,23,14228
2014,23,17489
2015,23,17155
2016,23,16480
2017,23,23128
2018,23,31928
2019,23,46772
2020,23,32171
2008,24,33778
2009,24,42224
2010,24,32580
2011,24,48902
2012,24,63832
2013,24,69999
2014,24,98571
2015,24,107391
2016,24,127521
2017,24,121301
2018,24,135106
2019,24,177335
2020,24,276630
2008,25,
2009,25,
2010,25,
2011,25,
2012,25,571
2013,25,278
2014,25,4066
2015,25,8640
2016,25,4056
2017,25,40945
2018,25,18130
2019,25,
2020,25,
2008,26,356058
2009,26,467684
2010,26,419435
2011,26,462458
2012,26,417868
2013,26,404716
2014,26,552672
2015,26,645909
2016,26,507978
2017,26,596503
2018,26,222595
2019,26,333494
2020,26,549611
2008,27,3690
2009,27,4456
2010,27,2328
2011,27,3101
2012,27,4559
2013,27,9973
2014,27,2932
2015,27,7500
2016,27,16995
2017,27,8285
2018,27,18092
2019,27,9384
2020,27,38183
2008,28,613604
2009,28,486262
2010,28,421943
2011,28,437209
2012,28,340577
2013,28,369716
2014,28,353787
2015,28,444232
2016,28,571235
2017,28,460085
2018,28,412973
2019,28,517503
2020,28,645035
2008,29,1022
2009,29,3955
2010,29,1365
2011,29,932
2012,29,626
2013,29,334
2014,29,854
2015,29,345
2016,29,928
2017,29,1356
2018,29,
2019,29,
2020,29,
2008,30,89021
2009,30,113310
2010,30,134671
2011,30,163126
2012,30,190001
2013,30,220306
2014,30,244468
2015,30,299156
2016,30,301133
2017,30,146669
2018,30,88927
2019,30,88686
2020,30,73485
2008,31,702
2009,31,426
2010,31,951
2011,31,993
2012,31,195
2013,31,55
2014,31,26
2015,31,264
2016,31,105
2017,31,30
2018,31,6
2019,31,8
2020,31,
2008,32,85269
2009,32,61201
2010,32,55394
2011,32,55743
2012,32,33536
2013,32,30568
2014,32,29463
2015,32,28771
2016,32,30455
2017,32,10175
2018,32,6398
2019,32,7279
2020,32,1975
2008,33,6996
2009,33,4953
2010,33,15808
2011,33,10457
2012,33,9319
2013,33,12338
2014,33,12480
2015,33,14353
2016,33,11372
2017,33,13542
2018,33,21203
2019,33,
2020,33,
2008,34,574555
2009,34,775099
2010,34,831526
2011,34,677992
2012,34,601394
2013,34,542776
2014,34,608102
2015,34,627092
2016,34,
2017,34,
2018,34,
2019,34,
2020,34,
2008,35,41639
2009,35,62973
2010,35,100201
2011,35,91944
2012,35,86616
2013,35,113680
2014,35,99275
2015,35,142960
2016,35,246661
2017,35,214865
2018,35,232686
2019,35,331378
2020,35,416102
2008,36,587792
2009,36,698771
2010,36,398329
2011,36,596255
2012,36,645489
2013,36,555475
2014,36,416185
2015,36,514058
2016,36,606846
2017,36,815330
2018,36,445924
2019,36,838904
2020,36,1219752
2008,37,1436330
2009,37,1787654
2010,37,1780779
2011,37,1612115
2012,37,1455085
2013,37,1160101
2014,37,1086799
2015,37,292819
2016,37,589040
2017,37,541069
2018,37,372825
2019,37,620693
2020,37,447779
2008,38,1019684
2009,38,819255
2010,38,883210
2011,38,683132
2012,38,1254767
2013,38,895378
2014,38,1187833
2015,38,1722879
2016,38,1926114
2017,38,1414500
2018,38,1243221
2019,38,1262375
2020,38,2795721
2008,39,84064
2009,39,30014
2010,39,61719
2011,39,74203
2012,39,59856
2013,39,58119
2014,39,48118
2015,39,29879
2016,39,35545
2017,39,43344
2018,39,64479
2019,39,238896
2020,39,148709
2008,40,21031
2009,40,20709
2010,40,92789
2011,40,96890
2012,40,139178
2013,40,126982
2014,40,207606
2015,40,128874
2016,40,256611
2017,40,261517
2018,40,219975
2019,40,132084
2020,40,243070
2008,41,8820
2009,41,5158
2010,41,11322
2011,41,7213
2012,41,3538
2013,41,7149
2014,41,3047
2015,41,5890
2016,41,2822
2017,41,4263
2018,41,15860
2019,41,9770
2020,41,10619
2008,42,8375000
2009,42,7285000
2010,42,7477000
2011,42,10403000
2012,42,12571000
2013,42,15907000
2014,42,22395000
2015,42,17946000
2016,42,15160000
2017,42,13902000
2018,42,15704000
2019,42,17399000
2020,42,14490000
2008,43,786600
2009,43,501100
2010,43,150600
2011,43,1270400
2012,43,2531400
2013,43,1714200
2014,43,1280700
2015,43,495900
2016,43,1161900
2017,43,1989400
2018,43,1733400
2019,43,1576700
2020,43,3327500
2008,44,12437
2009,44,6640
2010,44,6328
2011,44,3335
2012,44,4940
2013,44,4291
2014,44,3040
2015,44,3435
2016,44,1819
2017,44,
2018,44,
2019,44,
2020,44,
2008,45,
2009,45,
2010,45,
2011,45,
2012,45,
2013,45,
2014,45,
2015,45,
2016,45,
2017,45,
2018,45,
2019,45,
2020,45,
2008,46,425796
2009,46,445037
2010,46,603126
2011,46,493790
2012,46,575923
2013,46,706739
2014,46,1110097
2015,46,908881
2016,46,796808
2017,46,918312
2018,46,1182098
2019,46,1134905
2020,46,1022068
2008,47,155000
2009,47,48000
2010,47,206000
2011,47,416000
2012,47,607000
2013,47,514000
2014,47,721000
2015,47,862000
2016,47,885000
2017,47,795000
2018,47,803000
2019,47,815000
2020,47,1449000
2008,48,354000
2009,48,372000
2010,48,426000
2011,48,512000
2012,48,759000
2013,48,566000
2014,48,778000
2015,48,499000
2016,48,
2017,48,
2018,48,
2019,48,
2020,48,
2008,49,
2009,49,
2010,49,56
2011,49,294
2012,49,1853
2013,49,4682
2014,49,5500
2015,49,5435
2016,49,8811
2017,49,6640
2018,49,1164
2019,49,1069
2020,49,1139
2008,50,
2009,50,
2010,50,
2011,50,
2012,50,250
2013,50,158
2014,50,2858
2015,50,1533
2016,50,1235
2017,50,1712
2018,50,935
2019,50,1627
2020,50,19450
2008,51,
2009,51,
2010,51,
2011,51,
2012,51,
2013,51,
2014,51,
2015,51,
2016,51,
2017,51,
2018,51,
2019,51,
2020,51,
2008,52,
2009,52,
2010,52,
2011,52,
2012,52,
2013,52,
2014,52,4236
2015,52,8939
2016,52,12833
2017,52,13444
2018,52,9401
2019,52,5866
2020,52,17818
2008,53,37318
2009,53,22335
2010,53,20577
2011,53,20292
2012,53,22724
2013,53,20334
2014,53,28553
2015,53,24599
2016,53,14906
2017,53,28500
2018,53,170602
2019,53,119414
2020,53,101340
2008,54,77158
2009,54,79376
2010,54,86191
2011,54,72697
2012,54,40476
2013,54,43168
2014,54,73804
2015,54,48954
2016,54,97589
2017,54,99388
2018,54,82928
2019,54,99158
2020,54,123744
2008,55,52114
2009,55,71694
2010,55,102919
2011,55,172093
2012,55,103979
2013,55,131836
2014,55,89387
2015,55,126212
2016,55,146977
2017,55,256212
2018,55,232326
2019,55,183041
2020,55,149640
2008,56,14467
2009,56,15084
2010,56,14840
2011,56,25708
2012,56,29199
2013,56,29241
2014,56,36308
2015,56,42204
2016,56,63471
2017,56,71370
2018,56,71445
2019,56,55668
2020,56,63422
2008,57,21313
2009,57,55218
2010,57,61109
2011,57,25751
2012,57,45261
2013,57,64881
2014,57,63300
2015,57,66074
2016,57,71820
2017,57,58487
2018,57,50909
2019,57,
2020,57,
2008,58,576000
2009,58,578000
2010,58,748000
2011,58,835000
2012,58,906000
2013,58,678000
2014,58,599000
2015,58,660000
2016,58,745000
2017,58,1431000
2018,58,1055000
2019,58,1141000
2020,58,1276000
2008,59,4545
2009,59,8901
2010,59,14697
2011,59,8986
2012,59,4839
2013,59,7539
2014,59,11659
2015,59,17802
2016,59,26709
2017,59,20232
2018,59,17198
2019,59,20983
2020,59,37688
2008,60,35623
2009,60,66071
2010,60,71802
2011,60,79531
2012,60,25932
2013,60,19069
2014,60,10763
2015,60,25456
2016,60,15974
2017,60,24317
2018,60,24773
2019,60,17105
2020,60,18149
2008,61,9681
2009,61,40168
2010,61,13163
2011,61,15071
2012,61,17542
2013,61,25208
2014,61,20758
2015,61,24627
2016,61,20481
2017,61,24062
2018,61,18062
2019,61,24427
2020,61,41943
2008,62,6210
2009,62,8967
2010,62,6751
2011,62,5515
2012,62,6385
2013,62,6245
2014,62,7753
2015,62,5716
2016,62,8320
2017,62,7766
2018,62,7609
2019,62,9017
2020,62,12163
2008,63,15323
2009,63,4454
2010,63,7433
2011,63,10359
2012,63,11996
2013,63,24123
2014,63,20332
2015,63,18423
2016,63,25210
2017,63,65953
2018,63,47355
2019,63,24454
2020,63,58345
2008,64,6131000
2009,64,8501000
2010,64,7280000
2011,64,8183000
2012,64,8692000
2013,64,7375000
2014,64,6423000
2015,64,5399000
2016,64,5872000
2017,64,5005000
2018,64,3383000
2019,64,4137000
2020,64,6083000
2008,65,37281
2009,65,50008
2010,65,61242
2011,65,40654
2012,65,52595
2013,65,32824
2014,65,37782
2015,65,89928
2016,65,114161
2017,65,156296
2018,65,178411
2019,65,193740
2020,65,251491
2008,66,
2009,66,
2010,66,23
2011,66,49248
2012,66,33648
2013,66,95835
2014,66,110003
2015,66,347993
2016,66,119713
2017,66,79093
2018,66,96929
2019,66,105779
2020,66,146483
2008,67,8079
2009,67,7195
2010,67,4703
2011,67,5510
2012,67,6558
2013,67,7822
2014,67,10051
2015,67,12192
2016,67,9521
2017,67,25475
2018,67,13028
2019,67,18951
2020,67,46822
2008,68,3868
2009,68,3116
2010,68,1757
2011,68,6612
2012,68,2907
2013,68,2949
2014,68,1867
2015,68,1209
2016,68,3499
2017,68,630
2018,68,530
2019,68,191
2020,68,141
2008,69,1607600
2009,69,1645000
2010,69,1473300
2011,69,1557800
2012,69,845600
2013,69,1204700
2014,69,1251000
2015,69,698600
2016,69,1027200
2017,69,710600
2018,69,
2019,69,
2020,69,
2008,70,6627
2009,70,7912
2010,70,7951
2011,70,4700
2012,70,13773
2013,70,23197
2014,70,18346
2015,70,24618
2016,70,19385
2017,70,15937
2018,70,32281
2019,70,36248
2020,70,29568
2008,71,810
2009,71,1618
2010,71,1028
2011,71,1842
2012,71,949
2013,71,5707
2014,71,3576
2015,71,1500
2016,71,7798
2017,71,6977
2018,71,4563
2019,71,2384
2020,71,13953
2008,72,11414
2009,72,11608
2010,72,9495
2011,72,16187
2012,72,19563
2013,72,27867
2014,72,45555
2015,72,82072
2016,72,74570
2017,72,72818
2018,72,101426
2019,72,80629
2020,72,88396
2008,73,131
2009,73,9
2010,73,119
2011,73,6
2012,73,17
2013,73,3
2014,73,751
2015,73,28595
2016,73,16125
2017,73,
2018,73,
2019,73,
2020,73,
2008,74,
2009,74,
2010,74,
2011,74,
2012,74,
2013,74,
2014,74,
2015,74,
2016,74,
2017,74,
2018,74,
2019,74,
2020,74,
2008,75,
2009,75,
2010,75,
2011,75,
2012,75,
2013,75,
2014,75,1372
2015,75,1098
2016,75,538
2017,75,466
2018,75,110
2019,75,89
2020,75,40
2008,76,4000
2009,76,36000
2010,76,8000
2011,76,2000
2012,76,15000
2013,76,2000
2014,76,74000
2015,76,17000
2016,76,34000
2017,76,719000
2018,76,1872000
2019,76,2851000
2020,76,3044000
2008,77,218988
2009,77,224951
2010,77,521829
2011,77,421993
2012,77,301591
2013,77,55613
2014,77,51601
2015,77,690878
2016,77,860245
2017,77,675468
2018,77,370796
2019,77,345876
2020,77,906613
2008,78,501677
2009,78,422321
2010,78,597106
2011,78,498776
2012,78,505647
2013,78,1025961
2014,78,903781
2015,78,583000
2016,78,437400
2017,78,532200
2018,78,684700
2019,78,506300
2020,78,1133000
2008,79,1953
2009,79,8227
2010,79,4091
2011,79,6624
2012,79,3232
2013,79,2841
2014,79,8374
2015,79,8034
2016,79,7441
2017,79,4905
2018,79,26006
2019,79,13140
2020,79,15162
2008,80,27565
2009,80,23136
2010,80,27401
2011,80,59043
2012,80,51715
2013,80,40132
2014,80,109116
2015,80,31788
2016,80,10126
2017,80,17065
2018,80,67754
2019,80,74024
2020,80,22700
2008,81,214000
2009,81,778000
2010,81,541000
2011,81,919000
2012,81,852000
2013,81,581000
2014,81,605000
2015,81,309000
2016,81,223000
2017,81,263000
2018,81,682000
2019,81,1306000
2020,81,748000
2008,82,
2009,82,
2010,82,
2011,82,
2012,82,9734
2013,82,20688
2014,82,32774
2015,82,19593
2016,82,
2017,82,
2018,82,
2019,82,
2020,82,
2008,83,19960
2009,83,29323
2010,83,46083
2011,83,46459
2012,83,44689
2013,83,39367
2014,83,89779
2015,83,100063
2016,83,59361
2017,83,31686
2018,83,32338
2019,83,44805
2020,83,50154
2008,84,1473620
2009,84,1070645
2010,84,1401960
2011,84,1258773
2012,84,1186604
2013,84,1234778
2014,84,648895
2015,84,695165
2016,84,633432
2017,84,555544
2018,84,558233
2019,84,609096
2020,84,768972
2008,85,4314
2009,85,1895
2010,85,2210
2011,85,2564
2012,85,3137
2013,85,2716
2014,85,2376
2015,85,23146
2016,85,29331
2017,85,19128
2018,85,31180
2019,85,40382
2020,85,63697
2008,86,1473620
2009,86,1070645
2010,86,1401960
2011,86,1258773
2012,86,1186604
2013,86,1234778
2014,86,648895
2015,86,695165
2016,86,633432
2017,86,555544
2018,86,558233
2019,86,609096
2020,86,768972
2008,87,11246
2009,87,3083
2010,87,2423
2011,87,1456
2012,87,3210
2013,87,1476
2014,87,1716
2015,87,973
2016,87,5528
2017,87,1639
2018,87,365
2019,87,989
2020,87,
2008,88,3253
2009,88,2675
2010,88,645
2011,88,147
2012,88,216
2013,88,116
2014,88,445
2015,88,166
2016,88,819
2017,88,261
2018,88,275
2019,88,
2020,88,
2008,89,52813
2009,89,9542
2010,89,7332
2011,89,10217
2012,89,6658
2013,89,7835
2014,89,10464
2015,89,9754
2016,89,8818
2017,89,10411
2018,89,10798
2019,89,
2020,89,
2008,90,9032
2009,90,35023
2010,90,29299
2011,90,28209
2012,90,41918
2013,90,67022
2014,90,127567
2015,90,193294
2016,90,222460
2017,90,312169
2018,90,
2019,90,
2020,90,
2008,91,
2009,91,
2010,91,
2011,91,
2012,91,655
2013,91,2362
2014,91,1786
2015,91,846
2016,91,3860
2017,91,3808
2018,91,7808
2019,91,5063
2020,91,
2008,92,
2009,92,
2010,92,
2011,92,
2012,92,
2013,92,
2014,92,2833
2015,92,1947
2016,92,476
2017,92,271
2018,92,888
2019,92,313
2020,92,
2008,93,
2009,93,
2010,93,
2011,93,
2012,93,
2013,93,
2014,93,
2015,93,
2016,93,
2017,93,
2018,93,
2019,93,
2020,93,
2008,94,
2009,94,
2010,94,
2011,94,
2012,94,
2013,94,
2014,94,
2015,94,
2016,94,
2017,94,
2018,94,
2019,94,
2020,94,
2008,95,96934
2009,95,102037
2010,95,125485
2011,95,108305
2012,95,111712
2013,95,172917
2014,95,211591
2015,95,197165
2016,95,183869
2017,95,124101
2018,95,89975
2019,95,140812
2020,95,554024
2008,96,1423
2009,96,6244
2010,96,2108
2011,96,9205
2012,96,5707
2013,96,9011
2014,96,
2015,96,
2016,96,
2017,96,
2018,96,
2019,96,
2020,96,
2008,97,14251
2009,97,8622
2010,97,9276
2011,97,5619
2012,97,6294
2013,97,8917
2014,97,6184
2015,97,17739
2016,97,2098
2017,97,4491
2018,97,3956
2019,97,2980
2020,97,2639
2008,98,16790
2009,98,47885
2010,98,62688
2011,98,64145
2012,98,104862
2013,98,105144
2014,98,169818
2015,98,270357
2016,98,130468
2017,98,173314
2018,98,96525
2019,98,202140
2020,98,340007
2008,99,19529
2009,99,8657
2010,99,9035
2011,99,20230
2012,99,17431
2013,99,31260
2014,99,35955
2015,99,35049
2016,99,37062
2017,99,27328
2018,99,
2019,99,
2020,99,
2008,100,127365
2009,100,137840
2010,100,205736
2011,100,248132
2012,100,260071
2013,100,272926
2014,100,411690
2015,100,373419
2016,100,487006
2017,100,669479
2018,100,579634
2019,100,735054
2020,100,673794
2008,101,1250
2009,101,3424
2010,101,2411
2011,101,2608
2012,101,1173
2013,101,1359
2014,101,1929
2015,101,3446
2016,101,2288
2017,101,2557
2018,101,3198
2019,101,2958
2020,101,8491
2008,102,17522
2009,102,20005
2010,102,25751
2011,102,20839
2012,102,30189
2013,102,28183
2014,102,35387
2015,102,34686
2016,102,33842
2017,102,35879
2018,102,36125
2019,102,36111
2020,102,63225
2008,103,6520
2009,103,4515
2010,103,4581
2011,103,4407
2012,103,7955
2013,103,4042
2014,103,11074
2015,103,8620
2016,103,9241
2017,103,5887
2018,103,8362
2019,103,
2020,103,
2008,104,2256
2009,104,6897
2010,104,9386
2011,104,10727
2012,104,12813
2013,104,20476
2014,104,11008
2015,104,12705
2016,104,10284
2017,104,15288
2018,104,23552
2019,104,52424
2020,104,57734
2008,105,423
2009,105,653
2010,105,501
2011,105,228
2012,105,511
2013,105,439
2014,105,3318
2015,105,1815
2016,105,1928
2017,105,2625
2018,105,5430
2019,105,3449
2020,105,6602
2008,106,4647
2009,106,7765
2010,106,7978
2011,106,11076
2012,106,16292
2013,106,16726
2014,106,13486
2015,106,43058
2016,106,33090
2017,106,48361
2018,106,63439
2019,106,48461
2020,106,100022
2008,107,18941
2009,107,5722
2010,107,3159
2011,107,7724
2012,107,8590
2013,107,12315
2014,107,5398
2015,107,10319
2016,107,7914
2017,107,9373
2018,107,16800
2019,107,23465
2020,107,14350
2008,108,
2009,108,
2010,108,
2011,108,
2012,108,
2013,108,52686
2014,108,52290
2015,108,30951
2016,108,59794
2017,108,38977
2018,108,157954
2019,108,100360
2020,108,127727
2008,109,
2009,109,7471
2010,109,1527
2011,109,3001
2012,109,7208
2013,109,5750
2014,109,23353
2015,109,48297
2016,109,
2017,109,
2018,109,
2019,109,
2020,109,
2008,110,2461
2009,110,212
2010,110,163
2011,110,294
2012,110,3012
2013,110,1670
2014,110,145
2015,110,135
2016,110,161
2017,110,68
2018,110,57
2019,110,2
2020,110,364
2008,111,32067
2009,111,26475
2010,111,11214
2011,111,9927
2012,111,1361
2013,111,311
2014,111,1004
2015,111,2038
2016,111,2837
2017,111,374
2018,111,1147
2019,111,28054
2020,111,60337
2008,112,79590
2009,112,101066
2010,112,104628
2011,112,81195
2012,112,73548
2013,112,83508
2014,112,137212
2015,112,165310
2016,112,210866
2017,112,224800
2018,112,163431
2019,112,129922
2020,112,
2008,113,22738
2009,113,31148
2010,113,25813
2011,113,23254
2012,113,17619
2013,113,36440
2014,113,54401
2015,113,51903
2016,113,46756
2017,113,79421
2018,113,83514
2019,113,88714
2020,113,191532
2008,114,6338
2009,114,6127
2010,114,11330
2011,114,11648
2012,114,10399
2013,114,8512
2014,114,10718
2015,114,16045
2016,114,8925
2017,114,11520
2018,114,6561
2019,114,4102
2020,114,
2008,115,5040
2009,115,3216
2010,115,4078
2011,115,7000
2012,115,3700
2013,115,11050
2014,115,4078
2015,115,9080
2016,115,
2017,115,
2018,115,
2019,115,
2020,115,
2008,116,11229
2009,116,9154
2010,116,9769
2011,116,14208
2012,116,6137
2013,116,5133
2014,116,2958
2015,116,4060
2016,116,12143
2017,116,11600
2018,116,16937
2019,116,19953
2020,116,14813
2008,117,3344
2009,117,1557
2010,117,7868
2011,117,13919
2012,117,17250
2013,117,13972
2014,117,18911
2015,117,21291
2016,117,18563
2017,117,21525
2018,117,42825
2019,117,17987
2020,117,70529
2008,118,65159
2009,118,54759
2010,118,48030
2011,118,103006
2012,118,110490
2013,118,74559
2014,118,66883
2015,118,71999
2016,118,49593
2017,118,50569
2018,118,36082
2019,118,76712
2020,118,348559
2008,119,50098
2009,119,85463
2010,119,139096
2011,119,109068
2012,119,115375
2013,119,105354
2014,119,87159
2015,119,135132
2016,119,197891
2017,119,144938
2018,119,118140
2019,119,233784
2020,119,343170
2008,120,
2009,120,
2010,120,
2011,120,387170
2012,120,691827
2013,120,384506
2014,120,552285
2015,120,259507
2016,120,219512
2017,120,274411
2018,120,676487
2019,120,381790
2020,120,1274642
2008,121,
2009,121,
2010,121,
2011,121,5825000
2012,121,4736000
2013,121,4894000
2014,121,5248142
2015,121,6056496
2016,121,5639652
2017,121,5235018
2018,121,5145672
2019,121,5214632
2020,121,8102367
2008,122,1013031
2009,122,1195200
2010,122,1354707
2011,122,1651760
2012,122,1728483
2013,122,1835614
2014,122,1612811
2015,122,1661399
2016,122,1844811
2017,122,1597358
2018,122,1354931
2019,122,1099704
2020,122,1576124
2008,123,
2009,123,
2010,123,
2011,123,
2012,123,
2013,123,
2014,123,1846
2015,123,4083
2016,123,2256
2017,123,2170
2018,123,7158
2019,123,6525
2020,123,10720
2008,124,
2009,124,
2010,124,
2011,124,
2012,124,
2013,124,
2014,124,
2015,124,3158
2016,124,2641
2017,124,5946
2018,124,1146
2019,124,1303
2020,124,2421
2008,125,
2009,125,
2010,125,
2011,125,
2012,125,
2013,125,
2014,125,
2015,125,120022
2016,125,120600
2017,125,123070
2018,125,143539
2019,125,140898
2020,125,222937
2008,126,247030
2009,126,209876
2010,126,179993
2011,126,318385
2012,126,178689
2013,126,143065
2014,126,53299
2015,126,41160
2016,126,21434
2017,126,31480
2018,126,63723
2019,126,55496
2020,126,41374
2008,127,1475
2009,127,1123
2010,127,1552
2011,127,45540
2012,127,360883
2013,127,394394
2014,127,405377
2015,127,406676
2016,127,402623
2017,127,416536
2018,127,430336
2019,127,447531
2020,127,447831
2008,128,192067
2009,128,169831
2010,128,466820
2011,128,580786
2012,128,970334
2013,128,767195
2014,128,1098670
2015,128,953990
2016,128,757514
2017,128,441275
2018,128,963044
2019,128,
2020,128,
2008,129,34225
2009,129,30000
2010,129,18370
2011,129,20073
2012,129,60887
2013,129,15699
2014,129,81920
2015,129,69809
2016,129,23999
2017,129,13275
2018,129,
2019,129,
2020,129,
2008,130,71536
2009,130,131990
2010,130,162347
2011,130,200372
2012,130,151464
2013,130,201374
2014,130,278502
2015,130,309673
2016,130,316101
2017,130,338041
2018,130,369941
2019,130,
2020,130,
2008,131,3891
2009,131,4521
2010,131,13544
2011,131,9664
2012,131,10748
2013,131,12559
2014,131,25091
2015,131,32296
2016,131,27448
2017,131,13360
2018,131,14270
2019,131,19863
2020,131,76344
2008,132,364104
2009,132,1491788
2010,132,2982358
2011,132,841809
2012,132,3750760
2013,132,5215212
2014,132,2867914
2015,132,3776227
2016,132,4159581
2017,132,6404923
2018,132,6027907
2019,132,6540000
2020,132,9651000
2008,133,13036
2009,133,16020
2010,133,27605
2011,133,18619
2012,133,34700
2013,133,14455
2014,133,18056
2015,133,24912
2016,133,
2017,133,
2018,133,
2019,133,
2020,133,
2008,134,208579
2009,134,266827
2010,134,884173
2011,134,856527
2012,134,1235141
2013,134,1015763
2014,134,1299327
2015,134,1176540
2016,134,888845
2017,134,560851
2018,134,1381504
2019,134,1586812
2020,134,1857693
2008,135,
2009,135,
2010,135,
2011,135,
2012,135,19675
2013,135,7662
2014,135,13795
2015,135,59515
2016,135,42195
2017,135,36826
2018,135,29211
2019,135,29754
2020,135,43933
2008,136,11279
2009,136,6369
2010,136,5015
2011,136,4750
2012,136,3163
2013,136,1711
2014,136,3690
2015,136,5892
2016,136,31893
2017,136,15108
2018,136,4282
2019,136,7044
2020,136,8527
2008,137,297
2009,137,576
2010,137,501
2011,137,2048
2012,137,2222
2013,137,2640
2014,137,4082
2015,137,1496
2016,137,3731
2017,137,4411
2018,137,3190
2019,137,5277
2020,137,13415
2008,138,
2009,138,
2010,138,
2011,138,
2012,138,
2013,138,
2014,138,
2015,138,
2016,138,
2017,138,
2018,138,
2019,138,
2020,138,
2008,139,2214
2009,139,720
2010,139,422
2011,139,1048
2012,139,1486
2013,139,1017
2014,139,423
2015,139,2869
2016,139,1810
2017,139,2408
2018,139,12463
2019,139,7999
2020,139,9905
2008,140,28935
2009,140,10194
2010,140,13189
2011,140,10482
2012,140,19623
2013,140,9593
2014,140,3021
2015,140,870
2016,140,9831
2017,140,11614
2018,140,8199
2019,140,
2020,140,
2008,141,338060
2009,141,289965
2010,141,261198
2011,141,243812
2012,141,190438
2013,141,186636
2014,141,155494
2015,141,157813
2016,141,151030
2017,141,136498
2018,141,109656
2019,141,112368
2020,141,100496
2008,142,69349
2009,142,51489
2010,142,58339
2011,142,54701
2012,142,61234
2013,142,172915
2014,142,149061
2015,142,125776
2016,142,124800
2017,142,128100
2018,142,56200
2019,142,50100
2020,142,87400
2008,143,17357
2009,143,14786
2010,143,13582
2011,143,14256
2012,143,9849
2013,143,15613
2014,143,32146
2015,143,6046
2016,143,4898
2017,143,10959
2018,143,19161
2019,143,15298
2020,143,
2008,144,150129
2009,144,95277
2010,144,76713
2011,144,31431
2012,144,12234
2013,144,8575
2014,144,34476
2015,144,39139
2016,144,30790
2017,144,33593
2018,144,22630
2019,144,17115
2020,144,56893
2008,145,4615
2009,145,1681
2010,145,3874
2011,145,2567
2012,145,1498
2013,145,1117
2014,145,282
2015,145,1161
2016,145,1111
2017,145,1541
2018,145,1094
2019,145,439
2020,145,
2008,146,20137
2009,146,14768
2010,146,13447
2011,146,30801
2012,146,20953
2013,146,11943
2014,146,10048
2015,146,9168
2016,146,2505
2017,146,4106
2018,146,2287
2019,146,2130
2020,146,4894
2008,147,398991
2009,147,160996
2010,147,116843
2011,147,107525
2012,147,198911
2013,147,79541
2014,147,24882
2015,147,33384
2016,147,80972
2017,147,68268
2018,147,90219
2019,147,68752
2020,147,126149
2008,148,15942
2009,148,9925
2010,148,16639
2011,148,14825
2012,148,9632
2013,148,15713
2014,148,31625
2015,148,4391
2016,148,4874
2017,148,10677
2018,148,11791
2019,148,11126
2020,148,
2008,149,120743
2009,149,160191
2010,149,195347
2011,149,190142
2012,149,152190
2013,149,175962
2014,149,78825
2015,149,110929
2016,149,148589
2017,149,80836
2018,149,77919
2019,149,54350
2020,149,
2008,150,152400
2009,150,135000
2010,150,246800
2011,150,209400
2012,150,246500
2013,150,203200
2014,150,483900
2015,150,378000
2016,150,359200
2017,150,173000
2018,150,395100
2019,150,263400
2020,150,497300
2008,151,
2009,151,
2010,151,
2011,151,487
2012,151,1172
2013,151,818
2014,151,12944
2015,151,9732
2016,151,10861
2017,151,5513
2018,151,8520
2019,151,8777
2020,151,12982
2008,152,
2009,152,
2010,152,
2011,152,
2012,152,
2013,152,
2014,152,78
2015,152,808
2016,152,209
2017,152,1059
2018,152,140
2019,152,1214
2020,152,542
2008,153,70200
2009,153,74400
2010,153,69100
2011,153,99800
2012,153,43200
2013,153,10700
2014,153,13700
2015,153,9800
2016,153,18700
2017,153,15600
2018,153,12500
2019,153,13000
2020,153,50800
2008,154,
2009,154,
2010,154,
2011,154,
2012,154,
2013,154,615
2014,154,7524
2015,154,6355
2016,154,3849
2017,154,6219
2018,154,3410
2019,154,6853
2020,154,10538
2008,155,
2009,155,
2010,155,
2011,155,
2012,155,
2013,155,
2014,155,15050
2015,155,12105
2016,155,12035
2017,155,6452
2018,155,1874
2019,155,4888
2020,155,7565
2008,156,
2009,156,
2010,156,43939
2011,156,54237
2012,156,60348
2013,156,249961
2014,156,15334
2015,156,79239
2016,156,81534
2017,156,56042
2018,156,17248
2019,156,30428
2020,156,4718
2008,157,
2009,157,
2010,157,
2011,157,
2012,157,209
2013,157,150
2014,157,18569
2015,157,7688
2016,157,521
2017,157,213
2018,157,1503
2019,157,
2020,157,
2008,158,
2009,158,
2010,158,
2011,158,
2012,158,
2013,158,
2014,158,
2015,158,355
2016,158,350
2017,158,383
2018,158,170
2019,158,70
2020,158,
2008,159,
2009,159,
2010,159,
2011,159,
2012,159,
2013,159,
2014,159,117
2015,159,
2016,159,177
2017,159,58
2018,159,261
2019,159,211
2020,159,
2008,160,
2009,160,
2010,160,
2011,160,38
2012,160,13
2013,160,67
2014,160,399
2015,160,1200
2016,160,1817
2017,160,6209
2018,160,2889
2019,160,6514
2020,160,5087
2008,161,
2009,161,
2010,161,
2011,161,
2012,161,
2013,161,
2014,161,2448
2015,161,8053
2016,161,7811
2017,161,8057
2018,161,5508
2019,161,8729
2020,161,9125
2008,162,
2009,162,
2010,162,
2011,162,
2012,162,
2013,162,
2014,162,830
2015,162,1917
2016,162,291
2017,162,789
2018,162,158
2019,162,115
2020,162,487
2008,163,
2009,163,
2010,163,
2011,163,
2012,163,
2013,163,
2014,163,5
2015,163,1103
2016,163,1130
2017,163,991
2018,163,756
2019,163,619
2020,163,2129
2008,164,42203
2009,164,46888
2010,164,37984
2011,164,36128
2012,164,27563
2013,164,23291
2014,164,26998
2015,164,9442
2016,164,2912
2017,164,5177
2018,164,3039
2019,164,1386
2020,164,1536
2008,165,
2009,165,
2010,165,
2011,165,
2012,165,
2013,165,
2014,165,
2015,165,
2016,165,
2017,165,
2018,165,
2019,165,
2020,165,
2008,166,
2009,166,
2010,166,
2011,166,
2012,166,
2013,166,
2014,166,
2015,166,71851
2016,166,85688
2017,166,54430
2018,166,122262
2019,166,81687
2020,166,120415
2008,167,85644
2009,167,132673
2010,167,109635
2011,167,182186
2012,167,345276
2013,167,541472
2014,167,928058
2015,167,946376
2016,167,479837
2017,167,519816
2018,167,404554
2019,167,483391
2020,167,712674
2008,168,7320
2009,168,7985
2010,168,12691
2011,168,11206
2012,168,4341
2013,168,6384
2014,168,11725
2015,168,35122
2016,168,18165
2017,168,14371
2018,168,16619
2019,168,13747
2020,168,4798
2008,169,7257000
2009,169,2890000
2010,169,2767000
2011,169,3481000
2012,169,8947000
2013,169,11024000
2014,169,15194000
2015,169,13730000
2016,169,14326000
2017,169,14813000
2018,169,18982000
2019,169,15327000
2020,169,16463000
2008,170,1609555
2009,170,1805617
2010,170,1365948
2011,170,552413
2012,170,1036582
2013,170,1050592
2014,170,1228172
2015,170,863425
2016,170,535958
2017,170,842399
2018,170,823883
2019,170,675947
2020,170,740412
2008,171,553016
2009,171,477694
2010,171,624840
2011,171,596459
2012,171,478230
2013,171,211884
2014,171,169125
2015,171,371649
2016,171,525826
2017,171,656200
2018,171,663430
2019,171,757556
2020,171,720006
2008,172,11415
2009,172,25911
2010,172,39501
2011,172,46616
2012,172,39144
2013,172,64258
2014,172,103096
2015,172,86491
2016,172,104033
2017,172,98632
2018,172,139888
2019,172,149895
2020,172,94900
2008,173,1434000
2009,173,1181000
2010,173,1085000
2011,173,1255000
2012,173,1514000
2013,173,1545000
2014,173,1804000
2015,173,1134000
2016,173,1960000
2017,173,1911000
2018,173,1776000
2019,173,2562000
2020,173,2255000
2008,174,312000
2009,174,380081
2010,174,706216
2011,174,941238
2012,174,825638
2013,174,659288
2014,174,1502066
2015,174,901448
2016,174,873145
2017,174,1208600
2018,174,1347087
2019,174,
2020,174,
2008,175,105203
2009,175,204603
2010,175,173813
2011,175,189076
2012,175,173699
2013,175,232608
2014,175,167700
2015,175,219489
2016,175,230563
2017,175,224372
2018,175,193266
2019,175,185465
2020,175,333679
2008,176,2842
2009,176,3251
2010,176,2722
2011,176,3223
2012,176,2279
2013,176,6489
2014,176,5196
2015,176,8338
2016,176,7316
2017,176,5820
2018,176,9921
2019,176,15700
2020,176,33652
2008,177,86086
2009,177,111872
2010,177,118246
2011,177,101099
2012,177,66233
2013,177,47897
2014,177,83150
2015,177,61593
2016,177,58319
2017,177,77308
2018,177,50760
2019,177,50815
2020,177,84286
2008,178,54425
2009,178,37386
2010,178,88267
2011,178,90370
2012,178,59514
2013,178,82662
2014,178,90146
2015,178,88367
2016,178,111035
2017,178,76393
2018,178,178636
2019,178,64351
2020,178,89565
2008,179,2809
2009,179,2553
2010,179,28802
2011,179,26060
2012,179,29730
2013,179,26023
2014,179,20462
2015,179,17985
2016,179,17413
2017,179,22994
2018,179,37352
2019,179,42613
2020,179,55131
2008,180,7706
2009,180,5337
2010,180,4512
2011,180,8444
2012,180,5362
2013,180,7524
2014,180,6692
2015,180,9993
2016,180,14521
2017,180,22809
2018,180,28257
2019,180,28464
2020,180,39828
2008,181,3027
2009,181,2610
2010,181,3393
2011,181,2599
2012,181,3130
2013,181,3575
2014,181,10728
2015,181,9778
2016,181,11631
2017,181,12691
2018,181,7457
2019,181,4328
2020,181,15557
2008,182,27053
2009,182,18402
2010,182,28335
2011,182,33061
2012,182,11694
2013,182,8114
2014,182,12533
2015,182,5357
2016,182,7605
2017,182,22359
2018,182,
2019,182,
2020,182,
2008,183,81734
2009,183,78727
2010,183,134095
2011,183,75850
2012,183,123771
2013,183,87270
2014,183,99317
2015,183,145830
2016,183,120088
2017,183,225273
2018,183,210053
2019,183,223899
2020,183,335324
2008,184,24404
2009,184,15226
2010,184,10651
2011,184,11170
2012,184,9319
2013,184,10478
2014,184,
2015,184,
2016,184,
2017,184,
2018,184,
2019,184,
2020,184,
2008,185,
2009,185,3388
2010,185,7623
2011,185,8683
2012,185,41655
2013,185,40334
2014,185,54174
2015,185,49122
2016,185,49340
2017,185,67837
2018,185,66037
2019,185,78929
2020,185,77953
2008,186,4144
2009,186,10597
2010,186,18513
2011,186,19603
2012,186,26738
2013,186,24833
2014,186,27468
2015,186,28462
2016,186,32581
2017,186,25632
2018,186,23058
2019,186,19455
2020,186,18390
2008,187,
2009,187,
2010,187,
2011,187,
2012,187,783
2013,187,4321
2014,187,6141
2015,187,3170
2016,187,3194
2017,187,647
2018,187,634
2019,187,1357
2020,187,1267
2008,188,
2009,188,
2010,188,57929
2011,188,58345
2012,188,94679
2013,188,105300
2014,188,123419
2015,188,148603
2016,188,246408
2017,188,398028
2018,188,546541
2019,188,762193
2020,188,928291
2008,189,
2009,189,
2010,189,
2011,189,
2012,189,
2013,189,88774
2014,189,43595
2015,189,76722
2016,189,141944
2017,189,108610
2018,189,60498
2019,189,39673
2020,189,57419
2008,190,
2009,190,
2010,190,
2011,190,
2012,190,
2013,190,
2014,190,
2015,190,
2016,190,11655
2017,190,9403
2018,190,11600
2019,190,12522
2020,190,19617
2008,191,10803
2009,191,4729
2010,191,2508
2011,191,792
2012,191,762
2013,191,3357
2014,191,4461
2015,191,1218
2016,191,1108
2017,191,1850
2018,191,9828
2019,191,5488
2020,191,3886
2008,192,41267
2009,192,22689
2010,192,8087
2011,192,5367
2012,192,29243
2013,192,18426
2014,192,25702
2015,192,40931
2016,192,46468
2017,192,60081
2018,192,43853
2019,192,39163
2020,192,31250
2008,193,35538
2009,193,19987
2010,193,60373
2011,193,38903
2012,193,17650
2013,193,8563
2014,193,11390
2015,193,29938
2016,193,19702
2017,193,18111
2018,193,16466
2019,193,9904
2020,193,
2008,194,94951
2009,194,93775
2010,194,162844
2011,194,106955
2012,194,39789
2013,194,52271
2014,194,141122
2015,194,238196
2016,194,150990
2017,194,305902
2018,194,204450
2019,194,197872
2020,194,195266
2008,195,
2009,195,
2010,195,
2011,195,101
2012,195,45
2013,195,89
2014,195,49
2015,195,1689
2016,195,763
2017,195,1035
2018,195,3550
2019,195,
2020,195,
2008,196,39357
2009,196,33163
2010,196,50206
2011,196,40785
2012,196,55307
2013,196,67155
2014,196,91064
2015,196,107426
2016,196,95475
2017,196,111237
2018,196,129057
2019,196,242609
2020,196,335927
2008,197,93536
2009,197,77843
2010,197,74869
2011,197,81942
2012,197,106198
2013,197,157725
2014,197,200402
2015,197,229681
2016,197,312154
2017,197,
2018,197,
2019,197,
2020,197,
2008,198,4149
2009,198,4899
2010,198,3502
2011,198,3980
2012,198,9383
2013,198,9060
2014,198,8924
2015,198,19824
2016,198,33301
2017,198,23358
2018,198,36521
2019,198,34289
2020,198,60745
2008,199,13999
2009,199,6379
2010,199,6100
2011,199,7106
2012,199,5977
2013,199,3808
2014,199,4711
2015,199,5707
2016,199,4394
2017,199,14150
2018,199,22860
2019,199,21981
2020,199,2330
2008,200,27632
2009,200,47674
2010,200,11866
2011,200,6732
2012,200,4524
2013,200,3209
2014,200,4963
2015,200,4838
2016,200,1409
2017,200,1465
2018,200,18977
2019,200,11653
2020,200,
2008,201,15859
2009,201,8161
2010,201,6554
2011,201,7476
2012,201,4006
2013,201,1660
2014,201,1391
2015,201,2206
2016,201,4818
2017,201,
2018,201,
2019,201,
2020,201,
2008,202,3359
2009,202,4202
2010,202,6631
2011,202,14369
2012,202,15819
2013,202,14821
2014,202,12304
2015,202,9080
2016,202,7570
2017,202,86527
2018,202,109542
2019,202,98746
2020,202,80093
2008,203,2029
2009,203,5238
2010,203,6005
2011,203,3738
2012,203,3992
2013,203,4248
2014,203,5833
2015,203,3098
2016,203,7595
2017,203,3549
2018,203,5315
2019,203,7247
2020,203,10639
2008,204,15412
2009,204,10602
2010,204,8474
2011,204,7062
2012,204,2609
2013,204,1387
2014,204,1082
2015,204,1289
2016,204,1791
2017,204,290
2018,204,426
2019,204,350
2020,204,676
2008,205,6234
2009,205,5989
2010,205,7277
2011,205,7474
2012,205,5343
2013,205,7250
2014,205,12458
2015,205,7546
2016,205,12958
2017,205,36963
2018,205,19885
2019,205,
2020,205,
2008,206,9099
2009,206,9094
2010,206,7693
2011,206,11551
2012,206,5776
2013,206,7351
2014,206,7675
2015,206,14223
2016,206,
2017,206,
2018,206,
2019,206,
2020,206,
2008,207,8930
2009,207,3756
2010,207,6836
2011,207,7554
2012,207,5534
2013,207,7221
2014,207,9428
2015,207,9021
2016,207,9294
2017,207,15257
2018,207,
2019,207,
2020,207,
2008,208,818
2009,208,2469
2010,208,318
2011,208,265
2012,208,159
2013,208,2386
2014,208,2389
2015,208,3960
2016,208,3111
2017,208,2497
2018,208,2787
2019,208,1862
2020,208,1012
2008,209,
2009,209,
2010,209,6
2011,209,50972
2012,209,51474
2013,209,92395
2014,209,73228
2015,209,92122
2016,209,146168
2017,209,191951
2018,209,247194
2019,209,249074
2020,209,368466
2008,210,
2009,210,
2010,210,
2011,210,
2012,210,
2013,210,
2014,210,1572
2015,210,860
2016,210,459
2017,210,1318
2018,210,810
2019,210,431
2020,210,43
2008,211,
2009,211,840
2010,211,179
2011,211,65
2012,211,493
2013,211,250
2014,211,1918
2015,211,506
2016,211,732
2017,211,3108
2018,211,4587
2019,211,1767
2020,211,3993
2008,212,
2009,212,
2010,212,594
2011,212,701
2012,212,2065
2013,212,2967
2014,212,13224
2015,212,16756
2016,212,14524
2017,212,15852
2018,212,12841
2019,212,21676
2020,212,53995
2008,213,
2009,213,
2010,213,1202
2011,213,190
2012,213,319
2013,213,721
2014,213,1038
2015,213,1124
2016,213,2268
2017,213,
2018,213,
2019,213,
2020,213,
2008,214,
2009,214,
2010,214,
2011,214,
2012,214,
2013,214,651
2014,214,3344
2015,214,3323
2016,214,4461
2017,214,10706
2018,214,8181
2019,214,9438
2020,214,9867
2008,215,
2009,215,
2010,215,
2011,215,52
2012,215,128
2013,215,295
2014,215,878
2015,215,1144
2016,215,3740
2017,215,
2018,215,
2019,215,
2020,215,
2008,216,
2009,216,
2010,216,
2011,216,
2012,216,
2013,216,
2014,216,
2015,216,338
2016,216,2405
2017,216,1027
2018,216,1932
2019,216,465
2020,216,1127
2008,217,
2009,217,
2010,217,
2011,217,
2012,217,
2013,217,3049
2014,217,
2015,217,10198
2016,217,10870
2017,217,5154
2018,217,5572
2019,217,3046
2020,217,11315
2008,218,22336
2009,218,16884
2010,218,26597
2011,218,23316
2012,218,19400
2013,218,20078
2014,218,12276
2015,218,56092
2016,218,23526
2017,218,20731
2018,218,28423
2019,218,69351
2020,218,21762
2008,219,3037
2009,219,2289
2010,219,1705
2011,219,2241
2012,219,1274
2013,219,2599
2014,219,2660
2015,219,4554
2016,219,5039
2017,219,5839
2018,219,5851
2019,219,9840
2020,219,19716
2008,220,24431
2009,220,24452
2010,220,26561
2011,220,14677
2012,220,2049
2013,220,4621
2014,220,8596
2015,220,2503
2016,220,4000
2017,220,6477
2018,220,11777
2019,220,9926
2020,220,
2008,221,3712
2009,221,3822
2010,221,3730
2011,221,2246
2012,221,2682
2013,221,4559
2014,221,5178
2015,221,7082
2016,221,5463
2017,221,7999
2018,221,7003
2019,221,7141
2020,221,4441
2008,222,
2009,222,
2010,222,
2011,222,
2012,222,
2013,222,
2014,222,76
2015,222,130
2016,222,63
2017,222,6
2018,222,1
2019,222,5
2020,222,1
2008,223,
2009,223,
2010,223,
2011,223,
2012,223,
2013,223,
2014,223,36016
2015,223,24793
2016,223,16276
2017,223,15951
2018,223,
2019,223,
2020,223,
2008,224,
2009,224,
2010,224,
2011,224,
2012,224,
2013,224,
2014,224,
2015,224,
2016,224,
2017,224,
2018,224,
2019,224,
2020,224,
2008,225,
2009,225,
2010,225,33
2011,225,57
2012,225,3757
2013,225,3052
2014,225,6626
2015,225,7282
2016,225,8120
2017,225,19712
2018,225,18814
2019,225,200
2020,225,128
2008,226,30212
2009,226,1229
2010,226,363
2011,226,1617
2012,226,454
2013,226,471
2014,226,590
2015,226,492
2016,226,3192
2017,226,1654
2018,226,1922
2019,226,4029
2020,226,13296
2008,227,
2009,227,
2010,227,
2011,227,4426
2012,227,16875
2013,227,50346
2014,227,46068
2015,227,50733
2016,227,48539
2017,227,100962
2018,227,43707
2019,227,86211
2020,227,56516
2008,228,8866
2009,228,15193
2010,228,1332
2011,228,911
2012,228,679
2013,228,1161
2014,228,910
2015,228,11191
2016,228,6938
2017,228,14000
2018,228,32546
2019,228,18662
2020,228,9555
2008,229,
2009,229,
2010,229,
2011,229,2564
2012,229,1370
2013,229,3695
2014,229,4276
2015,229,13388
2016,229,13427
2017,229,17896
2018,229,26154
2019,229,
2020,229,
2008,230,
2009,230,
2010,230,
2011,230,
2012,230,2727
2013,230,4156
2014,230,3860
2015,230,22412
2016,230,8810
2017,230,4662
2018,230,6478
2019,230,6531
2020,230,17002
2008,231,4182
2009,231,2756
2010,231,4654
2011,231,2572
2012,231,5557
2013,231,3738
2014,231,4141
2015,231,5237
2016,231,4598
2017,231,1868
2018,231,2219
2019,231,1818
2020,231,2062
2008,232,186925
2009,232,216740
2010,232,102363
2011,232,115921
2012,232,111099
2013,232,176893
2014,232,225174
2015,232,280089
2016,232,285933
2017,232,296969
2018,232,381311
2019,232,463777
2020,232,558955
2008,233,16231
2009,233,22571
2010,233,5099
2011,233,2246
2012,233,21687
2013,233,101073
2014,233,134197
2015,233,103461
2016,233,93988
2017,233,8244
2018,233,8893
2019,233,26679
2020,233,
2008,234,39403
2009,234,27924
2010,234,23751
2011,234,13774
2012,234,12260
2013,234,28096
2014,234,16674
2015,234,11506
2016,234,9262
2017,234,6840
2018,234,13300
2019,234,30795
2020,234,41347
2008,235,34199
2009,235,14677
2010,235,31198
2011,235,10162
2012,235,4078
2013,235,16870
2014,235,13772
2015,235,7651
2016,235,4988
2017,235,2515
2018,235,1808
2019,235,1528
2020,235,
2008,236,4729
2009,236,546
2010,236,1394
2011,236,130
2012,236,1864
2013,236,711
2014,236,69
2015,236,133
2016,236,241
2017,236,953
2018,236,7
2019,236,3
2020,236,0
2008,237,28671
2009,237,42159
2010,237,37254
2011,237,761
2012,237,654
2013,237,1777
2014,237,1587
2015,237,3127
2016,237,42811
2017,237,153168
2018,237,27262
2019,237,21249
2020,237,27000
2008,238,37666
2009,238,19208
2010,238,4974
2011,238,2827
2012,238,24709
2013,238,10894
2014,238,9108
2015,238,35031
2016,238,8698
2017,238,51845
2018,238,30898
2019,238,18092
2020,238,7706
2008,239,81025
2009,239,134463
2010,239,91976
2011,239,127767
2012,239,113188
2013,239,127122
2014,239,47012
2015,239,110617
2016,239,71100
2017,239,88494
2018,239,181346
2019,239,336171
2020,239,295548
2008,240,9270
2009,240,5724
2010,240,5098
2011,240,4924
2012,240,10160
2013,240,8362
2014,240,3958
2015,240,2941
2016,240,3622
2017,240,3028
2018,240,4132
2019,240,3904
2020,240,11328
2008,241,54657
2009,241,21294
2010,241,43399
2011,241,37096
2012,241,26050
2013,241,19262
2014,241,12292
2015,241,30785
2016,241,30930
2017,241,32721
2018,241,33791
2019,241,29090
2020,241,26246
2008,242,232316
2009,242,206020
2010,242,191134
2011,242,229960
2012,242,181438
2013,242,188847
2014,242,204485
2015,242,191452
2016,242,197307
2017,242,200803
2018,242,251123
2019,242,365114
2020,242,676677
2008,243,
2009,243,
2010,243,
2011,243,
2012,243,
2013,243,
2014,243,
2015,243,
2016,243,
2017,243,
2018,243,
2019,243,
2020,243,
2008,244,96889
2009,244,75326
2010,244,34798
2011,244,40539
2012,244,21259
2013,244,64913
2014,244,88292
2015,244,129020
2016,244,99195
2017,244,154561
2018,244,
2019,244,
2020,244,
2008,245,
2009,245,
2010,245,
2011,245,22721
2012,245,18301
2013,245,58885
2014,245,16811
2015,245,2180
2016,245,84236
2017,245,37148
2018,245,56958
2019,245,73629
2020,245,87291
2008,246,7395542
2009,246,7335309
2010,246,5705241
2011,246,19734972
2012,246,21315760
2013,246,16513381
2014,246,25587360
2015,246,27083000
2016,246,
2017,246,
2018,246,
2019,246,
2020,246,
2008,247,
2009,247,
2010,247,
2011,247,
2012,247,
2013,247,
2014,247,
2015,247,
2016,247,
2017,247,
2018,247,
2019,247,
2020,247,
2008,248,
2009,248,
2010,248,
2011,248,
2012,248,
2013,248,
2014,248,
2015,248,
2016,248,
2017,248,
2018,248,
2019,248,
2020,248,
2008,249,72079
2009,249,114653
2010,249,101555
2011,249,59839
2012,249,34822
2013,249,31560
2014,249,60663
2015,249,131000
2016,249,100680
2017,249,132301
2018,249,150083
2019,249,113703
2020,249,137863
2008,250,
2009,250,
2010,250,
2011,250,
2012,250,
2013,250,
2014,250,
2015,250,
2016,250,
2017,250,47323
2018,250,51583
2019,250,53738
2020,250,35270
2008,251,
2009,251,
2010,251,
2011,251,
2012,251,
2013,251,
2014,251,
2015,251,
2016,251,
2017,251,
2018,251,
2019,251,
2020,251,
2008,252,
2009,252,
2010,252,
2011,252,
2012,252,
2013,252,
2014,252,
2015,252,
2016,252,
2017,252,
2018,252,
2019,252,
2020,252,
2008,253,
2009,253,
2010,253,
2011,253,
2012,253,
2013,253,7156
2014,253,3106
2015,253,19018
2016,253,118145
2017,253,109105
2018,253,116944
2019,253,144871
2020,253,186898
2008,254,23483
2009,254,27026
2010,254,21499
2011,254,26851
2012,254,23554
2013,254,14902
2014,254,23730
2015,254,33268
2016,254,42908
2017,254,77489
2018,254,67876
2019,254,34654
2020,254,122371
2008,255,5
2009,255,438
2010,255,1938
2011,255,45
2012,255,44
2013,255,1406
2014,255,4102
2015,255,1132
2016,255,1756
2017,255,1058
2018,255,2058
2019,255,2780
2020,255,2789
2008,256,
2009,256,
2010,256,
2011,256,
2012,256,
2013,256,
2014,256,
2015,256,
2016,256,
2017,256,
2018,256,
2019,256,
2020,256,
2008,257,
2009,257,
2010,257,
2011,257,
2012,257,
2013,257,38827
2014,257,41560
2015,257,68345
2016,257,53889
2017,257,77935
2018,257,78718
2019,257,114497
2020,257,203629
2008,258,
2009,258,
2010,258,
2011,258,
2012,258,
2013,258,
2014,258,
2015,258,
2016,258,3685
2017,258,21514
2018,258,17930
2019,258,11836
2020,258,18256
2008,259,
2009,259,
2010,259,
2011,259,
2012,259,
2013,259,
2014,259,
2015,259,
2016,259,
2017,259,
2018,259,
2019,259,
2020,259,
2008,260,
2009,260,
2010,260,
2011,260,
2012,260,
2013,260,
2014,260,
2015,260,
2016,260,
2017,260,
2018,260,
2019,260,
2020,260,
2008,261,
2009,261,
2010,261,
2011,261,
2012,261,
2013,261,
2014,261,
2015,261,
2016,261,
2017,261,
2018,261,
2019,261,
2020,261,
2008,262,
2009,262,
2010,262,
2011,262,
2012,262,
2013,262,94301
2014,262,119733
2015,262,174141
2016,262,232228
2017,262,263650
2018,262,325318
2019,262,474245
2020,262,325895
2008,263,306534
2009,263,293909
2010,263,243226
2011,263,176218
2012,263,202046
2013,263,198465
2014,263,111173
2015,263,115452
2016,263,122176
2017,263,75142
2018,263,101135
2019,263,
2020,263,
2008,264,
2009,264,
2010,264,
2011,264,
2012,264,
2013,264,1197963
2014,264,913918
2015,264,1286781
2016,264,455675
2017,264,326617
2018,264,655523
2019,264,485144
2020,264,432383
2008,265,
2009,265,
2010,265,
2011,265,
2012,265,125
2013,265,
2014,265,1699
2015,265,16552
2016,265,9512
2017,265,5883
2018,265,4890
2019,265,8383
2020,265,17249
2008,266,
2009,266,
2010,266,
2011,266,
2012,266,
2013,266,
2014,266,
2015,266,2675
2016,266,5726
2017,266,7005
2018,266,9740
2019,266,6870
2020,266,8689
2008,267,
2009,267,
2010,267,
2011,267,
2012,267,
2013,267,
2014,267,
2015,267,
2016,267,
2017,267,
2018,267,
2019,267,
2020,267,
2008,268,
2009,268,
2010,268,
2011,268,
2012,268,
2013,268,
2014,268,
2015,268,
2016,268,
2017,268,
2018,268,
2019,268,
2020,268,
2008,269,
2009,269,
2010,269,
2011,269,
2012,269,
2013,269,
2014,269,
2015,269,
2016,269,1000
2017,269,2950
2018,269,138595
2019,269,267356
2020,269,669146
2008,270,
2009,270,
2010,270,
2011,270,
2012,270,
2013,270,
2014,270,
2015,270,
2016,270,3051
2017,270,801
2018,270,64
2019,270,6107
2020,270,1104
2008,271,
2009,271,
2010,271,
2011,271,
2012,271,
2013,271,
2014,271,1546
2015,271,870
2016,271,3353
2017,271,12920
2018,271,9168
2019,271,9579
2020,271,4977
2008,272,
2009,272,
2010,272,
2011,272,
2012,272,
2013,272,
2014,272,0
2015,272,1
2016,272,
2017,272,1
2018,272,1
2019,272,0
2020,272,0
2008,273,
2009,273,
2010,273,
2011,273,
2012,273,
2013,273,
2014,273,
2015,273,
2016,273,3926
2017,273,2615
2018,273,2700
2019,273,2551
2020,273,9056
2008,274,
2009,274,
2010,274,
2011,274,
2012,274,
2013,274,
2014,274,42115
2015,274,45478
2016,274,113102
2017,274,27042
2018,274,82221
2019,274,42693
2020,274,48653
2008,275,
2009,275,
2010,275,
2011,275,
2012,275,
2013,275,1746
2014,275,1971
2015,275,3462
2016,275,6221
2017,275,9230
2018,275,5915
2019,275,
2020,275,
2008,276,
2009,276,
2010,276,
2011,276,
2012,276,
2013,276,
2014,276,
2015,276,
2016,276,
2017,276,
2018,276,
2019,276,
2020,276,
2008,277,
2009,277,
2010,277,
2011,277,
2012,277,
2013,277,12213
2014,277,9232
2015,277,18791
2016,277,25321
2017,277,19036
2018,277,8094
2019,277,22127
2020,277,
2008,278,
2009,278,
2010,278,
2011,278,
2012,278,
2013,278,
2014,278,183
2015,278,61
2016,278,167
2017,278,4996
2018,278,1247
2019,278,205
2020,278,
2008,279,
2009,279,
2010,279,
2011,279,
2012,279,
2013,279,
2014,279,
2015,279,171
2016,279,137
2017,279,5002
2018,279,1903
2019,279,4803
2020,279,4525
2008,280,
2009,280,
2010,280,
2011,280,
2012,280,
2013,280,
2014,280,
2015,280,
2016,280,
2017,280,
2018,280,
2019,280,
2020,280,
2008,281,
2009,281,
2010,281,
2011,281,
2012,281,
2013,281,
2014,281,
2015,281,
2016,281,
2017,281,
2018,281,
2019,281,
2020,281,
2008,282,
2009,282,
2010,282,
2011,282,
2012,282,
2013,282,
2014,282,
2015,282,
2016,282,
2017,282,
2018,282,
2019,282,
2020,282,
2008,283,
2009,283,
2010,283,
2011,283,
2012,283,
2013,283,
2014,283,
2015,283,
2016,283,
2017,283,
2018,283,
2019,283,
2020,283,
2008,284,
2009,284,
2010,284,
2011,284,
2012,284,
2013,284,
2014,284,
2015,284,
2016,284,
2017,284,
2018,284,
2019,284,
2020,284,
2008,285,
2009,285,
2010,285,
2011,285,
2012,285,
2013,285,
2014,285,
2015,285,
2016,285,
2017,285,
2018,285,
2019,285,
2020,285,
2008,286,
2009,286,
2010,286,
2011,286,
2012,286,
2013,286,
2014,286,
2015,286,
2016,286,
2017,286,
2018,286,
2019,286,
2020,286,
2008,287,
2009,287,
2010,287,
2011,287,
2012,287,
2013,287,
2014,287,
2015,287,
2016,287,
2017,287,
2018,287,
2019,287,
2020,287,
2008,288,
2009,288,
2010,288,
2011,288,
2012,288,
2013,288,
2014,288,
2015,288,
2016,288,516
2017,288,3888
2018,288,2989
2019,288,3449
2020,288,6227
2008,289,
2009,289,
2010,289,
2011,289,
2012,289,
2013,289,
2014,289,
2015,289,
2016,289,
2017,289,
2018,289,
2019,289,
2020,289,
2008,290,
2009,290,
2010,290,
2011,290,
2012,290,
2013,290,
2014,290,
2015,290,1191
2016,290,260
2017,290,2081
2018,290,1901
2019,290,2000
2020,290,6331
2008,291,
2009,291,
2010,291,
2011,291,
2012,291,
2013,291,
2014,291,
2015,291,
2016,291,
2017,291,
2018,291,
2019,291,
2020,291,
2008,292,
2009,292,
2010,292,
2011,292,
2012,292,
2013,292,
2014,292,9791
2015,292,2110
2016,292,6232
2017,292,14039
2018,292,19009
2019,292,20880
2020,292,43094
2008,293,
2009,293,
2010,293,
2011,293,
2012,293,27923
2013,293,1337002
2014,293,186686
2015,293,70508
2016,293,87176
2017,293,107033
2018,293,108435
2019,293,144303
2020,293,124666
2008,294,
2009,294,
2010,294,
2011,294,
2012,294,
2013,294,
2014,294,
2015,294,
2016,294,
2017,294,
2018,294,
2019,294,
2020,294,
2008,295,
2009,295,
2010,295,
2011,295,
2012,295,
2013,295,
2014,295,
2015,295,
2016,295,
2017,295,
2018,295,
2019,295,
2020,295,
2008,296,
2009,296,
2010,296,
2011,296,
2012,296,
2013,296,
2014,296,
2015,296,451
2016,296,1198
2017,296,1569
2018,296,9919
2019,296,8312
2020,296,9504
2008,297,
2009,297,
2010,297,
2011,297,
2012,297,
2013,297,
2014,297,
2015,297,10
2016,297,52
2017,297,6
2018,297,3
2019,297,2
2020,297,1125
2008,298,
2009,298,
2010,298,
2011,298,
2012,298,
2013,298,
2014,298,
2015,298,80288
2016,298,79733
2017,298,79893
2018,298,76285
2019,298,56562
2020,298,40489
2008,299,
2009,299,
2010,299,
2011,299,
2012,299,
2013,299,
2014,299,
2015,299,327
2016,299,1459
2017,299,2213
2018,299,5919
2019,299,8434
2020,299,
2008,300,
2009,300,
2010,300,
2011,300,
2012,300,
2013,300,
2014,300,
2015,300,
2016,300,
2017,300,
2018,300,
2019,300,
2020,300,
2008,301,
2009,301,
2010,301,
2011,301,
2012,301,
2013,301,
2014,301,
2015,301,
2016,301,
2017,301,
2018,301,
2019,301,
2020,301,
2008,302,
2009,302,
2010,302,
2011,302,
2012,302,
2013,302,
2014,302,
2015,302,1869
2016,302,1632
2017,302,2636
2018,302,7079
2019,302,5024
2020,302,14109
2008,303,
2009,303,
2010,303,
2011,303,
2012,303,
2013,303,
2014,303,
2015,303,
2016,303,
2017,303,
2018,303,
2019,303,
2020,303,
2008,304,
2009,304,
2010,304,
2011,304,
2012,304,
2013,304,
2014,304,
2015,304,
2016,304,
2017,304,
2018,304,
2019,304,
2020,304,
2008,305,
2009,305,
2010,305,
2011,305,
2012,305,
2013,305,
2014,305,
2015,305,
2016,305,
2017,305,
2018,305,
2019,305,
2020,305,
2008,306,
2009,306,
2010,306,
2011,306,
2012,306,
2013,306,
2014,306,
2015,306,
2016,306,
2017,306,
2018,306,
2019,306,
2020,306,
2008,307,
2009,307,
2010,307,
2011,307,
2012,307,
2013,307,
2014,307,
2015,307,
2016,307,
2017,307,
2018,307,
2019,307,
2020,307,
2008,308,
2009,308,
2010,308,
2011,308,
2012,308,
2013,308,
2014,308,
2015,308,
2016,308,1129
2017,308,1138
2018,308,8416
2019,308,7985
2020,308,9072
2008,309,
2009,309,
2010,309,
2011,309,
2012,309,
2013,309,
2014,309,
2015,309,
2016,309,
2017,309,
2018,309,
2019,309,
2020,309,
2008,310,
2009,310,
2010,310,
2011,310,
2012,310,
2013,310,
2014,310,
2015,310,
2016,310,
2017,310,
2018,310,
2019,310,
2020,310,
2008,311,
2009,311,
2010,311,
2011,311,
2012,311,
2013,311,
2014,311,
2015,311,
2016,311,
2017,311,
2018,311,
2019,311,
2020,311,
2008,312,
2009,312,
2010,312,
2011,312,
2012,312,
2013,312,
2014,312,
2015,312,
2016,312,
2017,312,
2018,312,
2019,312,
2020,312,
2008,313,
2009,313,
2010,313,
2011,313,
2012,313,
2013,313,
2014,313,
2015,313,
2016,313,
2017,313,
2018,313,
2019,313,
2020,313,
2008,314,
2009,314,
2010,314,
2011,314,
2012,314,
2013,314,
2014,314,
2015,314,
2016,314,
2017,314,
2018,314,
2019,314,
2020,314,
2008,315,
2009,315,
2010,315,
2011,315,
2012,315,
2013,315,
2014,315,
2015,315,
2016,315,
2017,315,
2018,315,
2019,315,
2020,315,
2008,316,
2009,316,
2010,316,
2011,316,
2012,316,
2013,316,
2014,316,
2015,316,
2016,316,
2017,316,
2018,316,
2019,316,
2020,316,
2008,317,
2009,317,
2010,317,
2011,317,
2012,317,
2013,317,
2014,317,
2015,317,
2016,317,
2017,317,
2018,317,
2019,317,
2020,317,
2008,318,
2009,318,
2010,318,
2011,318,
2012,318,
2013,318,
2014,318,
2015,318,
2016,318,
2017,318,
2018,318,
2019,318,
2020,318,
2008,319,
2009,319,
2010,319,
2011,319,
2012,319,
2013,319,
2014,319,
2015,319,
2016,319,
2017,319,
2018,319,
2019,319,
2020,319,
2008,320,
2009,320,
2010,320,
2011,320,
2012,320,
2013,320,
2014,320,
2015,320,
2016,320,1137
2017,320,1820
2018,320,1716
2019,320,1000
2020,320,886
2008,321,
2009,321,
2010,321,
2011,321,
2012,321,
2013,321,
2014,321,
2015,321,
2016,321,
2017,321,
2018,321,
2019,321,
2020,321,
2008,322,
2009,322,
2010,322,
2011,322,
2012,322,
2013,322,
2014,322,
2015,322,
2016,322,
2017,322,
2018,322,
2019,322,
2020,322,
2008,323,
2009,323,
2010,323,
2011,323,
2012,323,
2013,323,
2014,323,
2015,323,
2016,323,
2017,323,
2018,323,
2019,323,
2020,323,
2008,324,
2009,324,
2010,324,
2011,324,
2012,324,
2013,324,
2014,324,
2015,324,
2016,324,
2017,324,
2018,324,
2019,324,
2020,324,
2008,325,
2009,325,
2010,325,
2011,325,
2012,325,
2013,325,
2014,325,
2015,325,
2016,325,
2017,325,
2018,325,
2019,325,
2020,325,
