Date,Id,ppe gross
2008,1,
2009,1,
2010,1,
2011,1,
2012,1,
2013,1,
2014,1,
2015,1,
2016,1,
2017,1,
2018,1,
2019,1,
2020,1,
2008,2,6097
2009,2,
2010,2,
2011,2,64764
2012,2,114769
2013,2,124058
2014,2,161610
2015,2,
2016,2,
2017,2,
2018,2,
2019,2,
2020,2,
2008,3,
2009,3,
2010,3,
2011,3,
2012,3,
2013,3,
2014,3,13364
2015,3,
2016,3,27864
2017,3,17502
2018,3,
2019,3,
2020,3,
2008,4,
2009,4,
2010,4,
2011,4,
2012,4,
2013,4,314
2014,4,
2015,4,
2016,4,
2017,4,
2018,4,
2019,4,
2020,4,
2008,5,
2009,5,
2010,5,
2011,5,
2012,5,
2013,5,
2014,5,49803
2015,5,43881
2016,5,46240
2017,5,33134
2018,5,32576
2019,5,32630
2020,5,
2008,6,
2009,6,
2010,6,
2011,6,
2012,6,
2013,6,
2014,6,
2015,6,
2016,6,
2017,6,23
2018,6,
2019,6,
2020,6,
2008,7,
2009,7,
2010,7,
2011,7,
2012,7,
2013,7,
2014,7,
2015,7,
2016,7,
2017,7,
2018,7,
2019,7,
2020,7,
2008,8,737369
2009,8,732633
2010,8,804177
2011,8,935666
2012,8,1061882
2013,8,1140275
2014,8,1254291
2015,8,1370777
2016,8,1602479
2017,8,1872948
2018,8,2090713
2019,8,2468757
2020,8,2512842
2008,9,1088118
2009,9,1097800
2010,9,1136606
2011,9,1175192
2012,9,1241887
2013,9,1245139
2014,9,1292327
2015,9,1334395
2016,9,1356804
2017,9,1351075
2018,9,1358913
2019,9,1418052
2020,9,1444976
2008,10,250354
2009,10,250415
2010,10,
2011,10,
2012,10,321015
2013,10,1145352
2014,10,1193604
2015,10,1232716
2016,10,1253298
2017,10,1246627
2018,10,1269516
2019,10,1312457
2020,10,1327947
2008,11,45729
2009,11,53287
2010,11,81683
2011,11,87245
2012,11,93167
2013,11,105921
2014,11,113274
2015,11,120206
2016,11,120682
2017,11,
2018,11,
2019,11,
2020,11,
2008,12,489525
2009,12,478506
2010,12,444891
2011,12,445329
2012,12,446395
2013,12,295016
2014,12,295428
2015,12,297395
2016,12,
2017,12,177187
2018,12,180149
2019,12,187745
2020,12,186623
2008,13,752190
2009,13,778725
2010,13,795613
2011,13,862738
2012,13,1470888
2013,13,256740
2014,13,878795
2015,13,1293767
2016,13,907418
2017,13,930887
2018,13,1146328
2019,13,1287763
2020,13,1274901
2008,14,
2009,14,
2010,14,
2011,14,
2012,14,
2013,14,
2014,14,
2015,14,
2016,14,
2017,14,
2018,14,
2019,14,
2020,14,
2008,15,
2009,15,
2010,15,
2011,15,
2012,15,
2013,15,
2014,15,
2015,15,
2016,15,
2017,15,
2018,15,
2019,15,
2020,15,
2008,16,
2009,16,
2010,16,
2011,16,
2012,16,
2013,16,
2014,16,
2015,16,
2016,16,
2017,16,
2018,16,
2019,16,
2020,16,
2008,17,
2009,17,
2010,17,
2011,17,
2012,17,
2013,17,1912970
2014,17,2066541
2015,17,2212720
2016,17,2367435
2017,17,2518499
2018,17,2795049
2019,17,3187711
2020,17,3547970
2008,18,
2009,18,
2010,18,
2011,18,
2012,18,
2013,18,
2014,18,
2015,18,
2016,18,
2017,18,
2018,18,
2019,18,
2020,18,
2008,19,392621
2009,19,544276
2010,19,610100
2011,19,619800
2012,19,738900
2013,19,757200
2014,19,846900
2015,19,867500
2016,19,957500
2017,19,788400
2018,19,840200
2019,19,1044100
2020,19,1053700
2008,20,
2009,20,
2010,20,
2011,20,
2012,20,
2013,20,
2014,20,
2015,20,
2016,20,
2017,20,
2018,20,34028
2019,20,47062
2020,20,49297
2008,21,
2009,21,
2010,21,
2011,21,
2012,21,422591
2013,21,419465
2014,21,438393
2015,21,452513
2016,21,528283
2017,21,525968
2018,21,542026
2019,21,616383
2020,21,
2008,22,
2009,22,
2010,22,
2011,22,
2012,22,
2013,22,
2014,22,
2015,22,
2016,22,
2017,22,88552
2018,22,94249
2019,22,111369
2020,22,114025
2008,23,66784
2009,23,70731
2010,23,61021
2011,23,59927
2012,23,62970
2013,23,62199
2014,23,67461
2015,23,70676
2016,23,73164
2017,23,73820
2018,23,75123
2019,23,68825
2020,23,
2008,24,811935
2009,24,869446
2010,24,929087
2011,24,1000777
2012,24,1074137
2013,24,1155067
2014,24,1260202
2015,24,1192380
2016,24,1266135
2017,24,1349304
2018,24,1435521
2019,24,1581040
2020,24,1686366
2008,25,
2009,25,
2010,25,
2011,25,
2012,25,
2013,25,
2014,25,
2015,25,
2016,25,
2017,25,
2018,25,
2019,25,
2020,25,
2008,26,412799
2009,26,510954
2010,26,504848
2011,26,414397
2012,26,454643
2013,26,446060
2014,26,478345
2015,26,493981
2016,26,488688
2017,26,441453
2018,26,409262
2019,26,325786
2020,26,255828
2008,27,
2009,27,95572
2010,27,90218
2011,27,92221
2012,27,91625
2013,27,90358
2014,27,89851
2015,27,
2016,27,
2017,27,
2018,27,
2019,27,
2020,27,
2008,28,1576507
2009,28,1653828
2010,28,1714029
2011,28,1681949
2012,28,1794301
2013,28,1702115
2014,28,1791980
2015,28,1789047
2016,28,3066971
2017,28,2434315
2018,28,2509634
2019,28,2627476
2020,28,
2008,29,84857
2009,29,75594
2010,29,69896
2011,29,71655
2012,29,71786
2013,29,73430
2014,29,76346
2015,29,76609
2016,29,73624
2017,29,71500
2018,29,
2019,29,
2020,29,
2008,30,453196
2009,30,517383
2010,30,559374
2011,30,609744
2012,30,643582
2013,30,704450
2014,30,767514
2015,30,804055
2016,30,802676
2017,30,829043
2018,30,828193
2019,30,577651
2020,30,483014
2008,31,
2009,31,454
2010,31,334
2011,31,274
2012,31,
2013,31,
2014,31,
2015,31,
2016,31,
2017,31,
2018,31,
2019,31,
2020,31,
2008,32,59241
2009,32,59444
2010,32,60869
2011,32,60377
2012,32,60722
2013,32,61417
2014,32,61451
2015,32,
2016,32,
2017,32,
2018,32,
2019,32,35535
2020,32,35786
2008,33,498992
2009,33,501643
2010,33,470901
2011,33,416295
2012,33,404764
2013,33,398978
2014,33,
2015,33,
2016,33,
2017,33,
2018,33,
2019,33,
2020,33,
2008,34,10120049
2009,34,10243836
2010,34,11325632
2011,34,11523702
2012,34,11297197
2013,34,11223408
2014,34,12030114
2015,34,12280732
2016,34,
2017,34,
2018,34,
2019,34,
2020,34,
2008,35,1720721
2009,35,1798918
2010,35,1857078
2011,35,1821108
2012,35,1932420
2013,35,1839205
2014,35,1931225
2015,35,1927838
2016,35,2822948
2017,35,2195138
2018,35,2268334
2019,35,2393148
2020,35,1874814
2008,36,6650232
2009,36,6956723
2010,36,7316476
2011,36,7388004
2012,36,7405135
2013,36,7257676
2014,36,7069668
2015,36,7828354
2016,36,8147302
2017,36,8170583
2018,36,8264526
2019,36,8710165
2020,36,8435534
2008,37,10357533
2009,37,10828850
2010,37,11575824
2011,37,11765207
2012,37,11543635
2013,37,11478961
2014,37,12290189
2015,37,332364
2016,37,341865
2017,37,342676
2018,37,406225
2019,37,436126
2020,37,355463
2008,38,665892
2009,38,853178
2010,38,460409
2011,38,596555
2012,38,580692
2013,38,507987
2014,38,1245963
2015,38,1441368
2016,38,1745150
2017,38,1634736
2018,38,1359696
2019,38,1429549
2020,38,1761962
2008,39,271614
2009,39,351860
2010,39,369866
2011,39,425182
2012,39,415335
2013,39,384323
2014,39,309714
2015,39,342595
2016,39,342582
2017,39,343109
2018,39,444501
2019,39,673020
2020,39,840334
2008,40,298213
2009,40,304210
2010,40,1098241
2011,40,1295786
2012,40,1307248
2013,40,1345633
2014,40,1317048
2015,40,1396495
2016,40,1420061
2017,40,1542244
2018,40,1625110
2019,40,1964844
2020,40,2087819
2008,41,30435
2009,41,42231
2010,41,38558
2011,41,55221
2012,41,55102
2013,41,71413
2014,41,73808
2015,41,
2016,41,
2017,41,
2018,41,
2019,41,126276
2020,41,141244
2008,42,111371000
2009,42,132945000
2010,42,161419000
2011,42,166648000
2012,42,173382000
2013,42,173144000
2014,42,163743000
2015,42,166016000
2016,42,173092000
2017,42,173745000
2018,42,178315000
2019,42,184301000
2020,42,184654000
2008,43,10580000
2009,43,12283400
2010,43,13216300
2011,43,14321900
2012,43,15358600
2013,43,16459700
2014,43,17512800
2015,43,19239800
2016,43,19936000
2017,43,20728600
2018,43,21670800
2019,43,22741200
2020,43,23993400
2008,44,
2009,44,72871
2010,44,81511
2011,44,95512
2012,44,96936
2013,44,94298
2014,44,87312
2015,44,
2016,44,
2017,44,
2018,44,
2019,44,
2020,44,
2008,45,
2009,45,
2010,45,
2011,45,
2012,45,
2013,45,
2014,45,
2015,45,
2016,45,
2017,45,
2018,45,
2019,45,
2020,45,
2008,46,
2009,46,3192647
2010,46,
2011,46,2021364
2012,46,2066439
2013,46,
2014,46,
2015,46,3854774
2016,46,4108568
2017,46,4299114
2018,46,4539248
2019,46,5076325
2020,46,5448610
2008,47,5539000
2009,47,6556000
2010,47,7540000
2011,47,7658000
2012,47,9737000
2013,47,5930000
2014,47,5625000
2015,47,
2016,47,
2017,47,
2018,47,
2019,47,
2020,47,
2008,48,10156000
2009,48,10995000
2010,48,12777000
2011,48,14992000
2012,48,16178000
2013,48,17598000
2014,48,19693000
2015,48,22635000
2016,48,
2017,48,
2018,48,
2019,48,
2020,48,
2008,49,
2009,49,
2010,49,2010
2011,49,3654
2012,49,4873
2013,49,
2014,49,
2015,49,
2016,49,
2017,49,
2018,49,26920
2019,49,27043
2020,49,
2008,50,
2009,50,
2010,50,
2011,50,
2012,50,71890
2013,50,73439
2014,50,76036
2015,50,86934
2016,50,91771
2017,50,
2018,50,
2019,50,
2020,50,
2008,51,
2009,51,
2010,51,
2011,51,
2012,51,
2013,51,
2014,51,
2015,51,
2016,51,
2017,51,
2018,51,
2019,51,
2020,51,
2008,52,
2009,52,
2010,52,
2011,52,
2012,52,
2013,52,
2014,52,15271
2015,52,17262
2016,52,23349
2017,52,20217
2018,52,29050
2019,52,38319
2020,52,
2008,53,193518
2009,53,204315
2010,53,190143
2011,53,185922
2012,53,179013
2013,53,171369
2014,53,167900
2015,53,174411
2016,53,189303
2017,53,187286
2018,53,183738
2019,53,210600
2020,53,216832
2008,54,46150
2009,54,54677
2010,54,59388
2011,54,63772
2012,54,39790
2013,54,41189
2014,54,48138
2015,54,56636
2016,54,63637
2017,54,65382
2018,54,89852
2019,54,116091
2020,54,125664
2008,55,120797
2009,55,125753
2010,55,127110
2011,55,128170
2012,55,135396
2013,55,139983
2014,55,150033
2015,55,169630
2016,55,178279
2017,55,179461
2018,55,198899
2019,55,228431
2020,55,235455
2008,56,68013
2009,56,60397
2010,56,61601
2011,56,24473
2012,56,
2013,56,
2014,56,
2015,56,
2016,56,
2017,56,
2018,56,
2019,56,
2020,56,
2008,57,
2009,57,34369
2010,57,52237
2011,57,69076
2012,57,75015
2013,57,79154
2014,57,86413
2015,57,97423
2016,57,100524
2017,57,112313
2018,57,140536
2019,57,
2020,57,
2008,58,1020000
2009,58,1152000
2010,58,1300000
2011,58,2040000
2012,58,2193000
2013,58,2297000
2014,58,2371000
2015,58,2596000
2016,58,2833000
2017,58,2951000
2018,58,4023000
2019,58,4544000
2020,58,4594000
2008,59,32590
2009,59,
2010,59,36440
2011,59,
2012,59,
2013,59,
2014,59,
2015,59,
2016,59,
2017,59,
2018,59,
2019,59,
2020,59,
2008,60,185126
2009,60,185456
2010,60,195022
2011,60,200776
2012,60,207650
2013,60,206396
2014,60,211060
2015,60,213566
2016,60,214513
2017,60,203464
2018,60,202176
2019,60,200832
2020,60,172108
2008,61,90821
2009,61,93931
2010,61,96812
2011,61,105416
2012,61,108653
2013,61,111230
2014,61,114377
2015,61,117010
2016,61,109887
2017,61,111431
2018,61,113929
2019,61,127503
2020,61,129179
2008,62,
2009,62,
2010,62,
2011,62,77038
2012,62,73159
2013,62,66249
2014,62,61944
2015,62,
2016,62,
2017,62,
2018,62,
2019,62,
2020,62,
2008,63,202993
2009,63,209374
2010,63,215758
2011,63,213318
2012,63,218831
2013,63,224454
2014,63,235566
2015,63,262076
2016,63,288296
2017,63,267367
2018,63,399815
2019,63,425757
2020,63,
2008,64,67729000
2009,64,69587000
2010,64,72731000
2011,64,73807000
2012,64,74837000
2013,64,72995000
2014,64,74675000
2015,64,76366000
2016,64,80672000
2017,64,80311000
2018,64,81256000
2019,64,85394000
2020,64,84675000
2008,65,60447
2009,65,58149
2010,65,55817
2011,65,101900
2012,65,102490
2013,65,121920
2014,65,126797
2015,65,130296
2016,65,140402
2017,65,144637
2018,65,
2019,65,
2020,65,
2008,66,
2009,66,
2010,66,
2011,66,375565
2012,66,417592
2013,66,433767
2014,66,450483
2015,66,476119
2016,66,524035
2017,66,564355
2018,66,606647
2019,66,730368
2020,66,761420
2008,67,
2009,67,
2010,67,104015
2011,67,103199
2012,67,
2013,67,52952
2014,67,
2015,67,52072
2016,67,
2017,67,
2018,67,
2019,67,
2020,67,
2008,68,
2009,68,
2010,68,8942
2011,68,9291
2012,68,8054
2013,68,4990
2014,68,
2015,68,
2016,68,
2017,68,
2018,68,
2019,68,
2020,68,
2008,69,1273600
2009,69,1632300
2010,69,1795900
2011,69,1910200
2012,69,2305900
2013,69,2201000
2014,69,2373800
2015,69,2792500
2016,69,3196500
2017,69,3179400
2018,69,
2019,69,
2020,69,
2008,70,20058
2009,70,21138
2010,70,22968
2011,70,24250
2012,70,27221
2013,70,27929
2014,70,29482
2015,70,30143
2016,70,31289
2017,70,31960
2018,70,32494
2019,70,35573
2020,70,37613
2008,71,15070
2009,71,16474
2010,71,17325
2011,71,17899
2012,71,17958
2013,71,18576
2014,71,22527
2015,71,25726
2016,71,26310
2017,71,29113
2018,71,32391
2019,71,44842
2020,71,44258
2008,72,188245
2009,72,198665
2010,72,202315
2011,72,223837
2012,72,235396
2013,72,243972
2014,72,329110
2015,72,336713
2016,72,347086
2017,72,
2018,72,
2019,72,
2020,72,
2008,73,137259
2009,73,138770
2010,73,139986
2011,73,144475
2012,73,145813
2013,73,147217
2014,73,146097
2015,73,147020
2016,73,176911
2017,73,
2018,73,
2019,73,
2020,73,
2008,74,
2009,74,
2010,74,
2011,74,
2012,74,
2013,74,
2014,74,
2015,74,
2016,74,
2017,74,
2018,74,
2019,74,
2020,74,
2008,75,
2009,75,
2010,75,
2011,75,
2012,75,
2013,75,
2014,75,
2015,75,
2016,75,
2017,75,
2018,75,
2019,75,
2020,75,
2008,76,13793000
2009,76,17169000
2010,76,18197000
2011,76,19476000
2012,76,20439000
2013,76,21273000
2014,76,22326000
2015,76,22860000
2016,76,23211000
2017,76,24271000
2018,76,25006000
2019,76,25968000
2020,76,27069000
2008,77,2187221
2009,77,
2010,77,
2011,77,4203266
2012,77,4253537
2013,77,4833264
2014,77,4989100
2015,77,5025900
2016,77,5856813
2017,77,6016170
2018,77,6277399
2019,77,6711740
2020,77,7314751
2008,78,3836161
2009,78,2582730
2010,78,2755943
2011,78,2902428
2012,78,3111258
2013,78,3550425
2014,78,3629892
2015,78,3713000
2016,78,3833300
2017,78,3986700
2018,78,4102200
2019,78,4397800
2020,78,4475400
2008,79,252818
2009,79,375941
2010,79,159759
2011,79,166261
2012,79,170459
2013,79,172179
2014,79,172061
2015,79,173651
2016,79,213579
2017,79,215277
2018,79,316528
2019,79,334947
2020,79,361814
2008,80,484548
2009,80,508546
2010,80,533240
2011,80,79906
2012,80,59542
2013,80,61047
2014,80,59429
2015,80,60266
2016,80,59069
2017,80,64113
2018,80,66631
2019,80,73243
2020,80,75083
2008,81,10263000
2009,81,10965000
2010,81,10661000
2011,81,8504000
2012,81,8761000
2013,81,8979000
2014,81,
2015,81,9130000
2016,81,9337000
2017,81,9221000
2018,81,
2019,81,
2020,81,
2008,82,
2009,82,
2010,82,
2011,82,
2012,82,23976
2013,82,25503
2014,82,32185
2015,82,
2016,82,
2017,82,
2018,82,
2019,82,
2020,82,
2008,83,323782
2009,83,356860
2010,83,379170
2011,83,419051
2012,83,442198
2013,83,455127
2014,83,378152
2015,83,393755
2016,83,434321
2017,83,487787
2018,83,559602
2019,83,585495
2020,83,604158
2008,84,2921874
2009,84,3380086
2010,84,3802086
2011,84,3688235
2012,84,3826294
2013,84,3822815
2014,84,1796469
2015,84,1855868
2016,84,1816519
2017,84,1915565
2018,84,2187804
2019,84,2651844
2020,84,2664237
2008,85,761477
2009,85,779110
2010,85,738261
2011,85,759722
2012,85,774400
2013,85,713492
2014,85,676905
2015,85,674987
2016,85,813242
2017,85,826418
2018,85,901573
2019,85,897311
2020,85,919850
2008,86,2921874
2009,86,3380086
2010,86,3802086
2011,86,3688235
2012,86,3826294
2013,86,3822815
2014,86,1796469
2015,86,1855868
2016,86,1816519
2017,86,1915565
2018,86,2187804
2019,86,2651844
2020,86,2664237
2008,87,19487
2009,87,20263
2010,87,20522
2011,87,19892
2012,87,19539
2013,87,
2014,87,
2015,87,
2016,87,
2017,87,
2018,87,
2019,87,
2020,87,
2008,88,
2009,88,283
2010,88,
2011,88,
2012,88,84
2013,88,2577
2014,88,
2015,88,
2016,88,
2017,88,
2018,88,
2019,88,
2020,88,
2008,89,14698
2009,89,29933
2010,89,26626
2011,89,17590
2012,89,
2013,89,16907
2014,89,17447
2015,89,16048
2016,89,
2017,89,
2018,89,
2019,89,
2020,89,
2008,90,6573
2009,90,7204
2010,90,13478
2011,90,27868
2012,90,43375
2013,90,56093
2014,90,66296
2015,90,205697
2016,90,252721
2017,90,310180
2018,90,
2019,90,
2020,90,
2008,91,
2009,91,
2010,91,
2011,91,
2012,91,
2013,91,
2014,91,
2015,91,
2016,91,
2017,91,
2018,91,
2019,91,
2020,91,
2008,92,
2009,92,
2010,92,
2011,92,
2012,92,
2013,92,
2014,92,
2015,92,
2016,92,
2017,92,
2018,92,1661
2019,92,1539
2020,92,
2008,93,
2009,93,
2010,93,
2011,93,
2012,93,
2013,93,
2014,93,
2015,93,
2016,93,
2017,93,
2018,93,
2019,93,
2020,93,
2008,94,
2009,94,
2010,94,
2011,94,
2012,94,
2013,94,
2014,94,
2015,94,
2016,94,
2017,94,
2018,94,
2019,94,
2020,94,
2008,95,157413
2009,95,175703
2010,95,221366
2011,95,230779
2012,95,254887
2013,95,263778
2014,95,286159
2015,95,315117
2016,95,353271
2017,95,403821
2018,95,515734
2019,95,1062778
2020,95,1153443
2008,96,321772
2009,96,293290
2010,96,299203
2011,96,307006
2012,96,294150
2013,96,292194
2014,96,
2015,96,
2016,96,
2017,96,
2018,96,
2019,96,
2020,96,
2008,97,88602
2009,97,97381
2010,97,90187
2011,97,64346
2012,97,54667
2013,97,49905
2014,97,
2015,97,
2016,97,
2017,97,
2018,97,41616
2019,97,137883
2020,97,142333
2008,98,122703
2009,98,138448
2010,98,164967
2011,98,181781
2012,98,191237
2013,98,193890
2014,98,213330
2015,98,227356
2016,98,258776
2017,98,268044
2018,98,281655
2019,98,330774
2020,98,347882
2008,99,26088
2009,99,25132
2010,99,30868
2011,99,34892
2012,99,37292
2013,99,39987
2014,99,47055
2015,99,53818
2016,99,52469
2017,99,57331
2018,99,
2019,99,
2020,99,
2008,100,490378
2009,100,510713
2010,100,539521
2011,100,666574
2012,100,444126
2013,100,475371
2014,100,530856
2015,100,542451
2016,100,571358
2017,100,610842
2018,100,654040
2019,100,777056
2020,100,804259
2008,101,4822
2009,101,
2010,101,
2011,101,2595
2012,101,4881
2013,101,5242
2014,101,5253
2015,101,
2016,101,
2017,101,
2018,101,
2019,101,
2020,101,
2008,102,215590
2009,102,222196
2010,102,246623
2011,102,253849
2012,102,259968
2013,102,254172
2014,102,266454
2015,102,273039
2016,102,285438
2017,102,294796
2018,102,307200
2019,102,333871
2020,102,326147
2008,103,81357
2009,103,83078
2010,103,86974
2011,103,69989
2012,103,69797
2013,103,72747
2014,103,77119
2015,103,
2016,103,
2017,103,
2018,103,103245
2019,103,
2020,103,
2008,104,13817
2009,104,16306
2010,104,17665
2011,104,19558
2012,104,21252
2013,104,22506
2014,104,24180
2015,104,24720
2016,104,26230
2017,104,28303
2018,104,27907
2019,104,32075
2020,104,99083
2008,105,14848
2009,105,15811
2010,105,16405
2011,105,17164
2012,105,17383
2013,105,17197
2014,105,
2015,105,
2016,105,
2017,105,
2018,105,
2019,105,
2020,105,
2008,106,110713
2009,106,116444
2010,106,119018
2011,106,187284
2012,106,192816
2013,106,197201
2014,106,207262
2015,106,220737
2016,106,230809
2017,106,275281
2018,106,282327
2019,106,324718
2020,106,331097
2008,107,283349
2009,107,329276
2010,107,290842
2011,107,277827
2012,107,273018
2013,107,272132
2014,107,122480
2015,107,119982
2016,107,118798
2017,107,118515
2018,107,118408
2019,107,135411
2020,107,141171
2008,108,
2009,108,
2010,108,
2011,108,
2012,108,
2013,108,
2014,108,
2015,108,108731
2016,108,197815
2017,108,210806
2018,108,236077
2019,108,337762
2020,108,338792
2008,109,
2009,109,1259
2010,109,1719
2011,109,2506
2012,109,3805
2013,109,7343
2014,109,11071
2015,109,13988
2016,109,
2017,109,
2018,109,
2019,109,
2020,109,
2008,110,
2009,110,
2010,110,15584
2011,110,1511
2012,110,
2013,110,
2014,110,
2015,110,
2016,110,
2017,110,
2018,110,
2019,110,
2020,110,
2008,111,47683
2009,111,45782
2010,111,6595
2011,111,6803
2012,111,6783
2013,111,17063
2014,111,12605
2015,111,10024
2016,111,20568
2017,111,386
2018,111,393
2019,111,3228
2020,111,463
2008,112,147867
2009,112,88639
2010,112,91906
2011,112,110259
2012,112,114800
2013,112,119568
2014,112,135408
2015,112,193991
2016,112,220210
2017,112,236218
2018,112,251834
2019,112,493126
2020,112,
2008,113,127599
2009,113,130556
2010,113,134204
2011,113,151212
2012,113,154921
2013,113,156196
2014,113,163615
2015,113,178770
2016,113,196959
2017,113,206409
2018,113,232937
2019,113,284048
2020,113,279083
2008,114,10366
2009,114,10171
2010,114,10280
2011,114,10199
2012,114,9928
2013,114,10127
2014,114,12868
2015,114,15067
2016,114,19481
2017,114,20756
2018,114,21479
2019,114,
2020,114,
2008,115,71559
2009,115,70939
2010,115,71718
2011,115,72498
2012,115,79461
2013,115,80383
2014,115,88282
2015,115,91239
2016,115,
2017,115,
2018,115,
2019,115,
2020,115,
2008,116,211434
2009,116,211563
2010,116,225112
2011,116,237158
2012,116,248086
2013,116,251059
2014,116,260096
2015,116,266962
2016,116,278079
2017,116,287084
2018,116,293467
2019,116,328297
2020,116,337230
2008,117,15818
2009,117,24370
2010,117,27036
2011,117,50189
2012,117,53393
2013,117,58811
2014,117,66725
2015,117,103501
2016,117,86813
2017,117,88384
2018,117,91968
2019,117,113699
2020,117,131847
2008,118,375361
2009,118,400106
2010,118,424369
2011,118,420305
2012,118,439269
2013,118,443250
2014,118,404396
2015,118,388721
2016,118,378753
2017,118,373746
2018,118,401904
2019,118,413739
2020,118,415415
2008,119,175613
2009,119,231595
2010,119,241868
2011,119,242608
2012,119,271086
2013,119,347923
2014,119,440667
2015,119,603287
2016,119,665500
2017,119,719483
2018,119,799476
2019,119,1021485
2020,119,1062194
2008,120,
2009,120,
2010,120,
2011,120,1475663
2012,120,1544453
2013,120,2007205
2014,120,2129148
2015,120,2201823
2016,120,2373626
2017,120,2414030
2018,120,2523333
2019,120,2852708
2020,120,2991880
2008,121,
2009,121,
2010,121,
2011,121,
2012,121,
2013,121,12609000
2014,121,14141700
2015,121,15317151
2016,121,16148232
2017,121,15771774
2018,121,15759656
2019,121,16356604
2020,121,16007355
2008,122,1011304
2009,122,1118153
2010,122,1201282
2011,122,1255772
2012,122,1502221
2013,122,1640913
2014,122,1754346
2015,122,1971756
2016,122,2041449
2017,122,2143733
2018,122,2170735
2019,122,2219429
2020,122,2399472
2008,123,
2009,123,
2010,123,
2011,123,
2012,123,
2013,123,
2014,123,4939
2015,123,5669
2016,123,6034
2017,123,12563
2018,123,49385
2019,123,52008
2020,123,
2008,124,
2009,124,
2010,124,
2011,124,
2012,124,
2013,124,
2014,124,
2015,124,
2016,124,
2017,124,
2018,124,
2019,124,
2020,124,
2008,125,
2009,125,
2010,125,
2011,125,
2012,125,
2013,125,
2014,125,
2015,125,200465
2016,125,224253
2017,125,243475
2018,125,265723
2019,125,320019
2020,125,320960
2008,126,1360058
2009,126,1387322
2010,126,1414060
2011,126,1438756
2012,126,1462076
2013,126,1382489
2014,126,3338
2015,126,15847
2016,126,15806
2017,126,16138
2018,126,16640
2019,126,17838
2020,126,7123
2008,127,395965
2009,127,448768
2010,127,17342
2011,127,17517
2012,127,17881
2013,127,17781
2014,127,17085
2015,127,17075
2016,127,16972
2017,127,17093
2018,127,17405
2019,127,17647
2020,127,17997
2008,128,6120329
2009,128,133579
2010,128,136368
2011,128,142140
2012,128,162672
2013,128,155836
2014,128,158903
2015,128,163138
2016,128,154966
2017,128,156433
2018,128,156974
2019,128,
2020,128,
2008,129,369581
2009,129,394021
2010,129,190323
2011,129,198546
2012,129,217482
2013,129,104348
2014,129,108921
2015,129,118864
2016,129,130577
2017,129,144291
2018,129,
2019,129,
2020,129,
2008,130,97155
2009,130,99993
2010,130,98653
2011,130,93886
2012,130,
2013,130,88877
2014,130,87543
2015,130,87012
2016,130,
2017,130,
2018,130,
2019,130,
2020,130,
2008,131,89964
2009,131,97662
2010,131,38070
2011,131,40392
2012,131,43753
2013,131,21443
2014,131,45030
2015,131,72638
2016,131,75432
2017,131,79965
2018,131,82257
2019,131,90262
2020,131,92078
2008,132,11231650
2009,132,12583180
2010,132,549477
2011,132,595038
2012,132,647967
2013,132,742876
2014,132,690273
2015,132,284656
2016,132,289350
2017,132,302894
2018,132,695623
2019,132,
2020,132,
2008,133,519250
2009,133,596306
2010,133,634771
2011,133,673332
2012,133,669737
2013,133,639026
2014,133,644666
2015,133,
2016,133,
2017,133,
2018,133,
2019,133,
2020,133,
2008,134,6136256
2009,134,150164
2010,134,153845
2011,134,160482
2012,134,181728
2013,134,176206
2014,134,180486
2015,134,185447
2016,134,276300
2017,134,297538
2018,134,353320
2019,134,447332
2020,134,492446
2008,135,
2009,135,
2010,135,
2011,135,
2012,135,23191
2013,135,24538
2014,135,30727
2015,135,27476
2016,135,31141
2017,135,35536
2018,135,38118
2019,135,40537
2020,135,40559
2008,136,6295
2009,136,6719
2010,136,7671
2011,136,8052
2012,136,7745
2013,136,7743
2014,136,7802
2015,136,9842
2016,136,12644
2017,136,13001
2018,136,12987
2019,136,11009
2020,136,17784
2008,137,2826
2009,137,2858
2010,137,7487
2011,137,8031
2012,137,8819
2013,137,9722
2014,137,10185
2015,137,10664
2016,137,10998
2017,137,16839
2018,137,17579
2019,137,22800
2020,137,22050
2008,138,
2009,138,
2010,138,
2011,138,
2012,138,
2013,138,
2014,138,
2015,138,
2016,138,
2017,138,
2018,138,
2019,138,
2020,138,
2008,139,3826
2009,139,3476
2010,139,3931
2011,139,3957
2012,139,4157
2013,139,4219
2014,139,4252
2015,139,4438
2016,139,4514
2017,139,4727
2018,139,4849
2019,139,5489
2020,139,7005
2008,140,185570
2009,140,190324
2010,140,194592
2011,140,184276
2012,140,180088
2013,140,136247
2014,140,38968
2015,140,
2016,140,
2017,140,
2018,140,
2019,140,
2020,140,
2008,141,181091
2009,141,180134
2010,141,181109
2011,141,181898
2012,141,182628
2013,141,182958
2014,141,180720
2015,141,180958
2016,141,183442
2017,141,186448
2018,141,180101
2019,141,193047
2020,141,194718
2008,142,3205
2009,142,2812
2010,142,2656
2011,142,2724
2012,142,2942
2013,142,2829
2014,142,3069
2015,142,
2016,142,
2017,142,
2018,142,
2019,142,
2020,142,
2008,143,376511
2009,143,370515
2010,143,344164
2011,143,344576
2012,143,354983
2013,143,349574
2014,143,318791
2015,143,
2016,143,
2017,143,
2018,143,
2019,143,277897
2020,143,
2008,144,208637
2009,144,207810
2010,144,210850
2011,144,201125
2012,144,207809
2013,144,184921
2014,144,173329
2015,144,
2016,144,
2017,144,
2018,144,155012
2019,144,171387
2020,144,216633
2008,145,129035
2009,145,127987
2010,145,119176
2011,145,119461
2012,145,126910
2013,145,115611
2014,145,
2015,145,
2016,145,
2017,145,
2018,145,
2019,145,17452
2020,145,
2008,146,8324
2009,146,6678
2010,146,
2011,146,6731
2012,146,7058
2013,146,
2014,146,
2015,146,
2016,146,
2017,146,
2018,146,
2019,146,
2020,146,
2008,147,193061
2009,147,183847
2010,147,186227
2011,147,192390
2012,147,195781
2013,147,192518
2014,147,176065
2015,147,156639
2016,147,168086
2017,147,142440
2018,147,86434
2019,147,176034
2020,147,165172
2008,148,221704
2009,148,228286
2010,148,211472
2011,148,211945
2012,148,101625
2013,148,212643
2014,148,194401
2015,148,192713
2016,148,183657
2017,148,
2018,148,152036
2019,148,165519
2020,148,
2008,149,708602
2009,149,670960
2010,149,594417
2011,149,552373
2012,149,566798
2013,149,568653
2014,149,499898
2015,149,483093
2016,149,382283
2017,149,422793
2018,149,421067
2019,149,477538
2020,149,
2008,150,1382600
2009,150,1390100
2010,150,1486100
2011,150,1572500
2012,150,1645200
2013,150,1639300
2014,150,1626500
2015,150,1708200
2016,150,1783700
2017,150,1839600
2018,150,1200100
2019,150,1326900
2020,150,1332900
2008,151,
2009,151,
2010,151,
2011,151,
2012,151,
2013,151,
2014,151,
2015,151,
2016,151,
2017,151,
2018,151,
2019,151,
2020,151,
2008,152,
2009,152,
2010,152,
2011,152,
2012,152,
2013,152,
2014,152,
2015,152,
2016,152,
2017,152,
2018,152,
2019,152,
2020,152,
2008,153,839700
2009,153,661000
2010,153,662000
2011,153,627700
2012,153,550300
2013,153,384300
2014,153,386600
2015,153,363400
2016,153,348700
2017,153,342300
2018,153,337800
2019,153,524900
2020,153,525900
2008,154,
2009,154,
2010,154,
2011,154,
2012,154,
2013,154,
2014,154,
2015,154,
2016,154,
2017,154,
2018,154,
2019,154,1183
2020,154,15294
2008,155,
2009,155,
2010,155,
2011,155,
2012,155,
2013,155,
2014,155,45400
2015,155,46020
2016,155,46303
2017,155,46499
2018,155,47098
2019,155,53643
2020,155,53596
2008,156,
2009,156,
2010,156,1018
2011,156,1190
2012,156,1260
2013,156,1377
2014,156,815573
2015,156,839652
2016,156,857092
2017,156,867968
2018,156,884530
2019,156,948319
2020,156,1003301
2008,157,
2009,157,
2010,157,
2011,157,
2012,157,
2013,157,
2014,157,
2015,157,
2016,157,
2017,157,
2018,157,
2019,157,
2020,157,
2008,158,
2009,158,
2010,158,
2011,158,
2012,158,
2013,158,
2014,158,
2015,158,
2016,158,
2017,158,
2018,158,
2019,158,
2020,158,
2008,159,
2009,159,
2010,159,
2011,159,
2012,159,
2013,159,
2014,159,
2015,159,
2016,159,12
2017,159,
2018,159,13
2019,159,66
2020,159,
2008,160,
2009,160,
2010,160,
2011,160,
2012,160,
2013,160,
2014,160,
2015,160,
2016,160,
2017,160,9613
2018,160,4600
2019,160,7296
2020,160,7984
2008,161,
2009,161,
2010,161,
2011,161,
2012,161,
2013,161,
2014,161,
2015,161,442
2016,161,583
2017,161,658
2018,161,827
2019,161,885
2020,161,2044
2008,162,
2009,162,
2010,162,
2011,162,
2012,162,
2013,162,
2014,162,
2015,162,
2016,162,
2017,162,
2018,162,
2019,162,
2020,162,
2008,163,
2009,163,
2010,163,
2011,163,
2012,163,
2013,163,
2014,163,
2015,163,
2016,163,
2017,163,
2018,163,
2019,163,
2020,163,
2008,164,12133
2009,164,15052
2010,164,18091
2011,164,22377
2012,164,26080
2013,164,28099
2014,164,27164
2015,164,24055
2016,164,12991
2017,164,12029
2018,164,10023
2019,164,7286
2020,164,2911
2008,165,
2009,165,
2010,165,
2011,165,
2012,165,
2013,165,
2014,165,
2015,165,
2016,165,
2017,165,
2018,165,
2019,165,
2020,165,
2008,166,
2009,166,
2010,166,
2011,166,
2012,166,
2013,166,
2014,166,
2015,166,1051043
2016,166,1031151
2017,166,1058324
2018,166,1097104
2019,166,1850219
2020,166,2865179
2008,167,3130425
2009,167,3426916
2010,167,3540945
2011,167,3629910
2012,167,3706246
2013,167,3764786
2014,167,3790752
2015,167,3895502
2016,167,4025373
2017,167,4194958
2018,167,4357986
2019,167,4721334
2020,167,4920528
2008,168,194247
2009,168,207190
2010,168,161762
2011,168,178982
2012,168,190345
2013,168,191945
2014,168,192407
2015,168,194719
2016,168,205129
2017,168,211961
2018,168,216718
2019,168,231343
2020,168,
2008,169,118027000
2009,169,128524000
2010,169,139612000
2011,169,153863000
2012,169,143297000
2013,169,148395000
2014,169,174027000
2015,169,172549000
2016,169,197272000
2017,169,183777000
2018,169,183284000
2019,169,199166000
2020,169,191022000
2008,170,2316047
2009,170,2647763
2010,170,2263883
2011,170,2389441
2012,170,2444915
2013,170,3374924
2014,170,2322373
2015,170,3703163
2016,170,4281727
2017,170,4333837
2018,170,4720081
2019,170,5128202
2020,170,5297558
2008,171,77049
2009,171,80367
2010,171,110282
2011,171,101145
2012,171,95244
2013,171,75332
2014,171,77297
2015,171,80099
2016,171,85272
2017,171,80182
2018,171,81726
2019,171,244609
2020,171,233984
2008,172,97772
2009,172,101177
2010,172,107118
2011,172,123412
2012,172,96801
2013,172,136646
2014,172,
2015,172,
2016,172,
2017,172,
2018,172,
2019,172,
2020,172,
2008,173,7790000
2009,173,9190000
2010,173,10709000
2011,173,11923000
2012,173,12729000
2013,173,12878000
2014,173,13639000
2015,173,13979000
2016,173,13860000
2017,173,13194000
2018,173,13612000
2019,173,14345000
2020,173,13348000
2008,174,2104029
2009,174,2241457
2010,174,2549696
2011,174,2508598
2012,174,2641982
2013,174,2669485
2014,174,3083834
2015,174,3453187
2016,174,3973997
2017,174,4068342
2018,174,4472786
2019,174,
2020,174,
2008,175,113465
2009,175,105907
2010,175,174103
2011,175,190999
2012,175,194722
2013,175,192353
2014,175,217826
2015,175,226504
2016,175,
2017,175,
2018,175,
2019,175,
2020,175,
2008,176,47137
2009,176,49940
2010,176,53443
2011,176,55530
2012,176,58691
2013,176,60862
2014,176,62229
2015,176,63828
2016,176,68548
2017,176,70957
2018,176,72842
2019,176,79615
2020,176,97201
2008,177,78020
2009,177,71516
2010,177,67306
2011,177,63658
2012,177,68090
2013,177,
2014,177,
2015,177,
2016,177,
2017,177,
2018,177,
2019,177,
2020,177,
2008,178,505955
2009,178,509959
2010,178,524990
2011,178,548587
2012,178,565472
2013,178,563674
2014,178,596590
2015,178,611476
2016,178,571818
2017,178,562681
2018,178,522748
2019,178,542444
2020,178,530485
2008,179,91496
2009,179,87900
2010,179,88719
2011,179,90795
2012,179,95072
2013,179,98577
2014,179,100937
2015,179,
2016,179,107364
2017,179,
2018,179,115396
2019,179,123661
2020,179,128035
2008,180,85072
2009,180,76587
2010,180,75620
2011,180,74537
2012,180,65391
2013,180,
2014,180,
2015,180,
2016,180,
2017,180,
2018,180,
2019,180,
2020,180,
2008,181,43205
2009,181,41916
2010,181,39766
2011,181,39143
2012,181,39017
2013,181,38129
2014,181,
2015,181,
2016,181,
2017,181,
2018,181,
2019,181,
2020,181,
2008,182,50204
2009,182,35837
2010,182,39262
2011,182,38064
2012,182,32796
2013,182,36364
2014,182,83882
2015,182,
2016,182,
2017,182,
2018,182,
2019,182,
2020,182,
2008,183,229025
2009,183,240052
2010,183,268966
2011,183,313451
2012,183,342787
2013,183,388159
2014,183,475497
2015,183,550602
2016,183,600103
2017,183,608416
2018,183,657495
2019,183,1414885
2020,183,1373857
2008,184,235174
2009,184,242076
2010,184,225139
2011,184,204325
2012,184,212807
2013,184,200500
2014,184,
2015,184,
2016,184,
2017,184,
2018,184,
2019,184,
2020,184,
2008,185,
2009,185,40191
2010,185,44958
2011,185,42282
2012,185,59251
2013,185,82705
2014,185,113878
2015,185,144446
2016,185,166919
2017,185,180613
2018,185,207194
2019,185,927129
2020,185,1015121
2008,186,72934
2009,186,71419
2010,186,109875
2011,186,105694
2012,186,105017
2013,186,104958
2014,186,104121
2015,186,
2016,186,
2017,186,
2018,186,
2019,186,
2020,186,108533
2008,187,
2009,187,
2010,187,
2011,187,
2012,187,2737
2013,187,3095
2014,187,4643
2015,187,6623
2016,187,5391
2017,187,4904
2018,187,4832
2019,187,6510
2020,187,5562
2008,188,
2009,188,
2010,188,60715
2011,188,84621
2012,188,102624
2013,188,106505
2014,188,145259
2015,188,198268
2016,188,244450
2017,188,275388
2018,188,353406
2019,188,1134662
2020,188,1269176
2008,189,
2009,189,
2010,189,
2011,189,
2012,189,
2013,189,771483
2014,189,732488
2015,189,845990
2016,189,872991
2017,189,917051
2018,189,950352
2019,189,943900
2020,189,1962023
2008,190,
2009,190,
2010,190,
2011,190,
2012,190,
2013,190,
2014,190,
2015,190,
2016,190,
2017,190,
2018,190,
2019,190,
2020,190,
2008,191,31165
2009,191,32963
2010,191,29691
2011,191,34854
2012,191,34934
2013,191,33228
2014,191,36110
2015,191,
2016,191,
2017,191,
2018,191,
2019,191,29856
2020,191,32829
2008,192,2063
2009,192,1954
2010,192,1964
2011,192,1959
2012,192,3112
2013,192,2579
2014,192,2538
2015,192,1954
2016,192,2023
2017,192,2044
2018,192,2078
2019,192,
2020,192,
2008,193,8451
2009,193,8699
2010,193,8786
2011,193,9004
2012,193,9293
2013,193,9859
2014,193,14137
2015,193,20079
2016,193,21789
2017,193,23536
2018,193,24983
2019,193,34314
2020,193,
2008,194,242096
2009,194,244843
2010,194,252848
2011,194,264807
2012,194,275945
2013,194,319882
2014,194,341063
2015,194,365943
2016,194,374684
2017,194,376699
2018,194,387858
2019,194,437716
2020,194,453036
2008,195,
2009,195,
2010,195,
2011,195,
2012,195,
2013,195,
2014,195,
2015,195,
2016,195,
2017,195,
2018,195,30120
2019,195,
2020,195,
2008,196,25308
2009,196,30848
2010,196,32304
2011,196,37776
2012,196,40038
2013,196,46360
2014,196,52127
2015,196,58295
2016,196,63481
2017,196,72134
2018,196,104180
2019,196,206209
2020,196,265256
2008,197,29963
2009,197,28258
2010,197,28654
2011,197,
2012,197,
2013,197,
2014,197,
2015,197,
2016,197,
2017,197,
2018,197,
2019,197,
2020,197,
2008,198,35174
2009,198,34301
2010,198,35296
2011,198,36586
2012,198,34533
2013,198,34769
2014,198,34934
2015,198,35401
2016,198,36736
2017,198,37283
2018,198,22374
2019,198,32729
2020,198,35904
2008,199,19621
2009,199,
2010,199,18651
2011,199,
2012,199,17783
2013,199,17445
2014,199,16738
2015,199,
2016,199,
2017,199,
2018,199,
2019,199,
2020,199,
2008,200,554917
2009,200,316982
2010,200,326090
2011,200,329772
2012,200,333423
2013,200,337071
2014,200,340868
2015,200,411165
2016,200,432032
2017,200,442805
2018,200,388846
2019,200,203662
2020,200,
2008,201,11560
2009,201,11459
2010,201,12161
2011,201,
2012,201,6893
2013,201,9634
2014,201,8333
2015,201,
2016,201,
2017,201,
2018,201,
2019,201,
2020,201,
2008,202,12543
2009,202,11132
2010,202,11588
2011,202,11421
2012,202,12108
2013,202,3836
2014,202,4165
2015,202,4671
2016,202,
2017,202,
2018,202,
2019,202,
2020,202,
2008,203,1859
2009,203,1348
2010,203,1301
2011,203,1074
2012,203,836
2013,203,997
2014,203,1084
2015,203,
2016,203,
2017,203,
2018,203,
2019,203,
2020,203,
2008,204,6096
2009,204,6363
2010,204,6393
2011,204,6438
2012,204,6488
2013,204,6508
2014,204,6589
2015,204,
2016,204,
2017,204,
2018,204,
2019,204,6494
2020,204,4126
2008,205,20048
2009,205,22724
2010,205,23560
2011,205,26361
2012,205,27316
2013,205,29101
2014,205,32031
2015,205,32684
2016,205,37508
2017,205,215971
2018,205,
2019,205,
2020,205,
2008,206,3918
2009,206,4916
2010,206,5118
2011,206,7493
2012,206,7984
2013,206,8139
2014,206,8421
2015,206,8704
2016,206,
2017,206,
2018,206,
2019,206,
2020,206,
2008,207,1265
2009,207,
2010,207,4227
2011,207,6727
2012,207,6955
2013,207,8904
2014,207,10207
2015,207,
2016,207,
2017,207,
2018,207,
2019,207,
2020,207,
2008,208,240
2009,208,543
2010,208,638
2011,208,628
2012,208,630
2013,208,
2014,208,
2015,208,
2016,208,1257
2017,208,1323
2018,208,1440
2019,208,3077
2020,208,3307
2008,209,
2009,209,
2010,209,
2011,209,
2012,209,
2013,209,56177
2014,209,58632
2015,209,63580
2016,209,62275
2017,209,71462
2018,209,82383
2019,209,91967
2020,209,133124
2008,210,
2009,210,
2010,210,
2011,210,
2012,210,
2013,210,
2014,210,
2015,210,
2016,210,
2017,210,
2018,210,
2019,210,
2020,210,
2008,211,
2009,211,150
2010,211,218
2011,211,261
2012,211,
2013,211,
2014,211,
2015,211,
2016,211,
2017,211,
2018,211,733
2019,211,915
2020,211,960
2008,212,
2009,212,
2010,212,
2011,212,
2012,212,
2013,212,
2014,212,
2015,212,
2016,212,
2017,212,
2018,212,2966
2019,212,3144
2020,212,3321
2008,213,
2009,213,
2010,213,15749
2011,213,19081
2012,213,8250
2013,213,9310
2014,213,31662
2015,213,
2016,213,
2017,213,
2018,213,
2019,213,
2020,213,
2008,214,
2009,214,
2010,214,
2011,214,
2012,214,
2013,214,
2014,214,
2015,214,
2016,214,
2017,214,
2018,214,
2019,214,7216
2020,214,6331
2008,215,
2009,215,
2010,215,
2011,215,
2012,215,3845
2013,215,4576
2014,215,
2015,215,
2016,215,
2017,215,
2018,215,
2019,215,
2020,215,
2008,216,
2009,216,
2010,216,
2011,216,
2012,216,
2013,216,
2014,216,
2015,216,
2016,216,
2017,216,
2018,216,
2019,216,24570
2020,216,25735
2008,217,
2009,217,
2010,217,
2011,217,
2012,217,
2013,217,2250
2014,217,
2015,217,2172
2016,217,2181
2017,217,2412
2018,217,3243
2019,217,5559
2020,217,6095
2008,218,88085
2009,218,92440
2010,218,93644
2011,218,99411
2012,218,100328
2013,218,101304
2014,218,107325
2015,218,108611
2016,218,112178
2017,218,114844
2018,218,113682
2019,218,621592
2020,218,623869
2008,219,
2009,219,31998
2010,219,
2011,219,30548
2012,219,5405
2013,219,4852
2014,219,4418
2015,219,
2016,219,
2017,219,
2018,219,
2019,219,
2020,219,
2008,220,44626
2009,220,113692
2010,220,118936
2011,220,142058
2012,220,146215
2013,220,136841
2014,220,127659
2015,220,
2016,220,
2017,220,
2018,220,
2019,220,
2020,220,
2008,221,183273
2009,221,212570
2010,221,257126
2011,221,259985
2012,221,288016
2013,221,300937
2014,221,307050
2015,221,334647
2016,221,370274
2017,221,370992
2018,221,386456
2019,221,
2020,221,
2008,222,
2009,222,
2010,222,
2011,222,
2012,222,
2013,222,
2014,222,200
2015,222,194
2016,222,
2017,222,
2018,222,
2019,222,
2020,222,
2008,223,
2009,223,
2010,223,
2011,223,
2012,223,
2013,223,
2014,223,
2015,223,
2016,223,
2017,223,
2018,223,
2019,223,
2020,223,
2008,224,
2009,224,
2010,224,
2011,224,
2012,224,
2013,224,
2014,224,
2015,224,
2016,224,
2017,224,
2018,224,
2019,224,
2020,224,
2008,225,
2009,225,
2010,225,
2011,225,
2012,225,
2013,225,
2014,225,
2015,225,
2016,225,
2017,225,
2018,225,
2019,225,
2020,225,
2008,226,
2009,226,
2010,226,77568
2011,226,78561
2012,226,66975
2013,226,68177
2014,226,72149
2015,226,71995
2016,226,72618
2017,226,
2018,226,
2019,226,78256
2020,226,91443
2008,227,
2009,227,
2010,227,
2011,227,
2012,227,
2013,227,16608
2014,227,52865
2015,227,55931
2016,227,64681
2017,227,66748
2018,227,68018
2019,227,126756
2020,227,125127
2008,228,85047
2009,228,85881
2010,228,87833
2011,228,86413
2012,228,85755
2013,228,85873
2014,228,82674
2015,228,185611
2016,228,186382
2017,228,187290
2018,228,179727
2019,228,188176
2020,228,189611
2008,229,
2009,229,
2010,229,
2011,229,
2012,229,
2013,229,
2014,229,
2015,229,
2016,229,
2017,229,
2018,229,
2019,229,
2020,229,
2008,230,
2009,230,
2010,230,
2011,230,
2012,230,6409
2013,230,6360
2014,230,5907
2015,230,5980
2016,230,6094
2017,230,6634
2018,230,7237
2019,230,22718
2020,230,27645
2008,231,3503
2009,231,6839
2010,231,7220
2011,231,7398
2012,231,7407
2013,231,7333
2014,231,7508
2015,231,
2016,231,
2017,231,
2018,231,
2019,231,
2020,231,
2008,232,36157
2009,232,36475
2010,232,33844
2011,232,35237
2012,232,40666
2013,232,30198
2014,232,32711
2015,232,36834
2016,232,44632
2017,232,45844
2018,232,48311
2019,232,166826
2020,232,173431
2008,233,126998
2009,233,80488
2010,233,135838
2011,233,138585
2012,233,528952
2013,233,531916
2014,233,542104
2015,233,580060
2016,233,595864
2017,233,611492
2018,233,624047
2019,233,1008007
2020,233,
2008,234,17819
2009,234,17305
2010,234,19791
2011,234,20825
2012,234,19838
2013,234,
2014,234,17478
2015,234,18329
2016,234,18880
2017,234,17955
2018,234,18901
2019,234,24327
2020,234,25377
2008,235,479331
2009,235,479305
2010,235,444624
2011,235,431534
2012,235,309160
2013,235,13154
2014,235,5148
2015,235,
2016,235,
2017,235,
2018,235,
2019,235,
2020,235,
2008,236,13810
2009,236,13590
2010,236,13496
2011,236,13491
2012,236,13441
2013,236,
2014,236,
2015,236,
2016,236,
2017,236,
2018,236,
2019,236,
2020,236,
2008,237,31056
2009,237,38103
2010,237,74666
2011,237,151784
2012,237,177305
2013,237,172156
2014,237,175344
2015,237,196858
2016,237,203257
2017,237,215413
2018,237,224281
2019,237,228869
2020,237,249120
2008,238,2402
2009,238,2612
2010,238,2742
2011,238,2884
2012,238,3029
2013,238,3033
2014,238,3162
2015,238,3794
2016,238,4669
2017,238,5301
2018,238,5448
2019,238,13023
2020,238,
2008,239,450007
2009,239,471821
2010,239,419715
2011,239,352959
2012,239,384146
2013,239,383021
2014,239,453831
2015,239,502248
2016,239,577597
2017,239,684119
2018,239,840910
2019,239,849260
2020,239,921757
2008,240,48908
2009,240,49227
2010,240,49307
2011,240,49348
2012,240,71483
2013,240,48302
2014,240,50625
2015,240,52743
2016,240,
2017,240,
2018,240,
2019,240,
2020,240,60644
2008,241,150302
2009,241,155843
2010,241,160930
2011,241,164012
2012,241,165202
2013,241,167086
2014,241,168611
2015,241,166108
2016,241,167929
2017,241,168708
2018,241,169677
2019,241,171663
2020,241,174160
2008,242,2983116
2009,242,2860726
2010,242,2891332
2011,242,3016426
2012,242,3068617
2013,242,2692610
2014,242,2792532
2015,242,2879585
2016,242,2918848
2017,242,2834966
2018,242,3084984
2019,242,6009687
2020,242,5598065
2008,243,
2009,243,
2010,243,
2011,243,
2012,243,
2013,243,
2014,243,
2015,243,
2016,243,
2017,243,
2018,243,
2019,243,
2020,243,
2008,244,267358
2009,244,286628
2010,244,299682
2011,244,312014
2012,244,325021
2013,244,344978
2014,244,343226
2015,244,412967
2016,244,401401
2017,244,410898
2018,244,
2019,244,
2020,244,
2008,245,
2009,245,
2010,245,
2011,245,
2012,245,
2013,245,
2014,245,
2015,245,
2016,245,
2017,245,
2018,245,256
2019,245,
2020,245,
2008,246,7212408
2009,246,6875622
2010,246,6970879
2011,246,7094505
2012,246,7266716
2013,246,7360493
2014,246,7519603
2015,246,7692000
2016,246,
2017,246,
2018,246,
2019,246,
2020,246,
2008,247,
2009,247,
2010,247,
2011,247,
2012,247,
2013,247,
2014,247,
2015,247,
2016,247,
2017,247,
2018,247,
2019,247,
2020,247,
2008,248,
2009,248,
2010,248,
2011,248,
2012,248,
2013,248,
2014,248,
2015,248,
2016,248,
2017,248,
2018,248,
2019,248,
2020,248,
2008,249,1477
2009,249,
2010,249,
2011,249,3876
2012,249,
2013,249,
2014,249,
2015,249,
2016,249,
2017,249,
2018,249,6744
2019,249,
2020,249,1037
2008,250,
2009,250,
2010,250,
2011,250,
2012,250,
2013,250,
2014,250,
2015,250,
2016,250,
2017,250,
2018,250,
2019,250,
2020,250,
2008,251,
2009,251,
2010,251,
2011,251,
2012,251,
2013,251,
2014,251,
2015,251,
2016,251,
2017,251,
2018,251,
2019,251,
2020,251,
2008,252,
2009,252,
2010,252,
2011,252,
2012,252,
2013,252,
2014,252,
2015,252,
2016,252,
2017,252,
2018,252,
2019,252,
2020,252,
2008,253,
2009,253,
2010,253,
2011,253,
2012,253,
2013,253,
2014,253,
2015,253,
2016,253,
2017,253,
2018,253,32336
2019,253,48852
2020,253,54402
2008,254,6162
2009,254,6664
2010,254,6974
2011,254,8833
2012,254,9480
2013,254,11127
2014,254,11763
2015,254,20934
2016,254,23890
2017,254,26771
2018,254,30471
2019,254,43851
2020,254,51443
2008,255,1389
2009,255,925
2010,255,5706
2011,255,
2012,255,
2013,255,
2014,255,
2015,255,
2016,255,
2017,255,
2018,255,1055
2019,255,1177
2020,255,
2008,256,
2009,256,
2010,256,
2011,256,
2012,256,
2013,256,
2014,256,
2015,256,
2016,256,
2017,256,
2018,256,
2019,256,
2020,256,
2008,257,
2009,257,
2010,257,
2011,257,
2012,257,
2013,257,117333
2014,257,121925
2015,257,136886
2016,257,243587
2017,257,246804
2018,257,264062
2019,257,310374
2020,257,
2008,258,
2009,258,
2010,258,
2011,258,
2012,258,
2013,258,
2014,258,
2015,258,
2016,258,
2017,258,
2018,258,
2019,258,
2020,258,
2008,259,
2009,259,
2010,259,
2011,259,
2012,259,
2013,259,
2014,259,
2015,259,
2016,259,
2017,259,
2018,259,
2019,259,
2020,259,
2008,260,
2009,260,
2010,260,
2011,260,
2012,260,
2013,260,
2014,260,
2015,260,
2016,260,
2017,260,
2018,260,
2019,260,
2020,260,
2008,261,
2009,261,
2010,261,
2011,261,
2012,261,
2013,261,
2014,261,
2015,261,
2016,261,
2017,261,
2018,261,
2019,261,
2020,261,
2008,262,
2009,262,
2010,262,
2011,262,
2012,262,
2013,262,2793028
2014,262,2881764
2015,262,2968563
2016,262,3064734
2017,262,3144213
2018,262,3227425
2019,262,3331617
2020,262,3346258
2008,263,164920
2009,263,143863
2010,263,136099
2011,263,141016
2012,263,139581
2013,263,
2014,263,85908
2015,263,78516
2016,263,47408
2017,263,51807
2018,263,78962
2019,263,
2020,263,
2008,264,
2009,264,
2010,264,
2011,264,
2012,264,
2013,264,
2014,264,
2015,264,
2016,264,
2017,264,
2018,264,
2019,264,
2020,264,
2008,265,
2009,265,
2010,265,
2011,265,
2012,265,
2013,265,
2014,265,179
2015,265,804
2016,265,
2017,265,
2018,265,
2019,265,
2020,265,
2008,266,
2009,266,
2010,266,
2011,266,
2012,266,
2013,266,
2014,266,
2015,266,
2016,266,
2017,266,
2018,266,
2019,266,
2020,266,
2008,267,
2009,267,
2010,267,
2011,267,
2012,267,
2013,267,
2014,267,
2015,267,
2016,267,
2017,267,
2018,267,
2019,267,
2020,267,
2008,268,
2009,268,
2010,268,
2011,268,
2012,268,
2013,268,
2014,268,
2015,268,
2016,268,
2017,268,
2018,268,
2019,268,
2020,268,
2008,269,
2009,269,
2010,269,
2011,269,
2012,269,
2013,269,
2014,269,
2015,269,
2016,269,561000
2017,269,531100
2018,269,548348
2019,269,692400
2020,269,727009
2008,270,
2009,270,
2010,270,
2011,270,
2012,270,
2013,270,
2014,270,
2015,270,
2016,270,
2017,270,
2018,270,
2019,270,
2020,270,
2008,271,
2009,271,
2010,271,
2011,271,
2012,271,
2013,271,
2014,271,
2015,271,5316
2016,271,5575
2017,271,6880
2018,271,8289
2019,271,8666
2020,271,11135
2008,272,
2009,272,
2010,272,
2011,272,
2012,272,
2013,272,
2014,272,
2015,272,
2016,272,
2017,272,
2018,272,
2019,272,
2020,272,
2008,273,
2009,273,
2010,273,
2011,273,
2012,273,
2013,273,
2014,273,
2015,273,
2016,273,
2017,273,
2018,273,933
2019,273,1398
2020,273,17061
2008,274,
2009,274,
2010,274,
2011,274,
2012,274,
2013,274,
2014,274,331470
2015,274,331500
2016,274,480903
2017,274,563772
2018,274,611950
2019,274,766692
2020,274,757151
2008,275,
2009,275,
2010,275,
2011,275,
2012,275,
2013,275,1064
2014,275,
2015,275,4354
2016,275,5249
2017,275,9316
2018,275,
2019,275,
2020,275,
2008,276,
2009,276,
2010,276,
2011,276,
2012,276,
2013,276,
2014,276,
2015,276,
2016,276,
2017,276,
2018,276,
2019,276,
2020,276,
2008,277,
2009,277,
2010,277,
2011,277,
2012,277,
2013,277,
2014,277,
2015,277,
2016,277,
2017,277,34194
2018,277,34970
2019,277,61097
2020,277,
2008,278,
2009,278,
2010,278,
2011,278,
2012,278,
2013,278,
2014,278,
2015,278,
2016,278,
2017,278,
2018,278,
2019,278,
2020,278,
2008,279,
2009,279,
2010,279,
2011,279,
2012,279,
2013,279,
2014,279,
2015,279,
2016,279,
2017,279,
2018,279,5979
2019,279,6269
2020,279,6810
2008,280,
2009,280,
2010,280,
2011,280,
2012,280,
2013,280,
2014,280,
2015,280,
2016,280,
2017,280,
2018,280,
2019,280,
2020,280,
2008,281,
2009,281,
2010,281,
2011,281,
2012,281,
2013,281,
2014,281,
2015,281,
2016,281,
2017,281,
2018,281,
2019,281,
2020,281,
2008,282,
2009,282,
2010,282,
2011,282,
2012,282,
2013,282,
2014,282,
2015,282,
2016,282,
2017,282,
2018,282,
2019,282,
2020,282,
2008,283,
2009,283,
2010,283,
2011,283,
2012,283,
2013,283,
2014,283,
2015,283,
2016,283,
2017,283,
2018,283,
2019,283,
2020,283,
2008,284,
2009,284,
2010,284,
2011,284,
2012,284,
2013,284,
2014,284,
2015,284,
2016,284,
2017,284,
2018,284,
2019,284,
2020,284,
2008,285,
2009,285,
2010,285,
2011,285,
2012,285,
2013,285,
2014,285,
2015,285,
2016,285,
2017,285,
2018,285,
2019,285,
2020,285,
2008,286,
2009,286,
2010,286,
2011,286,
2012,286,
2013,286,
2014,286,
2015,286,
2016,286,
2017,286,
2018,286,
2019,286,
2020,286,
2008,287,
2009,287,
2010,287,
2011,287,
2012,287,
2013,287,
2014,287,
2015,287,
2016,287,
2017,287,
2018,287,
2019,287,
2020,287,
2008,288,
2009,288,
2010,288,
2011,288,
2012,288,
2013,288,
2014,288,
2015,288,
2016,288,246
2017,288,340
2018,288,312
2019,288,627
2020,288,
2008,289,
2009,289,
2010,289,
2011,289,
2012,289,
2013,289,
2014,289,
2015,289,
2016,289,
2017,289,
2018,289,
2019,289,
2020,289,
2008,290,
2009,290,
2010,290,
2011,290,
2012,290,
2013,290,
2014,290,
2015,290,239
2016,290,279
2017,290,323
2018,290,990
2019,290,
2020,290,1059
2008,291,
2009,291,
2010,291,
2011,291,
2012,291,
2013,291,
2014,291,
2015,291,
2016,291,
2017,291,
2018,291,
2019,291,
2020,291,
2008,292,
2009,292,
2010,292,
2011,292,
2012,292,
2013,292,
2014,292,20793
2015,292,22179
2016,292,24160
2017,292,44155
2018,292,47913
2019,292,59129
2020,292,
2008,293,
2009,293,
2010,293,
2011,293,
2012,293,112204
2013,293,115329
2014,293,117413
2015,293,125356
2016,293,139321
2017,293,157551
2018,293,180688
2019,293,206394
2020,293,229077
2008,294,
2009,294,
2010,294,
2011,294,
2012,294,
2013,294,
2014,294,
2015,294,
2016,294,
2017,294,
2018,294,
2019,294,
2020,294,
2008,295,
2009,295,
2010,295,
2011,295,
2012,295,
2013,295,
2014,295,
2015,295,
2016,295,
2017,295,
2018,295,
2019,295,
2020,295,
2008,296,
2009,296,
2010,296,
2011,296,
2012,296,
2013,296,
2014,296,
2015,296,
2016,296,777
2017,296,922
2018,296,1010
2019,296,4448
2020,296,4442
2008,297,
2009,297,
2010,297,
2011,297,
2012,297,
2013,297,
2014,297,
2015,297,
2016,297,
2017,297,
2018,297,
2019,297,
2020,297,
2008,298,
2009,298,
2010,298,
2011,298,
2012,298,
2013,298,
2014,298,
2015,298,
2016,298,
2017,298,329061
2018,298,339220
2019,298,441917
2020,298,439435
2008,299,
2009,299,
2010,299,
2011,299,
2012,299,
2013,299,
2014,299,
2015,299,
2016,299,
2017,299,
2018,299,14836
2019,299,22299
2020,299,
2008,300,
2009,300,
2010,300,
2011,300,
2012,300,
2013,300,
2014,300,
2015,300,
2016,300,
2017,300,
2018,300,
2019,300,
2020,300,
2008,301,
2009,301,
2010,301,
2011,301,
2012,301,
2013,301,
2014,301,
2015,301,
2016,301,
2017,301,
2018,301,
2019,301,
2020,301,
2008,302,
2009,302,
2010,302,
2011,302,
2012,302,
2013,302,
2014,302,
2015,302,
2016,302,
2017,302,
2018,302,
2019,302,
2020,302,
2008,303,
2009,303,
2010,303,
2011,303,
2012,303,
2013,303,
2014,303,
2015,303,
2016,303,
2017,303,
2018,303,
2019,303,
2020,303,
2008,304,
2009,304,
2010,304,
2011,304,
2012,304,
2013,304,
2014,304,
2015,304,
2016,304,
2017,304,
2018,304,
2019,304,
2020,304,
2008,305,
2009,305,
2010,305,
2011,305,
2012,305,
2013,305,
2014,305,
2015,305,
2016,305,
2017,305,
2018,305,
2019,305,
2020,305,
2008,306,
2009,306,
2010,306,
2011,306,
2012,306,
2013,306,
2014,306,
2015,306,
2016,306,
2017,306,
2018,306,
2019,306,
2020,306,
2008,307,
2009,307,
2010,307,
2011,307,
2012,307,
2013,307,
2014,307,
2015,307,
2016,307,
2017,307,
2018,307,
2019,307,
2020,307,
2008,308,
2009,308,
2010,308,
2011,308,
2012,308,
2013,308,
2014,308,
2015,308,
2016,308,
2017,308,
2018,308,
2019,308,1754
2020,308,1775
2008,309,
2009,309,
2010,309,
2011,309,
2012,309,
2013,309,
2014,309,
2015,309,
2016,309,
2017,309,
2018,309,
2019,309,
2020,309,
2008,310,
2009,310,
2010,310,
2011,310,
2012,310,
2013,310,
2014,310,
2015,310,
2016,310,
2017,310,
2018,310,
2019,310,
2020,310,
2008,311,
2009,311,
2010,311,
2011,311,
2012,311,
2013,311,
2014,311,
2015,311,
2016,311,
2017,311,
2018,311,
2019,311,
2020,311,
2008,312,
2009,312,
2010,312,
2011,312,
2012,312,
2013,312,
2014,312,
2015,312,
2016,312,
2017,312,
2018,312,
2019,312,
2020,312,
2008,313,
2009,313,
2010,313,
2011,313,
2012,313,
2013,313,
2014,313,
2015,313,
2016,313,
2017,313,
2018,313,
2019,313,
2020,313,
2008,314,
2009,314,
2010,314,
2011,314,
2012,314,
2013,314,
2014,314,
2015,314,
2016,314,
2017,314,
2018,314,
2019,314,
2020,314,
2008,315,
2009,315,
2010,315,
2011,315,
2012,315,
2013,315,
2014,315,
2015,315,
2016,315,
2017,315,
2018,315,
2019,315,
2020,315,
2008,316,
2009,316,
2010,316,
2011,316,
2012,316,
2013,316,
2014,316,
2015,316,
2016,316,
2017,316,
2018,316,
2019,316,
2020,316,
2008,317,
2009,317,
2010,317,
2011,317,
2012,317,
2013,317,
2014,317,
2015,317,
2016,317,
2017,317,
2018,317,
2019,317,
2020,317,
2008,318,
2009,318,
2010,318,
2011,318,
2012,318,
2013,318,
2014,318,
2015,318,
2016,318,
2017,318,
2018,318,
2019,318,
2020,318,
2008,319,
2009,319,
2010,319,
2011,319,
2012,319,
2013,319,
2014,319,
2015,319,
2016,319,
2017,319,
2018,319,
2019,319,
2020,319,
2008,320,
2009,320,
2010,320,
2011,320,
2012,320,
2013,320,
2014,320,
2015,320,
2016,320,25
2017,320,31
2018,320,34
2019,320,
2020,320,
2008,321,
2009,321,
2010,321,
2011,321,
2012,321,
2013,321,
2014,321,
2015,321,
2016,321,
2017,321,
2018,321,
2019,321,
2020,321,
2008,322,
2009,322,
2010,322,
2011,322,
2012,322,
2013,322,
2014,322,
2015,322,
2016,322,
2017,322,
2018,322,
2019,322,
2020,322,
2008,323,
2009,323,
2010,323,
2011,323,
2012,323,
2013,323,
2014,323,
2015,323,
2016,323,
2017,323,
2018,323,
2019,323,
2020,323,
2008,324,
2009,324,
2010,324,
2011,324,
2012,324,
2013,324,
2014,324,
2015,324,
2016,324,
2017,324,
2018,324,
2019,324,
2020,324,
2008,325,
2009,325,
2010,325,
2011,325,
2012,325,
2013,325,
2014,325,
2015,325,
2016,325,
2017,325,
2018,325,
2019,325,
2020,325,
