Date,Id,dep
2008,1,
2009,1,
2010,1,
2011,1,
2012,1,
2013,1,
2014,1,
2015,1,
2016,1,
2017,1,
2018,1,
2019,1,
2020,1,
2008,2,184
2009,2,1191
2010,2,3752
2011,2,4782
2012,2,4214
2013,2,10369
2014,2,12003
2015,2,20466
2016,2,
2017,2,
2018,2,
2019,2,
2020,2,
2008,3,
2009,3,
2010,3,
2011,3,
2012,3,
2013,3,
2014,3,1800
2015,3,6589
2016,3,5718
2017,3,4977
2018,3,2986
2019,3,2088
2020,3,346
2008,4,
2009,4,
2010,4,
2011,4,
2012,4,
2013,4,143
2014,4,269
2015,4,763
2016,4,656
2017,4,1966
2018,4,1743
2019,4,1920
2020,4,
2008,5,
2009,5,
2010,5,
2011,5,
2012,5,
2013,5,
2014,5,2432
2015,5,2293
2016,5,2376
2017,5,2034
2018,5,1835
2019,5,1549
2020,5,
2008,6,
2009,6,
2010,6,
2011,6,
2012,6,
2013,6,
2014,6,391
2015,6,518
2016,6,149
2017,6,152
2018,6,
2019,6,
2020,6,
2008,7,
2009,7,
2010,7,
2011,7,
2012,7,2990
2013,7,4703
2014,7,5627
2015,7,6584
2016,7,7242
2017,7,18213
2018,7,21267
2019,7,
2020,7,
2008,8,61458
2009,8,68872
2010,8,70702
2011,8,70329
2012,8,79694
2013,8,89642
2014,8,96966
2015,8,104703
2016,8,116250
2017,8,132000
2018,8,151909
2019,8,194687
2020,8,204154
2008,9,98976
2009,9,100415
2010,9,89974
2011,9,98484
2012,9,83061
2013,9,85225
2014,9,91118
2015,9,106723
2016,9,110082
2017,9,118619
2018,9,110277
2019,9,127393
2020,9,119790
2008,10,94540
2009,10,96378
2010,10,86006
2011,10,95013
2012,10,79621
2013,10,122554
2014,10,137287
2015,10,164505
2016,10,109838
2017,10,115773
2018,10,105934
2019,10,118651
2020,10,114058
2008,11,6032
2009,11,9366
2010,11,12458
2011,11,18421
2012,11,18466
2013,11,17481
2014,11,15721
2015,11,15429
2016,11,15713
2017,11,14205
2018,11,10243
2019,11,11766
2020,11,12193
2008,12,34974
2009,12,15134
2010,12,11834
2011,12,4789
2012,12,3340
2013,12,3392
2014,12,2998
2015,12,3033
2016,12,2779
2017,12,2659
2018,12,3068
2019,12,4552
2020,12,3760
2008,13,42484
2009,13,42150
2010,13,44924
2011,13,48769
2012,13,58402
2013,13,60371
2014,13,61184
2015,13,64371
2016,13,68793
2017,13,69354
2018,13,118073
2019,13,124028
2020,13,121480
2008,14,
2009,14,
2010,14,
2011,14,
2012,14,
2013,14,
2014,14,
2015,14,
2016,14,
2017,14,
2018,14,
2019,14,
2020,14,
2008,15,
2009,15,
2010,15,
2011,15,
2012,15,
2013,15,
2014,15,
2015,15,
2016,15,
2017,15,
2018,15,
2019,15,
2020,15,
2008,16,
2009,16,
2010,16,
2011,16,
2012,16,
2013,16,
2014,16,
2015,16,
2016,16,
2017,16,
2018,16,
2019,16,
2020,16,
2008,17,
2009,17,
2010,17,
2011,17,
2012,17,237540
2013,17,270250
2014,17,288982
2015,17,274757
2016,17,247717
2017,17,260606
2018,17,288748
2019,17,351946
2020,17,426637
2008,18,
2009,18,
2010,18,
2011,18,
2012,18,
2013,18,
2014,18,
2015,18,546
2016,18,1546
2017,18,1821
2018,18,1909
2019,18,2764
2020,18,1805
2008,19,19301
2009,19,25407
2010,19,25800
2011,19,30300
2012,19,37800
2013,19,39600
2014,19,39400
2015,19,49200
2016,19,52700
2017,19,57100
2018,19,53800
2019,19,71700
2020,19,78000
2008,20,
2009,20,
2010,20,
2011,20,
2012,20,
2013,20,
2014,20,
2015,20,2198
2016,20,1965
2017,20,1773
2018,20,2044
2019,20,3356
2020,20,3960
2008,21,
2009,21,
2010,21,
2011,21,
2012,21,27377
2013,21,27041
2014,21,28269
2015,21,31134
2016,21,33434
2017,21,36795
2018,21,34746
2019,21,46375
2020,21,
2008,22,
2009,22,
2010,22,
2011,22,3884
2012,22,3982
2013,22,4054
2014,22,4011
2015,22,4911
2016,22,5125
2017,22,2777
2018,22,2928
2019,22,3763
2020,22,4005
2008,23,8437
2009,23,10324
2010,23,9942
2011,23,9465
2012,23,10282
2013,23,9549
2014,23,8760
2015,23,8894
2016,23,11271
2017,23,9198
2018,23,9316
2019,23,10084
2020,23,9376
2008,24,51574
2009,24,55626
2010,24,59736
2011,24,65002
2012,24,68545
2013,24,70061
2014,24,75473
2015,24,78470
2016,24,81758
2017,24,85107
2018,24,88606
2019,24,105472
2020,24,115832
2008,25,
2009,25,
2010,25,
2011,25,
2012,25,76
2013,25,121
2014,25,176
2015,25,230
2016,25,420
2017,25,406
2018,25,2434
2019,25,
2020,25,
2008,26,41456
2009,26,46343
2010,26,52202
2011,26,51568
2012,26,52018
2013,26,71178
2014,26,70633
2015,26,74755
2016,26,58210
2017,26,49404
2018,26,39789
2019,26,50977
2020,26,53672
2008,27,17601
2009,27,17139
2010,27,17402
2011,27,17621
2012,27,17640
2013,27,17255
2014,27,16714
2015,27,17453
2016,27,19360
2017,27,22089
2018,27,21097
2019,27,33625
2020,27,32658
2008,28,89009
2009,28,91889
2010,28,96109
2011,28,93844
2012,28,94860
2013,28,95636
2014,28,88990
2015,28,89500
2016,28,91315
2017,28,80223
2018,28,86097
2019,28,114107
2020,28,111944
2008,29,2737
2009,29,4223
2010,29,5178
2011,29,5370
2012,29,5881
2013,29,6369
2014,29,5187
2015,29,5353
2016,29,5460
2017,29,5855
2018,29,
2019,29,
2020,29,
2008,30,32398
2009,30,42161
2010,30,45332
2011,30,46333
2012,30,49199
2013,30,55166
2014,30,57036
2015,30,63038
2016,30,60666
2017,30,57526
2018,30,31502
2019,30,46715
2020,30,41221
2008,31,473
2009,31,323
2010,31,501
2011,31,484
2012,31,727
2013,31,475
2014,31,111
2015,31,427
2016,31,633
2017,31,447
2018,31,384
2019,31,376
2020,31,
2008,32,532
2009,32,681
2010,32,769
2011,32,819
2012,32,1573
2013,32,1479
2014,32,846
2015,32,603
2016,32,589
2017,32,73
2018,32,79
2019,32,151
2020,32,152
2008,33,11959
2009,33,9132
2010,33,7803
2011,33,7399
2012,33,7696
2013,33,9043
2014,33,7257
2015,33,8250
2016,33,9017
2017,33,6398
2018,33,9763
2019,33,
2020,33,
2008,34,450873
2009,34,459755
2010,34,472543
2011,34,474826
2012,34,771195
2013,34,475868
2014,34,447618
2015,34,396711
2016,34,
2017,34,
2018,34,
2019,34,
2020,34,
2008,35,77684
2009,35,81170
2010,35,85728
2011,35,84040
2012,35,89824
2013,35,93036
2014,35,88347
2015,35,82133
2016,35,84164
2017,35,72590
2018,35,78095
2019,35,106484
2020,35,104223
2008,36,203612
2009,36,205533
2010,36,222804
2011,36,232055
2012,36,222483
2013,36,217246
2014,36,188152
2015,36,195025
2016,36,197084
2017,36,212547
2018,36,228807
2019,36,256060
2020,36,253241
2008,37,463794
2009,37,474198
2010,37,487721
2011,37,490288
2012,37,471151
2013,37,441097
2014,37,419493
2015,37,19580
2016,37,19713
2017,37,18628
2018,37,20777
2019,37,27255
2020,37,29862
2008,38,61481
2009,38,57785
2010,38,58498
2011,38,83564
2012,38,109755
2013,38,109532
2014,38,177521
2015,38,213854
2016,38,260823
2017,38,250717
2018,38,156049
2019,38,170936
2020,38,161022
2008,39,6396
2009,39,15525
2010,39,20016
2011,39,20790
2012,39,22893
2013,39,21459
2014,39,16542
2015,39,19805
2016,39,20171
2017,39,20203
2018,39,20303
2019,39,24398
2020,39,41691
2008,40,14549
2009,40,9787
2010,40,13319
2011,40,47811
2012,40,60681
2013,40,64112
2014,40,61720
2015,40,65948
2016,40,64947
2017,40,59363
2018,40,64800
2019,40,77062
2020,40,81834
2008,41,207
2009,41,1735
2010,41,2296
2011,41,2657
2012,41,3236
2013,41,5550
2014,41,3937
2015,41,3649
2016,41,3976
2017,41,3664
2018,41,14404
2019,41,9824
2020,41,12301
2008,42,3969000
2009,42,4524000
2010,42,5272000
2011,42,5294000
2012,42,5596000
2013,42,5383000
2014,42,5180000
2015,42,4784000
2016,42,4887000
2017,42,4938000
2018,42,5217000
2019,42,5760000
2020,42,5341000
2008,43,280400
2009,43,308800
2010,43,360500
2011,43,394100
2012,43,423700
2013,43,443400
2014,43,480600
2015,43,490200
2016,43,500600
2017,43,515600
2018,43,540000
2019,43,584700
2020,43,625900
2008,44,358
2009,44,1431
2010,44,2672
2011,44,3908
2012,44,4736
2013,44,4932
2014,44,4643
2015,44,4641
2016,44,4390
2017,44,
2018,44,
2019,44,
2020,44,
2008,45,
2009,45,
2010,45,
2011,45,
2012,45,
2013,45,
2014,45,
2015,45,
2016,45,
2017,45,
2018,45,
2019,45,
2020,45,
2008,46,208930
2009,46,230551
2010,46,205075
2011,46,248335
2012,46,257866
2013,46,242612
2014,46,199726
2015,46,232455
2016,46,253345
2017,46,270756
2018,46,308781
2019,46,406926
2020,46,522672
2008,47,308000
2009,47,363000
2010,47,427000
2011,47,415000
2012,47,489000
2013,47,876000
2014,47,446000
2015,47,395000
2016,47,429000
2017,47,410000
2018,47,463000
2019,47,547000
2020,47,654000
2008,48,390000
2009,48,413000
2010,48,515000
2011,48,584000
2012,48,706000
2013,48,637000
2014,48,696000
2015,48,779000
2016,48,
2017,48,
2018,48,
2019,48,
2020,48,
2008,49,
2009,49,
2010,49,39
2011,49,95
2012,49,207
2013,49,288
2014,49,2002
2015,49,2100
2016,49,1800
2017,49,1081
2018,49,985
2019,49,741
2020,49,767
2008,50,
2009,50,
2010,50,
2011,50,
2012,50,6145
2013,50,4565
2014,50,5430
2015,50,5246
2016,50,5542
2017,50,6659
2018,50,7751
2019,50,7397
2020,50,7580
2008,51,
2009,51,
2010,51,
2011,51,
2012,51,
2013,51,
2014,51,
2015,51,
2016,51,
2017,51,
2018,51,
2019,51,
2020,51,
2008,52,
2009,52,
2010,52,
2011,52,
2012,52,
2013,52,
2014,52,1407
2015,52,1674
2016,52,2002
2017,52,4666
2018,52,4657
2019,52,3716
2020,52,4494
2008,53,10791
2009,53,15082
2010,53,11904
2011,53,10912
2012,53,10152
2013,53,9517
2014,53,8556
2015,53,8511
2016,53,8525
2017,53,8841
2018,53,7588
2019,53,8421
2020,53,10729
2008,54,5066
2009,54,6051
2010,54,6410
2011,54,7347
2012,54,5045
2013,54,4159
2014,54,2710
2015,54,3132
2016,54,3597
2017,54,3833
2018,54,4425
2019,54,6859
2020,54,7899
2008,55,15649
2009,55,16595
2010,55,15565
2011,55,14082
2012,55,15462
2013,55,15644
2014,55,16917
2015,55,18210
2016,55,19142
2017,55,19579
2018,55,20777
2019,55,26760
2020,55,28667
2008,56,8528
2009,56,9932
2010,56,9764
2011,56,9863
2012,56,11091
2013,56,11645
2014,56,11281
2015,56,13507
2016,56,15854
2017,56,16859
2018,56,17018
2019,56,22404
2020,56,21956
2008,57,4269
2009,57,4311
2010,57,4723
2011,57,6683
2012,57,7658
2013,57,7607
2014,57,7590
2015,57,8501
2016,57,9015
2017,57,10267
2018,57,13225
2019,57,
2020,57,
2008,58,65000
2009,58,69000
2010,58,78000
2011,58,142000
2012,58,188000
2013,58,180000
2014,58,144000
2015,58,153000
2016,58,173000
2017,58,177000
2018,58,227000
2019,58,318000
2020,58,325000
2008,59,3052
2009,59,2831
2010,59,2791
2011,59,2937
2012,59,3652
2013,59,4569
2014,59,4919
2015,59,5620
2016,59,5862
2017,59,6398
2018,59,7101
2019,59,9917
2020,59,10928
2008,60,9514
2009,60,9492
2010,60,9353
2011,60,8889
2012,60,17094
2013,60,7757
2014,60,6314
2015,60,6480
2016,60,6802
2017,60,10658
2018,60,8829
2019,60,8922
2020,60,9012
2008,61,4876
2009,61,5285
2010,61,5817
2011,61,6189
2012,61,6885
2013,61,7122
2014,61,6355
2015,61,6311
2016,61,6209
2017,61,7890
2018,61,6315
2019,61,9355
2020,61,8151
2008,62,10284
2009,62,9145
2010,62,9171
2011,62,9786
2012,62,8152
2013,62,7485
2014,62,7310
2015,62,6601
2016,62,5816
2017,62,6395
2018,62,6855
2019,62,7292
2020,62,7099
2008,63,13837
2009,63,15245
2010,63,15557
2011,63,13351
2012,63,12575
2013,63,12572
2014,63,10720
2015,63,11117
2016,63,12007
2017,63,14117
2018,63,18806
2019,63,21266
2020,63,30263
2008,64,5906000
2009,64,5551000
2010,64,5547000
2011,64,5494000
2012,64,5340000
2013,64,4553000
2014,64,4284000
2015,64,4135000
2016,64,4291000
2017,64,4473000
2018,64,4255000
2019,64,4927000
2020,64,4616000
2008,65,4939
2009,65,4763
2010,65,4625
2011,65,4546
2012,65,4252
2013,65,4528
2014,65,4879
2015,65,4990
2016,65,5730
2017,65,6561
2018,65,7197
2019,65,15582
2020,65,16128
2008,66,
2009,66,
2010,66,0
2011,66,35565
2012,66,38282
2013,66,38581
2014,66,38517
2015,66,39468
2016,66,39604
2017,66,43419
2018,66,46092
2019,66,60697
2020,66,61581
2008,67,5131
2009,67,5543
2010,67,5615
2011,67,5732
2012,67,5538
2013,67,3781
2014,67,3093
2015,67,3297
2016,67,4159
2017,67,6381
2018,67,6611
2019,67,9548
2020,67,10094
2008,68,2907
2009,68,3358
2010,68,495
2011,68,498
2012,68,402
2013,68,412
2014,68,581
2015,68,666
2016,68,693
2017,68,831
2018,68,543
2019,68,1040
2020,68,1202
2008,69,94000
2009,69,105800
2010,69,116400
2011,69,106300
2012,69,130500
2013,69,135400
2014,69,131800
2015,69,161200
2016,69,172000
2017,69,192600
2018,69,
2019,69,
2020,69,
2008,70,1999
2009,70,1055
2010,70,1101
2011,70,1233
2012,70,1630
2013,70,1630
2014,70,1688
2015,70,1872
2016,70,1929
2017,70,1940
2018,70,2013
2019,70,2366
2020,70,2265
2008,71,828
2009,71,917
2010,71,1160
2011,71,1200
2012,71,1258
2013,71,1263
2014,71,1448
2015,71,1702
2016,71,1894
2017,71,2033
2018,71,2316
2019,71,3373
2020,71,3893
2008,72,10578
2009,72,10662
2010,72,10393
2011,72,11184
2012,72,11140
2013,72,12042
2014,72,11847
2015,72,16635
2016,72,12929
2017,72,12815
2018,72,16403
2019,72,15649
2020,72,18333
2008,73,839
2009,73,916
2010,73,929
2011,73,1031
2012,73,1190
2013,73,1706
2014,73,1277
2015,73,1403
2016,73,1670
2017,73,
2018,73,
2019,73,
2020,73,
2008,74,
2009,74,
2010,74,
2011,74,
2012,74,
2013,74,
2014,74,
2015,74,
2016,74,
2017,74,
2018,74,
2019,74,
2020,74,
2008,75,
2009,75,
2010,75,
2011,75,
2012,75,
2013,75,
2014,75,391
2015,75,542
2016,75,629
2017,75,767
2018,75,502
2019,75,1737
2020,75,742
2008,76,489000
2009,76,613000
2010,76,668000
2011,76,663000
2012,76,702000
2013,76,759000
2014,76,797000
2015,76,846000
2016,76,616000
2017,76,646000
2018,76,682000
2019,76,722000
2020,76,762000
2008,77,105859
2009,77,121220
2010,77,165095
2011,77,209293
2012,77,205495
2013,77,219717
2014,77,238313
2015,77,267609
2016,77,304438
2017,77,321866
2018,77,354600
2019,77,403262
2020,77,440910
2008,78,196843
2009,78,224514
2010,78,224226
2011,78,233766
2012,78,239127
2013,78,316006
2014,78,331438
2015,78,337000
2016,78,346000
2017,78,383500
2018,78,388800
2019,78,428900
2020,78,457100
2008,79,10569
2009,79,16422
2010,79,17702
2011,79,18676
2012,79,19213
2013,79,22750
2014,79,19720
2015,79,19639
2016,79,20670
2017,79,20613
2018,79,27507
2019,79,39100
2020,79,48400
2008,80,14070
2009,80,16283
2010,80,17414
2011,80,19938
2012,80,20014
2013,80,20429
2014,80,20099
2015,80,20031
2016,80,20250
2017,80,21195
2018,80,22972
2019,80,23326
2020,80,34082
2008,81,716000
2009,81,716000
2010,81,728000
2011,81,555000
2012,81,630000
2013,81,556000
2014,81,521000
2015,81,660000
2016,81,478000
2017,81,486000
2018,81,464000
2019,81,341000
2020,81,352000
2008,82,
2009,82,
2010,82,
2011,82,
2012,82,1035
2013,82,1458
2014,82,3476
2015,82,4414
2016,82,
2017,82,
2018,82,
2019,82,
2020,82,
2008,83,20894
2009,83,21854
2010,83,22465
2011,83,24200
2012,83,24968
2013,83,25526
2014,83,23166
2015,83,27580
2016,83,28616
2017,83,31228
2018,83,31115
2019,83,39946
2020,83,41971
2008,84,141485
2009,84,146174
2010,84,183686
2011,84,211613
2012,84,283272
2013,84,536273
2014,84,116226
2015,84,105808
2016,84,153849
2017,84,134802
2018,84,200285
2019,84,203478
2020,84,218261
2008,85,23919
2009,85,26655
2010,85,26076
2011,85,27496
2012,85,26279
2013,85,24514
2014,85,22557
2015,85,22345
2016,85,21680
2017,85,22332
2018,85,23395
2019,85,41937
2020,85,31672
2008,86,141485
2009,86,146174
2010,86,183686
2011,86,211613
2012,86,283272
2013,86,536273
2014,86,116226
2015,86,105808
2016,86,153849
2017,86,134802
2018,86,200285
2019,86,203478
2020,86,218261
2008,87,1835
2009,87,1892
2010,87,1987
2011,87,2024
2012,87,1942
2013,87,1908
2014,87,1750
2015,87,964
2016,87,962
2017,87,1388
2018,87,1399
2019,87,1552
2020,87,
2008,88,7546
2009,88,81
2010,88,230
2011,88,5185
2012,88,4979
2013,88,133
2014,88,259
2015,88,83
2016,88,1650
2017,88,1381
2018,88,1104
2019,88,
2020,88,
2008,89,2503
2009,89,4183
2010,89,4450
2011,89,3416
2012,89,3046
2013,89,3169
2014,89,3823
2015,89,3917
2016,89,4363
2017,89,4200
2018,89,5034
2019,89,
2020,89,
2008,90,1803
2009,90,2183
2010,90,3744
2011,90,7659
2012,90,13174
2013,90,19153
2014,90,25560
2015,90,36441
2016,90,91168
2017,90,110551
2018,90,
2019,90,
2020,90,
2008,91,
2009,91,
2010,91,
2011,91,
2012,91,2440
2013,91,2775
2014,91,6062
2015,91,480
2016,91,601
2017,91,738
2018,91,1029
2019,91,1075
2020,91,
2008,92,
2009,92,
2010,92,
2011,92,
2012,92,
2013,92,
2014,92,576
2015,92,648
2016,92,721
2017,92,772
2018,92,705
2019,92,378
2020,92,
2008,93,
2009,93,
2010,93,
2011,93,
2012,93,
2013,93,
2014,93,
2015,93,
2016,93,
2017,93,
2018,93,
2019,93,
2020,93,
2008,94,
2009,94,
2010,94,
2011,94,
2012,94,
2013,94,
2014,94,
2015,94,
2016,94,
2017,94,
2018,94,
2019,94,
2020,94,
2008,95,29142
2009,95,29914
2010,95,31581
2011,95,43812
2012,95,47286
2013,95,48896
2014,95,47052
2015,95,50752
2016,95,52457
2017,95,62759
2018,95,72157
2019,95,190529
2020,95,198976
2008,96,16781
2009,96,19441
2010,96,19755
2011,96,19802
2012,96,15140
2013,96,16185
2014,96,
2015,96,
2016,96,
2017,96,
2018,96,
2019,96,
2020,96,
2008,97,5848
2009,97,6142
2010,97,6434
2011,97,4615
2012,97,3117
2013,97,2585
2014,97,2604
2015,97,2095
2016,97,1587
2017,97,1728
2018,97,1715
2019,97,6092
2020,97,6168
2008,98,14828
2009,98,17198
2010,98,21595
2011,98,26713
2012,98,29299
2013,98,28405
2014,98,30399
2015,98,50637
2016,98,63179
2017,98,69609
2018,98,67508
2019,98,75422
2020,98,76649
2008,99,4833
2009,99,6177
2010,99,7441
2011,99,8329
2012,99,10146
2013,99,10330
2014,99,10507
2015,99,11829
2016,99,10674
2017,99,9664
2018,99,
2019,99,
2020,99,
2008,100,42607
2009,100,37468
2010,100,39859
2011,100,41256
2012,100,35590
2013,100,44866
2014,100,46818
2015,100,52490
2016,100,52953
2017,100,58236
2018,100,61581
2019,100,78257
2020,100,80993
2008,101,1670
2009,101,1568
2010,101,1469
2011,101,1339
2012,101,1221
2013,101,1250
2014,101,1335
2015,101,1411
2016,101,1271
2017,101,1293
2018,101,1281
2019,101,1088
2020,101,2566
2008,102,16855
2009,102,16556
2010,102,15640
2011,102,14503
2012,102,14900
2013,102,15989
2014,102,16672
2015,102,17350
2016,102,18676
2017,102,20516
2018,102,20202
2019,102,25415
2020,102,25452
2008,103,10820
2009,103,10019
2010,103,8702
2011,103,7133
2012,103,6143
2013,103,5611
2014,103,5852
2015,103,5907
2016,103,6563
2017,103,7643
2018,103,7301
2019,103,
2020,103,
2008,104,1358
2009,104,1726
2010,104,1933
2011,104,1815
2012,104,2029
2013,104,2206
2014,104,2903
2015,104,2414
2016,104,2471
2017,104,2540
2018,104,2746
2019,104,2970
2020,104,15741
2008,105,1018
2009,105,758
2010,105,745
2011,105,729
2012,105,748
2013,105,700
2014,105,723
2015,105,751
2016,105,837
2017,105,908
2018,105,1137
2019,105,1315
2020,105,1747
2008,106,6706
2009,106,6772
2010,106,7378
2011,106,7117
2012,106,12160
2013,106,11821
2014,106,11473
2015,106,12528
2016,106,12789
2017,106,13365
2018,106,14876
2019,106,21994
2020,106,22692
2008,107,15795
2009,107,13750
2010,107,10354
2011,107,6665
2012,107,5953
2013,107,5306
2014,107,5323
2015,107,2596
2016,107,1690
2017,107,1360
2018,107,1259
2019,107,5029
2020,107,5510
2008,108,
2009,108,
2010,108,
2011,108,
2012,108,
2013,108,
2014,108,11
2015,108,6791
2016,108,14910
2017,108,17759
2018,108,23537
2019,108,41047
2020,108,42646
2008,109,
2009,109,414
2010,109,548
2011,109,810
2012,109,953
2013,109,2202
2014,109,3655
2015,109,4649
2016,109,
2017,109,
2018,109,
2019,109,
2020,109,
2008,110,789
2009,110,759
2010,110,600
2011,110,96
2012,110,3869
2013,110,37
2014,110,30
2015,110,3
2016,110,1
2017,110,67
2018,110,0
2019,110,0
2020,110,22
2008,111,1820
2009,111,7534
2010,111,51
2011,111,378
2012,111,551
2013,111,3146
2014,111,683
2015,111,294
2016,111,271
2017,111,15
2018,111,197
2019,111,181
2020,111,336
2008,112,14333
2009,112,13867
2010,112,13635
2011,112,18442
2012,112,19039
2013,112,19190
2014,112,22414
2015,112,32437
2016,112,37815
2017,112,40038
2018,112,43571
2019,112,80869
2020,112,
2008,113,12992
2009,113,13318
2010,113,12454
2011,113,13094
2012,113,15107
2013,113,13836
2014,113,13323
2015,113,15471
2016,113,17863
2017,113,19904
2018,113,22820
2019,113,33287
2020,113,33384
2008,114,634
2009,114,709
2010,114,687
2011,114,641
2012,114,528
2013,114,713
2014,114,627
2015,114,696
2016,114,661
2017,114,982
2018,114,1182
2019,114,2319
2020,114,
2008,115,5287
2009,115,5158
2010,115,5118
2011,115,4947
2012,115,4903
2013,115,4903
2014,115,5393
2015,115,5791
2016,115,
2017,115,
2018,115,
2019,115,
2020,115,
2008,116,11937
2009,116,12057
2010,116,12199
2011,116,12192
2012,116,12919
2013,116,12856
2014,116,12292
2015,116,12185
2016,116,12853
2017,116,12826
2018,116,12728
2019,116,15183
2020,116,16968
2008,117,2671
2009,117,3416
2010,117,5517
2011,117,5787
2012,117,6706
2013,117,6979
2014,117,7876
2015,117,11230
2016,117,12830
2017,117,14633
2018,117,15245
2019,117,19075
2020,117,21842
2008,118,31035
2009,118,31212
2010,118,32472
2011,118,32127
2012,118,31830
2013,118,32642
2014,118,26559
2015,118,26069
2016,118,21554
2017,118,20021
2018,118,19006
2019,118,20214
2020,118,20412
2008,119,10942
2009,119,17024
2010,119,18893
2011,119,18077
2012,119,20143
2013,119,23719
2014,119,29961
2015,119,41693
2016,119,43602
2017,119,47464
2018,119,50415
2019,119,69254
2020,119,77009
2008,120,
2009,120,
2010,120,
2011,120,65768
2012,120,59896
2013,120,88959
2014,120,99207
2015,120,109061
2016,120,109392
2017,120,119822
2018,120,136098
2019,120,161777
2020,120,186588
2008,121,
2009,121,
2010,121,
2011,121,
2012,121,888000
2013,121,957000
2014,121,1181450
2015,121,1473323
2016,121,1586441
2017,121,1612629
2018,121,1559929
2019,121,1385813
2020,121,1302245
2008,122,56830
2009,122,58368
2010,122,66784
2011,122,82677
2012,122,88849
2013,122,93541
2014,122,95952
2015,122,99316
2016,122,96209
2017,122,98826
2018,122,103704
2019,122,102951
2020,122,95980
2008,123,
2009,123,
2010,123,
2011,123,
2012,123,
2013,123,
2014,123,268
2015,123,382
2016,123,482
2017,123,798
2018,123,2673
2019,123,3549
2020,123,3581
2008,124,
2009,124,
2010,124,
2011,124,
2012,124,
2013,124,
2014,124,
2015,124,1329
2016,124,2355
2017,124,2963
2018,124,3352
2019,124,5697
2020,124,4896
2008,125,
2009,125,
2010,125,
2011,125,
2012,125,
2013,125,
2014,125,
2015,125,12340
2016,125,17350
2017,125,15143
2018,125,16422
2019,125,24212
2020,125,28298
2008,126,54109
2009,126,56273
2010,126,45848
2011,126,45396
2012,126,48887
2013,126,44726
2014,126,31896
2015,126,263
2016,126,435
2017,126,437
2018,126,406
2019,126,559
2020,126,803
2008,127,19601
2009,127,13306
2010,127,14579
2011,127,14701
2012,127,14625
2013,127,686
2014,127,617
2015,127,566
2016,127,495
2017,127,479
2018,127,552
2019,127,598
2020,127,643
2008,128,177954
2009,128,185500
2010,128,203413
2011,128,234137
2012,128,252091
2013,128,249286
2014,128,271327
2015,128,290847
2016,128,317852
2017,128,327569
2018,128,307656
2019,128,
2020,128,
2008,129,25042
2009,129,23572
2010,129,21354
2011,129,22217
2012,129,24684
2013,129,26700
2014,129,11223
2015,129,15515
2016,129,18336
2017,129,25026
2018,129,
2019,129,
2020,129,
2008,130,10505
2009,130,11825
2010,130,13215
2011,130,13067
2012,130,15461
2013,130,15247
2014,130,14700
2015,130,15738
2016,130,16950
2017,130,15741
2018,130,15446
2019,130,
2020,130,
2008,131,4087
2009,131,4635
2010,131,3270
2011,131,3716
2012,131,4236
2013,131,4198
2014,131,4176
2015,131,8359
2016,131,8563
2017,131,9051
2018,131,10006
2019,131,11202
2020,131,10446
2008,132,404950
2009,132,424562
2010,132,482891
2011,132,534928
2012,132,641793
2013,132,696788
2014,132,875964
2015,132,916892
2016,132,954947
2017,132,1088044
2018,132,1364476
2019,132,3907000
2020,132,3602000
2008,133,24138
2009,133,24240
2010,133,26220
2011,133,27941
2012,133,47721
2013,133,22765
2014,133,23022
2015,133,24271
2016,133,
2017,133,
2018,133,
2019,133,
2020,133,
2008,134,178975
2009,134,186692
2010,134,204710
2011,134,235400
2012,134,253355
2013,134,250666
2014,134,273141
2015,134,292344
2016,134,321746
2017,134,335250
2018,134,317770
2019,134,324697
2020,134,224018
2008,135,
2009,135,
2010,135,
2011,135,
2012,135,6205
2013,135,6534
2014,135,7007
2015,135,7352
2016,135,7941
2017,135,8595
2018,135,9302
2019,135,10569
2020,135,10628
2008,136,656
2009,136,795
2010,136,854
2011,136,804
2012,136,714
2013,136,849
2014,136,1211
2015,136,2920
2016,136,3788
2017,136,7714
2018,136,7728
2019,136,6970
2020,136,13266
2008,137,202
2009,137,472
2010,137,577
2011,137,681
2012,137,720
2013,137,789
2014,137,844
2015,137,804
2016,137,789
2017,137,838
2018,137,1414
2019,137,2292
2020,137,2203
2008,138,
2009,138,
2010,138,
2011,138,
2012,138,
2013,138,
2014,138,
2015,138,
2016,138,
2017,138,
2018,138,
2019,138,
2020,138,
2008,139,15365
2009,139,2734
2010,139,3397
2011,139,8264
2012,139,3923
2013,139,3593
2014,139,4767
2015,139,3270
2016,139,5379
2017,139,6306
2018,139,8960
2019,139,9939
2020,139,10091
2008,140,12877
2009,140,12239
2010,140,12101
2011,140,11417
2012,140,11094
2013,140,10228
2014,140,279
2015,140,84
2016,140,28
2017,140,198
2018,140,393
2019,140,
2020,140,
2008,141,10539
2009,141,9892
2010,141,9528
2011,141,8927
2012,141,8857
2013,141,8564
2014,141,7986
2015,141,6689
2016,141,6478
2017,141,6751
2018,141,2807
2019,141,6296
2020,141,6729
2008,142,1000
2009,142,994
2010,142,973
2011,142,842
2012,142,882
2013,142,5606
2014,142,3607
2015,142,8217
2016,142,27200
2017,142,54900
2018,142,46400
2019,142,41400
2020,142,67400
2008,143,17721
2009,143,17417
2010,143,14516
2011,143,15731
2012,143,15037
2013,143,14202
2014,143,12311
2015,143,10749
2016,143,10195
2017,143,8083
2018,143,6887
2019,143,9563
2020,143,
2008,144,26293
2009,144,31341
2010,144,29557
2011,144,23370
2012,144,21517
2013,144,21786
2014,144,15254
2015,144,16303
2016,144,20834
2017,144,13215
2018,144,9005
2019,144,16719
2020,144,17169
2008,145,6961
2009,145,7485
2010,145,7312
2011,145,7136
2012,145,6645
2013,145,6866
2014,145,4778
2015,145,4756
2016,145,4650
2017,145,2831
2018,145,1832
2019,145,2167
2020,145,2392
2008,146,7828
2009,146,7974
2010,146,8831
2011,146,3620
2012,146,4821
2013,146,8244
2014,146,4980
2015,146,5285
2016,146,5660
2017,146,5402
2018,146,5981
2019,146,8659
2020,146,8473
2008,147,40968
2009,147,23929
2010,147,23969
2011,147,23156
2012,147,24955
2013,147,25152
2014,147,23941
2015,147,23091
2016,147,30557
2017,147,32745
2018,147,21154
2019,147,22356
2020,147,41186
2008,148,11241
2009,148,10966
2010,148,10557
2011,148,10414
2012,148,11372
2013,148,9556
2014,148,8406
2015,148,7934
2016,148,7676
2017,148,5578
2018,148,5205
2019,148,7166
2020,148,
2008,149,43137
2009,149,41271
2010,149,36844
2011,149,37219
2012,149,42038
2013,149,32242
2014,149,15529
2015,149,14807
2016,149,14915
2017,149,16216
2018,149,18640
2019,149,31830
2020,149,
2008,150,1104700
2009,150,1149900
2010,150,1129900
2011,150,1232000
2012,150,1259800
2013,150,1058000
2014,150,1056000
2015,150,1118700
2016,150,1210700
2017,150,1083200
2018,150,841000
2019,150,579200
2020,150,518800
2008,151,
2009,151,
2010,151,
2011,151,83
2012,151,189
2013,151,294
2014,151,1304
2015,151,1291
2016,151,2766
2017,151,5747
2018,151,6300
2019,151,7800
2020,151,8116
2008,152,
2009,152,
2010,152,
2011,152,
2012,152,
2013,152,
2014,152,3569
2015,152,2345
2016,152,112
2017,152,109
2018,152,312
2019,152,1590
2020,152,336
2008,153,113800
2009,153,99400
2010,153,97500
2011,153,100800
2012,153,90500
2013,153,68500
2014,153,60800
2015,153,58600
2016,153,53600
2017,153,39600
2018,153,31100
2019,153,49200
2020,153,47400
2008,154,
2009,154,
2010,154,
2011,154,
2012,154,
2013,154,772
2014,154,4214
2015,154,2946
2016,154,3323
2017,154,4118
2018,154,6971
2019,154,8179
2020,154,13663
2008,155,
2009,155,
2010,155,
2011,155,
2012,155,
2013,155,
2014,155,14731
2015,155,12604
2016,155,8858
2017,155,8118
2018,155,8694
2019,155,9972
2020,155,10105
2008,156,
2009,156,
2010,156,
2011,156,809
2012,156,906
2013,156,1067
2014,156,25717
2015,156,48015
2016,156,38884
2017,156,34046
2018,156,32848
2019,156,42192
2020,156,45324
2008,157,
2009,157,
2010,157,
2011,157,
2012,157,311
2013,157,280
2014,157,679
2015,157,1261
2016,157,1053
2017,157,1762
2018,157,1591
2019,157,
2020,157,
2008,158,
2009,158,
2010,158,
2011,158,
2012,158,
2013,158,
2014,158,
2015,158,213
2016,158,226
2017,158,239
2018,158,233
2019,158,236
2020,158,
2008,159,
2009,159,
2010,159,
2011,159,
2012,159,
2013,159,
2014,159,126
2015,159,
2016,159,3
2017,159,150
2018,159,144
2019,159,115
2020,159,
2008,160,
2009,160,
2010,160,
2011,160,1230
2012,160,1518
2013,160,1498
2014,160,1523
2015,160,2721
2016,160,4747
2017,160,5739
2018,160,7852
2019,160,1770
2020,160,1876
2008,161,
2009,161,
2010,161,
2011,161,
2012,161,
2013,161,
2014,161,339
2015,161,1409
2016,161,2101
2017,161,2380
2018,161,2527
2019,161,3006
2020,161,3568
2008,162,
2009,162,
2010,162,
2011,162,
2012,162,
2013,162,
2014,162,1008
2015,162,1299
2016,162,1678
2017,162,1644
2018,162,2100
2019,162,3006
2020,162,3357
2008,163,
2009,163,
2010,163,
2011,163,
2012,163,
2013,163,
2014,163,85
2015,163,185
2016,163,235
2017,163,326
2018,163,539
2019,163,774
2020,163,1098
2008,164,1401
2009,164,2525
2010,164,3540
2011,164,3446
2012,164,4562
2013,164,4268
2014,164,3308
2015,164,1626
2016,164,1284
2017,164,1678
2018,164,105
2019,164,119
2020,164,303
2008,165,
2009,165,
2010,165,
2011,165,
2012,165,
2013,165,
2014,165,
2015,165,
2016,165,
2017,165,
2018,165,
2019,165,
2020,165,
2008,166,
2009,166,
2010,166,
2011,166,
2012,166,
2013,166,
2014,166,10103
2015,166,8780
2016,166,13562
2017,166,12501
2018,166,14328
2019,166,129658
2020,166,313842
2008,167,167916
2009,167,193130
2010,167,207327
2011,167,213316
2012,167,244186
2013,167,193287
2014,167,199035
2015,167,245394
2016,167,226740
2017,167,178432
2018,167,175461
2019,167,198697
2020,167,208677
2008,168,27410
2009,168,18266
2010,168,22674
2011,168,25396
2012,168,29699
2013,168,25132
2014,168,23410
2015,168,28070
2016,168,16239
2017,168,14950
2018,168,19587
2019,168,19265
2020,168,18215
2008,169,8430000
2009,169,8768000
2010,169,8885000
2011,169,8302000
2012,169,9543000
2013,169,9312000
2014,169,9976000
2015,169,9663000
2016,169,7561000
2017,169,7485000
2018,169,6990000
2019,169,8112000
2020,169,7683000
2008,170,200045
2009,170,135894
2010,170,116298
2011,170,143862
2012,170,148491
2013,170,205581
2014,170,152699
2015,170,161757
2016,170,251349
2017,170,250937
2018,170,274069
2019,170,305295
2020,170,305188
2008,171,14807
2009,171,17122
2010,171,27245
2011,171,22725
2012,171,17411
2013,171,9822
2014,171,5795
2015,171,6118
2016,171,5760
2017,171,6669
2018,171,9716
2019,171,43663
2020,171,45532
2008,172,2992
2009,172,4761
2010,172,5341
2011,172,5113
2012,172,3654
2013,172,6373
2014,172,5272
2015,172,5073
2016,172,4885
2017,172,4904
2018,172,5818
2019,172,7065
2020,172,6200
2008,173,353000
2009,173,438000
2010,173,514000
2011,173,608000
2012,173,701000
2013,173,724000
2014,173,737000
2015,173,741000
2016,173,684000
2017,173,505000
2018,173,464000
2019,173,615000
2020,173,591000
2008,174,264938
2009,174,285923
2010,174,301630
2011,174,323889
2012,174,358281
2013,174,366654
2014,174,383996
2015,174,476888
2016,174,512859
2017,174,540420
2018,174,515067
2019,174,
2020,174,
2008,175,25180
2009,175,26259
2010,175,27911
2011,175,31849
2012,175,38089
2013,175,42256
2014,175,41583
2015,175,48233
2016,175,46165
2017,175,44219
2018,175,43074
2019,175,149157
2020,175,144765
2008,176,6389
2009,176,6431
2010,176,6422
2011,176,5900
2012,176,6900
2013,176,6040
2014,176,6433
2015,176,6341
2016,176,6261
2017,176,6419
2018,176,5822
2019,176,11523
2020,176,11921
2008,177,29015
2009,177,36885
2010,177,38736
2011,177,38756
2012,177,39193
2013,177,45318
2014,177,37753
2015,177,36939
2016,177,34724
2017,177,33846
2018,177,32984
2019,177,102608
2020,177,98357
2008,178,39983
2009,178,53451
2010,178,40040
2011,178,36428
2012,178,41223
2013,178,36517
2014,178,35399
2015,178,41065
2016,178,47209
2017,178,42076
2018,178,47631
2019,178,76807
2020,178,59768
2008,179,3980
2009,179,3016
2010,179,2648
2011,179,2661
2012,179,3013
2013,179,3117
2014,179,3147
2015,179,3438
2016,179,4150
2017,179,4198
2018,179,4337
2019,179,4432
2020,179,4599
2008,180,10237
2009,180,10446
2010,180,9659
2011,180,9652
2012,180,13966
2013,180,12790
2014,180,12322
2015,180,12655
2016,180,11955
2017,180,11559
2018,180,11761
2019,180,28028
2020,180,26468
2008,181,3674
2009,181,3263
2010,181,2568
2011,181,2014
2012,181,1852
2013,181,1706
2014,181,1663
2015,181,1741
2016,181,1807
2017,181,1926
2018,181,1750
2019,181,4150
2020,181,3223
2008,182,13123
2009,182,16475
2010,182,9116
2011,182,10456
2012,182,10020
2013,182,8372
2014,182,7457
2015,182,6467
2016,182,6176
2017,182,5243
2018,182,
2019,182,
2020,182,
2008,183,22163
2009,183,25208
2010,183,26703
2011,183,26344
2012,183,33662
2013,183,38740
2014,183,47228
2015,183,59283
2016,183,62056
2017,183,61400
2018,183,64101
2019,183,185268
2020,183,182439
2008,184,9268
2009,184,9139
2010,184,10261
2011,184,15241
2012,184,9518
2013,184,10132
2014,184,
2015,184,
2016,184,
2017,184,
2018,184,
2019,184,
2020,184,
2008,185,
2009,185,3250
2010,185,3840
2011,185,5253
2012,185,7125
2013,185,11225
2014,185,13712
2015,185,18149
2016,185,20047
2017,185,22755
2018,185,25605
2019,185,86250
2020,185,104284
2008,186,1951
2009,186,1748
2010,186,2166
2011,186,3058
2012,186,3073
2013,186,2808
2014,186,2797
2015,186,2714
2016,186,2717
2017,186,3183
2018,186,3386
2019,186,3901
2020,186,3688
2008,187,
2009,187,
2010,187,
2011,187,
2012,187,304
2013,187,1788
2014,187,2481
2015,187,2019
2016,187,2489
2017,187,2291
2018,187,1841
2019,187,1724
2020,187,1189
2008,188,
2009,188,
2010,188,10215
2011,188,15527
2012,188,21126
2013,188,19185
2014,188,26276
2015,188,35959
2016,188,41635
2017,188,47273
2018,188,56499
2019,188,171123
2020,188,200976
2008,189,
2009,189,
2010,189,
2011,189,
2012,189,
2013,189,67039
2014,189,52062
2015,189,26540
2016,189,54555
2017,189,57392
2018,189,59820
2019,189,64202
2020,189,212791
2008,190,
2009,190,
2010,190,
2011,190,
2012,190,
2013,190,
2014,190,
2015,190,385
2016,190,426
2017,190,491
2018,190,544
2019,190,575
2020,190,282
2008,191,3376
2009,191,4421
2010,191,5300
2011,191,5077
2012,191,4501
2013,191,3906
2014,191,3896
2015,191,2027
2016,191,1207
2017,191,1068
2018,191,1046
2019,191,1103
2020,191,1196
2008,192,271
2009,192,232
2010,192,150
2011,192,88
2012,192,52
2013,192,45
2014,192,40
2015,192,71
2016,192,35
2017,192,48
2018,192,47
2019,192,207
2020,192,219
2008,193,1783
2009,193,1838
2010,193,1209
2011,193,1079
2012,193,594
2013,193,550
2014,193,431
2015,193,626
2016,193,1426
2017,193,1682
2018,193,1570
2019,193,3324
2020,193,
2008,194,29443
2009,194,34814
2010,194,26950
2011,194,24265
2012,194,24761
2013,194,34730
2014,194,42788
2015,194,38483
2016,194,37932
2017,194,48153
2018,194,56860
2019,194,78248
2020,194,93672
2008,195,
2009,195,
2010,195,
2011,195,792
2012,195,884
2013,195,920
2014,195,892
2015,195,985
2016,195,1247
2017,195,1398
2018,195,2041
2019,195,
2020,195,
2008,196,4885
2009,196,6978
2010,196,7645
2011,196,6332
2012,196,7223
2013,196,7949
2014,196,8021
2015,196,9371
2016,196,11669
2017,196,12353
2018,196,13849
2019,196,37241
2020,196,42441
2008,197,18283
2009,197,20190
2010,197,19216
2011,197,18045
2012,197,18451
2013,197,20712
2014,197,17357
2015,197,17602
2016,197,17652
2017,197,
2018,197,
2019,197,
2020,197,
2008,198,3189
2009,198,3768
2010,198,4049
2011,198,3991
2012,198,4079
2013,198,5952
2014,198,6015
2015,198,5336
2016,198,5892
2017,198,6231
2018,198,5333
2019,198,8684
2020,198,10236
2008,199,3385
2009,199,3555
2010,199,3728
2011,199,3523
2012,199,3601
2013,199,4437
2014,199,5317
2015,199,5793
2016,199,5796
2017,199,6030
2018,199,4829
2019,199,6128
2020,199,5861
2008,200,176146
2009,200,46655
2010,200,47801
2011,200,55125
2012,200,42767
2013,200,39797
2014,200,36439
2015,200,37761
2016,200,49544
2017,200,48978
2018,200,39652
2019,200,34112
2020,200,41300
2008,201,8314
2009,201,11362
2010,201,13324
2011,201,6958
2012,201,6890
2013,201,7420
2014,201,7784
2015,201,6866
2016,201,6338
2017,201,
2018,201,
2019,201,
2020,201,
2008,202,4594
2009,202,4633
2010,202,3942
2011,202,3554
2012,202,1062
2013,202,1248
2014,202,1325
2015,202,1066
2016,202,1188
2017,202,1210
2018,202,1931
2019,202,2730
2020,202,3439
2008,203,8914
2009,203,8674
2010,203,7693
2011,203,6030
2012,203,4720
2013,203,5120
2014,203,5378
2015,203,6186
2016,203,6055
2017,203,5400
2018,203,5456
2019,203,6804
2020,203,8393
2008,204,768
2009,204,546
2010,204,239
2011,204,283
2012,204,274
2013,204,403
2014,204,505
2015,204,706
2016,204,994
2017,204,799
2018,204,721
2019,204,1018
2020,204,788
2008,205,2643
2009,205,2560
2010,205,2594
2011,205,2661
2012,205,3342
2013,205,3592
2014,205,3925
2015,205,4314
2016,205,5745
2017,205,4520
2018,205,20808
2019,205,
2020,205,
2008,206,2528
2009,206,3497
2010,206,4000
2011,206,5111
2012,206,8946
2013,206,8552
2014,206,8144
2015,206,8287
2016,206,
2017,206,
2018,206,
2019,206,
2020,206,
2008,207,400
2009,207,960
2010,207,1123
2011,207,1561
2012,207,1637
2013,207,1842
2014,207,2672
2015,207,3190
2016,207,3197
2017,207,3659
2018,207,
2019,207,
2020,207,
2008,208,41
2009,208,212
2010,208,339
2011,208,85
2012,208,276
2013,208,388
2014,208,452
2015,208,392
2016,208,559
2017,208,996
2018,208,1422
2019,208,1953
2020,208,1586
2008,209,
2009,209,
2010,209,
2011,209,
2012,209,
2013,209,6053
2014,209,5313
2015,209,4820
2016,209,4769
2017,209,6846
2018,209,8984
2019,209,11694
2020,209,21673
2008,210,
2009,210,
2010,210,
2011,210,
2012,210,
2013,210,
2014,210,380
2015,210,373
2016,210,778
2017,210,595
2018,210,686
2019,210,982
2020,210,763
2008,211,
2009,211,152
2010,211,175
2011,211,219
2012,211,258
2013,211,482
2014,211,1218
2015,211,4600
2016,211,753
2017,211,450
2018,211,365
2019,211,756
2020,211,960
2008,212,
2009,212,
2010,212,942
2011,212,930
2012,212,890
2013,212,1098
2014,212,1658
2015,212,5141
2016,212,6303
2017,212,7405
2018,212,5209
2019,212,8297
2020,212,7494
2008,213,
2009,213,
2010,213,4137
2011,213,4394
2012,213,4813
2013,213,4783
2014,213,4974
2015,213,6123
2016,213,6170
2017,213,
2018,213,
2019,213,
2020,213,
2008,214,
2009,214,
2010,214,
2011,214,
2012,214,
2013,214,422
2014,214,622
2015,214,1056
2016,214,1207
2017,214,1599
2018,214,1872
2019,214,2946
2020,214,3554
2008,215,
2009,215,
2010,215,
2011,215,556
2012,215,717
2013,215,767
2014,215,892
2015,215,1057
2016,215,1291
2017,215,
2018,215,
2019,215,
2020,215,
2008,216,
2009,216,
2010,216,
2011,216,
2012,216,
2013,216,
2014,216,1052
2015,216,1423
2016,216,1784
2017,216,2660
2018,216,3002
2019,216,4005
2020,216,7566
2008,217,
2009,217,
2010,217,
2011,217,
2012,217,
2013,217,687
2014,217,703
2015,217,256
2016,217,297
2017,217,1303
2018,217,1862
2019,217,2936
2020,217,3553
2008,218,15154
2009,218,17354
2010,218,16101
2011,218,14044
2012,218,14214
2013,218,14198
2014,218,13457
2015,218,12315
2016,218,8428
2017,218,6857
2018,218,5891
2019,218,45171
2020,218,44761
2008,219,2491
2009,219,1742
2010,219,1114
2011,219,1017
2012,219,862
2013,219,683
2014,219,557
2015,219,579
2016,219,624
2017,219,803
2018,219,1202
2019,219,1896
2020,219,2020
2008,220,5768
2009,220,7820
2010,220,15010
2011,220,14129
2012,220,15554
2013,220,10792
2014,220,8603
2015,220,12164
2016,220,5720
2017,220,3834
2018,220,2277
2019,220,4950
2020,220,
2008,221,28717
2009,221,34787
2010,221,38005
2011,221,40974
2012,221,42247
2013,221,41713
2014,221,43647
2015,221,46317
2016,221,49499
2017,221,52607
2018,221,49459
2019,221,54538
2020,221,53013
2008,222,
2009,222,
2010,222,
2011,222,
2012,222,
2013,222,
2014,222,348
2015,222,419
2016,222,418
2017,222,328
2018,222,143
2019,222,229
2020,222,158
2008,223,
2009,223,
2010,223,
2011,223,
2012,223,
2013,223,
2014,223,
2015,223,724
2016,223,10757
2017,223,10873
2018,223,
2019,223,
2020,223,
2008,224,
2009,224,
2010,224,
2011,224,
2012,224,
2013,224,
2014,224,
2015,224,
2016,224,
2017,224,
2018,224,
2019,224,
2020,224,
2008,225,
2009,225,
2010,225,0
2011,225,2
2012,225,2
2013,225,41
2014,225,1
2015,225,16
2016,225,26
2017,225,39
2018,225,37
2019,225,13
2020,225,
2008,226,3810
2009,226,3855
2010,226,5479
2011,226,4725
2012,226,3982
2013,226,4011
2014,226,4348
2015,226,3010
2016,226,2549
2017,226,2530
2018,226,2012
2019,226,2417
2020,226,2853
2008,227,
2009,227,
2010,227,
2011,227,61541
2012,227,69541
2013,227,62744
2014,227,51525
2015,227,76716
2016,227,78027
2017,227,67077
2018,227,73780
2019,227,84565
2020,227,80086
2008,228,3825
2009,228,3284
2010,228,2634
2011,228,2702
2012,228,2421
2013,228,2283
2014,228,1888
2015,228,5834
2016,228,5398
2017,228,4397
2018,228,4318
2019,228,7645
2020,228,7023
2008,229,
2009,229,
2010,229,
2011,229,1725
2012,229,1531
2013,229,1572
2014,229,2022
2015,229,2392
2016,229,3305
2017,229,4216
2018,229,5468
2019,229,
2020,229,
2008,230,
2009,230,
2010,230,
2011,230,
2012,230,1866
2013,230,1875
2014,230,1890
2015,230,1283
2016,230,1046
2017,230,839
2018,230,966
2019,230,4824
2020,230,4973
2008,231,909
2009,231,994
2010,231,1029
2011,231,676
2012,231,698
2013,231,601
2014,231,442
2015,231,444
2016,231,655
2017,231,683
2018,231,416
2019,231,593
2020,231,577
2008,232,5686
2009,232,4631
2010,232,3819
2011,232,3253
2012,232,2724
2013,232,2822
2014,232,3267
2015,232,3337
2016,232,3075
2017,232,4750
2018,232,4691
2019,232,14662
2020,232,14236
2008,233,14712
2009,233,15529
2010,233,9667
2011,233,10303
2012,233,46447
2013,233,45154
2014,233,42640
2015,233,39033
2016,233,40807
2017,233,40795
2018,233,39863
2019,233,93799
2020,233,
2008,234,7945
2009,234,7205
2010,234,7851
2011,234,7708
2012,234,7955
2013,234,6299
2014,234,5374
2015,234,5443
2016,234,5257
2017,234,4377
2018,234,2064
2019,234,3914
2020,234,4042
2008,235,41057
2009,235,39405
2010,235,32138
2011,235,30686
2012,235,27648
2013,235,2230
2014,235,2215
2015,235,422
2016,235,0
2017,235,0
2018,235,0
2019,235,
2020,235,
2008,236,205
2009,236,540
2010,236,381
2011,236,382
2012,236,1030
2013,236,615
2014,236,619
2015,236,578
2016,236,278
2017,236,3
2018,236,9
2019,236,1
2020,236,0
2008,237,26513
2009,237,29361
2010,237,35755
2011,237,48553
2012,237,53714
2013,237,56480
2014,237,59062
2015,237,66351
2016,237,76331
2017,237,91750
2018,237,119746
2019,237,160495
2020,237,183993
2008,238,24097
2009,238,24659
2010,238,24054
2011,238,21898
2012,238,28960
2013,238,31237
2014,238,28541
2015,238,37400
2016,238,47566
2017,238,54974
2018,238,57810
2019,238,87412
2020,238,105011
2008,239,15971
2009,239,17529
2010,239,19752
2011,239,14687
2012,239,18927
2013,239,17755
2014,239,18287
2015,239,20389
2016,239,22745
2017,239,26783
2018,239,38216
2019,239,40739
2020,239,39300
2008,240,11699
2009,240,13132
2010,240,17293
2011,240,19140
2012,240,21459
2013,240,19999
2014,240,14661
2015,240,14426
2016,240,17738
2017,240,21728
2018,240,22774
2019,240,31369
2020,240,31985
2008,241,5817
2009,241,5655
2010,241,5779
2011,241,5786
2012,241,5446
2013,241,5140
2014,241,5089
2015,241,4394
2016,241,4402
2017,241,4048
2018,241,3829
2019,241,3856
2020,241,3934
2008,242,260349
2009,242,324557
2010,242,305017
2011,242,298839
2012,242,313633
2013,242,210099
2014,242,187465
2015,242,211601
2016,242,206652
2017,242,212662
2018,242,227807
2019,242,256196
2020,242,609442
2008,243,
2009,243,
2010,243,
2011,243,
2012,243,
2013,243,
2014,243,
2015,243,
2016,243,
2017,243,
2018,243,
2019,243,
2020,243,
2008,244,52241
2009,244,55023
2010,244,56931
2011,244,65273
2012,244,59192
2013,244,54339
2014,244,58551
2015,244,58328
2016,244,56748
2017,244,49787
2018,244,
2019,244,
2020,244,
2008,245,
2009,245,
2010,245,
2011,245,483
2012,245,352
2013,245,360
2014,245,453
2015,245,318
2016,245,566
2017,245,510
2018,245,532
2019,245,1632
2020,245,1956
2008,246,535672
2009,246,533827
2010,246,537360
2011,246,533274
2012,246,564585
2013,246,588644
2014,246,618877
2015,246,576000
2016,246,591000
2017,246,550000
2018,246,537000
2019,246,774000
2020,246,717000
2008,247,
2009,247,
2010,247,
2011,247,
2012,247,
2013,247,
2014,247,
2015,247,
2016,247,
2017,247,
2018,247,
2019,247,
2020,247,
2008,248,
2009,248,
2010,248,
2011,248,
2012,248,
2013,248,
2014,248,
2015,248,
2016,248,
2017,248,
2018,248,
2019,248,
2020,248,
2008,249,732
2009,249,10524
2010,249,7230
2011,249,7080
2012,249,16647
2013,249,14213
2014,249,11824
2015,249,6752
2016,249,6885
2017,249,2649
2018,249,2409
2019,249,4778
2020,249,5048
2008,250,
2009,250,
2010,250,
2011,250,
2012,250,
2013,250,
2014,250,
2015,250,
2016,250,
2017,250,461
2018,250,324
2019,250,1569
2020,250,2813
2008,251,
2009,251,
2010,251,
2011,251,
2012,251,
2013,251,
2014,251,
2015,251,
2016,251,
2017,251,
2018,251,
2019,251,
2020,251,
2008,252,
2009,252,
2010,252,
2011,252,
2012,252,
2013,252,
2014,252,
2015,252,
2016,252,
2017,252,
2018,252,
2019,252,
2020,252,
2008,253,
2009,253,
2010,253,
2011,253,
2012,253,
2013,253,4509
2014,253,5405
2015,253,7371
2016,253,5172
2017,253,9161
2018,253,13427
2019,253,16140
2020,253,20656
2008,254,913
2009,254,1153
2010,254,1289
2011,254,1595
2012,254,1490
2013,254,1859
2014,254,1684
2015,254,5785
2016,254,7277
2017,254,7079
2018,254,8179
2019,254,13240
2020,254,13474
2008,255,508
2009,255,394
2010,255,51
2011,255,
2012,255,
2013,255,10
2014,255,20
2015,255,20
2016,255,72
2017,255,116
2018,255,193
2019,255,222
2020,255,262
2008,256,
2009,256,
2010,256,
2011,256,
2012,256,
2013,256,
2014,256,
2015,256,
2016,256,
2017,256,
2018,256,
2019,256,
2020,256,
2008,257,
2009,257,
2010,257,
2011,257,
2012,257,
2013,257,21189
2014,257,19903
2015,257,19476
2016,257,30895
2017,257,23912
2018,257,21993
2019,257,31045
2020,257,34668
2008,258,
2009,258,
2010,258,
2011,258,
2012,258,
2013,258,
2014,258,
2015,258,
2016,258,2277
2017,258,3063
2018,258,5023
2019,258,6846
2020,258,11090
2008,259,
2009,259,
2010,259,
2011,259,
2012,259,
2013,259,
2014,259,
2015,259,
2016,259,
2017,259,
2018,259,
2019,259,
2020,259,
2008,260,
2009,260,
2010,260,
2011,260,
2012,260,
2013,260,
2014,260,
2015,260,
2016,260,
2017,260,
2018,260,
2019,260,
2020,260,
2008,261,
2009,261,
2010,261,
2011,261,
2012,261,
2013,261,
2014,261,
2015,261,
2016,261,
2017,261,
2018,261,
2019,261,
2020,261,
2008,262,
2009,262,
2010,262,
2011,262,
2012,262,
2013,262,150542
2014,262,156364
2015,262,146714
2016,262,142516
2017,262,140060
2018,262,137830
2019,262,139486
2020,262,138071
2008,263,343881
2009,263,252160
2010,263,67992
2011,263,64860
2012,263,56250
2013,263,81022
2014,263,44079
2015,263,43409
2016,263,48813
2017,263,35803
2018,263,31231
2019,263,
2020,263,
2008,264,18779
2009,264,20808
2010,264,17456
2011,264,15744
2012,264,12701
2013,264,21483
2014,264,22426
2015,264,25722
2016,264,32644
2017,264,36844
2018,264,35479
2019,264,43700
2020,264,46948
2008,265,
2009,265,
2010,265,
2011,265,
2012,265,12
2013,265,
2014,265,160
2015,265,1117
2016,265,1829
2017,265,2806
2018,265,3889
2019,265,4554
2020,265,5690
2008,266,
2009,266,
2010,266,
2011,266,
2012,266,
2013,266,
2014,266,
2015,266,730
2016,266,947
2017,266,966
2018,266,825
2019,266,1021
2020,266,4902
2008,267,
2009,267,
2010,267,
2011,267,
2012,267,
2013,267,
2014,267,
2015,267,
2016,267,
2017,267,
2018,267,
2019,267,
2020,267,
2008,268,
2009,268,
2010,268,
2011,268,
2012,268,
2013,268,
2014,268,
2015,268,
2016,268,
2017,268,
2018,268,
2019,268,
2020,268,
2008,269,
2009,269,
2010,269,
2011,269,
2012,269,
2013,269,
2014,269,
2015,269,273000
2016,269,326000
2017,269,352001
2018,269,399507
2019,269,405873
2020,269,444176
2008,270,
2009,270,
2010,270,
2011,270,
2012,270,
2013,270,
2014,270,
2015,270,
2016,270,
2017,270,
2018,270,
2019,270,
2020,270,
2008,271,
2009,271,
2010,271,
2011,271,
2012,271,
2013,271,
2014,271,991
2015,271,1288
2016,271,2384
2017,271,2794
2018,271,3451
2019,271,5590
2020,271,5143
2008,272,
2009,272,
2010,272,
2011,272,
2012,272,
2013,272,
2014,272,35
2015,272,37
2016,272,48
2017,272,44
2018,272,54
2019,272,307
2020,272,282
2008,273,
2009,273,
2010,273,
2011,273,
2012,273,
2013,273,
2014,273,
2015,273,
2016,273,108
2017,273,179
2018,273,245
2019,273,349
2020,273,825
2008,274,
2009,274,
2010,274,
2011,274,
2012,274,
2013,274,
2014,274,
2015,274,
2016,274,
2017,274,
2018,274,
2019,274,173
2020,274,253
2008,275,
2009,275,
2010,275,
2011,275,
2012,275,
2013,275,660
2014,275,749
2015,275,714
2016,275,1074
2017,275,1462
2018,275,2335
2019,275,
2020,275,
2008,276,
2009,276,
2010,276,
2011,276,
2012,276,
2013,276,
2014,276,
2015,276,
2016,276,
2017,276,
2018,276,
2019,276,
2020,276,
2008,277,
2009,277,
2010,277,
2011,277,
2012,277,
2013,277,1974
2014,277,2203
2015,277,3843
2016,277,4501
2017,277,5112
2018,277,5553
2019,277,10155
2020,277,10514
2008,278,
2009,278,
2010,278,
2011,278,
2012,278,
2013,278,
2014,278,1425
2015,278,1366
2016,278,1255
2017,278,1263
2018,278,1497
2019,278,1222
2020,278,
2008,279,
2009,279,
2010,279,
2011,279,
2012,279,
2013,279,
2014,279,
2015,279,1331
2016,279,1313
2017,279,1125
2018,279,1029
2019,279,989
2020,279,937
2008,280,
2009,280,
2010,280,
2011,280,
2012,280,
2013,280,
2014,280,
2015,280,
2016,280,
2017,280,
2018,280,
2019,280,
2020,280,
2008,281,
2009,281,
2010,281,
2011,281,
2012,281,
2013,281,
2014,281,
2015,281,
2016,281,
2017,281,
2018,281,
2019,281,
2020,281,
2008,282,
2009,282,
2010,282,
2011,282,
2012,282,
2013,282,
2014,282,
2015,282,
2016,282,
2017,282,
2018,282,
2019,282,
2020,282,
2008,283,
2009,283,
2010,283,
2011,283,
2012,283,
2013,283,
2014,283,
2015,283,
2016,283,
2017,283,
2018,283,
2019,283,
2020,283,
2008,284,
2009,284,
2010,284,
2011,284,
2012,284,
2013,284,
2014,284,
2015,284,
2016,284,
2017,284,
2018,284,
2019,284,
2020,284,
2008,285,
2009,285,
2010,285,
2011,285,
2012,285,
2013,285,
2014,285,
2015,285,
2016,285,
2017,285,
2018,285,
2019,285,
2020,285,
2008,286,
2009,286,
2010,286,
2011,286,
2012,286,
2013,286,
2014,286,
2015,286,
2016,286,
2017,286,
2018,286,
2019,286,
2020,286,
2008,287,
2009,287,
2010,287,
2011,287,
2012,287,
2013,287,
2014,287,
2015,287,
2016,287,
2017,287,
2018,287,
2019,287,
2020,287,
2008,288,
2009,288,
2010,288,
2011,288,
2012,288,
2013,288,
2014,288,
2015,288,
2016,288,109
2017,288,363
2018,288,542
2019,288,674
2020,288,817
2008,289,
2009,289,
2010,289,
2011,289,
2012,289,
2013,289,
2014,289,
2015,289,
2016,289,
2017,289,
2018,289,
2019,289,
2020,289,
2008,290,
2009,290,
2010,290,
2011,290,
2012,290,
2013,290,
2014,290,
2015,290,554
2016,290,921
2017,290,1305
2018,290,2136
2019,290,2414
2020,290,2508
2008,291,
2009,291,
2010,291,
2011,291,
2012,291,
2013,291,
2014,291,
2015,291,
2016,291,
2017,291,
2018,291,
2019,291,
2020,291,
2008,292,
2009,292,
2010,292,
2011,292,
2012,292,
2013,292,
2014,292,902
2015,292,1003
2016,292,1305
2017,292,1770
2018,292,3728
2019,292,3968
2020,292,5606
2008,293,
2009,293,
2010,293,
2011,293,
2012,293,17026
2013,293,17578
2014,293,17115
2015,293,17353
2016,293,13676
2017,293,10586
2018,293,13975
2019,293,15993
2020,293,19033
2008,294,
2009,294,
2010,294,
2011,294,
2012,294,1773
2013,294,1789
2014,294,1743
2015,294,2137
2016,294,2616
2017,294,3134
2018,294,3321
2019,294,5238
2020,294,5520
2008,295,
2009,295,
2010,295,
2011,295,
2012,295,
2013,295,
2014,295,
2015,295,
2016,295,
2017,295,
2018,295,
2019,295,
2020,295,
2008,296,
2009,296,
2010,296,
2011,296,
2012,296,
2013,296,
2014,296,
2015,296,82
2016,296,93
2017,296,794
2018,296,1821
2019,296,2956
2020,296,2741
2008,297,
2009,297,
2010,297,
2011,297,
2012,297,
2013,297,
2014,297,
2015,297,281
2016,297,427
2017,297,444
2018,297,433
2019,297,571
2020,297,643
2008,298,
2009,298,
2010,298,
2011,298,
2012,298,
2013,298,
2014,298,
2015,298,74
2016,298,213
2017,298,11562
2018,298,13673
2019,298,23708
2020,298,24181
2008,299,
2009,299,
2010,299,
2011,299,
2012,299,
2013,299,
2014,299,
2015,299,595
2016,299,677
2017,299,665
2018,299,569
2019,299,1393
2020,299,1630
2008,300,
2009,300,
2010,300,
2011,300,
2012,300,
2013,300,
2014,300,
2015,300,
2016,300,
2017,300,
2018,300,
2019,300,
2020,300,
2008,301,
2009,301,
2010,301,
2011,301,
2012,301,
2013,301,
2014,301,
2015,301,
2016,301,
2017,301,
2018,301,
2019,301,
2020,301,
2008,302,
2009,302,
2010,302,
2011,302,
2012,302,
2013,302,
2014,302,
2015,302,5586
2016,302,2884
2017,302,2994
2018,302,1892
2019,302,1028
2020,302,1022
2008,303,
2009,303,
2010,303,
2011,303,
2012,303,
2013,303,
2014,303,
2015,303,
2016,303,
2017,303,
2018,303,
2019,303,
2020,303,
2008,304,
2009,304,
2010,304,
2011,304,
2012,304,
2013,304,
2014,304,
2015,304,
2016,304,
2017,304,
2018,304,
2019,304,
2020,304,
2008,305,
2009,305,
2010,305,
2011,305,
2012,305,
2013,305,
2014,305,
2015,305,
2016,305,
2017,305,
2018,305,
2019,305,
2020,305,
2008,306,
2009,306,
2010,306,
2011,306,
2012,306,
2013,306,
2014,306,
2015,306,
2016,306,
2017,306,
2018,306,
2019,306,
2020,306,
2008,307,
2009,307,
2010,307,
2011,307,
2012,307,
2013,307,
2014,307,
2015,307,
2016,307,
2017,307,
2018,307,
2019,307,
2020,307,
2008,308,
2009,308,
2010,308,
2011,308,
2012,308,
2013,308,
2014,308,
2015,308,
2016,308,810
2017,308,938
2018,308,1169
2019,308,1509
2020,308,1688
2008,309,
2009,309,
2010,309,
2011,309,
2012,309,
2013,309,
2014,309,
2015,309,
2016,309,
2017,309,
2018,309,
2019,309,
2020,309,
2008,310,
2009,310,
2010,310,
2011,310,
2012,310,
2013,310,
2014,310,
2015,310,
2016,310,
2017,310,
2018,310,
2019,310,
2020,310,
2008,311,
2009,311,
2010,311,
2011,311,
2012,311,
2013,311,
2014,311,
2015,311,
2016,311,
2017,311,
2018,311,
2019,311,
2020,311,
2008,312,
2009,312,
2010,312,
2011,312,
2012,312,
2013,312,
2014,312,
2015,312,
2016,312,
2017,312,
2018,312,
2019,312,
2020,312,
2008,313,
2009,313,
2010,313,
2011,313,
2012,313,
2013,313,
2014,313,
2015,313,
2016,313,
2017,313,
2018,313,
2019,313,
2020,313,
2008,314,
2009,314,
2010,314,
2011,314,
2012,314,
2013,314,
2014,314,
2015,314,
2016,314,
2017,314,
2018,314,
2019,314,
2020,314,
2008,315,
2009,315,
2010,315,
2011,315,
2012,315,
2013,315,
2014,315,
2015,315,
2016,315,
2017,315,
2018,315,
2019,315,
2020,315,
2008,316,
2009,316,
2010,316,
2011,316,
2012,316,
2013,316,
2014,316,
2015,316,
2016,316,
2017,316,
2018,316,
2019,316,
2020,316,
2008,317,
2009,317,
2010,317,
2011,317,
2012,317,
2013,317,
2014,317,
2015,317,
2016,317,
2017,317,
2018,317,
2019,317,
2020,317,
2008,318,
2009,318,
2010,318,
2011,318,
2012,318,
2013,318,
2014,318,
2015,318,
2016,318,
2017,318,
2018,318,
2019,318,
2020,318,
2008,319,
2009,319,
2010,319,
2011,319,
2012,319,
2013,319,
2014,319,
2015,319,
2016,319,
2017,319,
2018,319,
2019,319,
2020,319,
2008,320,
2009,320,
2010,320,
2011,320,
2012,320,
2013,320,
2014,320,
2015,320,
2016,320,71
2017,320,156
2018,320,417
2019,320,606
2020,320,622
2008,321,
2009,321,
2010,321,
2011,321,
2012,321,
2013,321,
2014,321,
2015,321,
2016,321,
2017,321,
2018,321,
2019,321,
2020,321,
2008,322,
2009,322,
2010,322,
2011,322,
2012,322,
2013,322,
2014,322,
2015,322,
2016,322,
2017,322,
2018,322,
2019,322,
2020,322,
2008,323,
2009,323,
2010,323,
2011,323,
2012,323,
2013,323,
2014,323,
2015,323,
2016,323,
2017,323,
2018,323,
2019,323,
2020,323,
2008,324,
2009,324,
2010,324,
2011,324,
2012,324,
2013,324,
2014,324,
2015,324,
2016,324,
2017,324,
2018,324,
2019,324,
2020,324,
2008,325,
2009,325,
2010,325,
2011,325,
2012,325,
2013,325,
2014,325,
2015,325,
2016,325,
2017,325,
2018,325,
2019,325,
2020,325,
