Date,Id,short term debt
2008,1,
2009,1,
2010,1,
2011,1,
2012,1,
2013,1,
2014,1,
2015,1,
2016,1,
2017,1,
2018,1,
2019,1,
2020,1,
2008,2,8684
2009,2,13984
2010,2,28287
2011,2,28818
2012,2,28119
2013,2,27721
2014,2,48515
2015,2,69455
2016,2,
2017,2,
2018,2,
2019,2,
2020,2,
2008,3,
2009,3,
2010,3,
2011,3,
2012,3,
2013,3,
2014,3,5129
2015,3,7716
2016,3,5206
2017,3,3528
2018,3,4503
2019,3,2698
2020,3,1516
2008,4,
2009,4,
2010,4,
2011,4,
2012,4,
2013,4,2547
2014,4,2651
2015,4,1829
2016,4,14441
2017,4,4482
2018,4,497
2019,4,1479
2020,4,
2008,5,
2009,5,
2010,5,
2011,5,
2012,5,
2013,5,
2014,5,4725
2015,5,3709
2016,5,3160
2017,5,3249
2018,5,5284
2019,5,4698
2020,5,
2008,6,
2009,6,
2010,6,
2011,6,
2012,6,
2013,6,
2014,6,4878
2015,6,3687
2016,6,3668
2017,6,2186
2018,6,
2019,6,
2020,6,
2008,7,
2009,7,
2010,7,
2011,7,
2012,7,9358
2013,7,14216
2014,7,19880
2015,7,28082
2016,7,29264
2017,7,57344
2018,7,44170
2019,7,
2020,7,
2008,8,189153
2009,8,197050
2010,8,97597
2011,8,165891
2012,8,175375
2013,8,177159
2014,8,209010
2015,8,148457
2016,8,226348
2017,8,198065
2018,8,274077
2019,8,276817
2020,8,197745
2008,9,332752
2009,9,364719
2010,9,399357
2011,9,445115
2012,9,459877
2013,9,359691
2014,9,440483
2015,9,429104
2016,9,575022
2017,9,429652
2018,9,532096
2019,9,461981
2020,9,481274
2008,10,140691
2009,10,113178
2010,10,156800
2011,10,170261
2012,10,115042
2013,10,116872
2014,10,102474
2015,10,105895
2016,10,173445
2017,10,135400
2018,10,110939
2019,10,140176
2020,10,169940
2008,11,8632
2009,11,20838
2010,11,28967
2011,11,70003
2012,11,62041
2013,11,74124
2014,11,51717
2015,11,84320
2016,11,50701
2017,11,10533
2018,11,20465
2019,11,31662
2020,11,25714
2008,12,168774
2009,12,139858
2010,12,49037
2011,12,217545
2012,12,32594
2013,12,89310
2014,12,16467
2015,12,18889
2016,12,19452
2017,12,3554
2018,12,4363
2019,12,7304
2020,12,5193
2008,13,55483
2009,13,71705
2010,13,78731
2011,13,56789
2012,13,97973
2013,13,83635
2014,13,77934
2015,13,92288
2016,13,148208
2017,13,80754
2018,13,61531
2019,13,95746
2020,13,170005
2008,14,
2009,14,
2010,14,
2011,14,
2012,14,
2013,14,
2014,14,
2015,14,
2016,14,
2017,14,
2018,14,
2019,14,
2020,14,
2008,15,
2009,15,
2010,15,
2011,15,
2012,15,
2013,15,
2014,15,
2015,15,
2016,15,
2017,15,
2018,15,
2019,15,
2020,15,
2008,16,
2009,16,
2010,16,
2011,16,
2012,16,
2013,16,
2014,16,
2015,16,
2016,16,
2017,16,
2018,16,
2019,16,
2020,16,
2008,17,
2009,17,
2010,17,
2011,17,
2012,17,
2013,17,296785
2014,17,491320
2015,17,919409
2016,17,399876
2017,17,306031
2018,17,352409
2019,17,421323
2020,17,889228
2008,18,
2009,18,
2010,18,
2011,18,
2012,18,
2013,18,
2014,18,
2015,18,164
2016,18,792
2017,18,610
2018,18,617
2019,18,420
2020,18,978
2008,19,123943
2009,19,26677
2010,19,49772
2011,19,236200
2012,19,121100
2013,19,122400
2014,19,49800
2015,19,29400
2016,19,107000
2017,19,13900
2018,19,223600
2019,19,626400
2020,19,258200
2008,20,
2009,20,
2010,20,
2011,20,
2012,20,
2013,20,
2014,20,
2015,20,8239
2016,20,5968
2017,20,8292
2018,20,18146
2019,20,8522
2020,20,11099
2008,21,
2009,21,
2010,21,
2011,21,
2012,21,172837
2013,21,153882
2014,21,116504
2015,21,100755
2016,21,68124
2017,21,71024
2018,21,90633
2019,21,140871
2020,21,
2008,22,
2009,22,
2010,22,
2011,22,4531
2012,22,4785
2013,22,5455
2014,22,5393
2015,22,5505
2016,22,4789
2017,22,1833
2018,22,2155
2019,22,2768
2020,22,5129
2008,23,139360
2009,23,129803
2010,23,86668
2011,23,65663
2012,23,67554
2013,23,70942
2014,23,29183
2015,23,38342
2016,23,29246
2017,23,32889
2018,23,40249
2019,23,49934
2020,23,6374
2008,24,32852
2009,24,35492
2010,24,43978
2011,24,37959
2012,24,36553
2013,24,40771
2014,24,39546
2015,24,51548
2016,24,39585
2017,24,45682
2018,24,54501
2019,24,69853
2020,24,80584
2008,25,
2009,25,
2010,25,
2011,25,
2012,25,0
2013,25,0
2014,25,219
2015,25,339
2016,25,325
2017,25,1797
2018,25,17301
2019,25,
2020,25,
2008,26,292481
2009,26,387359
2010,26,343275
2011,26,469723
2012,26,537661
2013,26,388349
2014,26,387587
2015,26,647384
2016,26,506651
2017,26,835397
2018,26,2599467
2019,26,2830762
2020,26,164550
2008,27,78896
2009,27,38766
2010,27,37823
2011,27,49969
2012,27,37757
2013,27,45544
2014,27,40724
2015,27,37150
2016,27,37790
2017,27,25791
2018,27,35461
2019,27,65326
2020,27,34375
2008,28,275671
2009,28,200937
2010,28,237630
2011,28,327095
2012,28,242796
2013,28,173004
2014,28,131206
2015,28,154424
2016,28,116851
2017,28,99333
2018,28,139537
2019,28,94966
2020,28,419582
2008,29,15456
2009,29,18133
2010,29,23113
2011,29,33507
2012,29,29274
2013,29,27765
2014,29,29957
2015,29,28325
2016,29,19833
2017,29,19638
2018,29,
2019,29,
2020,29,
2008,30,192174
2009,30,215982
2010,30,249870
2011,30,276419
2012,30,361331
2013,30,410637
2014,30,357076
2015,30,234163
2016,30,563394
2017,30,624170
2018,30,683625
2019,30,746293
2020,30,235132
2008,31,339
2009,31,1050
2010,31,1221
2011,31,1463
2012,31,1035
2013,31,762
2014,31,1136
2015,31,287
2016,31,326
2017,31,288
2018,31,318
2019,31,354
2020,31,
2008,32,192
2009,32,40
2010,32,0
2011,32,1077
2012,32,4141
2013,32,126
2014,32,882
2015,32,475
2016,32,37153
2017,32,10601
2018,32,39905
2019,32,15233
2020,32,4808
2008,33,94936
2009,33,90310
2010,33,60330
2011,33,79508
2012,33,80720
2013,33,71962
2014,33,76111
2015,33,78844
2016,33,37995
2017,33,41733
2018,33,78539
2019,33,
2020,33,
2008,34,601481
2009,34,532489
2010,34,516478
2011,34,733230
2012,34,670751
2013,34,331864
2014,34,420170
2015,34,598233
2016,34,
2017,34,
2018,34,
2019,34,
2020,34,
2008,35,251485
2009,35,179051
2010,35,213763
2011,35,297909
2012,35,220976
2013,35,142120
2014,35,105893
2015,35,116764
2016,35,52815
2017,35,54093
2018,35,17225
2019,35,44691
2020,35,367970
2008,36,151619
2009,36,362444
2010,36,177916
2011,36,480973
2012,36,358831
2013,36,196617
2014,36,158156
2015,36,529434
2016,36,57070
2017,36,371038
2018,36,329610
2019,36,50412
2020,36,75471
2008,37,1245522
2009,37,1225183
2010,37,1328404
2011,37,1519453
2012,37,1344290
2013,37,706045
2014,37,697867
2015,37,219822
2016,37,55399
2017,37,54399
2018,37,72238
2019,37,58074
2020,37,57648
2008,38,656037
2009,38,621410
2010,38,508384
2011,38,678343
2012,38,371685
2013,38,250925
2014,38,474045
2015,38,598622
2016,38,472801
2017,38,662504
2018,38,555863
2019,38,306608
2020,38,1403776
2008,39,71355
2009,39,68694
2010,39,86825
2011,39,68279
2012,39,59806
2013,39,65898
2014,39,83331
2015,39,94042
2016,39,85742
2017,39,48768
2018,39,60380
2019,39,55875
2020,39,89751
2008,40,25892
2009,40,26464
2010,40,213172
2011,40,44185
2012,40,74367
2013,40,64382
2014,40,87976
2015,40,74153
2016,40,66525
2017,40,86996
2018,40,75104
2019,40,92502
2020,40,104893
2008,41,10360
2009,41,18410
2010,41,15486
2011,41,3987
2012,41,5642
2013,41,2820
2014,41,2863
2015,41,2573
2016,41,2856
2017,41,30997
2018,41,33136
2019,41,48392
2020,41,45491
2008,42,8577000
2009,42,10451000
2010,42,11208000
2011,42,14471000
2012,42,7336000
2013,42,7219000
2014,42,8377000
2015,42,7888000
2016,42,9756000
2017,42,8894000
2018,42,6983000
2019,42,7326000
2020,42,9513000
2008,43,273200
2009,43,125200
2010,43,157000
2011,43,99800
2012,43,69400
2013,43,697800
2014,43,764100
2015,43,539500
2016,43,924600
2017,43,1002300
2018,43,1255600
2019,43,151500
2020,43,2390200
2008,44,7837
2009,44,3761
2010,44,28573
2011,44,23512
2012,44,19099
2013,44,14297
2014,44,12772
2015,44,28641
2016,44,34559
2017,44,
2018,44,
2019,44,
2020,44,
2008,45,
2009,45,
2010,45,
2011,45,
2012,45,
2013,45,
2014,45,
2015,45,
2016,45,
2017,45,
2018,45,
2019,45,
2020,45,
2008,46,381344
2009,46,802696
2010,46,250045
2011,46,540645
2012,46,891407
2013,46,698076
2014,46,189957
2015,46,259087
2016,46,151478
2017,46,633155
2018,46,408675
2019,46,674364
2020,46,419822
2008,47,449000
2009,47,542000
2010,47,448000
2011,47,675000
2012,47,653000
2013,47,415000
2014,47,125000
2015,47,692000
2016,47,359000
2017,47,437000
2018,47,694000
2019,47,304000
2020,47,588000
2008,48,4690000
2009,48,4528000
2010,48,1934000
2011,48,1123000
2012,48,1020000
2013,48,1059000
2014,48,1188000
2015,48,1183000
2016,48,
2017,48,
2018,48,
2019,48,
2020,48,
2008,49,
2009,49,
2010,49,286
2011,49,83
2012,49,87
2013,49,440
2014,49,2470
2015,49,1261
2016,49,903
2017,49,1116
2018,49,730
2019,49,453
2020,49,671
2008,50,
2009,50,
2010,50,
2011,50,
2012,50,27593
2013,50,30737
2014,50,6685
2015,50,12759
2016,50,12866
2017,50,21315
2018,50,23999
2019,50,18857
2020,50,7145
2008,51,
2009,51,
2010,51,
2011,51,
2012,51,
2013,51,
2014,51,
2015,51,
2016,51,
2017,51,
2018,51,
2019,51,
2020,51,
2008,52,
2009,52,
2010,52,
2011,52,
2012,52,
2013,52,
2014,52,2809
2015,52,1665
2016,52,5356
2017,52,7096
2018,52,10656
2019,52,11814
2020,52,6140
2008,53,38723
2009,53,28959
2010,53,13187
2011,53,26666
2012,53,19335
2013,53,51654
2014,53,37412
2015,53,12148
2016,53,15086
2017,53,22732
2018,53,32791
2019,53,34436
2020,53,39645
2008,54,5548
2009,54,5613
2010,54,6460
2011,54,12997
2012,54,12398
2013,54,15756
2014,54,21130
2015,54,14270
2016,54,10336
2017,54,9161
2018,54,8308
2019,54,16703
2020,54,23827
2008,55,65014
2009,55,123251
2010,55,47794
2011,55,75222
2012,55,85998
2013,55,46643
2014,55,75975
2015,55,39367
2016,55,36233
2017,55,51113
2018,55,51076
2019,55,54099
2020,55,57766
2008,56,127803
2009,56,44160
2010,56,44837
2011,56,51715
2012,56,56513
2013,56,51830
2014,56,56534
2015,56,25700
2016,56,34894
2017,56,42525
2018,56,37028
2019,56,48914
2020,56,58192
2008,57,9730
2009,57,7578
2010,57,19992
2011,57,3978
2012,57,37645
2013,57,51044
2014,57,49518
2015,57,7395
2016,57,14181
2017,57,21812
2018,57,48186
2019,57,
2020,57,
2008,58,189000
2009,58,152000
2010,58,201000
2011,58,982000
2012,58,361000
2013,58,338000
2014,58,568000
2015,58,262000
2016,58,172000
2017,58,370000
2018,58,98000
2019,58,212000
2020,58,127000
2008,59,3315
2009,59,3601
2010,59,1024
2011,59,6664
2012,59,4219
2013,59,1647
2014,59,0
2015,59,0
2016,59,0
2017,59,0
2018,59,8667
2019,59,10514
2020,59,24270
2008,60,33897
2009,60,44432
2010,60,46147
2011,60,67761
2012,60,141767
2013,60,137961
2014,60,46434
2015,60,39600
2016,60,43790
2017,60,30818
2018,60,86702
2019,60,71038
2020,60,63311
2008,61,6939
2009,61,31268
2010,61,16220
2011,61,17064
2012,61,22297
2013,61,20608
2014,61,22061
2015,61,38352
2016,61,17126
2017,61,14991
2018,61,10817
2019,61,13714
2020,61,16336
2008,62,10349
2009,62,27095
2010,62,92831
2011,62,88195
2012,62,81511
2013,62,65904
2014,62,53402
2015,62,29184
2016,62,30133
2017,62,49824
2018,62,49931
2019,62,42187
2020,62,30519
2008,63,13007
2009,63,664
2010,63,1813
2011,63,1819
2012,63,1624
2013,63,0
2014,63,0
2015,63,559
2016,63,888
2017,63,17412
2018,63,11603
2019,63,6347
2020,63,27633
2008,64,6267000
2009,64,6986000
2010,64,6882000
2011,64,6091000
2012,64,5783000
2013,64,5896000
2014,64,4441000
2015,64,5549000
2016,64,3976000
2017,64,4681000
2018,64,5575000
2019,64,3759000
2020,64,4244000
2008,65,159073
2009,65,162852
2010,65,110527
2011,65,139741
2012,65,179973
2013,65,67704
2014,65,138019
2015,65,75671
2016,65,118472
2017,65,120161
2018,65,119578
2019,65,186713
2020,65,175990
2008,66,
2009,66,
2010,66,0
2011,66,129241
2012,66,87989
2013,66,53807
2014,66,55170
2015,66,323680
2016,66,64678
2017,66,62184
2018,66,102229
2019,66,55660
2020,66,58556
2008,67,8651
2009,67,13512
2010,67,11294
2011,67,11072
2012,67,10687
2013,67,10475
2014,67,9021
2015,67,10401
2016,67,24592
2017,67,30234
2018,67,20631
2019,67,37685
2020,67,83184
2008,68,36318
2009,68,39830
2010,68,24499
2011,68,3849
2012,68,2984
2013,68,1414
2014,68,2073
2015,68,6700
2016,68,8717
2017,68,8445
2018,68,5678
2019,68,5502
2020,68,6220
2008,69,213100
2009,69,38500
2010,69,7500
2011,69,26800
2012,69,56500
2013,69,46400
2014,69,39700
2015,69,138800
2016,69,249900
2017,69,216700
2018,69,
2019,69,
2020,69,
2008,70,317
2009,70,341
2010,70,346
2011,70,3286
2012,70,3255
2013,70,3027
2014,70,2163
2015,70,2406
2016,70,98
2017,70,100
2018,70,1963
2019,70,3129
2020,70,3146
2008,71,512
2009,71,113
2010,71,557
2011,71,76
2012,71,617
2013,71,511
2014,71,1087
2015,71,769
2016,71,1953
2017,71,1980
2018,71,1769
2019,71,2928
2020,71,3954
2008,72,103794
2009,72,83539
2010,72,64037
2011,72,89835
2012,72,100640
2013,72,85672
2014,72,89877
2015,72,95490
2016,72,73269
2017,72,73748
2018,72,108499
2019,72,131254
2020,72,141335
2008,73,3325
2009,73,3937
2010,73,505
2011,73,2034
2012,73,4603
2013,73,3879
2014,73,1245
2015,73,1031
2016,73,8642
2017,73,
2018,73,
2019,73,
2020,73,
2008,74,
2009,74,
2010,74,
2011,74,
2012,74,
2013,74,
2014,74,
2015,74,
2016,74,
2017,74,
2018,74,
2019,74,
2020,74,
2008,75,
2009,75,
2010,75,
2011,75,
2012,75,
2013,75,
2014,75,890
2015,75,4344
2016,75,6103
2017,75,7479
2018,75,5573
2019,75,5254
2020,75,2308
2008,76,1037000
2009,76,2500000
2010,76,3164000
2011,76,4399000
2012,76,615000
2013,76,2250000
2014,76,2057000
2015,76,2729000
2016,76,2353000
2017,76,2443000
2018,76,3633000
2019,76,4131000
2020,76,5605000
2008,77,778370
2009,77,583078
2010,77,1041103
2011,77,1155554
2012,77,775063
2013,77,804189
2014,77,593372
2015,77,159194
2016,77,377554
2017,77,137622
2018,77,363717
2019,77,393238
2020,77,252766
2008,78,209555
2009,78,120187
2010,78,152436
2011,78,122150
2012,78,321327
2013,78,385153
2014,78,550784
2015,78,484000
2016,78,182300
2017,78,279600
2018,78,611600
2019,78,324900
2020,78,637000
2008,79,44683
2009,79,79144
2010,79,74431
2011,79,96964
2012,79,78998
2013,79,90245
2014,79,56151
2015,79,73658
2016,79,48818
2017,79,38634
2018,79,57650
2019,79,109363
2020,79,82261
2008,80,68052
2009,80,97151
2010,80,117170
2011,80,214757
2012,80,191811
2013,80,94222
2014,80,184914
2015,80,97933
2016,80,64490
2017,80,80378
2018,80,131044
2019,80,137070
2020,80,166127
2008,81,908000
2009,81,1332000
2010,81,1601000
2011,81,1238000
2012,81,1536000
2013,81,1040000
2014,81,783000
2015,81,334000
2016,81,1075000
2017,81,161000
2018,81,218000
2019,81,342000
2020,81,216000
2008,82,
2009,82,
2010,82,
2011,82,
2012,82,82145
2013,82,27925
2014,82,23987
2015,82,58449
2016,82,
2017,82,
2018,82,
2019,82,
2020,82,
2008,83,43453
2009,83,73459
2010,83,93798
2011,83,96284
2012,83,107095
2013,83,113015
2014,83,92734
2015,83,92475
2016,83,96271
2017,83,60245
2018,83,81948
2019,83,127915
2020,83,104015
2008,84,639311
2009,84,259524
2010,84,861107
2011,84,858334
2012,84,921735
2013,84,2205267
2014,84,151303
2015,84,174844
2016,84,234930
2017,84,251177
2018,84,271721
2019,84,189646
2020,84,256307
2008,85,113658
2009,85,64901
2010,85,50416
2011,85,42764
2012,85,49275
2013,85,42728
2014,85,36196
2015,85,14839
2016,85,16174
2017,85,19512
2018,85,20354
2019,85,25610
2020,85,21062
2008,86,639311
2009,86,259524
2010,86,861107
2011,86,858334
2012,86,921735
2013,86,2205267
2014,86,151303
2015,86,174844
2016,86,234930
2017,86,251177
2018,86,271721
2019,86,189646
2020,86,256307
2008,87,19913
2009,87,20530
2010,87,27630
2011,87,30891
2012,87,28653
2013,87,30005
2014,87,21366
2015,87,37047
2016,87,5462
2017,87,3658
2018,87,4903
2019,87,4487
2020,87,
2008,88,5643
2009,88,4827
2010,88,3576
2011,88,3402
2012,88,1624
2013,88,1363
2014,88,2335
2015,88,2396
2016,88,3965
2017,88,3317
2018,88,1401
2019,88,
2020,88,
2008,89,7777
2009,89,25784
2010,89,11926
2011,89,13826
2012,89,15667
2013,89,28032
2014,89,26256
2015,89,38745
2016,89,33427
2017,89,45216
2018,89,29470
2019,89,
2020,89,
2008,90,4086
2009,90,313
2010,90,5600
2011,90,2527
2012,90,12007
2013,90,12904
2014,90,30534
2015,90,29313
2016,90,17633
2017,90,71378
2018,90,
2019,90,
2020,90,
2008,91,
2009,91,
2010,91,
2011,91,
2012,91,147
2013,91,448
2014,91,1437
2015,91,874
2016,91,1102
2017,91,466
2018,91,2079
2019,91,3738
2020,91,
2008,92,
2009,92,
2010,92,
2011,92,
2012,92,
2013,92,
2014,92,1019
2015,92,2649
2016,92,2102
2017,92,1972
2018,92,149
2019,92,109
2020,92,
2008,93,
2009,93,
2010,93,
2011,93,
2012,93,
2013,93,
2014,93,
2015,93,
2016,93,
2017,93,
2018,93,
2019,93,
2020,93,
2008,94,
2009,94,
2010,94,
2011,94,
2012,94,
2013,94,
2014,94,
2015,94,
2016,94,
2017,94,
2018,94,
2019,94,
2020,94,
2008,95,66461
2009,95,63153
2010,95,45457
2011,95,45810
2012,95,119046
2013,95,11411
2014,95,14793
2015,95,14205
2016,95,13516
2017,95,291381
2018,95,38115
2019,95,245532
2020,95,154813
2008,96,217768
2009,96,209263
2010,96,203207
2011,96,193830
2012,96,155441
2013,96,139745
2014,96,
2015,96,
2016,96,
2017,96,
2018,96,
2019,96,
2020,96,
2008,97,45865
2009,97,51869
2010,97,46838
2011,97,58959
2012,97,7327
2013,97,4612
2014,97,4281
2015,97,17448
2016,97,2809
2017,97,3829
2018,97,1864
2019,97,5877
2020,97,10794
2008,98,5315
2009,98,8792
2010,98,8822
2011,98,8552
2012,98,8066
2013,98,6752
2014,98,3007
2015,98,2300
2016,98,26512
2017,98,23910
2018,98,20601
2019,98,4812
2020,98,4209
2008,99,42112
2009,99,35648
2010,99,54960
2011,99,71803
2012,99,61626
2013,99,68932
2014,99,65550
2015,99,71080
2016,99,56550
2017,99,24995
2018,99,
2019,99,
2020,99,
2008,100,215103
2009,100,141973
2010,100,102755
2011,100,95942
2012,100,110971
2013,100,111588
2014,100,225507
2015,100,67749
2016,100,102923
2017,100,125458
2018,100,149845
2019,100,132585
2020,100,224265
2008,101,10517
2009,101,9520
2010,101,7773
2011,101,12801
2012,101,12029
2013,101,8434
2014,101,6701
2015,101,10081
2016,101,8370
2017,101,9181
2018,101,7564
2019,101,9621
2020,101,4765
2008,102,41324
2009,102,24961
2010,102,29449
2011,102,43665
2012,102,45205
2013,102,46568
2014,102,57376
2015,102,43411
2016,102,59025
2017,102,57040
2018,102,37792
2019,102,30842
2020,102,20109
2008,103,100514
2009,103,85091
2010,103,102117
2011,103,93954
2012,103,92510
2013,103,90925
2014,103,79614
2015,103,79194
2016,103,79664
2017,103,84483
2018,103,74133
2019,103,
2020,103,
2008,104,1466
2009,104,2768
2010,104,3357
2011,104,4670
2012,104,12706
2013,104,8358
2014,104,8273
2015,104,10320
2016,104,8487
2017,104,6678
2018,104,13249
2019,104,7363
2020,104,29798
2008,105,1779
2009,105,2418
2010,105,2898
2011,105,3939
2012,105,3850
2013,105,1983
2014,105,3591
2015,105,2287
2016,105,3274
2017,105,4248
2018,105,5847
2019,105,7134
2020,105,4290
2008,106,39586
2009,106,13754
2010,106,12330
2011,106,65866
2012,106,80351
2013,106,40965
2014,106,40736
2015,106,55433
2016,106,46441
2017,106,78453
2018,106,69247
2019,106,73269
2020,106,66775
2008,107,133140
2009,107,128449
2010,107,125649
2011,107,131047
2012,107,111580
2013,107,75040
2014,107,97306
2015,107,80305
2016,107,80040
2017,107,87495
2018,107,86066
2019,107,92346
2020,107,11025
2008,108,
2009,108,
2010,108,
2011,108,
2012,108,
2013,108,42471
2014,108,42471
2015,108,68539
2016,108,77037
2017,108,99257
2018,108,86029
2019,108,101226
2020,108,124983
2008,109,
2009,109,5993
2010,109,62289
2011,109,8489
2012,109,9879
2013,109,12506
2014,109,4856
2015,109,7609
2016,109,
2017,109,
2018,109,
2019,109,
2020,109,
2008,110,921
2009,110,1799
2010,110,2766
2011,110,2918
2012,110,28853
2013,110,924
2014,110,3428
2015,110,1696
2016,110,576
2017,110,282
2018,110,82
2019,110,233
2020,110,329
2008,111,48696
2009,111,61154
2010,111,48823
2011,111,26920
2012,111,21887
2013,111,23729
2014,111,22106
2015,111,24561
2016,111,36912
2017,111,281
2018,111,1236
2019,111,1397
2020,111,12417
2008,112,123303
2009,112,124573
2010,112,159741
2011,112,118526
2012,112,91837
2013,112,86378
2014,112,60833
2015,112,102389
2016,112,93538
2017,112,108459
2018,112,106529
2019,112,144370
2020,112,
2008,113,39635
2009,113,45278
2010,113,35752
2011,113,45864
2012,113,67325
2013,113,44884
2014,113,20812
2015,113,28698
2016,113,33880
2017,113,28889
2018,113,21528
2019,113,53526
2020,113,74538
2008,114,10729
2009,114,5204
2010,114,2482
2011,114,5195
2012,114,6902
2013,114,4302
2014,114,3250
2015,114,3347
2016,114,4766
2017,114,6867
2018,114,9663
2019,114,9716
2020,114,
2008,115,18064
2009,115,15498
2010,115,13041
2011,115,13419
2012,115,16689
2013,115,25519
2014,115,24726
2015,115,15706
2016,115,
2017,115,
2018,115,
2019,115,
2020,115,
2008,116,18296
2009,116,6045
2010,116,5898
2011,116,17032
2012,116,24641
2013,116,17940
2014,116,19613
2015,116,23480
2016,116,14605
2017,116,17286
2018,116,18083
2019,116,19009
2020,116,30489
2008,117,30543
2009,117,38649
2010,117,20773
2011,117,25390
2012,117,29652
2013,117,38082
2014,117,36506
2015,117,45178
2016,117,67809
2017,117,75136
2018,117,69229
2019,117,71629
2020,117,83844
2008,118,123518
2009,118,284604
2010,118,149819
2011,118,194548
2012,118,152553
2013,118,144793
2014,118,162960
2015,118,133621
2016,118,87896
2017,118,72972
2018,118,14937
2019,118,15067
2020,118,23800
2008,119,105438
2009,119,178942
2010,119,133125
2011,119,122462
2012,119,97917
2013,119,82303
2014,119,92068
2015,119,89568
2016,119,127180
2017,119,175420
2018,119,173321
2019,119,217186
2020,119,192195
2008,120,
2009,120,
2010,120,
2011,120,29342
2012,120,26359
2013,120,71563
2014,120,931430
2015,120,1368831
2016,120,1132903
2017,120,1107278
2018,120,1121110
2019,120,1210810
2020,120,1690624
2008,121,
2009,121,
2010,121,
2011,121,
2012,121,
2013,121,7532000
2014,121,9216915
2015,121,8926332
2016,121,9908496
2017,121,9694416
2018,121,9201344
2019,121,9543508
2020,121,9645363
2008,122,223506
2009,122,137525
2010,122,197209
2011,122,167376
2012,122,151458
2013,122,250635
2014,122,186118
2015,122,140722
2016,122,154211
2017,122,340791
2018,122,137178
2019,122,226495
2020,122,355187
2008,123,
2009,123,
2010,123,
2011,123,
2012,123,
2013,123,
2014,123,1718
2015,123,2134
2016,123,3396
2017,123,4317
2018,123,12890
2019,123,18365
2020,123,14527
2008,124,
2009,124,
2010,124,
2011,124,
2012,124,
2013,124,
2014,124,
2015,124,11102
2016,124,8736
2017,124,11388
2018,124,12692
2019,124,13320
2020,124,13080
2008,125,
2009,125,
2010,125,
2011,125,
2012,125,
2013,125,
2014,125,
2015,125,18729
2016,125,41904
2017,125,42392
2018,125,48829
2019,125,79271
2020,125,76646
2008,126,331402
2009,126,189133
2010,126,197841
2011,126,247776
2012,126,119913
2013,126,351220
2014,126,29404
2015,126,24295
2016,126,12915
2017,126,17775
2018,126,15391
2019,126,116134
2020,126,29960
2008,127,15841
2009,127,6909
2010,127,48197
2011,127,235046
2012,127,228960
2013,127,256264
2014,127,257296
2015,127,256466
2016,127,245002
2017,127,247848
2018,127,245574
2019,127,245794
2020,127,244459
2008,128,612533
2009,128,248500
2010,128,293898
2011,128,301302
2012,128,334636
2013,128,257125
2014,128,335366
2015,128,194296
2016,128,709650
2017,128,276949
2018,128,368648
2019,128,
2020,128,
2008,129,53250
2009,129,55954
2010,129,24070
2011,129,40281
2012,129,43686
2013,129,113975
2014,129,24037
2015,129,28335
2016,129,47345
2017,129,796
2018,129,
2019,129,
2020,129,
2008,130,9428
2009,130,12540
2010,130,3911
2011,130,14915
2012,130,18375
2013,130,10080
2014,130,17687
2015,130,4128
2016,130,1780
2017,130,424
2018,130,279
2019,130,
2020,130,
2008,131,4236
2009,131,0
2010,131,0
2011,131,0
2012,131,0
2013,131,0
2014,131,2068
2015,131,4502
2016,131,4456
2017,131,9538
2018,131,14256
2019,131,25350
2020,131,46525
2008,132,840022
2009,132,954339
2010,132,2561332
2011,132,666799
2012,132,1359246
2013,132,3192444
2014,132,825453
2015,132,1627465
2016,132,2954537
2017,132,1889112
2018,132,3080928
2019,132,3543000
2020,132,6697000
2008,133,37755
2009,133,29830
2010,133,40657
2011,133,81727
2012,133,58800
2013,133,310912
2014,133,370294
2015,133,342195
2016,133,
2017,133,
2018,133,
2019,133,
2020,133,
2008,134,604179
2009,134,239714
2010,134,285112
2011,134,292517
2012,134,663362
2013,134,267816
2014,134,362212
2015,134,228137
2016,134,805636
2017,134,346705
2018,134,492507
2019,134,1053762
2020,134,723546
2008,135,
2009,135,
2010,135,
2011,135,
2012,135,11204
2013,135,9356
2014,135,10084
2015,135,10173
2016,135,5870
2017,135,5861
2018,135,4476
2019,135,3580
2020,135,3608
2008,136,53039
2009,136,61012
2010,136,58575
2011,136,58856
2012,136,42575
2013,136,33015
2014,136,23404
2015,136,12746
2016,136,25944
2017,136,1957
2018,136,1990
2019,136,20811
2020,136,6786
2008,137,403
2009,137,344
2010,137,987
2011,137,1404
2012,137,761
2013,137,816
2014,137,6687
2015,137,1134
2016,137,1129
2017,137,5789
2018,137,7095
2019,137,8138
2020,137,7848
2008,138,
2009,138,
2010,138,
2011,138,
2012,138,
2013,138,
2014,138,
2015,138,
2016,138,
2017,138,
2018,138,
2019,138,
2020,138,
2008,139,29576
2009,139,5233
2010,139,7051
2011,139,8429
2012,139,5349
2013,139,4153
2014,139,3852
2015,139,2853
2016,139,2095
2017,139,3611
2018,139,3076
2019,139,5260
2020,139,5339
2008,140,50591
2009,140,30897
2010,140,25916
2011,140,27245
2012,140,52050
2013,140,46455
2014,140,5966
2015,140,38230
2016,140,3
2017,140,141
2018,140,3
2019,140,
2020,140,
2008,141,26446
2009,141,22266
2010,141,18544
2011,141,22032
2012,141,12334
2013,141,30544
2014,141,15789
2015,141,26517
2016,141,13534
2017,141,7645
2018,141,10557
2019,141,12892
2020,141,10916
2008,142,6652
2009,142,126
2010,142,0
2011,142,0
2012,142,0
2013,142,0
2014,142,5000
2015,142,5000
2016,142,110100
2017,142,73000
2018,142,63900
2019,142,104000
2020,142,126300
2008,143,111637
2009,143,82289
2010,143,70974
2011,143,80012
2012,143,83755
2013,143,101611
2014,143,100869
2015,143,80615
2016,143,79606
2017,143,72730
2018,143,55097
2019,143,55794
2020,143,
2008,144,4973
2009,144,3633
2010,144,3084
2011,144,2764
2012,144,2967
2013,144,3410
2014,144,4370
2015,144,50957
2016,144,74053
2017,144,18156
2018,144,18468
2019,144,25049
2020,144,19698
2008,145,11867
2009,145,13265
2010,145,10931
2011,145,10724
2012,145,14762
2013,145,16307
2014,145,17669
2015,145,6354
2016,145,6009
2017,145,4002
2018,145,812
2019,145,666
2020,145,
2008,146,27566
2009,146,35107
2010,146,55773
2011,146,68484
2012,146,83474
2013,146,81696
2014,146,77762
2015,146,77881
2016,146,2360
2017,146,7903
2018,146,83150
2019,146,14350
2020,146,23545
2008,147,217267
2009,147,152219
2010,147,42689
2011,147,37041
2012,147,84620
2013,147,42552
2014,147,44509
2015,147,8630
2016,147,27684
2017,147,20369
2018,147,120527
2019,147,54659
2020,147,85100
2008,148,67827
2009,148,47903
2010,148,37144
2011,148,42360
2012,148,45245
2013,148,56206
2014,148,59833
2015,148,41402
2016,148,41428
2017,148,34730
2018,148,33943
2019,148,34361
2020,148,
2008,149,19923
2009,149,19804
2010,149,17013
2011,149,15248
2012,149,15813
2013,149,242129
2014,149,31832
2015,149,42337
2016,149,33568
2017,149,100460
2018,149,177766
2019,149,110414
2020,149,
2008,150,605400
2009,150,844100
2010,150,761400
2011,150,758200
2012,150,733100
2013,150,374500
2014,150,278500
2015,150,159300
2016,150,530600
2017,150,274100
2018,150,412100
2019,150,636200
2020,150,513500
2008,151,
2009,151,
2010,151,
2011,151,
2012,151,
2013,151,
2014,151,
2015,151,
2016,151,
2017,151,
2018,151,
2019,151,
2020,151,
2008,152,
2009,152,
2010,152,
2011,152,
2012,152,
2013,152,
2014,152,956
2015,152,324
2016,152,0
2017,152,289
2018,152,499
2019,152,1642
2020,152,1849
2008,153,340600
2009,153,140100
2010,153,181800
2011,153,90700
2012,153,729000
2013,153,54100
2014,153,97700
2015,153,517700
2016,153,105100
2017,153,67000
2018,153,58800
2019,153,99000
2020,153,81100
2008,154,
2009,154,
2010,154,
2011,154,
2012,154,
2013,154,300
2014,154,0
2015,154,
2016,154,
2017,154,
2018,154,0
2019,154,7291
2020,154,2899
2008,155,
2009,155,
2010,155,
2011,155,
2012,155,
2013,155,
2014,155,3995
2015,155,4039
2016,155,2652
2017,155,3411
2018,155,2548
2019,155,4778
2020,155,4941
2008,156,
2009,156,
2010,156,104889
2011,156,152395
2012,156,133788
2013,156,57382
2014,156,295
2015,156,30245
2016,156,30201
2017,156,30196
2018,156,257
2019,156,13453
2020,156,11780
2008,157,
2009,157,
2010,157,
2011,157,
2012,157,1158
2013,157,531
2014,157,841
2015,157,254
2016,157,13616
2017,157,21662
2018,157,32881
2019,157,
2020,157,
2008,158,
2009,158,
2010,158,
2011,158,
2012,158,
2013,158,
2014,158,
2015,158,51
2016,158,438
2017,158,845
2018,158,728
2019,158,531
2020,158,
2008,159,
2009,159,
2010,159,
2011,159,
2012,159,
2013,159,
2014,159,
2015,159,598
2016,159,840
2017,159,803
2018,159,837
2019,159,699
2020,159,
2008,160,
2009,160,
2010,160,
2011,160,2042
2012,160,2037
2013,160,1945
2014,160,1974
2015,160,1547
2016,160,4418
2017,160,11264
2018,160,16009
2019,160,18615
2020,160,3603
2008,161,
2009,161,
2010,161,
2011,161,
2012,161,
2013,161,
2014,161,1734
2015,161,2689
2016,161,4323
2017,161,2390
2018,161,2560
2019,161,6868
2020,161,3496
2008,162,
2009,162,
2010,162,
2011,162,
2012,162,
2013,162,
2014,162,4170
2015,162,2428
2016,162,5158
2017,162,3372
2018,162,3797
2019,162,4103
2020,162,2641
2008,163,
2009,163,
2010,163,
2011,163,
2012,163,
2013,163,
2014,163,86
2015,163,0
2016,163,151
2017,163,776
2018,163,1100
2019,163,1543
2020,163,3081
2008,164,3639
2009,164,3523
2010,164,3801
2011,164,35
2012,164,659
2013,164,5405
2014,164,5547
2015,164,0
2016,164,0
2017,164,110
2018,164,110
2019,164,233
2020,164,205
2008,165,
2009,165,
2010,165,
2011,165,
2012,165,
2013,165,
2014,165,
2015,165,
2016,165,
2017,165,
2018,165,
2019,165,
2020,165,
2008,166,
2009,166,
2010,166,
2011,166,
2012,166,
2013,166,
2014,166,
2015,166,231
2016,166,20233
2017,166,40178
2018,166,40359
2019,166,123661
2020,166,171670
2008,167,243980
2009,167,379562
2010,167,187790
2011,167,573862
2012,167,121365
2013,167,159546
2014,167,377771
2015,167,157803
2016,167,131594
2017,167,129337
2018,167,79693
2019,167,169022
2020,167,514114
2008,168,24242
2009,168,47619
2010,168,238101
2011,168,80984
2012,168,17927
2013,168,20239
2014,168,7781
2015,168,5819
2016,168,7505
2017,168,25744
2018,168,32692
2019,168,27056
2020,168,35462
2008,169,6908000
2009,169,6736000
2010,169,7478000
2011,169,6495000
2012,169,5184000
2013,169,4891000
2014,169,6575000
2015,169,8383000
2016,169,6675000
2017,169,4528000
2018,169,5783000
2019,169,6497000
2020,169,5640000
2008,170,1032279
2009,170,1715815
2010,170,867077
2011,170,503147
2012,170,627752
2013,170,422381
2014,170,244369
2015,170,323451
2016,170,159098
2017,170,287651
2018,170,334726
2019,170,128964
2020,170,161811
2008,171,75660
2009,171,68609
2010,171,232914
2011,171,468861
2012,171,687890
2013,171,152707
2014,171,456688
2015,171,72922
2016,171,139651
2017,171,99886
2018,171,194200
2019,171,363514
2020,171,137656
2008,172,1096
2009,172,969
2010,172,923
2011,172,646
2012,172,86
2013,172,555
2014,172,666
2015,172,6272
2016,172,3536
2017,172,38277
2018,172,11903
2019,172,29726
2020,172,29823
2008,173,2620000
2009,173,2147000
2010,173,1329000
2011,173,1722000
2012,173,2140000
2013,173,3257000
2014,173,2780000
2015,173,3672000
2016,173,206000
2017,173,189000
2018,173,305000
2019,173,557000
2020,173,609000
2008,174,718678
2009,174,315230
2010,174,356214
2011,174,692129
2012,174,400356
2013,174,363021
2014,174,778091
2015,174,155332
2016,174,362907
2017,174,227897
2018,174,651958
2019,174,
2020,174,
2008,175,20105
2009,175,20001
2010,175,32429
2011,175,35599
2012,175,32565
2013,175,27787
2014,175,15638
2015,175,23822
2016,175,65948
2017,175,64654
2018,175,188715
2019,175,207009
2020,175,537838
2008,176,29186
2009,176,30211
2010,176,53400
2011,176,50215
2012,176,42632
2013,176,37803
2014,176,33894
2015,176,31767
2016,176,33652
2017,176,38869
2018,176,39080
2019,176,51444
2020,176,48330
2008,177,27974
2009,177,9584
2010,177,26773
2011,177,11336
2012,177,7340
2013,177,66969
2014,177,95673
2015,177,30432
2016,177,66578
2017,177,44729
2018,177,48268
2019,177,96123
2020,177,127523
2008,178,162645
2009,178,178124
2010,178,56643
2011,178,132895
2012,178,182643
2013,178,73517
2014,178,75319
2015,178,44022
2016,178,20013
2017,178,65409
2018,178,211129
2019,178,28879
2020,178,32605
2008,179,20548
2009,179,16642
2010,179,5965
2011,179,4071
2012,179,16085
2013,179,17246
2014,179,13436
2015,179,3776
2016,179,2860
2017,179,5536
2018,179,6578
2019,179,8889
2020,179,11137
2008,180,56982
2009,180,74844
2010,180,86826
2011,180,99467
2012,180,94465
2013,180,83140
2014,180,80224
2015,180,75985
2016,180,55814
2017,180,55334
2018,180,46607
2019,180,71807
2020,180,73913
2008,181,25811
2009,181,17354
2010,181,11494
2011,181,9840
2012,181,6658
2013,181,6167
2014,181,7642
2015,181,6082
2016,181,8978
2017,181,8770
2018,181,8840
2019,181,9839
2020,181,5385
2008,182,133318
2009,182,138859
2010,182,154607
2011,182,40248
2012,182,38471
2013,182,84220
2014,182,34904
2015,182,88381
2016,182,93069
2017,182,843
2018,182,
2019,182,
2020,182,
2008,183,165227
2009,183,158149
2010,183,150796
2011,183,60017
2012,183,125133
2013,183,100052
2014,183,121083
2015,183,123641
2016,183,121251
2017,183,66529
2018,183,20939
2019,183,165122
2020,183,160207
2008,184,85333
2009,184,111676
2010,184,59644
2011,184,98075
2012,184,102603
2013,184,100768
2014,184,
2015,184,
2016,184,
2017,184,
2018,184,
2019,184,
2020,184,
2008,185,
2009,185,34061
2010,185,30774
2011,185,38539
2012,185,28438
2013,185,32594
2014,185,50391
2015,185,49187
2016,185,59224
2017,185,40982
2018,185,53914
2019,185,139977
2020,185,181218
2008,186,14802
2009,186,654
2010,186,3058
2011,186,4593
2012,186,3064
2013,186,3063
2014,186,3064
2015,186,3290
2016,186,4909
2017,186,8780
2018,186,7192
2019,186,12579
2020,186,7999
2008,187,
2009,187,
2010,187,
2011,187,
2012,187,2357
2013,187,4484
2014,187,5899
2015,187,5990
2016,187,5972
2017,187,3560
2018,187,1120
2019,187,1742
2020,187,2055
2008,188,
2009,188,
2010,188,54767
2011,188,106378
2012,188,96649
2013,188,116244
2014,188,80331
2015,188,71182
2016,188,64777
2017,188,25202
2018,188,15649
2019,188,126781
2020,188,150423
2008,189,
2009,189,
2010,189,
2011,189,
2012,189,
2013,189,818109
2014,189,92290
2015,189,778817
2016,189,7247
2017,189,5155
2018,189,4979
2019,189,29340
2020,189,171871
2008,190,
2009,190,
2010,190,
2011,190,
2012,190,
2013,190,
2014,190,
2015,190,0
2016,190,0
2017,190,0
2018,190,0
2019,190,0
2020,190,950
2008,191,17263
2009,191,17050
2010,191,22535
2011,191,27058
2012,191,32471
2013,191,23716
2014,191,22712
2015,191,8113
2016,191,16464
2017,191,2497
2018,191,2207
2019,191,1819
2020,191,2590
2008,192,626
2009,192,281
2010,192,0
2011,192,355
2012,192,355
2013,192,358
2014,192,358
2015,192,362
2016,192,364
2017,192,0
2018,192,0
2019,192,60
2020,192,151
2008,193,43
2009,193,87
2010,193,98
2011,193,111
2012,193,119
2013,193,3
2014,193,0
2015,193,0
2016,193,0
2017,193,0
2018,193,0
2019,193,1204
2020,193,
2008,194,94550
2009,194,33528
2010,194,20110
2011,194,25171
2012,194,64134
2013,194,114304
2014,194,36833
2015,194,44318
2016,194,56117
2017,194,68287
2018,194,147488
2019,194,163209
2020,194,282821
2008,195,
2009,195,
2010,195,
2011,195,4824
2012,195,4183
2013,195,3824
2014,195,3614
2015,195,726
2016,195,2192
2017,195,2619
2018,195,2757
2019,195,
2020,195,
2008,196,24112
2009,196,21637
2010,196,40994
2011,196,42025
2012,196,45104
2013,196,41702
2014,196,45092
2015,196,46280
2016,196,35670
2017,196,40105
2018,196,38258
2019,196,38474
2020,196,36587
2008,197,45509
2009,197,36981
2010,197,38750
2011,197,107947
2012,197,115657
2013,197,87686
2014,197,24253
2015,197,33774
2016,197,46354
2017,197,
2018,197,
2019,197,
2020,197,
2008,198,25880
2009,198,9103
2010,198,21849
2011,198,37099
2012,198,28341
2013,198,17436
2014,198,13841
2015,198,17628
2016,198,19228
2017,198,16757
2018,198,19624
2019,198,18424
2020,198,25013
2008,199,653
2009,199,1286
2010,199,1851
2011,199,1705
2012,199,2092
2013,199,6382
2014,199,1747
2015,199,1794
2016,199,2511
2017,199,3948
2018,199,2352
2019,199,2918
2020,199,2636
2008,200,531412
2009,200,28802
2010,200,31250
2011,200,24040
2012,200,15964
2013,200,147939
2014,200,75815
2015,200,31958
2016,200,37751
2017,200,169393
2018,200,164232
2019,200,12470
2020,200,
2008,201,18748
2009,201,12996
2010,201,27549
2011,201,16415
2012,201,11285
2013,201,11173
2014,201,18183
2015,201,11128
2016,201,5951
2017,201,
2018,201,
2019,201,
2020,201,
2008,202,5601
2009,202,7700
2010,202,2104
2011,202,1757
2012,202,5496
2013,202,3352
2014,202,2154
2015,202,821
2016,202,808
2017,202,675
2018,202,12404
2019,202,19386
2020,202,30475
2008,203,7452
2009,203,89826
2010,203,244
2011,203,66260
2012,203,146
2013,203,139
2014,203,85
2015,203,21802
2016,203,160
2017,203,226
2018,203,1721
2019,203,6982
2020,203,5064
2008,204,5389
2009,204,8462
2010,204,1017
2011,204,4068
2012,204,2486
2013,204,1247
2014,204,3231
2015,204,5329
2016,204,6310
2017,204,5492
2018,204,3925
2019,204,2481
2020,204,2485
2008,205,25474
2009,205,30680
2010,205,31056
2011,205,48687
2012,205,42658
2013,205,36121
2014,205,31864
2015,205,36887
2016,205,27354
2017,205,70717
2018,205,58479
2019,205,
2020,205,
2008,206,18165
2009,206,25110
2010,206,22757
2011,206,38871
2012,206,28783
2013,206,17121
2014,206,20708
2015,206,21824
2016,206,
2017,206,
2018,206,
2019,206,
2020,206,
2008,207,508
2009,207,1267
2010,207,3052
2011,207,2049
2012,207,1794
2013,207,3406
2014,207,7205
2015,207,5281
2016,207,4403
2017,207,7242
2018,207,
2019,207,
2020,207,
2008,208,64
2009,208,391
2010,208,1540
2011,208,1196
2012,208,1157
2013,208,1195
2014,208,916
2015,208,988
2016,208,855
2017,208,0
2018,208,180
2019,208,699
2020,208,958
2008,209,
2009,209,
2010,209,
2011,209,
2012,209,0
2013,209,58374
2014,209,23237
2015,209,22759
2016,209,40548
2017,209,60878
2018,209,72704
2019,209,85632
2020,209,127206
2008,210,
2009,210,
2010,210,
2011,210,
2012,210,
2013,210,
2014,210,2778
2015,210,3430
2016,210,1618
2017,210,1121
2018,210,1427
2019,210,1141
2020,210,1003
2008,211,
2009,211,2061
2010,211,5394
2011,211,8453
2012,211,5195
2013,211,3758
2014,211,2730
2015,211,2490
2016,211,3323
2017,211,3762
2018,211,6324
2019,211,11329
2020,211,7951
2008,212,
2009,212,
2010,212,4532
2011,212,4549
2012,212,2332
2013,212,2984
2014,212,2940
2015,212,5435
2016,212,6219
2017,212,5376
2018,212,5659
2019,212,5893
2020,212,5469
2008,213,
2009,213,
2010,213,6996
2011,213,8632
2012,213,8742
2013,213,7554
2014,213,10055
2015,213,9686
2016,213,12688
2017,213,
2018,213,
2019,213,
2020,213,
2008,214,
2009,214,
2010,214,
2011,214,
2012,214,
2013,214,14
2014,214,9
2015,214,638
2016,214,1262
2017,214,1680
2018,214,1472
2019,214,2010
2020,214,2015
2008,215,
2009,215,
2010,215,
2011,215,1040
2012,215,769
2013,215,1215
2014,215,999
2015,215,638
2016,215,862
2017,215,
2018,215,
2019,215,
2020,215,
2008,216,
2009,216,
2010,216,
2011,216,
2012,216,
2013,216,
2014,216,
2015,216,
2016,216,2495
2017,216,2085
2018,216,2208
2019,216,3632
2020,216,4983
2008,217,
2009,217,
2010,217,
2011,217,
2012,217,
2013,217,1519
2014,217,
2015,217,1720
2016,217,1719
2017,217,1502
2018,217,1977
2019,217,9736
2020,217,4464
2008,218,69951
2009,218,75745
2010,218,108119
2011,218,60212
2012,218,78490
2013,218,55313
2014,218,83061
2015,218,39466
2016,218,45593
2017,218,17252
2018,218,3514
2019,218,33993
2020,218,92629
2008,219,5441
2009,219,4192
2010,219,5576
2011,219,6958
2012,219,6921
2013,219,6585
2014,219,6015
2015,219,5527
2016,219,4169
2017,219,5380
2018,219,6832
2019,219,8158
2020,219,6462
2008,220,42786
2009,220,72312
2010,220,83379
2011,220,86279
2012,220,88786
2013,220,106479
2014,220,51128
2015,220,114345
2016,220,113143
2017,220,112779
2018,220,118488
2019,220,103051
2020,220,
2008,221,40177
2009,221,38850
2010,221,55533
2011,221,68533
2012,221,56802
2013,221,54191
2014,221,42791
2015,221,46191
2016,221,48031
2017,221,51383
2018,221,61184
2019,221,74301
2020,221,84307
2008,222,
2009,222,
2010,222,
2011,222,
2012,222,
2013,222,
2014,222,327
2015,222,484
2016,222,1085
2017,222,1320
2018,222,833
2019,222,1161
2020,222,1119
2008,223,
2009,223,
2010,223,
2011,223,
2012,223,
2013,223,
2014,223,299
2015,223,3066
2016,223,2627
2017,223,2460
2018,223,
2019,223,
2020,223,
2008,224,
2009,224,
2010,224,
2011,224,
2012,224,
2013,224,
2014,224,
2015,224,
2016,224,
2017,224,
2018,224,
2019,224,
2020,224,
2008,225,
2009,225,
2010,225,0
2011,225,0
2012,225,1
2013,225,0
2014,225,251
2015,225,270
2016,225,253
2017,225,4055
2018,225,7075
2019,225,0
2020,225,
2008,226,8098
2009,226,15301
2010,226,12055
2011,226,13294
2012,226,13604
2013,226,15906
2014,226,12618
2015,226,10420
2016,226,4130
2017,226,5608
2018,226,3833
2019,226,5449
2020,226,6268
2008,227,
2009,227,
2010,227,
2011,227,
2012,227,
2013,227,
2014,227,17755
2015,227,571573
2016,227,14239
2017,227,3455
2018,227,14444
2019,227,16241
2020,227,34628
2008,228,9920
2009,228,10288
2010,228,6719
2011,228,10369
2012,228,9874
2013,228,11343
2014,228,21913
2015,228,87731
2016,228,195739
2017,228,126073
2018,228,20753
2019,228,52677
2020,228,36565
2008,229,
2009,229,
2010,229,
2011,229,7615
2012,229,6234
2013,229,4339
2014,229,9503
2015,229,7495
2016,229,8955
2017,229,12682
2018,229,13655
2019,229,
2020,229,
2008,230,
2009,230,
2010,230,
2011,230,
2012,230,46600
2013,230,56625
2014,230,44956
2015,230,37293
2016,230,32567
2017,230,26073
2018,230,26546
2019,230,17654
2020,230,17905
2008,231,13601
2009,231,19723
2010,231,24198
2011,231,20828
2012,231,26581
2013,231,20342
2014,231,19562
2015,231,20167
2016,231,22164
2017,231,9667
2018,231,9247
2019,231,7985
2020,231,3420
2008,232,72972
2009,232,69784
2010,232,51473
2011,232,48896
2012,232,39800
2013,232,38569
2014,232,20814
2015,232,29314
2016,232,151885
2017,232,155960
2018,232,138311
2019,232,44459
2020,232,64916
2008,233,44013
2009,233,46921
2010,233,15184
2011,233,33766
2012,233,144815
2013,233,7112
2014,233,6583
2015,233,6731
2016,233,7948
2017,233,40575
2018,233,10566
2019,233,25180
2020,233,
2008,234,5782
2009,234,34916
2010,234,10051
2011,234,17469
2012,234,13036
2013,234,12319
2014,234,7930
2015,234,8316
2016,234,8210
2017,234,10720
2018,234,8125
2019,234,7001
2020,234,8901
2008,235,48354
2009,235,95532
2010,235,60740
2011,235,63728
2012,235,50726
2013,235,45412
2014,235,45412
2015,235,2380
2016,235,2380
2017,235,1181
2018,235,681
2019,235,837
2020,235,
2008,236,65048
2009,236,37678
2010,236,3534
2011,236,7614
2012,236,18808
2013,236,5300
2014,236,5968
2015,236,5105
2016,236,19212
2017,236,297
2018,236,140
2019,236,187
2020,236,188
2008,237,1591
2009,237,1602
2010,237,2139
2011,237,65738
2012,237,65650
2013,237,110102
2014,237,157558
2015,237,149501
2016,237,77256
2017,237,112668
2018,237,52393
2019,237,41115
2020,237,80864
2008,238,671
2009,238,587
2010,238,11896
2011,238,56658
2012,238,26438
2013,238,97152
2014,238,75414
2015,238,18252
2016,238,34021
2017,238,29346
2018,238,37762
2019,238,43632
2020,238,32946
2008,239,4554
2009,239,4814
2010,239,4870
2011,239,14637
2012,239,19952
2013,239,20857
2014,239,18575
2015,239,57753
2016,239,65458
2017,239,126182
2018,239,96664
2019,239,198175
2020,239,266369
2008,240,3808
2009,240,11918
2010,240,5661
2011,240,13934
2012,240,10187
2013,240,6529
2014,240,13429
2015,240,13745
2016,240,23854
2017,240,15178
2018,240,27468
2019,240,39996
2020,240,36535
2008,241,4857
2009,241,4570
2010,241,4656
2011,241,4759
2012,241,4498
2013,241,4092
2014,241,4152
2015,241,4372
2016,241,4212
2017,241,2596
2018,241,2923
2019,241,3036
2020,241,2485
2008,242,246250
2009,242,257902
2010,242,182353
2011,242,185201
2012,242,331606
2013,242,119648
2014,242,137275
2015,242,88628
2016,242,251774
2017,242,218623
2018,242,69271
2019,242,453822
2020,242,676213
2008,243,
2009,243,
2010,243,
2011,243,
2012,243,
2013,243,
2014,243,
2015,243,
2016,243,
2017,243,
2018,243,
2019,243,
2020,243,
2008,244,55588
2009,244,74079
2010,244,277885
2011,244,113694
2012,244,36195
2013,244,7507
2014,244,20743
2015,244,1366
2016,244,450
2017,244,762
2018,244,
2019,244,
2020,244,
2008,245,
2009,245,
2010,245,
2011,245,77209
2012,245,362935
2013,245,1171705
2014,245,1060211
2015,245,1271164
2016,245,753707
2017,245,733156
2018,245,875016
2019,245,845429
2020,245,1104878
2008,246,2662479
2009,246,2330253
2010,246,2939652
2011,246,43202042
2012,246,45087737
2013,246,45841981
2014,246,47085225
2015,246,46542000
2016,246,48819000
2017,246,53477000
2018,246,53721000
2019,246,58532000
2020,246,70340000
2008,247,
2009,247,
2010,247,
2011,247,
2012,247,
2013,247,
2014,247,
2015,247,
2016,247,
2017,247,
2018,247,
2019,247,
2020,247,
2008,248,
2009,248,
2010,248,
2011,248,
2012,248,
2013,248,
2014,248,
2015,248,
2016,248,
2017,248,
2018,248,
2019,248,
2020,248,
2008,249,5497
2009,249,5497
2010,249,4821
2011,249,3911
2012,249,45089
2013,249,39418
2014,249,360
2015,249,651
2016,249,1222
2017,249,200
2018,249,204
2019,249,19567
2020,249,3679
2008,250,
2009,250,
2010,250,
2011,250,
2012,250,
2013,250,
2014,250,
2015,250,
2016,250,
2017,250,129136
2018,250,184799
2019,250,166095
2020,250,151591
2008,251,
2009,251,
2010,251,
2011,251,
2012,251,
2013,251,
2014,251,
2015,251,
2016,251,
2017,251,
2018,251,
2019,251,
2020,251,
2008,252,
2009,252,
2010,252,
2011,252,
2012,252,
2013,252,
2014,252,
2015,252,
2016,252,
2017,252,
2018,252,
2019,252,
2020,252,
2008,253,
2009,253,
2010,253,
2011,253,
2012,253,
2013,253,13861
2014,253,9395
2015,253,18009
2016,253,35358
2017,253,34112
2018,253,40565
2019,253,54207
2020,253,52416
2008,254,1152
2009,254,1405
2010,254,930
2011,254,2944
2012,254,758
2013,254,993
2014,254,1005
2015,254,5388
2016,254,4870
2017,254,30052
2018,254,58582
2019,254,29167
2020,254,44322
2008,255,2219
2009,255,522
2010,255,1057
2011,255,0
2012,255,0
2013,255,0
2014,255,0
2015,255,0
2016,255,0
2017,255,9
2018,255,8
2019,255,620
2020,255,369
2008,256,
2009,256,
2010,256,
2011,256,
2012,256,
2013,256,
2014,256,
2015,256,
2016,256,
2017,256,
2018,256,
2019,256,
2020,256,
2008,257,
2009,257,
2010,257,
2011,257,
2012,257,
2013,257,128829
2014,257,103134
2015,257,57557
2016,257,48247
2017,257,34664
2018,257,60121
2019,257,54823
2020,257,46409
2008,258,
2009,258,
2010,258,
2011,258,
2012,258,
2013,258,
2014,258,
2015,258,
2016,258,4060
2017,258,5225
2018,258,7741
2019,258,9444
2020,258,10403
2008,259,
2009,259,
2010,259,
2011,259,
2012,259,
2013,259,
2014,259,
2015,259,
2016,259,
2017,259,
2018,259,
2019,259,
2020,259,
2008,260,
2009,260,
2010,260,
2011,260,
2012,260,
2013,260,
2014,260,
2015,260,
2016,260,
2017,260,
2018,260,
2019,260,
2020,260,
2008,261,
2009,261,
2010,261,
2011,261,
2012,261,
2013,261,
2014,261,
2015,261,
2016,261,
2017,261,
2018,261,
2019,261,
2020,261,
2008,262,
2009,262,
2010,262,
2011,262,
2012,262,
2013,262,53803
2014,262,46136
2015,262,32788
2016,262,32622
2017,262,30462
2018,262,14924
2019,262,17170
2020,262,67491
2008,263,275923
2009,263,628849
2010,263,326164
2011,263,2130481
2012,263,201653
2013,263,707685
2014,263,7428
2015,263,1177
2016,263,59
2017,263,2195
2018,263,8647
2019,263,
2020,263,
2008,264,524992
2009,264,4103
2010,264,171303
2011,264,177686
2012,264,1688
2013,264,7163018
2014,264,9434081
2015,264,8803876
2016,264,2027896
2017,264,1852111
2018,264,5691379
2019,264,4549296
2020,264,3877982
2008,265,
2009,265,
2010,265,
2011,265,
2012,265,343
2013,265,
2014,265,781
2015,265,873
2016,265,3685
2017,265,4137
2018,265,4748
2019,265,5333
2020,265,1253
2008,266,
2009,266,
2010,266,
2011,266,
2012,266,
2013,266,
2014,266,
2015,266,23384
2016,266,21998
2017,266,18954
2018,266,19789
2019,266,22542
2020,266,18102
2008,267,
2009,267,
2010,267,
2011,267,
2012,267,
2013,267,
2014,267,
2015,267,
2016,267,
2017,267,
2018,267,
2019,267,
2020,267,
2008,268,
2009,268,
2010,268,
2011,268,
2012,268,
2013,268,
2014,268,
2015,268,
2016,268,
2017,268,
2018,268,
2019,268,
2020,268,
2008,269,
2009,269,
2010,269,
2011,269,
2012,269,
2013,269,
2014,269,
2015,269,
2016,269,2696000
2017,269,106176
2018,269,317802
2019,269,581157
2020,269,698406
2008,270,
2009,270,
2010,270,
2011,270,
2012,270,
2013,270,
2014,270,
2015,270,
2016,270,0
2017,270,0
2018,270,2
2019,270,0
2020,270,77
2008,271,
2009,271,
2010,271,
2011,271,
2012,271,
2013,271,
2014,271,8660
2015,271,7943
2016,271,9917
2017,271,2726
2018,271,2397
2019,271,7656
2020,271,5557
2008,272,
2009,272,
2010,272,
2011,272,
2012,272,
2013,272,
2014,272,
2015,272,
2016,272,
2017,272,
2018,272,
2019,272,
2020,272,
2008,273,
2009,273,
2010,273,
2011,273,
2012,273,
2013,273,
2014,273,
2015,273,
2016,273,87
2017,273,124
2018,273,95
2019,273,120
2020,273,2238
2008,274,
2009,274,
2010,274,
2011,274,
2012,274,
2013,274,
2014,274,0
2015,274,0
2016,274,
2017,274,22720
2018,274,0
2019,274,16140
2020,274,22017
2008,275,
2009,275,
2010,275,
2011,275,
2012,275,
2013,275,2562
2014,275,491
2015,275,294
2016,275,436
2017,275,3482
2018,275,2996
2019,275,
2020,275,
2008,276,
2009,276,
2010,276,
2011,276,
2012,276,
2013,276,
2014,276,
2015,276,
2016,276,
2017,276,
2018,276,
2019,276,
2020,276,
2008,277,
2009,277,
2010,277,
2011,277,
2012,277,
2013,277,9788
2014,277,11549
2015,277,26846
2016,277,31226
2017,277,24828
2018,277,25226
2019,277,31060
2020,277,
2008,278,
2009,278,
2010,278,
2011,278,
2012,278,
2013,278,
2014,278,1301
2015,278,2229
2016,278,2417
2017,278,4362
2018,278,4145
2019,278,6788
2020,278,
2008,279,
2009,279,
2010,279,
2011,279,
2012,279,
2013,279,
2014,279,
2015,279,1743
2016,279,1639
2017,279,2307
2018,279,2539
2019,279,2951
2020,279,2087
2008,280,
2009,280,
2010,280,
2011,280,
2012,280,
2013,280,
2014,280,
2015,280,
2016,280,
2017,280,
2018,280,
2019,280,
2020,280,
2008,281,
2009,281,
2010,281,
2011,281,
2012,281,
2013,281,
2014,281,
2015,281,
2016,281,
2017,281,
2018,281,
2019,281,
2020,281,
2008,282,
2009,282,
2010,282,
2011,282,
2012,282,
2013,282,
2014,282,
2015,282,
2016,282,
2017,282,
2018,282,
2019,282,
2020,282,
2008,283,
2009,283,
2010,283,
2011,283,
2012,283,
2013,283,
2014,283,
2015,283,
2016,283,
2017,283,
2018,283,
2019,283,
2020,283,
2008,284,
2009,284,
2010,284,
2011,284,
2012,284,
2013,284,
2014,284,
2015,284,
2016,284,
2017,284,
2018,284,
2019,284,
2020,284,
2008,285,
2009,285,
2010,285,
2011,285,
2012,285,
2013,285,
2014,285,
2015,285,
2016,285,
2017,285,
2018,285,
2019,285,
2020,285,
2008,286,
2009,286,
2010,286,
2011,286,
2012,286,
2013,286,
2014,286,
2015,286,
2016,286,
2017,286,
2018,286,
2019,286,
2020,286,
2008,287,
2009,287,
2010,287,
2011,287,
2012,287,
2013,287,
2014,287,
2015,287,
2016,287,
2017,287,
2018,287,
2019,287,
2020,287,
2008,288,
2009,288,
2010,288,
2011,288,
2012,288,
2013,288,
2014,288,
2015,288,
2016,288,0
2017,288,0
2018,288,0
2019,288,729
2020,288,442
2008,289,
2009,289,
2010,289,
2011,289,
2012,289,
2013,289,
2014,289,
2015,289,
2016,289,
2017,289,
2018,289,
2019,289,
2020,289,
2008,290,
2009,290,
2010,290,
2011,290,
2012,290,
2013,290,
2014,290,
2015,290,
2016,290,
2017,290,
2018,290,
2019,290,3149
2020,290,1830
2008,291,
2009,291,
2010,291,
2011,291,
2012,291,
2013,291,
2014,291,
2015,291,
2016,291,
2017,291,
2018,291,
2019,291,
2020,291,
2008,292,
2009,292,
2010,292,
2011,292,
2012,292,
2013,292,
2014,292,3062
2015,292,1849
2016,292,1931
2017,292,5197
2018,292,5817
2019,292,7863
2020,292,18876
2008,293,
2009,293,
2010,293,
2011,293,
2012,293,20685
2013,293,13845
2014,293,7919
2015,293,13206
2016,293,105776
2017,293,25319
2018,293,19309
2019,293,39471
2020,293,25488
2008,294,
2009,294,
2010,294,
2011,294,
2012,294,737000
2013,294,804451
2014,294,1563298
2015,294,1608552
2016,294,2443851
2017,294,1820905
2018,294,2268715
2019,294,2138354
2020,294,2709409
2008,295,
2009,295,
2010,295,
2011,295,
2012,295,
2013,295,
2014,295,
2015,295,
2016,295,
2017,295,
2018,295,
2019,295,
2020,295,
2008,296,
2009,296,
2010,296,
2011,296,
2012,296,
2013,296,
2014,296,
2015,296,0
2016,296,0
2017,296,0
2018,296,0
2019,296,0
2020,296,0
2008,297,
2009,297,
2010,297,
2011,297,
2012,297,
2013,297,
2014,297,
2015,297,0
2016,297,
2017,297,
2018,297,
2019,297,0
2020,297,
2008,298,
2009,298,
2010,298,
2011,298,
2012,298,
2013,298,
2014,298,
2015,298,
2016,298,
2017,298,50192
2018,298,28273
2019,298,51847
2020,298,39828
2008,299,
2009,299,
2010,299,
2011,299,
2012,299,
2013,299,
2014,299,
2015,299,1123
2016,299,518
2017,299,3340
2018,299,1167
2019,299,2997
2020,299,18560
2008,300,
2009,300,
2010,300,
2011,300,
2012,300,
2013,300,
2014,300,
2015,300,
2016,300,
2017,300,
2018,300,
2019,300,
2020,300,
2008,301,
2009,301,
2010,301,
2011,301,
2012,301,
2013,301,
2014,301,
2015,301,
2016,301,
2017,301,
2018,301,
2019,301,
2020,301,
2008,302,
2009,302,
2010,302,
2011,302,
2012,302,
2013,302,
2014,302,
2015,302,
2016,302,
2017,302,
2018,302,
2019,302,
2020,302,
2008,303,
2009,303,
2010,303,
2011,303,
2012,303,
2013,303,
2014,303,
2015,303,
2016,303,
2017,303,
2018,303,
2019,303,
2020,303,
2008,304,
2009,304,
2010,304,
2011,304,
2012,304,
2013,304,
2014,304,
2015,304,
2016,304,
2017,304,
2018,304,
2019,304,
2020,304,
2008,305,
2009,305,
2010,305,
2011,305,
2012,305,
2013,305,
2014,305,
2015,305,
2016,305,
2017,305,
2018,305,
2019,305,
2020,305,
2008,306,
2009,306,
2010,306,
2011,306,
2012,306,
2013,306,
2014,306,
2015,306,
2016,306,
2017,306,
2018,306,
2019,306,
2020,306,
2008,307,
2009,307,
2010,307,
2011,307,
2012,307,
2013,307,
2014,307,
2015,307,
2016,307,
2017,307,
2018,307,
2019,307,
2020,307,
2008,308,
2009,308,
2010,308,
2011,308,
2012,308,
2013,308,
2014,308,
2015,308,
2016,308,556
2017,308,560
2018,308,388
2019,308,363
2020,308,274
2008,309,
2009,309,
2010,309,
2011,309,
2012,309,
2013,309,
2014,309,
2015,309,
2016,309,
2017,309,
2018,309,
2019,309,
2020,309,
2008,310,
2009,310,
2010,310,
2011,310,
2012,310,
2013,310,
2014,310,
2015,310,
2016,310,
2017,310,
2018,310,
2019,310,
2020,310,
2008,311,
2009,311,
2010,311,
2011,311,
2012,311,
2013,311,
2014,311,
2015,311,
2016,311,
2017,311,
2018,311,
2019,311,
2020,311,
2008,312,
2009,312,
2010,312,
2011,312,
2012,312,
2013,312,
2014,312,
2015,312,
2016,312,
2017,312,
2018,312,
2019,312,
2020,312,
2008,313,
2009,313,
2010,313,
2011,313,
2012,313,
2013,313,
2014,313,
2015,313,
2016,313,
2017,313,
2018,313,
2019,313,
2020,313,
2008,314,
2009,314,
2010,314,
2011,314,
2012,314,
2013,314,
2014,314,
2015,314,
2016,314,
2017,314,
2018,314,
2019,314,
2020,314,
2008,315,
2009,315,
2010,315,
2011,315,
2012,315,
2013,315,
2014,315,
2015,315,
2016,315,
2017,315,
2018,315,
2019,315,
2020,315,
2008,316,
2009,316,
2010,316,
2011,316,
2012,316,
2013,316,
2014,316,
2015,316,
2016,316,
2017,316,
2018,316,
2019,316,
2020,316,
2008,317,
2009,317,
2010,317,
2011,317,
2012,317,
2013,317,
2014,317,
2015,317,
2016,317,
2017,317,
2018,317,
2019,317,
2020,317,
2008,318,
2009,318,
2010,318,
2011,318,
2012,318,
2013,318,
2014,318,
2015,318,
2016,318,
2017,318,
2018,318,
2019,318,
2020,318,
2008,319,
2009,319,
2010,319,
2011,319,
2012,319,
2013,319,
2014,319,
2015,319,
2016,319,
2017,319,
2018,319,
2019,319,
2020,319,
2008,320,
2009,320,
2010,320,
2011,320,
2012,320,
2013,320,
2014,320,
2015,320,
2016,320,0
2017,320,0
2018,320,0
2019,320,663
2020,320,270
2008,321,
2009,321,
2010,321,
2011,321,
2012,321,
2013,321,
2014,321,
2015,321,
2016,321,
2017,321,
2018,321,
2019,321,
2020,321,
2008,322,
2009,322,
2010,322,
2011,322,
2012,322,
2013,322,
2014,322,
2015,322,
2016,322,
2017,322,
2018,322,
2019,322,
2020,322,
2008,323,
2009,323,
2010,323,
2011,323,
2012,323,
2013,323,
2014,323,
2015,323,
2016,323,
2017,323,
2018,323,
2019,323,
2020,323,
2008,324,
2009,324,
2010,324,
2011,324,
2012,324,
2013,324,
2014,324,
2015,324,
2016,324,
2017,324,
2018,324,
2019,324,
2020,324,
2008,325,
2009,325,
2010,325,
2011,325,
2012,325,
2013,325,
2014,325,
2015,325,
2016,325,
2017,325,
2018,325,
2019,325,
2020,325,
