Date,Id,capex
2008,1,
2009,1,
2010,1,
2011,1,
2012,1,
2013,1,
2014,1,
2015,1,
2016,1,
2017,1,
2018,1,
2019,1,
2020,1,
2008,2,6107
2009,2,6749
2010,2,82046
2011,2,0
2012,2,28346
2013,2,5460
2014,2,7487
2015,2,5167
2016,2,
2017,2,
2018,2,
2019,2,
2020,2,
2008,3,
2009,3,
2010,3,
2011,3,
2012,3,
2013,3,
2014,3,12703
2015,3,1576
2016,3,1040
2017,3,
2018,3,249
2019,3,4627
2020,3,1045
2008,4,
2009,4,
2010,4,
2011,4,
2012,4,
2013,4,
2014,4,3192
2015,4,1339
2016,4,10332
2017,4,
2018,4,755
2019,4,3525
2020,4,
2008,5,
2009,5,
2010,5,
2011,5,
2012,5,
2013,5,
2014,5,
2015,5,5685
2016,5,6
2017,5,22
2018,5,48
2019,5,59
2020,5,
2008,6,
2009,6,
2010,6,
2011,6,
2012,6,
2013,6,
2014,6,11
2015,6,20
2016,6,15
2017,6,8
2018,6,
2019,6,
2020,6,
2008,7,
2009,7,
2010,7,
2011,7,
2012,7,65343
2013,7,7341
2014,7,16488
2015,7,26739
2016,7,57641
2017,7,99930
2018,7,0
2019,7,
2020,7,
2008,8,69280
2009,8,30342
2010,8,51915
2011,8,146320
2012,8,121447
2013,8,115435
2014,8,109417
2015,8,137511
2016,8,231431
2017,8,326658
2018,8,250447
2019,8,213657
2020,8,162052
2008,9,51275
2009,9,42225
2010,9,38920
2011,9,63061
2012,9,79390
2013,9,39523
2014,9,37836
2015,9,38817
2016,9,39371
2017,9,29800
2018,9,39594
2019,9,53653
2020,9,54761
2008,10,45635
2009,10,39254
2010,10,37132
2011,10,61790
2012,10,78392
2013,10,38845
2014,10,36628
2015,10,38062
2016,10,38247
2017,10,28775
2018,10,37148
2019,10,50992
2020,10,51973
2008,11,11770
2009,11,9339
2010,11,10047
2011,11,10495
2012,11,13135
2013,11,15509
2014,11,12883
2015,11,14415
2016,11,8958
2017,11,4779
2018,11,8211
2019,11,8532
2020,11,11584
2008,12,2341
2009,12,1121
2010,12,1640
2011,12,902
2012,12,2198
2013,12,1547
2014,12,1194
2015,12,3014
2016,12,1560
2017,12,2641
2018,12,4206
2019,12,3687
2020,12,1399
2008,13,41082
2009,13,22557
2010,13,24304
2011,13,36255
2012,13,45237
2013,13,36030
2014,13,42278
2015,13,51266
2016,13,58763
2017,13,68092
2018,13,97277
2019,13,95544
2020,13,84961
2008,14,
2009,14,
2010,14,
2011,14,
2012,14,
2013,14,
2014,14,
2015,14,
2016,14,
2017,14,
2018,14,
2019,14,
2020,14,
2008,15,
2009,15,
2010,15,
2011,15,
2012,15,
2013,15,
2014,15,
2015,15,
2016,15,
2017,15,
2018,15,
2019,15,
2020,15,
2008,16,
2009,16,
2010,16,
2011,16,
2012,16,
2013,16,
2014,16,
2015,16,
2016,16,
2017,16,
2018,16,
2019,16,
2020,16,
2008,17,
2009,17,
2010,17,
2011,17,
2012,17,161380
2013,17,161653
2014,17,169363
2015,17,184910
2016,17,175647
2017,17,188904
2018,17,300794
2019,17,352154
2020,17,357018
2008,18,
2009,18,
2010,18,
2011,18,
2012,18,
2013,18,
2014,18,
2015,18,109
2016,18,1091
2017,18,384
2018,18,618
2019,18,2787
2020,18,308
2008,19,48108
2009,19,61133
2010,19,65700
2011,19,40300
2012,19,54900
2013,19,64700
2014,19,55600
2015,19,54400
2016,19,63800
2017,19,85800
2018,19,82800
2019,19,92000
2020,19,84700
2008,20,
2009,20,
2010,20,
2011,20,
2012,20,
2013,20,
2014,20,
2015,20,414
2016,20,943
2017,20,399
2018,20,1873
2019,20,1049
2020,20,1736
2008,21,
2009,21,
2010,21,
2011,21,
2012,21,27871
2013,21,24861
2014,21,28593
2015,21,26786
2016,21,29106
2017,21,35394
2018,21,29806
2019,21,31041
2020,21,
2008,22,
2009,22,
2010,22,
2011,22,
2012,22,2141
2013,22,11568
2014,22,3443
2015,22,4385
2016,22,5597
2017,22,3466
2018,22,5213
2019,22,5595
2020,22,4719
2008,23,3038
2009,23,2455
2010,23,3249
2011,23,2097
2012,23,3624
2013,23,1808
2014,23,4345
2015,23,3415
2016,23,2555
2017,23,2157
2018,23,2345
2019,23,2276
2020,23,2021
2008,24,73870
2009,24,63005
2010,24,61703
2011,24,84968
2012,24,85315
2013,24,91660
2014,24,96645
2015,24,86532
2016,24,98381
2017,24,93722
2018,24,94696
2019,24,160504
2020,24,128550
2008,25,
2009,25,
2010,25,
2011,25,
2012,25,78
2013,25,25
2014,25,92
2015,25,1376
2016,25,123
2017,25,4443
2018,25,42512
2019,25,
2020,25,
2008,26,66035
2009,26,76256
2010,26,25563
2011,26,40995
2012,26,71764
2013,26,27936
2014,26,61657
2015,26,40334
2016,26,32641
2017,26,32050
2018,26,10650
2019,26,23900
2020,26,7412
2008,27,17701
2009,27,15918
2010,27,10607
2011,27,18804
2012,27,17028
2013,27,16530
2014,27,13578
2015,27,37385
2016,27,28579
2017,27,31864
2018,27,17236
2019,27,19289
2020,27,19535
2008,28,179630
2009,28,83688
2010,28,37659
2011,28,59485
2012,28,76763
2013,28,81122
2014,28,66761
2015,28,60812
2016,28,65394
2017,28,86124
2018,28,69577
2019,28,58824
2020,28,52341
2008,29,25764
2009,29,11024
2010,29,4429
2011,29,3467
2012,29,2148
2013,29,2591
2014,29,3382
2015,29,2668
2016,29,3134
2017,29,3122
2018,29,
2019,29,
2020,29,
2008,30,123388
2009,30,80450
2010,30,51893
2011,30,72370
2012,30,73160
2013,30,114333
2014,30,135315
2015,30,90288
2016,30,26565
2017,30,46267
2018,30,45849
2019,30,20749
2020,30,6173
2008,31,324
2009,31,44
2010,31,5
2011,31,9
2012,31,5
2013,31,38
2014,31,395
2015,31,27
2016,31,
2017,31,3
2018,31,1
2019,31,9
2020,31,
2008,32,782
2009,32,314
2010,32,1050
2011,32,345
2012,32,360
2013,32,695
2014,32,114
2015,32,185
2016,32,204
2017,32,13
2018,32,247
2019,32,447
2020,32,257
2008,33,1976
2009,33,2403
2010,33,5621
2011,33,0
2012,33,4768
2013,33,3190
2014,33,11485
2015,33,4062
2016,33,10342
2017,33,5996
2018,33,6097
2019,33,
2020,33,
2008,34,698133
2009,34,680101
2010,34,500882
2011,34,374077
2012,34,352869
2013,34,323113
2014,34,507255
2015,34,348054
2016,34,
2017,34,
2018,34,
2019,34,
2020,34,
2008,35,164633
2009,35,82615
2010,35,35461
2011,35,57641
2012,35,75094
2013,35,79762
2014,35,66391
2015,35,60043
2016,35,62584
2017,35,72270
2018,35,62654
2019,35,57705
2020,35,51609
2008,36,517732
2009,36,380991
2010,36,269346
2011,36,147797
2012,36,144868
2013,36,158848
2014,36,174044
2015,36,300241
2016,36,232731
2017,36,178989
2018,36,211747
2019,36,250017
2020,36,222900
2008,37,718734
2009,37,690519
2010,37,508001
2011,37,384300
2012,37,362156
2013,37,329277
2014,37,513352
2015,37,15768
2016,37,17748
2017,37,22070
2018,37,13631
2019,37,15676
2020,37,28791
2008,38,97737
2009,38,194764
2010,38,156801
2011,38,134287
2012,38,71777
2013,38,35274
2014,38,270236
2015,38,215386
2016,38,257632
2017,38,170391
2018,38,118972
2019,38,85280
2020,38,165527
2008,39,157129
2009,39,80714
2010,39,84752
2011,39,37894
2012,39,20898
2013,39,1006
2014,39,6
2015,39,0
2016,39,468
2017,39,531
2018,39,58177
2019,39,19559
2020,39,2147
2008,40,16125
2009,40,11705
2010,40,77456
2011,40,177527
2012,40,58062
2013,40,57363
2014,40,46387
2015,40,59609
2016,40,91293
2017,40,18065
2018,40,48347
2019,40,117498
2020,40,77795
2008,41,114625
2009,41,
2010,41,
2011,41,18905
2012,41,
2013,41,19734
2014,41,3866
2015,41,4339
2016,41,9621
2017,41,86939
2018,41,39463
2019,41,36325
2020,41,19313
2008,42,7059000
2009,42,6591000
2010,42,6468000
2011,42,6957000
2012,42,6522000
2013,42,5350000
2014,42,6021000
2015,42,7000000
2016,42,7927000
2017,42,7226000
2018,42,6908000
2019,42,8236000
2020,42,8330000
2008,43,829300
2009,43,1946300
2010,43,1135600
2011,43,1166000
2012,43,1156300
2013,43,1163600
2014,43,1031200
2015,43,1032100
2016,43,756300
2017,43,864900
2018,43,1010100
2019,43,1121000
2020,43,1190900
2008,44,24360
2009,44,46932
2010,44,13470
2011,44,14699
2012,44,1410
2013,44,523
2014,44,857
2015,44,206
2016,44,817
2017,44,
2018,44,
2019,44,
2020,44,
2008,45,
2009,45,
2010,45,
2011,45,
2012,45,
2013,45,
2014,45,
2015,45,
2016,45,
2017,45,
2018,45,
2019,45,
2020,45,
2008,46,358937
2009,46,471289
2010,46,192414
2011,46,86311
2012,46,303859
2013,46,113018
2014,46,134556
2015,46,189252
2016,46,248949
2017,46,183395
2018,46,241607
2019,46,431036
2020,46,572313
2008,47,437000
2009,47,379000
2010,47,247000
2011,47,183000
2012,47,275000
2013,47,227000
2014,47,237000
2015,47,253000
2016,47,259000
2017,47,306000
2018,47,305000
2019,47,380000
2020,47,451000
2008,48,882000
2009,48,674000
2010,48,1039000
2011,48,1536000
2012,48,1226000
2013,48,1206000
2014,48,1570000
2015,48,2431000
2016,48,
2017,48,
2018,48,
2019,48,
2020,48,
2008,49,
2009,49,
2010,49,1600
2011,49,1618
2012,49,1219
2013,49,2002
2014,49,
2015,49,1357
2016,49,2793
2017,49,2722
2018,49,0
2019,49,123
2020,49,66
2008,50,
2009,50,
2010,50,
2011,50,
2012,50,
2013,50,6440
2014,50,5614
2015,50,12432
2016,50,4838
2017,50,3852
2018,50,3556
2019,50,792
2020,50,15574
2008,51,
2009,51,
2010,51,
2011,51,
2012,51,
2013,51,
2014,51,
2015,51,
2016,51,
2017,51,
2018,51,
2019,51,
2020,51,
2008,52,
2009,52,
2010,52,
2011,52,
2012,52,
2013,52,
2014,52,
2015,52,1991
2016,52,4189
2017,52,7270
2018,52,6929
2019,52,7876
2020,52,
2008,53,11050
2009,53,7241
2010,53,5850
2011,53,6069
2012,53,5585
2013,53,6470
2014,53,4310
2015,53,5017
2016,53,8663
2017,53,7273
2018,53,14410
2019,53,23706
2020,53,12865
2008,54,11155
2009,54,9184
2010,54,5213
2011,54,4270
2012,54,2096
2013,54,2995
2014,54,7610
2015,54,8567
2016,54,10300
2017,54,3124
2018,54,25857
2019,54,20559
2020,54,10156
2008,55,9200
2009,55,7145
2010,55,6531
2011,55,6624
2012,55,9107
2013,55,7746
2014,55,11206
2015,55,17579
2016,55,12899
2017,55,11270
2018,55,18902
2019,55,22859
2020,55,21508
2008,56,6639
2009,56,1143
2010,56,1649
2011,56,3934
2012,56,2829
2013,56,2839
2014,56,5291
2015,56,4559
2016,56,3176
2017,56,5449
2018,56,7207
2019,56,7727
2020,56,4329
2008,57,3030
2009,57,3863
2010,57,4151
2011,57,4066
2012,57,6456
2013,57,6113
2014,57,7264
2015,57,10307
2016,57,19866
2017,57,12978
2018,57,12112
2019,57,
2020,57,
2008,58,103000
2009,58,91000
2010,58,83000
2011,58,135000
2012,58,132000
2013,58,103000
2014,58,143000
2015,58,204000
2016,58,222000
2017,58,237000
2018,58,267000
2019,58,240000
2020,58,240000
2008,59,4064
2009,59,4815
2010,59,169
2011,59,418
2012,59,12591
2013,59,6802
2014,59,8759
2015,59,6534
2016,59,7059
2017,59,11732
2018,59,17775
2019,59,10609
2020,59,7181
2008,60,4208
2009,60,4412
2010,60,7862
2011,60,6629
2012,60,7696
2013,60,1868
2014,60,1545
2015,60,999
2016,60,2959
2017,60,
2018,60,
2019,60,1211
2020,60,369
2008,61,16488
2009,61,3224
2010,61,2217
2011,61,7424
2012,61,7413
2013,61,7159
2014,61,5462
2015,61,4733
2016,61,2965
2017,61,5641
2018,61,9411
2019,61,15644
2020,61,6003
2008,62,7942
2009,62,9547
2010,62,15113
2011,62,9347
2012,62,6505
2013,62,4945
2014,62,2614
2015,62,4037
2016,62,6003
2017,62,9341
2018,62,6372
2019,62,5885
2020,62,2133
2008,63,6001
2009,63,7176
2010,63,6746
2011,63,4879
2012,63,5844
2013,63,5625
2014,63,15891
2015,63,26575
2016,63,29755
2017,63,13898
2018,63,18995
2019,63,14714
2020,63,15304
2008,64,2851000
2009,64,2526000
2010,64,2802000
2011,64,3029000
2012,64,3314000
2013,64,2505000
2014,64,2562000
2015,64,4761000
2016,64,3467000
2017,64,3477000
2018,64,2831000
2019,64,3860000
2020,64,3500000
2008,65,6833
2009,65,2315
2010,65,3394
2011,65,4045
2012,65,3215
2013,65,21609
2014,65,4695
2015,65,5697
2016,65,8540
2017,65,5169
2018,65,5769
2019,65,9768
2020,65,13203
2008,66,
2009,66,
2010,66,0
2011,66,44356
2012,66,34038
2013,66,36655
2014,66,35830
2015,66,32282
2016,66,40263
2017,66,50396
2018,66,50565
2019,66,52756
2020,66,36696
2008,67,15637
2009,67,4274
2010,67,2042
2011,67,1417
2012,67,597
2013,67,781
2014,67,2107
2015,67,3914
2016,67,4095
2017,67,9849
2018,67,16210
2019,67,12113
2020,67,9424
2008,68,1161
2009,68,9265
2010,68,211
2011,68,350
2012,68,325
2013,68,267
2014,68,1902
2015,68,938
2016,68,874
2017,68,646
2018,68,463
2019,68,16
2020,68,
2008,69,142400
2009,69,96200
2010,69,142300
2011,69,125400
2012,69,93000
2013,69,138100
2014,69,144000
2015,69,162900
2016,69,194600
2017,69,201000
2018,69,
2019,69,
2020,69,
2008,70,2698
2009,70,1209
2010,70,2078
2011,70,1448
2012,70,799
2013,70,940
2014,70,1665
2015,70,724
2016,70,1220
2017,70,1318
2018,70,1051
2019,70,1023
2020,70,1479
2008,71,1324
2009,71,1496
2010,71,928
2011,71,638
2012,71,1126
2013,71,920
2014,71,4127
2015,71,2935
2016,71,927
2017,71,2865
2018,71,3903
2019,71,12696
2020,71,650
2008,72,7649
2009,72,10769
2010,72,4556
2011,72,21966
2012,72,12037
2013,72,9129
2014,72,17240
2015,72,8392
2016,72,12407
2017,72,17634
2018,72,38739
2019,72,60487
2020,72,14018
2008,73,1722
2009,73,1636
2010,73,1407
2011,73,4518
2012,73,2928
2013,73,1712
2014,73,464
2015,73,3201
2016,73,26774
2017,73,
2018,73,
2019,73,
2020,73,
2008,74,
2009,74,
2010,74,
2011,74,
2012,74,
2013,74,
2014,74,
2015,74,
2016,74,
2017,74,
2018,74,
2019,74,
2020,74,
2008,75,
2009,75,
2010,75,
2011,75,
2012,75,
2013,75,
2014,75,1594
2015,75,38
2016,75,168
2017,75,837
2018,75,381
2019,75,3155
2020,75,184
2008,76,1071000
2009,76,1053000
2010,76,1056000
2011,76,1160000
2012,76,341000
2013,76,348000
2014,76,366000
2015,76,393000
2016,76,832000
2017,76,950000
2018,76,772000
2019,76,852000
2020,76,1001000
2008,77,328639
2009,77,278592
2010,77,490139
2011,77,493254
2012,77,339749
2013,77,351538
2014,77,256919
2015,77,267562
2016,77,269983
2017,77,357299
2018,77,446984
2019,77,523985
2020,77,685150
2008,78,406106
2009,78,349395
2010,78,176644
2011,78,155400
2012,78,126089
2013,78,118971
2014,78,110636
2015,78,110000
2016,78,133200
2017,78,150300
2018,78,159200
2019,78,164200
2020,78,140600
2008,79,15495
2009,79,32297
2010,79,14055
2011,79,8533
2012,79,5991
2013,79,3518
2014,79,2668
2015,79,2152
2016,79,2807
2017,79,5521
2018,79,11054
2019,79,23627
2020,79,31844
2008,80,16751
2009,80,24966
2010,80,16787
2011,80,22057
2012,80,3802
2013,80,1915
2014,80,1315
2015,80,901
2016,80,1164
2017,80,1129
2018,80,2557
2019,80,2202
2020,80,1015
2008,81,644000
2009,81,651000
2010,81,492000
2011,81,469000
2012,81,300000
2013,81,159000
2014,81,387000
2015,81,528000
2016,81,405000
2017,81,457000
2018,81,447000
2019,81,288000
2020,81,491000
2008,82,
2009,82,
2010,82,
2011,82,
2012,82,
2013,82,
2014,82,
2015,82,
2016,82,
2017,82,
2018,82,
2019,82,
2020,82,
2008,83,45067
2009,83,35190
2010,83,40632
2011,83,27521
2012,83,34657
2013,83,37103
2014,83,50869
2015,83,59620
2016,83,51794
2017,83,63791
2018,83,78848
2019,83,63894
2020,83,35197
2008,84,474240
2009,84,595955
2010,84,656672
2011,84,133530
2012,84,204735
2013,84,152209
2014,84,151188
2015,84,130905
2016,84,123874
2017,84,136158
2018,84,194220
2019,84,180555
2020,84,128792
2008,85,16938
2009,85,19700
2010,85,15782
2011,85,23552
2012,85,17754
2013,85,11409
2014,85,18945
2015,85,11410
2016,85,18051
2017,85,20573
2018,85,24514
2019,85,29170
2020,85,21904
2008,86,474240
2009,86,595955
2010,86,656672
2011,86,133530
2012,86,204735
2013,86,152209
2014,86,151188
2015,86,130905
2016,86,123874
2017,86,136158
2018,86,194220
2019,86,180555
2020,86,128792
2008,87,2080
2009,87,2044
2010,87,2131
2011,87,2041
2012,87,589
2013,87,1013
2014,87,683
2015,87,909
2016,87,1377
2017,87,1236
2018,87,542
2019,87,524
2020,87,
2008,88,36
2009,88,64
2010,88,5267
2011,88,12
2012,88,72
2013,88,58
2014,88,82
2015,88,84
2016,88,0
2017,88,379
2018,88,52
2019,88,
2020,88,
2008,89,1762
2009,89,4568
2010,89,1631
2011,89,960
2012,89,2319
2013,89,2891
2014,89,4040
2015,89,1677
2016,89,4207
2017,89,4676
2018,89,3634
2019,89,
2020,89,
2008,90,1586
2009,90,706
2010,90,5374
2011,90,1471
2012,90,4625
2013,90,18013
2014,90,14560
2015,90,21124
2016,90,43498
2017,90,58871
2018,90,
2019,90,
2020,90,
2008,91,
2009,91,
2010,91,
2011,91,
2012,91,
2013,91,1351
2014,91,2938
2015,91,612
2016,91,642
2017,91,614
2018,91,1193
2019,91,1473
2020,91,
2008,92,
2009,92,
2010,92,
2011,92,
2012,92,
2013,92,
2014,92,
2015,92,627
2016,92,493
2017,92,1
2018,92,8
2019,92,6
2020,92,
2008,93,
2009,93,
2010,93,
2011,93,
2012,93,
2013,93,
2014,93,
2015,93,
2016,93,
2017,93,
2018,93,
2019,93,
2020,93,
2008,94,
2009,94,
2010,94,
2011,94,
2012,94,
2013,94,
2014,94,
2015,94,
2016,94,
2017,94,
2018,94,
2019,94,
2020,94,
2008,95,17876
2009,95,23853
2010,95,29058
2011,95,27981
2012,95,26972
2013,95,25288
2014,95,28016
2015,95,34328
2016,95,44638
2017,95,50867
2018,95,48128
2019,95,50513
2020,95,30108
2008,96,43314
2009,96,15685
2010,96,8173
2011,96,12375
2012,96,-13573
2013,96,1588
2014,96,
2015,96,
2016,96,
2017,96,
2018,96,
2019,96,
2020,96,
2008,97,0
2009,97,16576
2010,97,770
2011,97,2144
2012,97,2387
2013,97,1161
2014,97,4042
2015,97,619
2016,97,6973
2017,97,1076
2018,97,2386
2019,97,2652
2020,97,5406
2008,98,14523
2009,98,20149
2010,98,23420
2011,98,26717
2012,98,28473
2013,98,28080
2014,98,28099
2015,98,27173
2016,98,30025
2017,98,33271
2018,98,33245
2019,98,37429
2020,98,42480
2008,99,3808
2009,99,5409
2010,99,6053
2011,99,4695
2012,99,4852
2013,99,5021
2014,99,6867
2015,99,5875
2016,99,4171
2017,99,7248
2018,99,
2019,99,
2020,99,
2008,100,33518
2009,100,28079
2010,100,33186
2011,100,47289
2012,100,53360
2013,100,51750
2014,100,52738
2015,100,43702
2016,100,41953
2017,100,85065
2018,100,50312
2019,100,50552
2020,100,76956
2008,101,1877
2009,101,1307
2010,101,993
2011,101,1158
2012,101,3588
2013,101,1558
2014,101,1205
2015,101,1224
2016,101,1257
2017,101,1645
2018,101,481
2019,101,463
2020,101,257
2008,102,5419
2009,102,11748
2010,102,11026
2011,102,14213
2012,102,9341
2013,102,8888
2014,102,8770
2015,102,11561
2016,102,21067
2017,102,18465
2018,102,19459
2019,102,15990
2020,102,9641
2008,103,14685
2009,103,4879
2010,103,4287
2011,103,5509
2012,103,8493
2013,103,4194
2014,103,5379
2015,103,4858
2016,103,10849
2017,103,8872
2018,103,5446
2019,103,
2020,103,
2008,104,641
2009,104,2353
2010,104,969
2011,104,2600
2012,104,1991
2013,104,2457
2014,104,2094
2015,104,213
2016,104,2185
2017,104,1116
2018,104,1197
2019,104,4285
2020,104,2968
2008,105,938
2009,105,897
2010,105,724
2011,105,761
2012,105,264
2013,105,119
2014,105,212
2015,105,513
2016,105,1625
2017,105,1431
2018,105,2013
2019,105,6313
2020,105,631
2008,106,15264
2009,106,8328
2010,106,6060
2011,106,4766
2012,106,8575
2013,106,8129
2014,106,13705
2015,106,8903
2016,106,13816
2017,106,16164
2018,106,18157
2019,106,17732
2020,106,14143
2008,107,10491
2009,107,6819
2010,107,3154
2011,107,2761
2012,107,3911
2013,107,6300
2014,107,2517
2015,107,351
2016,107,116
2017,107,786
2018,107,1030
2019,107,754
2020,107,943
2008,108,
2009,108,
2010,108,
2011,108,
2012,108,
2013,108,
2014,108,23
2015,108,7497
2016,108,11615
2017,108,21848
2018,108,15207
2019,108,14968
2020,108,20565
2008,109,
2009,109,116
2010,109,458
2011,109,800
2012,109,1341
2013,109,3782
2014,109,3581
2015,109,3445
2016,109,
2017,109,
2018,109,
2019,109,
2020,109,
2008,110,816
2009,110,503
2010,110,263
2011,110,
2012,110,36138
2013,110,47018
2014,110,
2015,110,
2016,110,
2017,110,
2018,110,
2019,110,
2020,110,
2008,111,27208
2009,111,1264
2010,111,
2011,111,209
2012,111,28
2013,111,18
2014,111,4
2015,111,19
2016,111,454
2017,111,
2018,111,7
2019,111,2594
2020,111,454
2008,112,7802
2009,112,4852
2010,112,8632
2011,112,8621
2012,112,9021
2013,112,13780
2014,112,13350
2015,112,19550
2016,112,20293
2017,112,21134
2018,112,36511
2019,112,25366
2020,112,
2008,113,12341
2009,113,3598
2010,113,3905
2011,113,5098
2012,113,2814
2013,113,2726
2014,113,5765
2015,113,13062
2016,113,18410
2017,113,21681
2018,113,24392
2019,113,14544
2020,113,4743
2008,114,1210
2009,114,659
2010,114,570
2011,114,663
2012,114,395
2013,114,598
2014,114,3061
2015,114,2721
2016,114,4552
2017,114,1814
2018,114,946
2019,114,332
2020,114,
2008,115,5430
2009,115,2323
2010,115,1782
2011,115,3753
2012,115,6035
2013,115,4417
2014,115,8081
2015,115,3304
2016,115,
2017,115,
2018,115,
2019,115,
2020,115,
2008,116,12649
2009,116,11247
2010,116,12733
2011,116,13704
2012,116,13219
2013,116,9491
2014,116,9843
2015,116,11581
2016,116,11465
2017,116,13604
2018,116,11348
2019,116,11510
2020,116,16623
2008,117,4094
2009,117,10946
2010,117,3548
2011,117,2563
2012,117,6084
2013,117,11464
2014,117,12297
2015,117,11529
2016,117,13695
2017,117,14793
2018,117,14052
2019,117,12159
2020,117,11509
2008,118,52821
2009,118,17935
2010,118,16871
2011,118,23614
2012,118,33486
2013,118,29411
2014,118,26726
2015,118,19169
2016,118,11367
2017,118,13536
2018,118,29190
2019,118,23702
2020,118,15754
2008,119,15952
2009,119,9974
2010,119,6808
2011,119,10644
2012,119,16860
2013,119,27321
2014,119,32575
2015,119,27502
2016,119,31954
2017,119,44533
2018,119,63683
2019,119,72517
2020,119,58571
2008,120,
2009,120,
2010,120,
2011,120,74379
2012,120,86400
2013,120,217916
2014,120,122194
2015,120,121866
2016,120,143784
2017,120,107919
2018,120,124069
2019,120,218039
2020,120,232744
2008,121,
2009,121,
2010,121,
2011,121,
2012,121,1349000
2013,121,1495000
2014,121,1285963
2015,121,1011833
2016,121,791861
2017,121,786563
2018,121,876717
2019,121,951013
2020,121,739159
2008,122,169902
2009,122,114540
2010,122,79513
2011,122,79154
2012,122,108967
2013,122,149230
2014,122,133074
2015,122,192060
2016,122,95113
2017,122,65132
2018,122,61317
2019,122,73769
2020,122,167458
2008,123,
2009,123,
2010,123,
2011,123,
2012,123,
2013,123,
2014,123,223
2015,123,798
2016,123,355
2017,123,699
2018,123,4327
2019,123,2096
2020,123,3244
2008,124,
2009,124,
2010,124,
2011,124,
2012,124,
2013,124,
2014,124,
2015,124,368
2016,124,593
2017,124,2531
2018,124,1742
2019,124,1938
2020,124,2620
2008,125,
2009,125,
2010,125,
2011,125,
2012,125,
2013,125,
2014,125,
2015,125,10512
2016,125,16728
2017,125,19318
2018,125,23569
2019,125,23480
2020,125,18027
2008,126,59289
2009,126,37779
2010,126,44261
2011,126,60537
2012,126,37645
2013,126,30074
2014,126,25629
2015,126,204
2016,126,68
2017,126,245
2018,126,658
2019,126,661
2020,126,680
2008,127,48155
2009,127,53547
2010,127,373
2011,127,311
2012,127,35250
2013,127,32692
2014,127,11580
2015,127,7361
2016,127,180
2017,127,1756
2018,127,891
2019,127,1516
2020,127,1749
2008,128,298812
2009,128,4093
2010,128,6517
2011,128,9053
2012,128,276598
2013,128,288727
2014,128,231409
2015,128,215050
2016,128,179800
2017,128,193483
2018,128,456039
2019,128,
2020,128,
2008,129,23758
2009,129,24693
2010,129,10515
2011,129,14383
2012,129,17093
2013,129,19814
2014,129,5677
2015,129,11096
2016,129,10906
2017,129,12633
2018,129,
2019,129,
2020,129,
2008,130,14389
2009,130,10632
2010,130,6979
2011,130,10543
2012,130,10462
2013,130,10101
2014,130,9156
2015,130,14764
2016,130,15812
2017,130,19927
2018,130,15287
2019,130,
2020,130,
2008,131,14765
2009,131,8448
2010,131,2192
2011,131,2349
2012,131,3364
2013,131,2447
2014,131,1470
2015,131,3124
2016,131,2794
2017,131,4532
2018,131,3676
2019,131,6951
2020,131,2777
2008,132,1139090
2009,132,1313319
2010,132,56904
2011,132,63617
2012,132,56529
2013,132,59150
2014,132,57008
2015,132,95525
2016,132,113104
2017,132,84415
2018,132,93354
2019,132,207000
2020,132,177000
2008,133,47963
2009,133,124308
2010,133,69368
2011,133,64518
2012,133,19938
2013,133,10148
2014,133,35999
2015,133,2574
2016,133,
2017,133,
2018,133,
2019,133,
2020,133,
2008,134,303013
2009,134,4829
2010,134,7409
2011,134,9920
2012,134,5792
2013,134,7215
2014,134,8620
2015,134,7092
2016,134,8313
2017,134,10133
2018,134,17375
2019,134,31630
2020,134,19460
2008,135,
2009,135,
2010,135,
2011,135,
2012,135,1948
2013,135,1821
2014,135,2144
2015,135,1739
2016,135,4034
2017,135,4686
2018,135,2690
2019,135,2480
2020,135,1025
2008,136,719
2009,136,425
2010,136,962
2011,136,498
2012,136,186
2013,136,90
2014,136,145
2015,136,1658
2016,136,2862
2017,136,364
2018,136,33
2019,136,
2020,136,7119
2008,137,1873
2009,137,602
2010,137,840
2011,137,619
2012,137,791
2013,137,907
2014,137,577
2015,137,475
2016,137,326
2017,137,469
2018,137,841
2019,137,1017
2020,137,317
2008,138,
2009,138,
2010,138,
2011,138,
2012,138,
2013,138,
2014,138,
2015,138,
2016,138,
2017,138,
2018,138,
2019,138,
2020,138,
2008,139,365
2009,139,0
2010,139,456
2011,139,26
2012,139,49
2013,139,63
2014,139,27
2015,139,186
2016,139,76
2017,139,213
2018,139,122
2019,139,90
2020,139,232
2008,140,12456
2009,140,8161
2010,140,7120
2011,140,7928
2012,140,9117
2013,140,3813
2014,140,217
2015,140,6
2016,140,4951
2017,140,162
2018,140,265
2019,140,
2020,140,
2008,141,834
2009,141,733
2010,141,1118
2011,141,1421
2012,141,1276
2013,141,634
2014,141,193
2015,141,544
2016,141,2566
2017,141,3916
2018,141,538
2019,141,660
2020,141,448
2008,142,2846
2009,142,166
2010,142,422
2011,142,641
2012,142,924
2013,142,5394
2014,142,47734
2015,142,11274
2016,142,15200
2017,142,27000
2018,142,27900
2019,142,28600
2020,142,25100
2008,143,28337
2009,143,4492
2010,143,3064
2011,143,4771
2012,143,9317
2013,143,3955
2014,143,1831
2015,143,593
2016,143,587
2017,143,
2018,143,2360
2019,143,1420
2020,143,
2008,144,13422
2009,144,6635
2010,144,6642
2011,144,4138
2012,144,7153
2013,144,20067
2014,144,12731
2015,144,13701
2016,144,6591
2017,144,3359
2018,144,4216
2019,144,8614
2020,144,14868
2008,145,15014
2009,145,1057
2010,145,857
2011,145,2431
2012,145,7509
2013,145,2364
2014,145,588
2015,145,26
2016,145,
2017,145,
2018,145,
2019,145,0
2020,145,
2008,146,2908
2009,146,1114
2010,146,2816
2011,146,2160
2012,146,326
2013,146,1264
2014,146,424
2015,146,1010
2016,146,1071
2017,146,463
2018,146,2307
2019,146,21935
2020,146,1440
2008,147,18264
2009,147,0
2010,147,12858
2011,147,16758
2012,147,5104
2013,147,7793
2014,147,2957
2015,147,0
2016,147,3621
2017,147,
2018,147,
2019,147,4448
2020,147,4360
2008,148,18731
2009,148,4077
2010,148,2349
2011,148,4284
2012,148,9264
2013,148,3891
2014,148,1799
2015,148,976
2016,148,1008
2017,148,1509
2018,148,2163
2019,148,1103
2020,148,
2008,149,55513
2009,149,26934
2010,149,27549
2011,149,31849
2012,149,28569
2013,149,20159
2014,149,15052
2015,149,8429
2016,149,11713
2017,149,13103
2018,149,16410
2019,149,11303
2020,149,
2008,150,118900
2009,150,130000
2010,150,151100
2011,150,172300
2012,150,100900
2013,150,43500
2014,150,31400
2015,150,85300
2016,150,81100
2017,150,92400
2018,150,53000
2019,150,64600
2020,150,60600
2008,151,
2009,151,
2010,151,
2011,151,-12
2012,151,115
2013,151,36
2014,151,297
2015,151,111
2016,151,1232
2017,151,1495
2018,151,2030
2019,151,1833
2020,151,311
2008,152,
2009,152,
2010,152,
2011,152,
2012,152,
2013,152,
2014,152,3
2015,152,1
2016,152,4
2017,152,15
2018,152,21
2019,152,262
2020,152,38
2008,153,84400
2009,153,74200
2010,153,88000
2011,153,75000
2012,153,65300
2013,153,56100
2014,153,64300
2015,153,56800
2016,153,31700
2017,153,19100
2018,153,17800
2019,153,16400
2020,153,15900
2008,154,
2009,154,
2010,154,
2011,154,
2012,154,
2013,154,13
2014,154,19
2015,154,56
2016,154,2
2017,154,9
2018,154,
2019,154,24
2020,154,353
2008,155,
2009,155,
2010,155,
2011,155,
2012,155,
2013,155,
2014,155,8167
2015,155,7623
2016,155,7630
2017,155,18687
2018,155,15081
2019,155,14035
2020,155,17527
2008,156,
2009,156,
2010,156,
2011,156,172
2012,156,86
2013,156,117
2014,156,14068
2015,156,28570
2016,156,18678
2017,156,14854
2018,156,23989
2019,156,32257
2020,156,55738
2008,157,
2009,157,
2010,157,
2011,157,
2012,157,8
2013,157,
2014,157,3
2015,157,440
2016,157,1728
2017,157,186
2018,157,
2019,157,
2020,157,
2008,158,
2009,158,
2010,158,
2011,158,
2012,158,
2013,158,
2014,158,
2015,158,2
2016,158,3
2017,158,6
2018,158,
2019,158,9
2020,158,
2008,159,
2009,159,
2010,159,
2011,159,
2012,159,
2013,159,
2014,159,
2015,159,
2016,159,2
2017,159,2
2018,159,0
2019,159,0
2020,159,
2008,160,
2009,160,
2010,160,
2011,160,
2012,160,
2013,160,
2014,160,2880
2015,160,
2016,160,629
2017,160,1441
2018,160,170
2019,160,53
2020,160,184
2008,161,
2009,161,
2010,161,
2011,161,
2012,161,
2013,161,
2014,161,
2015,161,155
2016,161,2956
2017,161,77
2018,161,174
2019,161,70
2020,161,1159
2008,162,
2009,162,
2010,162,
2011,162,
2012,162,
2013,162,
2014,162,178
2015,162,1018
2016,162,450
2017,162,285
2018,162,221
2019,162,3553
2020,162,15
2008,163,
2009,163,
2010,163,
2011,163,
2012,163,
2013,163,
2014,163,
2015,163,481
2016,163,508
2017,163,25
2018,163,100
2019,163,42
2020,163,2128
2008,164,1963
2009,164,2778
2010,164,3739
2011,164,5288
2012,164,4082
2013,164,1463
2014,164,1787
2015,164,476
2016,164,
2017,164,143
2018,164,
2019,164,0
2020,164,11
2008,165,
2009,165,
2010,165,
2011,165,
2012,165,
2013,165,
2014,165,
2015,165,
2016,165,
2017,165,
2018,165,
2019,165,
2020,165,
2008,166,
2009,166,
2010,166,
2011,166,
2012,166,
2013,166,
2014,166,
2015,166,12531
2016,166,35271
2017,166,57138
2018,166,62214
2019,166,210823
2020,166,209815
2008,167,275685
2009,167,316972
2010,167,128951
2011,167,100349
2012,167,105452
2013,167,106690
2014,167,121322
2015,167,99094
2016,167,146453
2017,167,192176
2018,167,240172
2019,167,340688
2020,167,252327
2008,168,15385
2009,168,12815
2010,168,16974
2011,168,13725
2012,168,14048
2013,168,5029
2014,168,5922
2015,168,6494
2016,168,16188
2017,168,10114
2018,168,13712
2019,168,16341
2020,168,20385
2008,169,12312000
2009,169,12300000
2010,169,12308000
2011,169,11658000
2012,169,11222000
2013,169,10864000
2014,169,10685000
2015,169,10619000
2016,169,9067000
2017,169,8490000
2018,169,8778000
2019,169,8065000
2020,169,4407000
2008,170,327619
2009,170,333874
2010,170,190159
2011,170,77281
2012,170,72979
2013,170,70908
2014,170,44182
2015,170,102191
2016,170,55622
2017,170,50819
2018,170,52702
2019,170,71883
2020,170,106876
2008,171,26532
2009,171,9391
2010,171,1951
2011,171,1337
2012,171,1571
2013,171,565
2014,171,1886
2015,171,3121
2016,171,3022
2017,171,3376
2018,171,3292
2019,171,5186
2020,171,2974
2008,172,41995
2009,172,3725
2010,172,6277
2011,172,17869
2012,172,5859
2013,172,4807
2014,172,8149
2015,172,
2016,172,3949
2017,172,4017
2018,172,2951
2019,172,3030
2020,172,
2008,173,2031000
2009,173,1601000
2010,173,1533000
2011,173,1100000
2012,173,1002000
2013,173,893000
2014,173,682000
2015,173,550000
2016,173,285000
2017,173,253000
2018,173,467000
2019,173,327000
2020,173,305000
2008,174,311540
2009,174,192454
2010,174,230358
2011,174,228635
2012,174,261518
2013,174,274114
2014,174,280779
2015,174,319817
2016,174,546214
2017,174,601770
2018,174,504118
2019,174,
2020,174,
2008,175,40672
2009,175,19335
2010,175,29238
2011,175,46437
2012,175,47112
2013,175,49582
2014,175,63086
2015,175,47139
2016,175,34181
2017,175,35868
2018,175,41116
2019,175,48682
2020,175,29695
2008,176,2070
2009,176,2850
2010,176,3540
2011,176,2091
2012,176,3201
2013,176,2615
2014,176,1516
2015,176,1683
2016,176,4794
2017,176,2548
2018,176,2801
2019,176,5478
2020,176,4000
2008,177,54721
2009,177,29965
2010,177,23842
2011,177,24053
2012,177,30646
2013,177,27467
2014,177,26655
2015,177,30101
2016,177,21087
2017,177,18351
2018,177,26332
2019,177,22491
2020,177,11419
2008,178,54363
2009,178,31332
2010,178,26734
2011,178,21075
2012,178,26161
2013,178,28198
2014,178,28294
2015,178,34148
2016,178,40868
2017,178,26778
2018,178,22797
2019,178,42938
2020,178,13444
2008,179,5836
2009,179,2018
2010,179,2005
2011,179,4618
2012,179,5796
2013,179,3771
2014,179,6228
2015,179,4903
2016,179,4950
2017,179,3597
2018,179,5986
2019,179,8421
2020,179,6728
2008,180,13878
2009,180,4999
2010,180,5039
2011,180,4820
2012,180,
2013,180,5044
2014,180,4468
2015,180,4992
2016,180,3265
2017,180,2732
2018,180,6657
2019,180,8966
2020,180,11152
2008,181,856
2009,181,927
2010,181,531
2011,181,397
2012,181,959
2013,181,657
2014,181,1344
2015,181,1524
2016,181,1264
2017,181,1863
2018,181,1149
2019,181,1206
2020,181,602
2008,182,7606
2009,182,0
2010,182,12121
2011,182,9620
2012,182,4099
2013,182,2192
2014,182,2100
2015,182,3479
2016,182,1821
2017,182,626
2018,182,
2019,182,
2020,182,
2008,183,24873
2009,183,18320
2010,183,18210
2011,183,35627
2012,183,51717
2013,183,69707
2014,183,73126
2015,183,67095
2016,183,55118
2017,183,60147
2018,183,62878
2019,183,50764
2020,183,23701
2008,184,548
2009,184,7898
2010,184,462
2011,184,9235
2012,184,
2013,184,
2014,184,
2015,184,
2016,184,
2017,184,
2018,184,
2019,184,
2020,184,
2008,185,
2009,185,3787
2010,185,5097
2011,185,10032
2012,185,18634
2013,185,24543
2014,185,29601
2015,185,32340
2016,185,25393
2017,185,23743
2018,185,27327
2019,185,38629
2020,185,39754
2008,186,1482
2009,186,3268
2010,186,6537
2011,186,1125
2012,186,1014
2013,186,1538
2014,186,1041
2015,186,1174
2016,186,1562
2017,186,1990
2018,186,968
2019,186,2162
2020,186,130
2008,187,
2009,187,
2010,187,
2011,187,
2012,187,2408
2013,187,627
2014,187,2052
2015,187,1387
2016,187,
2017,187,211
2018,187,235
2019,187,1459
2020,187,206
2008,188,
2009,188,
2010,188,24917
2011,188,38360
2012,188,28984
2013,188,34346
2014,188,50216
2015,188,67657
2016,188,63301
2017,188,73479
2018,188,91887
2019,188,123660
2020,188,92561
2008,189,
2009,189,
2010,189,
2011,189,
2012,189,
2013,189,38060
2014,189,12577
2015,189,33673
2016,189,68919
2017,189,61700
2018,189,69386
2019,189,62797
2020,189,46441
2008,190,
2009,190,
2010,190,
2011,190,
2012,190,
2013,190,
2014,190,
2015,190,1833
2016,190,734
2017,190,195
2018,190,129
2019,190,132
2020,190,83
2008,191,2362
2009,191,249
2010,191,925
2011,191,1376
2012,191,289
2013,191,292
2014,191,891
2015,191,501
2016,191,382
2017,191,1011
2018,191,480
2019,191,4035
2020,191,3201
2008,192,308
2009,192,64
2010,192,7
2011,192,1
2012,192,11
2013,192,56
2014,192,22
2015,192,60
2016,192,69
2017,192,24
2018,192,34
2019,192,51
2020,192,34
2008,193,957
2009,193,581
2010,193,215
2011,193,224
2012,193,289
2013,193,966
2014,193,4627
2015,193,6047
2016,193,1710
2017,193,1746
2018,193,1629
2019,193,689
2020,193,
2008,194,13307
2009,194,7962
2010,194,8237
2011,194,9647
2012,194,13322
2013,194,12325
2014,194,22231
2015,194,31239
2016,194,19669
2017,194,14588
2018,194,19362
2019,194,31267
2020,194,21263
2008,195,
2009,195,
2010,195,
2011,195,
2012,195,
2013,195,1231
2014,195,516
2015,195,943
2016,195,4763
2017,195,2253
2018,195,6081
2019,195,
2020,195,
2008,196,8579
2009,196,7528
2010,196,5768
2011,196,7768
2012,196,7836
2013,196,9979
2014,196,9630
2015,196,14564
2016,196,19344
2017,196,14729
2018,196,30050
2019,196,16600
2020,196,16366
2008,197,10536
2009,197,6547
2010,197,8759
2011,197,7287
2012,197,7224
2013,197,6846
2014,197,8440
2015,197,8390
2016,197,8555
2017,197,
2018,197,
2019,197,
2020,197,
2008,198,1589
2009,198,686
2010,198,1443
2011,198,1956
2012,198,2816
2013,198,114
2014,198,563
2015,198,592
2016,198,1219
2017,198,470
2018,198,968
2019,198,747
2020,198,883
2008,199,271
2009,199,405
2010,199,208
2011,199,159
2012,199,208
2013,199,154
2014,199,123
2015,199,185
2016,199,534
2017,199,313
2018,199,689
2019,199,365
2020,199,643
2008,200,62545
2009,200,14985
2010,200,6601
2011,200,3685
2012,200,3652
2013,200,3702
2014,200,4115
2015,200,1363
2016,200,22667
2017,200,24657
2018,200,3625
2019,200,12168
2020,200,
2008,201,3920
2009,201,3802
2010,201,4483
2011,201,2514
2012,201,3506
2013,201,6334
2014,201,2591
2015,201,3891
2016,201,3763
2017,201,
2018,201,
2019,201,
2020,201,
2008,202,739
2009,202,602
2010,202,598
2011,202,735
2012,202,692
2013,202,483
2014,202,591
2015,202,734
2016,202,715
2017,202,558
2018,202,440
2019,202,902
2020,202,782
2008,203,343
2009,203,23
2010,203,401
2011,203,512
2012,203,159
2013,203,559
2014,203,497
2015,203,342
2016,203,793
2017,203,2735
2018,203,773
2019,203,377
2020,203,490
2008,204,45
2009,204,286
2010,204,30
2011,204,1
2012,204,50
2013,204,19
2014,204,82
2015,204,2610
2016,204,569
2017,204,91
2018,204,32
2019,204,23
2020,204,
2008,205,1016
2009,205,2826
2010,205,1263
2011,205,1144
2012,205,2122
2013,205,2910
2014,205,3277
2015,205,1013
2016,205,3970
2017,205,700
2018,205,3745
2019,205,
2020,205,
2008,206,882
2009,206,692
2010,206,570
2011,206,1291
2012,206,553
2013,206,982
2014,206,654
2015,206,537
2016,206,
2017,206,
2018,206,
2019,206,
2020,206,
2008,207,227
2009,207,311
2010,207,427
2011,207,730
2012,207,293
2013,207,1312
2014,207,1012
2015,207,393
2016,207,757
2017,207,730
2018,207,
2019,207,
2020,207,
2008,208,120
2009,208,1287
2010,208,159
2011,208,65
2012,208,476
2013,208,221
2014,208,986
2015,208,969
2016,208,2046
2017,208,3134
2018,208,867
2019,208,763
2020,208,247
2008,209,
2009,209,
2010,209,
2011,209,
2012,209,
2013,209,11357
2014,209,8103
2015,209,5988
2016,209,10035
2017,209,7444
2018,209,10007
2019,209,9201
2020,209,11810
2008,210,
2009,210,
2010,210,
2011,210,
2012,210,
2013,210,
2014,210,7
2015,210,30
2016,210,-1997
2017,210,499
2018,210,623
2019,210,329
2020,210,210
2008,211,
2009,211,
2010,211,68
2011,211,
2012,211,20
2013,211,27
2014,211,
2015,211,65
2016,211,56
2017,211,73
2018,211,166
2019,211,179
2020,211,45
2008,212,
2009,212,
2010,212,
2011,212,
2012,212,
2013,212,
2014,212,
2015,212,390
2016,212,242
2017,212,98
2018,212,122
2019,212,189
2020,212,209
2008,213,
2009,213,
2010,213,0
2011,213,6714
2012,213,6420
2013,213,6291
2014,213,
2015,213,3692
2016,213,6548
2017,213,
2018,213,
2019,213,
2020,213,
2008,214,
2009,214,
2010,214,
2011,214,
2012,214,
2013,214,
2014,214,178
2015,214,308
2016,214,254
2017,214,608
2018,214,355
2019,214,1032
2020,214,375
2008,215,
2009,215,
2010,215,
2011,215,
2012,215,
2013,215,
2014,215,
2015,215,
2016,215,
2017,215,
2018,215,
2019,215,
2020,215,
2008,216,
2009,216,
2010,216,
2011,216,
2012,216,
2013,216,
2014,216,
2015,216,-3809
2016,216,4767
2017,216,2459
2018,216,2128
2019,216,1572
2020,216,1882
2008,217,
2009,217,
2010,217,
2011,217,
2012,217,
2013,217,19
2014,217,12
2015,217,36
2016,217,10
2017,217,231
2018,217,1000
2019,217,251
2020,217,100
2008,218,4829
2009,218,6223
2010,218,4037
2011,218,8532
2012,218,2018
2013,218,1912
2014,218,6745
2015,218,3388
2016,218,3004
2017,218,3816
2018,218,1267
2019,218,1820
2020,218,867
2008,219,
2009,219,155
2010,219,208
2011,219,620
2012,219,318
2013,219,70
2014,219,92
2015,219,221
2016,219,773
2017,219,2402
2018,219,3988
2019,219,1561
2020,219,1929
2008,220,10720
2009,220,77017
2010,220,15434
2011,220,36264
2012,220,17288
2013,220,102
2014,220,
2015,220,
2016,220,1600
2017,220,3149
2018,220,
2019,220,23499
2020,220,
2008,221,39122
2009,221,48338
2010,221,62424
2011,221,38354
2012,221,35247
2013,221,41231
2014,221,41966
2015,221,38212
2016,221,40797
2017,221,48236
2018,221,55649
2019,221,52144
2020,221,54252
2008,222,
2009,222,
2010,222,
2011,222,
2012,222,
2013,222,
2014,222,3
2015,222,
2016,222,
2017,222,
2018,222,
2019,222,
2020,222,
2008,223,
2009,223,
2010,223,
2011,223,
2012,223,
2013,223,
2014,223,
2015,223,189
2016,223,11571
2017,223,8740
2018,223,
2019,223,
2020,223,
2008,224,
2009,224,
2010,224,
2011,224,
2012,224,
2013,224,
2014,224,
2015,224,
2016,224,
2017,224,
2018,224,
2019,224,
2020,224,
2008,225,
2009,225,
2010,225,
2011,225,
2012,225,1
2013,225,1
2014,225,
2015,225,47
2016,225,45
2017,225,510
2018,225,56
2019,225,
2020,225,
2008,226,8639
2009,226,5912
2010,226,3193
2011,226,4376
2012,226,2837
2013,226,1264
2014,226,2803
2015,226,986
2016,226,1372
2017,226,316
2018,226,1889
2019,226,3800
2020,226,956
2008,227,
2009,227,
2010,227,
2011,227,3056
2012,227,2213
2013,227,3696
2014,227,2601
2015,227,3437
2016,227,8176
2017,227,6622
2018,227,5605
2019,227,12697
2020,227,4673
2008,228,12168
2009,228,1930
2010,228,3645
2011,228,478
2012,228,328
2013,228,163
2014,228,359
2015,228,1540
2016,228,1622
2017,228,2539
2018,228,2744
2019,228,3502
2020,228,1592
2008,229,
2009,229,
2010,229,
2011,229,
2012,229,492
2013,229,864
2014,229,2575
2015,229,4884
2016,229,7054
2017,229,5472
2018,229,16178
2019,229,
2020,229,
2008,230,
2009,230,
2010,230,
2011,230,
2012,230,306
2013,230,140
2014,230,298
2015,230,606
2016,230,563
2017,230,839
2018,230,700
2019,230,639
2020,230,618
2008,231,429
2009,231,3501
2010,231,381
2011,231,21
2012,231,132
2013,231,74
2014,231,198
2015,231,946
2016,231,310
2017,231,0
2018,231,21
2019,231,
2020,231,58
2008,232,2109
2009,232,657
2010,232,661
2011,232,2237
2012,232,5874
2013,232,2574
2014,232,2606
2015,232,4703
2016,232,6010
2017,232,3425
2018,232,2797
2019,232,4889
2020,232,6435
2008,233,4467
2009,233,5433
2010,233,3322
2011,233,5235
2012,233,28047
2013,233,9186
2014,233,10741
2015,233,27283
2016,233,16793
2017,233,13742
2018,233,14437
2019,233,10074
2020,233,
2008,234,2495
2009,234,860
2010,234,1056
2011,234,821
2012,234,612
2013,234,306
2014,234,868
2015,234,725
2016,234,705
2017,234,306
2018,234,704
2019,234,1290
2020,234,506
2008,235,56630
2009,235,14553
2010,235,17676
2011,235,18372
2012,235,6699
2013,235,3013
2014,235,93
2015,235,
2016,235,0
2017,235,0
2018,235,0
2019,235,
2020,235,
2008,236,10
2009,236,2
2010,236,0
2011,236,0
2012,236,
2013,236,6
2014,236,8761
2015,236,12
2016,236,
2017,236,
2018,236,1
2019,236,0
2020,236,0
2008,237,16433
2009,237,11449
2010,237,40124
2011,237,79414
2012,237,55826
2013,237,2853
2014,237,6785
2015,237,4662
2016,237,10563
2017,237,15600
2018,237,12408
2019,237,6187
2020,237,5234
2008,238,17854
2009,238,1828
2010,238,0
2011,238,350
2012,238,1071
2013,238,125
2014,238,
2015,238,19411
2016,238,
2017,238,5606
2018,238,2594
2019,238,4239
2020,238,4065
2008,239,266619
2009,239,289553
2010,239,32980
2011,239,20023
2012,239,39174
2013,239,2123
2014,239,70940
2015,239,51027
2016,239,76779
2017,239,92804
2018,239,32152
2019,239,38633
2020,239,66268
2008,240,315
2009,240,319
2010,240,80
2011,240,43
2012,240,22135
2013,240,154
2014,240,2323
2015,240,2119
2016,240,138
2017,240,178
2018,240,257
2019,240,2129
2020,240,3078
2008,241,2105
2009,241,5538
2010,241,5081
2011,241,3063
2012,241,431
2013,241,1529
2014,241,1593
2015,241,0
2016,241,1035
2017,241,577
2018,241,901
2019,241,1904
2020,241,848
2008,242,337300
2009,242,157600
2010,242,224900
2011,242,207400
2012,242,282900
2013,242,187365
2014,242,179529
2015,242,227339
2016,242,220168
2017,242,278061
2018,242,299847
2019,242,343587
2020,242,183943
2008,243,
2009,243,
2010,243,
2011,243,
2012,243,
2013,243,
2014,243,
2015,243,
2016,243,
2017,243,
2018,243,
2019,243,
2020,243,
2008,244,22926
2009,244,11788
2010,244,7919
2011,244,6103
2012,244,16540
2013,244,20780
2014,244,10844
2015,244,9479
2016,244,11400
2017,244,15856
2018,244,
2019,244,
2020,244,
2008,245,
2009,245,
2010,245,
2011,245,185
2012,245,363
2013,245,407
2014,245,676
2015,245,109
2016,245,22505
2017,245,1228
2018,245,4167
2019,245,2591
2020,245,5480
2008,246,485382
2009,246,288896
2010,246,247056
2011,246,210182
2012,246,257556
2013,246,261051
2014,246,219573
2015,246,237000
2016,246,221000
2017,246,241000
2018,246,260000
2019,246,391000
2020,246,300000
2008,247,
2009,247,
2010,247,
2011,247,
2012,247,
2013,247,
2014,247,
2015,247,
2016,247,
2017,247,
2018,247,
2019,247,
2020,247,
2008,248,
2009,248,
2010,248,
2011,248,
2012,248,
2013,248,
2014,248,
2015,248,
2016,248,
2017,248,
2018,248,
2019,248,
2020,248,
2008,249,178
2009,249,19
2010,249,156
2011,249,271
2012,249,884
2013,249,4343
2014,249,534
2015,249,143
2016,249,54
2017,249,85
2018,249,118
2019,249,410
2020,249,174
2008,250,
2009,250,
2010,250,
2011,250,
2012,250,
2013,250,
2014,250,
2015,250,
2016,250,
2017,250,514
2018,250,1036
2019,250,211
2020,250,194
2008,251,
2009,251,
2010,251,
2011,251,
2012,251,
2013,251,
2014,251,
2015,251,
2016,251,
2017,251,
2018,251,
2019,251,
2020,251,
2008,252,
2009,252,
2010,252,
2011,252,
2012,252,
2013,252,
2014,252,
2015,252,
2016,252,
2017,252,
2018,252,
2019,252,
2020,252,
2008,253,
2009,253,
2010,253,
2011,253,
2012,253,
2013,253,
2014,253,1365
2015,253,1977
2016,253,4237
2017,253,1543
2018,253,2408
2019,253,4422
2020,253,5164
2008,254,829
2009,254,400
2010,254,302
2011,254,1565
2012,254,815
2013,254,1328
2014,254,713
2015,254,1835
2016,254,3297
2017,254,2881
2018,254,3659
2019,254,2831
2020,254,1405
2008,255,13
2009,255,5
2010,255,5706
2011,255,
2012,255,
2013,255,122
2014,255,15
2015,255,25
2016,255,451
2017,255,170
2018,255,345
2019,255,80
2020,255,114
2008,256,
2009,256,
2010,256,
2011,256,
2012,256,
2013,256,
2014,256,
2015,256,
2016,256,
2017,256,
2018,256,
2019,256,
2020,256,
2008,257,
2009,257,
2010,257,
2011,257,
2012,257,
2013,257,6510
2014,257,6510
2015,257,18179
2016,257,56124
2017,257,9757
2018,257,18159
2019,257,21333
2020,257,9111
2008,258,
2009,258,
2010,258,
2011,258,
2012,258,
2013,258,
2014,258,
2015,258,
2016,258,2318
2017,258,6660
2018,258,4659
2019,258,3958
2020,258,3159
2008,259,
2009,259,
2010,259,
2011,259,
2012,259,
2013,259,
2014,259,
2015,259,
2016,259,
2017,259,
2018,259,
2019,259,
2020,259,
2008,260,
2009,260,
2010,260,
2011,260,
2012,260,
2013,260,
2014,260,
2015,260,
2016,260,
2017,260,
2018,260,
2019,260,
2020,260,
2008,261,
2009,261,
2010,261,
2011,261,
2012,261,
2013,261,
2014,261,
2015,261,
2016,261,
2017,261,
2018,261,
2019,261,
2020,261,
2008,262,
2009,262,
2010,262,
2011,262,
2012,262,
2013,262,84126
2014,262,93694
2015,262,96008
2016,262,105701
2017,262,106889
2018,262,110258
2019,262,101759
2020,262,74003
2008,263,12974
2009,263,6959
2010,263,6213
2011,263,9668
2012,263,4959
2013,263,33749
2014,263,2361
2015,263,1355
2016,263,2102
2017,263,4565
2018,263,1195
2019,263,
2020,263,
2008,264,12351
2009,264,0
2010,264,0
2011,264,0
2012,264,5683
2013,264,3898
2014,264,3258
2015,264,48455
2016,264,19162
2017,264,7012
2018,264,11347
2019,264,10415
2020,264,10464
2008,265,
2009,265,
2010,265,
2011,265,
2012,265,
2013,265,
2014,265,
2015,265,249
2016,265,190
2017,265,450
2018,265,728
2019,265,790
2020,265,560
2008,266,
2009,266,
2010,266,
2011,266,
2012,266,
2013,266,
2014,266,472
2015,266,615
2016,266,616
2017,266,986
2018,266,680
2019,266,180
2020,266,15649
2008,267,
2009,267,
2010,267,
2011,267,
2012,267,
2013,267,
2014,267,
2015,267,
2016,267,
2017,267,
2018,267,
2019,267,
2020,267,
2008,268,
2009,268,
2010,268,
2011,268,
2012,268,
2013,268,
2014,268,
2015,268,
2016,268,
2017,268,
2018,268,
2019,268,
2020,268,
2008,269,
2009,269,
2010,269,
2011,269,
2012,269,
2013,269,
2014,269,
2015,269,
2016,269,
2017,269,10867
2018,269,15385
2019,269,35321
2020,269,39502
2008,270,
2009,270,
2010,270,
2011,270,
2012,270,
2013,270,
2014,270,
2015,270,
2016,270,
2017,270,
2018,270,
2019,270,
2020,270,
2008,271,
2009,271,
2010,271,
2011,271,
2012,271,
2013,271,
2014,271,
2015,271,602
2016,271,259
2017,271,1304
2018,271,1585
2019,271,277
2020,271,138
2008,272,
2009,272,
2010,272,
2011,272,
2012,272,
2013,272,
2014,272,21
2015,272,30
2016,272,81
2017,272,27
2018,272,19
2019,272,40
2020,272,133
2008,273,
2009,273,
2010,273,
2011,273,
2012,273,
2013,273,
2014,273,
2015,273,
2016,273,96
2017,273,127
2018,273,67
2019,273,42
2020,273,329
2008,274,
2009,274,
2010,274,
2011,274,
2012,274,
2013,274,
2014,274,0
2015,274,0
2016,274,204282
2017,274,105110
2018,274,0
2019,274,0
2020,274,0
2008,275,
2009,275,
2010,275,
2011,275,
2012,275,
2013,275,
2014,275,
2015,275,2276
2016,275,2608
2017,275,2423
2018,275,812
2019,275,
2020,275,
2008,276,
2009,276,
2010,276,
2011,276,
2012,276,
2013,276,
2014,276,
2015,276,
2016,276,
2017,276,
2018,276,
2019,276,
2020,276,
2008,277,
2009,277,
2010,277,
2011,277,
2012,277,
2013,277,252
2014,277,4265
2015,277,19781
2016,277,6166
2017,277,5794
2018,277,6432
2019,277,30628
2020,277,
2008,278,
2009,278,
2010,278,
2011,278,
2012,278,
2013,278,
2014,278,48
2015,278,271
2016,278,558
2017,278,342
2018,278,1617
2019,278,158
2020,278,
2008,279,
2009,279,
2010,279,
2011,279,
2012,279,
2013,279,
2014,279,
2015,279,347
2016,279,202
2017,279,202
2018,279,98
2019,279,306
2020,279,541
2008,280,
2009,280,
2010,280,
2011,280,
2012,280,
2013,280,
2014,280,
2015,280,
2016,280,
2017,280,
2018,280,
2019,280,
2020,280,
2008,281,
2009,281,
2010,281,
2011,281,
2012,281,
2013,281,
2014,281,
2015,281,
2016,281,
2017,281,
2018,281,
2019,281,
2020,281,
2008,282,
2009,282,
2010,282,
2011,282,
2012,282,
2013,282,
2014,282,
2015,282,
2016,282,
2017,282,
2018,282,
2019,282,
2020,282,
2008,283,
2009,283,
2010,283,
2011,283,
2012,283,
2013,283,
2014,283,
2015,283,
2016,283,
2017,283,
2018,283,
2019,283,
2020,283,
2008,284,
2009,284,
2010,284,
2011,284,
2012,284,
2013,284,
2014,284,
2015,284,
2016,284,
2017,284,
2018,284,
2019,284,
2020,284,
2008,285,
2009,285,
2010,285,
2011,285,
2012,285,
2013,285,
2014,285,
2015,285,
2016,285,
2017,285,
2018,285,
2019,285,
2020,285,
2008,286,
2009,286,
2010,286,
2011,286,
2012,286,
2013,286,
2014,286,
2015,286,
2016,286,
2017,286,
2018,286,
2019,286,
2020,286,
2008,287,
2009,287,
2010,287,
2011,287,
2012,287,
2013,287,
2014,287,
2015,287,
2016,287,
2017,287,
2018,287,
2019,287,
2020,287,
2008,288,
2009,288,
2010,288,
2011,288,
2012,288,
2013,288,
2014,288,
2015,288,
2016,288,362
2017,288,327
2018,288,510
2019,288,162
2020,288,449
2008,289,
2009,289,
2010,289,
2011,289,
2012,289,
2013,289,
2014,289,
2015,289,
2016,289,
2017,289,
2018,289,
2019,289,
2020,289,
2008,290,
2009,290,
2010,290,
2011,290,
2012,290,
2013,290,
2014,290,
2015,290,52
2016,290,41
2017,290,44
2018,290,498
2019,290,87
2020,290,0
2008,291,
2009,291,
2010,291,
2011,291,
2012,291,
2013,291,
2014,291,
2015,291,
2016,291,
2017,291,
2018,291,
2019,291,
2020,291,
2008,292,
2009,292,
2010,292,
2011,292,
2012,292,
2013,292,
2014,292,637
2015,292,2252
2016,292,2708
2017,292,2754
2018,292,4553
2019,292,8453
2020,292,4321
2008,293,
2009,293,
2010,293,
2011,293,
2012,293,60072
2013,293,3350
2014,293,7018
2015,293,8286
2016,293,14538
2017,293,16452
2018,293,15181
2019,293,16226
2020,293,21469
2008,294,
2009,294,
2010,294,
2011,294,
2012,294,493
2013,294,611
2014,294,913
2015,294,1084
2016,294,892
2017,294,1128
2018,294,481
2019,294,10233
2020,294,3038
2008,295,
2009,295,
2010,295,
2011,295,
2012,295,
2013,295,
2014,295,
2015,295,
2016,295,
2017,295,
2018,295,
2019,295,
2020,295,
2008,296,
2009,296,
2010,296,
2011,296,
2012,296,
2013,296,
2014,296,
2015,296,
2016,296,14
2017,296,54
2018,296,51
2019,296,142
2020,296,948
2008,297,
2009,297,
2010,297,
2011,297,
2012,297,
2013,297,
2014,297,
2015,297,303
2016,297,585
2017,297,
2018,297,276
2019,297,
2020,297,
2008,298,
2009,298,
2010,298,
2011,298,
2012,298,
2013,298,
2014,298,
2015,298,
2016,298,
2017,298,15747
2018,298,14957
2019,298,34883
2020,298,36739
2008,299,
2009,299,
2010,299,
2011,299,
2012,299,
2013,299,
2014,299,
2015,299,
2016,299,72
2017,299,7508
2018,299,2446
2019,299,7299
2020,299,0
2008,300,
2009,300,
2010,300,
2011,300,
2012,300,
2013,300,
2014,300,
2015,300,
2016,300,
2017,300,
2018,300,
2019,300,
2020,300,
2008,301,
2009,301,
2010,301,
2011,301,
2012,301,
2013,301,
2014,301,
2015,301,
2016,301,
2017,301,
2018,301,
2019,301,
2020,301,
2008,302,
2009,302,
2010,302,
2011,302,
2012,302,
2013,302,
2014,302,
2015,302,2651
2016,302,249
2017,302,221
2018,302,153
2019,302,528
2020,302,197
2008,303,
2009,303,
2010,303,
2011,303,
2012,303,
2013,303,
2014,303,
2015,303,
2016,303,
2017,303,
2018,303,
2019,303,
2020,303,
2008,304,
2009,304,
2010,304,
2011,304,
2012,304,
2013,304,
2014,304,
2015,304,
2016,304,
2017,304,
2018,304,
2019,304,
2020,304,
2008,305,
2009,305,
2010,305,
2011,305,
2012,305,
2013,305,
2014,305,
2015,305,
2016,305,
2017,305,
2018,305,
2019,305,
2020,305,
2008,306,
2009,306,
2010,306,
2011,306,
2012,306,
2013,306,
2014,306,
2015,306,
2016,306,
2017,306,
2018,306,
2019,306,
2020,306,
2008,307,
2009,307,
2010,307,
2011,307,
2012,307,
2013,307,
2014,307,
2015,307,
2016,307,
2017,307,
2018,307,
2019,307,
2020,307,
2008,308,
2009,308,
2010,308,
2011,308,
2012,308,
2013,308,
2014,308,
2015,308,
2016,308,39
2017,308,44
2018,308,633
2019,308,324
2020,308,40
2008,309,
2009,309,
2010,309,
2011,309,
2012,309,
2013,309,
2014,309,
2015,309,
2016,309,
2017,309,
2018,309,
2019,309,
2020,309,
2008,310,
2009,310,
2010,310,
2011,310,
2012,310,
2013,310,
2014,310,
2015,310,
2016,310,
2017,310,
2018,310,
2019,310,
2020,310,
2008,311,
2009,311,
2010,311,
2011,311,
2012,311,
2013,311,
2014,311,
2015,311,
2016,311,
2017,311,
2018,311,
2019,311,
2020,311,
2008,312,
2009,312,
2010,312,
2011,312,
2012,312,
2013,312,
2014,312,
2015,312,
2016,312,
2017,312,
2018,312,
2019,312,
2020,312,
2008,313,
2009,313,
2010,313,
2011,313,
2012,313,
2013,313,
2014,313,
2015,313,
2016,313,
2017,313,
2018,313,
2019,313,
2020,313,
2008,314,
2009,314,
2010,314,
2011,314,
2012,314,
2013,314,
2014,314,
2015,314,
2016,314,
2017,314,
2018,314,
2019,314,
2020,314,
2008,315,
2009,315,
2010,315,
2011,315,
2012,315,
2013,315,
2014,315,
2015,315,
2016,315,
2017,315,
2018,315,
2019,315,
2020,315,
2008,316,
2009,316,
2010,316,
2011,316,
2012,316,
2013,316,
2014,316,
2015,316,
2016,316,
2017,316,
2018,316,
2019,316,
2020,316,
2008,317,
2009,317,
2010,317,
2011,317,
2012,317,
2013,317,
2014,317,
2015,317,
2016,317,
2017,317,
2018,317,
2019,317,
2020,317,
2008,318,
2009,318,
2010,318,
2011,318,
2012,318,
2013,318,
2014,318,
2015,318,
2016,318,
2017,318,
2018,318,
2019,318,
2020,318,
2008,319,
2009,319,
2010,319,
2011,319,
2012,319,
2013,319,
2014,319,
2015,319,
2016,319,
2017,319,
2018,319,
2019,319,
2020,319,
2008,320,
2009,320,
2010,320,
2011,320,
2012,320,
2013,320,
2014,320,
2015,320,
2016,320,5
2017,320,6
2018,320,3
2019,320,245
2020,320,56
2008,321,
2009,321,
2010,321,
2011,321,
2012,321,
2013,321,
2014,321,
2015,321,
2016,321,
2017,321,
2018,321,
2019,321,
2020,321,
2008,322,
2009,322,
2010,322,
2011,322,
2012,322,
2013,322,
2014,322,
2015,322,
2016,322,
2017,322,
2018,322,
2019,322,
2020,322,
2008,323,
2009,323,
2010,323,
2011,323,
2012,323,
2013,323,
2014,323,
2015,323,
2016,323,
2017,323,
2018,323,
2019,323,
2020,323,
2008,324,
2009,324,
2010,324,
2011,324,
2012,324,
2013,324,
2014,324,
2015,324,
2016,324,
2017,324,
2018,324,
2019,324,
2020,324,
2008,325,
2009,325,
2010,325,
2011,325,
2012,325,
2013,325,
2014,325,
2015,325,
2016,325,
2017,325,
2018,325,
2019,325,
2020,325,
