Date,Id,ebit
2008,1,
2009,1,
2010,1,
2011,1,
2012,1,
2013,1,
2014,1,
2015,1,
2016,1,
2017,1,
2018,1,
2019,1,
2020,1,
2008,2,-1974
2009,2,-1021
2010,2,3298
2011,2,4057
2012,2,5171
2013,2,8501
2014,2,-20600
2015,2,-2539
2016,2,
2017,2,
2018,2,
2019,2,
2020,2,
2008,3,
2009,3,
2010,3,
2011,3,
2012,3,
2013,3,
2014,3,-1060
2015,3,-10786
2016,3,-33291
2017,3,2399
2018,3,18145
2019,3,5867
2020,3,1482
2008,4,
2009,4,
2010,4,
2011,4,
2012,4,
2013,4,513
2014,4,-1705
2015,4,8349
2016,4,
2017,4,
2018,4,-9586
2019,4,3833
2020,4,
2008,5,
2009,5,
2010,5,
2011,5,
2012,5,
2013,5,
2014,5,1668
2015,5,2238
2016,5,1172
2017,5,-2232
2018,5,2011
2019,5,2323
2020,5,
2008,6,
2009,6,
2010,6,
2011,6,
2012,6,
2013,6,
2014,6,2371
2015,6,3454
2016,6,-1649
2017,6,-8854
2018,6,
2019,6,
2020,6,
2008,7,
2009,7,
2010,7,
2011,7,
2012,7,5830
2013,7,5802
2014,7,4854
2015,7,7154
2016,7,14311
2017,7,14979
2018,7,13361
2019,7,
2020,7,
2008,8,66025
2009,8,22830
2010,8,55228
2011,8,67125
2012,8,98616
2013,8,119686
2014,8,180484
2015,8,257519
2016,8,323775
2017,8,346621
2018,8,340258
2019,8,323738
2020,8,174156
2008,9,82152
2009,9,89252
2010,9,90950
2011,9,85149
2012,9,
2013,9,23366
2014,9,-11580
2015,9,51003
2016,9,56530
2017,9,89218
2018,9,106352
2019,9,96038
2020,9,71706
2008,10,95129
2009,10,102570
2010,10,107254
2011,10,104783
2012,10,96230
2013,10,67136
2014,10,66466
2015,10,58228
2016,10,61922
2017,10,74798
2018,10,101228
2019,10,108530
2020,10,76945
2008,11,40646
2009,11,31026
2010,11,32929
2011,11,-5298
2012,11,8213
2013,11,-24105
2014,11,2961
2015,11,-28734
2016,11,-19091
2017,11,6911
2018,11,7297
2019,11,11401
2020,11,-8839
2008,12,-166277
2009,12,-23697
2010,12,-28632
2011,12,-5316
2012,12,41554
2013,12,-1610
2014,12,5240
2015,12,-11991
2016,12,23772
2017,12,4358
2018,12,3348
2019,12,-18628
2020,12,-21488
2008,13,62211
2009,13,1733
2010,13,37922
2011,13,55951
2012,13,57405
2013,13,66665
2014,13,41915
2015,13,47226
2016,13,74010
2017,13,75808
2018,13,62490
2019,13,42367
2020,13,8420
2008,14,
2009,14,
2010,14,
2011,14,
2012,14,
2013,14,
2014,14,
2015,14,
2016,14,
2017,14,
2018,14,
2019,14,
2020,14,
2008,15,
2009,15,
2010,15,
2011,15,
2012,15,
2013,15,
2014,15,
2015,15,
2016,15,
2017,15,
2018,15,
2019,15,
2020,15,
2008,16,
2009,16,
2010,16,
2011,16,
2012,16,
2013,16,
2014,16,
2015,16,
2016,16,
2017,16,
2018,16,
2019,16,
2020,16,
2008,17,
2009,17,
2010,17,
2011,17,
2012,17,338185
2013,17,374531
2014,17,
2015,17,
2016,17,595082
2017,17,781853
2018,17,828629
2019,17,924424
2020,17,718197
2008,18,
2009,18,
2010,18,
2011,18,
2012,18,
2013,18,
2014,18,
2015,18,-1456
2016,18,-4888
2017,18,-5728
2018,18,-7169
2019,18,-7667
2020,18,-6295
2008,19,197285
2009,19,229701
2010,19,275300
2011,19,296800
2012,19,284600
2013,19,289000
2014,19,254800
2015,19,313800
2016,19,305500
2017,19,364100
2018,19,384400
2019,19,395400
2020,19,242200
2008,20,
2009,20,
2010,20,
2011,20,
2012,20,
2013,20,
2014,20,
2015,20,7902
2016,20,6104
2017,20,10429
2018,20,9509
2019,20,11493
2020,20,17913
2008,21,
2009,21,
2010,21,
2011,21,
2012,21,30796
2013,21,24907
2014,21,36448
2015,21,27691
2016,21,34575
2017,21,29140
2018,21,33932
2019,21,32766
2020,21,
2008,22,
2009,22,
2010,22,
2011,22,16216
2012,22,16791
2013,22,13232
2014,22,13051
2015,22,10067
2016,22,9798
2017,22,9872
2018,22,8950
2019,22,6854
2020,22,573
2008,23,14958
2009,23,12492
2010,23,10341
2011,23,3775
2012,23,7812
2013,23,5273
2014,23,4192
2015,23,9207
2016,23,8633
2017,23,3851
2018,23,4711
2019,23,-12075
2020,23,23335
2008,24,50089
2009,24,49418
2010,24,58437
2011,24,57150
2012,24,55083
2013,24,54333
2014,24,61073
2015,24,66499
2016,24,79117
2017,24,75618
2018,24,89649
2019,24,88530
2020,24,138180
2008,25,
2009,25,
2010,25,
2011,25,
2012,25,
2013,25,
2014,25,
2015,25,
2016,25,440
2017,25,6444
2018,25,9707
2019,25,
2020,25,
2008,26,132538
2009,26,118296
2010,26,128710
2011,26,165417
2012,26,179130
2013,26,147825
2014,26,189900
2015,26,173799
2016,26,190249
2017,26,-53071
2018,26,-1922413
2019,26,-20983
2020,26,2035241
2008,27,14139
2009,27,-1738
2010,27,6084
2011,27,4150
2012,27,-6999
2013,27,-9102
2014,27,937
2015,27,10396
2016,27,17500
2017,27,16072
2018,27,-5466
2019,27,-7051
2020,27,-9431
2008,28,86234
2009,28,23408
2010,28,69145
2011,28,-30839
2012,28,-9043
2013,28,15933
2014,28,92763
2015,28,121650
2016,28,201151
2017,28,153683
2018,28,189096
2019,28,125154
2020,28,149185
2008,29,10183
2009,29,8980
2010,29,2766
2011,29,58
2012,29,-2880
2013,29,3392
2014,29,3004
2015,29,2773
2016,29,1983
2017,29,-845
2018,29,
2019,29,
2020,29,
2008,30,127969
2009,30,120942
2010,30,83890
2011,30,68489
2012,30,46341
2013,30,71331
2014,30,66580
2015,30,-100435
2016,30,-53555
2017,30,-361519
2018,30,6731
2019,30,-34648
2020,30,290782
2008,31,1444
2009,31,598
2010,31,-1675
2011,31,-360
2012,31,-719
2013,31,-610
2014,31,-24
2015,31,
2016,31,-665
2017,31,-257
2018,31,-266
2019,31,-1331
2020,31,
2008,32,-3110
2009,32,-1589
2010,32,1119
2011,32,897
2012,32,-4332
2013,32,-4055
2014,32,181
2015,32,1566
2016,32,16923
2017,32,5574
2018,32,11458
2019,32,8168
2020,32,3579
2008,33,-5766
2009,33,566
2010,33,-9873
2011,33,-9548
2012,33,-8953
2013,33,-16121
2014,33,-12180
2015,33,-21069
2016,33,-6802
2017,33,-11865
2018,33,-36116
2019,33,
2020,33,
2008,34,584024
2009,34,417950
2010,34,394415
2011,34,162843
2012,34,-126617
2013,34,141472
2014,34,189125
2015,34,151315
2016,34,
2017,34,
2018,34,
2019,34,
2020,34,
2008,35,115565
2009,35,59365
2010,35,34217
2011,35,28282
2012,35,43943
2013,35,78265
2014,35,112210
2015,35,111590
2016,35,129547
2017,35,146177
2018,35,198915
2019,35,139466
2020,35,155367
2008,36,774285
2009,36,323365
2010,36,66
2011,36,178090
2012,36,183628
2013,36,151431
2014,36,262067
2015,36,295935
2016,36,355296
2017,36,423071
2018,36,516015
2019,36,516614
2020,36,729571
2008,37,421596
2009,37,495069
2010,37,381309
2011,37,9162
2012,37,-231394
2013,37,114631
2014,37,205978
2015,37,-8163
2016,37,26919
2017,37,152774
2018,37,52810
2019,37,119079
2020,37,113951
2008,38,291480
2009,38,189255
2010,38,263547
2011,38,248503
2012,38,10414
2013,38,223333
2014,38,241286
2015,38,274743
2016,38,319747
2017,38,49438
2018,38,44331
2019,38,142058
2020,38,269730
2008,39,-3937
2009,39,2007
2010,39,8725
2011,39,14387
2012,39,29074
2013,39,21057
2014,39,-17150
2015,39,2643
2016,39,15886
2017,39,21587
2018,39,25166
2019,39,41476
2020,39,40743
2008,40,42805
2009,40,21218
2010,40,25103
2011,40,114146
2012,40,-16998
2013,40,81562
2014,40,74567
2015,40,71188
2016,40,22365
2017,40,79211
2018,40,120303
2019,40,122408
2020,40,116803
2008,41,-13986
2009,41,-43309
2010,41,-35875
2011,41,-24997
2012,41,-674
2013,41,-2834
2014,41,525
2015,41,-3989
2016,41,-7645
2017,41,3330
2018,41,7806
2019,41,7012
2020,41,-9959
2008,42,9653000
2009,42,11484000
2010,42,10741000
2011,42,11190000
2012,42,7752000
2013,42,10100000
2014,42,2874000
2015,42,8109000
2016,42,8458000
2017,42,9650000
2018,42,10689000
2019,42,6911000
2020,42,7790000
2008,43,735000
2009,43,694400
2010,43,816400
2011,43,865500
2012,43,1077400
2013,43,1095700
2014,43,1018200
2015,43,1027200
2016,43,1018200
2017,43,1069800
2018,43,1093600
2019,43,1161600
2020,43,1186200
2008,44,-6330
2009,44,-9914
2010,44,-16332
2011,44,471
2012,44,2564
2013,44,2932
2014,44,2024
2015,44,2532
2016,44,2156
2017,44,
2018,44,
2019,44,
2020,44,
2008,45,
2009,45,
2010,45,
2011,45,
2012,45,
2013,45,
2014,45,
2015,45,
2016,45,
2017,45,
2018,45,
2019,45,
2020,45,
2008,46,402199
2009,46,180007
2010,46,800860
2011,46,298060
2012,46,265395
2013,46,389188
2014,46,395798
2015,46,392147
2016,46,534402
2017,46,367789
2018,46,495652
2019,46,515484
2020,46,538464
2008,47,629000
2009,47,467000
2010,47,269000
2011,47,188000
2012,47,495000
2013,47,389000
2014,47,324000
2015,47,216000
2016,47,488000
2017,47,689000
2018,47,598000
2019,47,679000
2020,47,546000
2008,48,744000
2009,48,792000
2010,48,793000
2011,48,957000
2012,48,1011000
2013,48,1103000
2014,48,964000
2015,48,746000
2016,48,
2017,48,
2018,48,
2019,48,
2020,48,
2008,49,
2009,49,
2010,49,14
2011,49,114
2012,49,241
2013,49,231
2014,49,723
2015,49,950
2016,49,-143
2017,49,-856
2018,49,-5848
2019,49,189
2020,49,
2008,50,
2009,50,
2010,50,
2011,50,
2012,50,5125
2013,50,6627
2014,50,9019
2015,50,2669
2016,50,4460
2017,50,2699
2018,50,4590
2019,50,7769
2020,50,6804
2008,51,
2009,51,
2010,51,
2011,51,
2012,51,
2013,51,
2014,51,
2015,51,
2016,51,
2017,51,
2018,51,
2019,51,
2020,51,
2008,52,
2009,52,
2010,52,
2011,52,
2012,52,
2013,52,
2014,52,2334
2015,52,1611
2016,52,1834
2017,52,6941
2018,52,3535
2019,52,1835
2020,52,2143
2008,53,32067
2009,53,-18986
2010,53,7775
2011,53,12149
2012,53,10267
2013,53,4652
2014,53,11983
2015,53,19440
2016,53,23066
2017,53,37225
2018,53,1100
2019,53,31132
2020,53,11393
2008,54,23316
2009,54,-11892
2010,54,5017
2011,54,2994
2012,54,
2013,54,11382
2014,54,25047
2015,54,23699
2016,54,53130
2017,54,27525
2018,54,29707
2019,54,38944
2020,54,28212
2008,55,32157
2009,55,-6970
2010,55,33783
2011,55,38921
2012,55,16837
2013,55,42776
2014,55,45216
2015,55,53846
2016,55,68529
2017,55,78418
2018,55,79002
2019,55,62649
2020,55,13901
2008,56,24767
2009,56,-3243
2010,56,3822
2011,56,9808
2012,56,17676
2013,56,16924
2014,56,22065
2015,56,17605
2016,56,19855
2017,56,28638
2018,56,39484
2019,56,12612
2020,56,-8351
2008,57,45332
2009,57,39481
2010,57,44356
2011,57,45199
2012,57,42743
2013,57,28943
2014,57,28856
2015,57,29669
2016,57,26349
2017,57,36257
2018,57,31763
2019,57,
2020,57,
2008,58,350000
2009,58,371000
2010,58,251000
2011,58,-35000
2012,58,327000
2013,58,292000
2014,58,238000
2015,58,364000
2016,58,420000
2017,58,347000
2018,58,241000
2019,58,499000
2020,58,301000
2008,59,16333
2009,59,10641
2010,59,17478
2011,59,17433
2012,59,16383
2013,59,15639
2014,59,19708
2015,59,22879
2016,59,24059
2017,59,26575
2018,59,
2019,59,27062
2020,59,25007
2008,60,16017
2009,60,13472
2010,60,18665
2011,60,19376
2012,60,-25918
2013,60,-6182
2014,60,12300
2015,60,7011
2016,60,8532
2017,60,8647
2018,60,1310
2019,60,2617
2020,60,-5257
2008,61,7784
2009,61,-10729
2010,61,16049
2011,61,13346
2012,61,615
2013,61,-6377
2014,61,7501
2015,61,-362
2016,61,5083
2017,61,9370
2018,61,13386
2019,61,10481
2020,61,8046
2008,62,10627
2009,62,-17509
2010,62,18830
2011,62,20452
2012,62,6692
2013,62,4523
2014,62,9577
2015,62,8282
2016,62,1550
2017,62,10886
2018,62,11326
2019,62,3585
2020,62,5379
2008,63,-5381
2009,63,-6066
2010,63,-6324
2011,63,-3179
2012,63,-3358
2013,63,-741
2014,63,-7581
2015,63,3508
2016,63,2927
2017,63,12243
2018,63,11250
2019,63,12513
2020,63,18692
2008,64,5238000
2009,64,5468000
2010,64,6235000
2011,64,-635000
2012,64,1971000
2013,64,2408000
2014,64,4192000
2015,64,2460000
2016,64,4324000
2017,64,3240000
2018,64,511000
2019,64,3152000
2020,64,2637000
2008,65,62908
2009,65,60955
2010,65,70925
2011,65,78231
2012,65,77460
2013,65,79550
2014,65,85721
2015,65,89304
2016,65,90749
2017,65,95847
2018,65,99280
2019,65,98296
2020,65,2099
2008,66,
2009,66,
2010,66,-79
2011,66,22004
2012,66,-6209
2013,66,23835
2014,66,25425
2015,66,14363
2016,66,42160
2017,66,42907
2018,66,45806
2019,66,46153
2020,66,-9952
2008,67,872
2009,67,3568
2010,67,2854
2011,67,611
2012,67,-151
2013,67,2796
2014,67,2546
2015,67,1231
2016,67,12422
2017,67,678
2018,67,849
2019,67,-5390
2020,67,7322
2008,68,1671
2009,68,-12784
2010,68,-1024
2011,68,8842
2012,68,3115
2013,68,519
2014,68,-3189
2015,68,-2036
2016,68,-1518
2017,68,-5506
2018,68,-2959
2019,68,-7070
2020,68,-6311
2008,69,806200
2009,69,711600
2010,69,368600
2011,69,328600
2012,69,170200
2013,69,342600
2014,69,332900
2015,69,264600
2016,69,213300
2017,69,251100
2018,69,
2019,69,
2020,69,
2008,70,4240
2009,70,5727
2010,70,6322
2011,70,4598
2012,70,7956
2013,70,11599
2014,70,16844
2015,70,15797
2016,70,12265
2017,70,9755
2018,70,8371
2019,70,8793
2020,70,9390
2008,71,1930
2009,71,2017
2010,71,2374
2011,71,2624
2012,71,1354
2013,71,3551
2014,71,3724
2015,71,1761
2016,71,3808
2017,71,4336
2018,71,4132
2019,71,1584
2020,71,-2111
2008,72,21762
2009,72,40457
2010,72,25534
2011,72,18119
2012,72,
2013,72,32424
2014,72,48874
2015,72,64860
2016,72,49195
2017,72,42402
2018,72,38768
2019,72,31373
2020,72,71317
2008,73,3453
2009,73,203
2010,73,1527
2011,73,3478
2012,73,460
2013,73,843
2014,73,1129
2015,73,1714
2016,73,2670
2017,73,
2018,73,
2019,73,
2020,73,
2008,74,
2009,74,
2010,74,
2011,74,
2012,74,
2013,74,
2014,74,
2015,74,
2016,74,
2017,74,
2018,74,
2019,74,
2020,74,
2008,75,
2009,75,
2010,75,
2011,75,
2012,75,
2013,75,
2014,75,1744
2015,75,769
2016,75,1608
2017,75,-2379
2018,75,60
2019,75,-3298
2020,75,-4881
2008,76,1046000
2009,76,1245000
2010,76,1826000
2011,76,1921000
2012,76,1692000
2013,76,2096000
2014,76,2055000
2015,76,2054000
2016,76,1510000
2017,76,1494000
2018,76,1531000
2019,76,1658000
2020,76,1630000
2008,77,264911
2009,77,250415
2010,77,281188
2011,77,74577
2012,77,331626
2013,77,297115
2014,77,314889
2015,77,340401
2016,77,435547
2017,77,458704
2018,77,512901
2019,77,464673
2020,77,425664
2008,78,239061
2009,78,186477
2010,78,218874
2011,78,312954
2012,78,320458
2013,78,434698
2014,78,427812
2015,78,425000
2016,78,445400
2017,78,455900
2018,78,515000
2019,78,624500
2020,78,513700
2008,79,6572
2009,79,9166
2010,79,19347
2011,79,17171
2012,79,19432
2013,79,23005
2014,79,15689
2015,79,21349
2016,79,18758
2017,79,17154
2018,79,17843
2019,79,28625
2020,79,25328
2008,80,34353
2009,80,42164
2010,80,55719
2011,80,46084
2012,80,59465
2013,80,75366
2014,80,57752
2015,80,65018
2016,80,79944
2017,80,67423
2018,80,63898
2019,80,22180
2020,80,50851
2008,81,887000
2009,81,670000
2010,81,302000
2011,81,-48000
2012,81,194000
2013,81,350000
2014,81,315000
2015,81,-781000
2016,81,-287000
2017,81,-15000
2018,81,189000
2019,81,162000
2020,81,240000
2008,82,
2009,82,
2010,82,
2011,82,
2012,82,11559
2013,82,50852
2014,82,78581
2015,82,-57293
2016,82,
2017,82,
2018,82,
2019,82,
2020,82,
2008,83,49711
2009,83,41950
2010,83,49191
2011,83,55233
2012,83,46603
2013,83,41747
2014,83,31886
2015,83,38597
2016,83,41204
2017,83,49118
2018,83,54669
2019,83,63515
2020,83,43354
2008,84,428953
2009,84,289029
2010,84,252110
2011,84,250484
2012,84,47193
2013,84,
2014,84,109869
2015,84,118561
2016,84,156237
2017,84,173647
2018,84,92761
2019,84,95088
2020,84,21778
2008,85,11259
2009,85,789
2010,85,9959
2011,85,-1501
2012,85,-8102
2013,85,3404
2014,85,15990
2015,85,16037
2016,85,10760
2017,85,21565
2018,85,40769
2019,85,26539
2020,85,46859
2008,86,428953
2009,86,289029
2010,86,252110
2011,86,250484
2012,86,47193
2013,86,
2014,86,109869
2015,86,118561
2016,86,156237
2017,86,173647
2018,86,92761
2019,86,95088
2020,86,21778
2008,87,3555
2009,87,-3161
2010,87,-182
2011,87,-2728
2012,87,-19893
2013,87,-2248
2014,87,-10452
2015,87,-5155
2016,87,22513
2017,87,-2083
2018,87,-4909
2019,87,-4388
2020,87,
2008,88,-12578
2009,88,332
2010,88,-1399
2011,88,-7768
2012,88,-6812
2013,88,-4010
2014,88,-2641
2015,88,-1270
2016,88,-4052
2017,88,-1068
2018,88,-2943
2019,88,
2020,88,
2008,89,27260
2009,89,-1903
2010,89,-20166
2011,89,-10910
2012,89,-7181
2013,89,
2014,89,-3553
2015,89,
2016,89,15020
2017,89,
2018,89,1440
2019,89,
2020,89,
2008,90,4681
2009,90,8110
2010,90,15036
2011,90,16692
2012,90,17118
2013,90,20997
2014,90,23941
2015,90,24173
2016,90,50720
2017,90,26641
2018,90,
2019,90,
2020,90,
2008,91,
2009,91,
2010,91,
2011,91,
2012,91,
2013,91,-1516
2014,91,-2523
2015,91,-1425
2016,91,3952
2017,91,4025
2018,91,5121
2019,91,4378
2020,91,
2008,92,
2009,92,
2010,92,
2011,92,
2012,92,
2013,92,
2014,92,601
2015,92,-633
2016,92,-1260
2017,92,-1926
2018,92,680
2019,92,-2222
2020,92,
2008,93,
2009,93,
2010,93,
2011,93,
2012,93,
2013,93,
2014,93,
2015,93,
2016,93,
2017,93,
2018,93,
2019,93,
2020,93,
2008,94,
2009,94,
2010,94,
2011,94,
2012,94,
2013,94,
2014,94,
2015,94,
2016,94,
2017,94,
2018,94,
2019,94,
2020,94,
2008,95,14013
2009,95,58044
2010,95,64185
2011,95,99077
2012,95,96350
2013,95,64563
2014,95,88494
2015,95,112366
2016,95,125937
2017,95,149113
2018,95,151671
2019,95,176084
2020,95,167795
2008,96,-41098
2009,96,-10431
2010,96,8237
2011,96,-27949
2012,96,14037
2013,96,2059
2014,96,
2015,96,
2016,96,
2017,96,
2018,96,
2019,96,
2020,96,
2008,97,10615
2009,97,5124
2010,97,-10952
2011,97,-28457
2012,97,8981
2013,97,2693
2014,97,3208
2015,97,1621
2016,97,1957
2017,97,-948
2018,97,2294
2019,97,4432
2020,97,1474
2008,98,61276
2009,98,105379
2010,98,145151
2011,98,158520
2012,98,140448
2013,98,132192
2014,98,130591
2015,98,151291
2016,98,170649
2017,98,182525
2018,98,208369
2019,98,219804
2020,98,324300
2008,99,9154
2009,99,12055
2010,99,11546
2011,99,10041
2012,99,7594
2013,99,6069
2014,99,13737
2015,99,11381
2016,99,10598
2017,99,-10264
2018,99,
2019,99,
2020,99,
2008,100,90177
2009,100,70034
2010,100,122428
2011,100,153975
2012,100,165974
2013,100,168919
2014,100,181855
2015,100,206002
2016,100,233046
2017,100,234856
2018,100,227975
2019,100,199909
2020,100,261563
2008,101,1782
2009,101,2123
2010,101,636
2011,101,238
2012,101,-2217
2013,101,1976
2014,101,-795
2015,101,1374
2016,101,1291
2017,101,323
2018,101,-821
2019,101,449
2020,101,4996
2008,102,5048
2009,102,724
2010,102,10626
2011,102,9708
2012,102,11509
2013,102,5716
2014,102,10250
2015,102,15978
2016,102,2301
2017,102,7269
2018,102,6580
2019,102,14478
2020,102,9798
2008,103,-16843
2009,103,-1009
2010,103,-14614
2011,103,2077
2012,103,7203
2013,103,5837
2014,103,12580
2015,103,14517
2016,103,17508
2017,103,-1061
2018,103,-44406
2019,103,
2020,103,
2008,104,11739
2009,104,12597
2010,104,11759
2011,104,14327
2012,104,12005
2013,104,5095
2014,104,6244
2015,104,6634
2016,104,6215
2017,104,5659
2018,104,7088
2019,104,37155
2020,104,-6535
2008,105,1327
2009,105,-1835
2010,105,-947
2011,105,-674
2012,105,215
2013,105,489
2014,105,366
2015,105,-799
2016,105,-271
2017,105,978
2018,105,-118
2019,105,-237
2020,105,701
2008,106,23830
2009,106,14488
2010,106,17389
2011,106,10097
2012,106,15205
2013,106,20404
2014,106,19974
2015,106,18534
2016,106,29241
2017,106,25394
2018,106,36946
2019,106,21756
2020,106,25731
2008,107,-25962
2009,107,-40270
2010,107,4245
2011,107,-12498
2012,107,-8716
2013,107,-12069
2014,107,-18136
2015,107,-16895
2016,107,5811
2017,107,5145
2018,107,6577
2019,107,4750
2020,107,67535
2008,108,
2009,108,
2010,108,
2011,108,
2012,108,
2013,108,-241
2014,108,740
2015,108,-4481
2016,108,41170
2017,108,39977
2018,108,42173
2019,108,61083
2020,108,41225
2008,109,
2009,109,13360
2010,109,19963
2011,109,25061
2012,109,30005
2013,109,20770
2014,109,25532
2015,109,35311
2016,109,
2017,109,
2018,109,
2019,109,
2020,109,
2008,110,-4010
2009,110,-7046
2010,110,-8240
2011,110,-5101
2012,110,-3484
2013,110,-122
2014,110,-612
2015,110,-887
2016,110,-2096
2017,110,1283
2018,110,-58
2019,110,-282
2020,110,51
2008,111,16815
2009,111,-10596
2010,111,4027
2011,111,5033
2012,111,-3141
2013,111,-2019
2014,111,-8435
2015,111,-4480
2016,111,-1721
2017,111,-607
2018,111,-566
2019,111,2956
2020,111,6820
2008,112,71786
2009,112,67699
2010,112,41779
2011,112,64571
2012,112,80144
2013,112,87361
2014,112,102960
2015,112,127117
2016,112,
2017,112,160047
2018,112,221339
2019,112,240173
2020,112,
2008,113,33438
2009,113,-34032
2010,113,-1058
2011,113,4743
2012,113,-1914
2013,113,18135
2014,113,25281
2015,113,40381
2016,113,53980
2017,113,62110
2018,113,59645
2019,113,25674
2020,113,5760
2008,114,-345
2009,114,903
2010,114,1737
2011,114,1190
2012,114,1490
2013,114,-900
2014,114,3778
2015,114,3671
2016,114,3399
2017,114,-2193
2018,114,-801
2019,114,-3672
2020,114,
2008,115,8011
2009,115,-8380
2010,115,996
2011,115,4047
2012,115,3672
2013,115,1720
2014,115,3542
2015,115,8090
2016,115,
2017,115,
2018,115,
2019,115,
2020,115,
2008,116,21231
2009,116,15540
2010,116,24335
2011,116,16143
2012,116,6671
2013,116,10266
2014,116,12440
2015,116,13762
2016,116,13066
2017,116,18083
2018,116,21806
2019,116,10768
2020,116,15590
2008,117,13149
2009,117,11859
2010,117,10657
2011,117,14368
2012,117,14811
2013,117,11654
2014,117,13764
2015,117,14460
2016,117,-2680
2017,117,2046
2018,117,3752
2019,117,9364
2020,117,-3426
2008,118,39310
2009,118,-52404
2010,118,15333
2011,118,30508
2012,118,7167
2013,118,32443
2014,118,12096
2015,118,21389
2016,118,11387
2017,118,31766
2018,118,27495
2019,118,19557
2020,118,10222
2008,119,74714
2009,119,28402
2010,119,55019
2011,119,77151
2012,119,83800
2013,119,79064
2014,119,103210
2015,119,169781
2016,119,153211
2017,119,196230
2018,119,243603
2019,119,249601
2020,119,208112
2008,120,
2009,120,
2010,120,
2011,120,38790
2012,120,54202
2013,120,144052
2014,120,169855
2015,120,-238545
2016,120,108157
2017,120,165797
2018,120,204983
2019,120,15007
2020,120,-179446
2008,121,
2009,121,
2010,121,
2011,121,
2012,121,1972000
2013,121,2011000
2014,121,1760816
2015,121,1408043
2016,121,710320
2017,121,1287821
2018,121,2175244
2019,121,1459174
2020,121,-367836
2008,122,218372
2009,122,184862
2010,122,248050
2011,122,275285
2012,122,277033
2013,122,218135
2014,122,213560
2015,122,270893
2016,122,113321
2017,122,70741
2018,122,90984
2019,122,111639
2020,122,107207
2008,123,
2009,123,
2010,123,
2011,123,
2012,123,
2013,123,
2014,123,692
2015,123,858
2016,123,950
2017,123,197
2018,123,-2155
2019,123,1424
2020,123,1086
2008,124,
2009,124,
2010,124,
2011,124,
2012,124,
2013,124,
2014,124,
2015,124,2061
2016,124,1751
2017,124,1398
2018,124,1311
2019,124,970
2020,124,-12509
2008,125,
2009,125,
2010,125,
2011,125,
2012,125,
2013,125,
2014,125,
2015,125,12639
2016,125,21617
2017,125,9975
2018,125,18845
2019,125,23381
2020,125,13867
2008,126,-37096
2009,126,-1582
2010,126,15890
2011,126,18399
2012,126,-68180
2013,126,-23706
2014,126,186305
2015,126,13176
2016,126,511
2017,126,40941
2018,126,25484
2019,126,2610
2020,126,8874
2008,127,9535
2009,127,22827
2010,127,22624
2011,127,14693
2012,127,7546
2013,127,
2014,127,19303
2015,127,18313
2016,127,29395
2017,127,33994
2018,127,37238
2019,127,30872
2020,127,11699
2008,128,238924
2009,128,317269
2010,128,318079
2011,128,348712
2012,128,692126
2013,128,337295
2014,128,348890
2015,128,375369
2016,128,370070
2017,128,429511
2018,128,474397
2019,128,
2020,128,
2008,129,29015
2009,129,34154
2010,129,44275
2011,129,50840
2012,129,49116
2013,129,50513
2014,129,46728
2015,129,56988
2016,129,65726
2017,129,69347
2018,129,
2019,129,
2020,129,
2008,130,124300
2009,130,128692
2010,130,136279
2011,130,118121
2012,130,119999
2013,130,116585
2014,130,125611
2015,130,138498
2016,130,124855
2017,130,103765
2018,130,121064
2019,130,
2020,130,
2008,131,4926
2009,131,5331
2010,131,6678
2011,131,8158
2012,131,8795
2013,131,5498
2014,131,7538
2015,131,13657
2016,131,15703
2017,131,16506
2018,131,21993
2019,131,22357
2020,131,-15202
2008,132,1588594
2009,132,1565625
2010,132,1575173
2011,132,1627513
2012,132,1797917
2013,132,1906151
2014,132,1966382
2015,132,1578854
2016,132,2408305
2017,132,2665957
2018,132,2229627
2019,132,1569000
2020,132,-890000
2008,133,14829
2009,133,-12271
2010,133,16887
2011,133,1742
2012,133,-40463
2013,133,-23759
2014,133,-31103
2015,133,-62244
2016,133,
2017,133,
2018,133,
2019,133,
2020,133,
2008,134,210086
2009,134,318685
2010,134,309166
2011,134,337153
2012,134,768839
2013,134,346198
2014,134,357309
2015,134,381942
2016,134,362641
2017,134,433248
2018,134,478134
2019,134,333533
2020,134,234932
2008,135,
2009,135,
2010,135,
2011,135,
2012,135,6688
2013,135,8301
2014,135,12564
2015,135,11923
2016,135,17351
2017,135,22709
2018,135,25496
2019,135,30545
2020,135,-17830
2008,136,11917
2009,136,-2425
2010,136,3752
2011,136,-1196
2012,136,7332
2013,136,930
2014,136,6574
2015,136,15171
2016,136,19005
2017,136,17342
2018,136,-2695
2019,136,-800
2020,136,21971
2008,137,4824
2009,137,2629
2010,137,4189
2011,137,5634
2012,137,6337
2013,137,6972
2014,137,6647
2015,137,7481
2016,137,8912
2017,137,8487
2018,137,9276
2019,137,10858
2020,137,2480
2008,138,
2009,138,
2010,138,
2011,138,
2012,138,
2013,138,
2014,138,
2015,138,
2016,138,
2017,138,
2018,138,
2019,138,
2020,138,
2008,139,-16535
2009,139,1384
2010,139,180
2011,139,-671
2012,139,-111
2013,139,-12248
2014,139,2122
2015,139,5673
2016,139,12868
2017,139,15604
2018,139,-53812
2019,139,6196
2020,139,6139
2008,140,-4101
2009,140,-248
2010,140,10357
2011,140,-2202
2012,140,-6266
2013,140,-10535
2014,140,-4307
2015,140,518
2016,140,-2182
2017,140,-2299
2018,140,-3808
2019,140,
2020,140,
2008,141,5182
2009,141,-39006
2010,141,15580
2011,141,-30561
2012,141,-67965
2013,141,-77200
2014,141,-34661
2015,141,-18484
2016,141,-63823
2017,141,-39045
2018,141,-12232
2019,141,-40136
2020,141,-56420
2008,142,21243
2009,142,19592
2010,142,33441
2011,142,36489
2012,142,28608
2013,142,79828
2014,142,24902
2015,142,10103
2016,142,44700
2017,142,106400
2018,142,118700
2019,142,91400
2020,142,30000
2008,143,-10266
2009,143,12905
2010,143,-3315
2011,143,4018
2012,143,-8258
2013,143,-11709
2014,143,
2015,143,1016
2016,143,2930
2017,143,2587
2018,143,24327
2019,143,-2991
2020,143,
2008,144,26295
2009,144,-66276
2010,144,-48606
2011,144,-10575
2012,144,-73627
2013,144,-74442
2014,144,-28405
2015,144,-12186
2016,144,-73961
2017,144,-43820
2018,144,-3994
2019,144,223
2020,144,1033
2008,145,-458
2009,145,1017
2010,145,1478
2011,145,-7
2012,145,287
2013,145,-458
2014,145,-3176
2015,145,3826
2016,145,2973
2017,145,4343
2018,145,3568
2019,145,3048
2020,145,2044
2008,146,-2589
2009,146,3408
2010,146,-2795
2011,146,3367
2012,146,-17421
2013,146,-26799
2014,146,-10837
2015,146,-13941
2016,146,-15773
2017,146,-14416
2018,146,-3914
2019,146,-4605
2020,146,-15617
2008,147,202015
2009,147,87246
2010,147,109546
2011,147,96278
2012,147,-155993
2013,147,-191888
2014,147,41708
2015,147,55579
2016,147,58265
2017,147,58283
2018,147,36919
2019,147,54668
2020,147,6475
2008,148,-5287
2009,148,2738
2010,148,1905
2011,148,8174
2012,148,-3984
2013,148,-7658
2014,148,11009
2015,148,1989
2016,148,4346
2017,148,4011
2018,148,3833
2019,148,-4681
2020,148,
2008,149,94901
2009,149,62478
2010,149,111111
2011,149,119897
2012,149,56680
2013,149,28466
2014,149,40802
2015,149,11657
2016,149,24077
2017,149,27061
2018,149,-24561
2019,149,-131146
2020,149,
2008,150,764400
2009,150,476600
2010,150,626700
2011,150,503200
2012,150,-246900
2013,150,151300
2014,150,194100
2015,150,247100
2016,150,-225100
2017,150,337300
2018,150,94200
2019,150,392200
2020,150,295300
2008,151,
2009,151,
2010,151,
2011,151,2848
2012,151,2201
2013,151,3618
2014,151,3350
2015,151,4337
2016,151,5427
2017,151,2326
2018,151,3091
2019,151,785
2020,151,2170
2008,152,
2009,152,
2010,152,
2011,152,
2012,152,
2013,152,
2014,152,235
2015,152,340
2016,152,-557
2017,152,
2018,152,-436
2019,152,267
2020,152,-26
2008,153,137900
2009,153,-102500
2010,153,67700
2011,153,-302200
2012,153,-573500
2013,153,-240400
2014,153,-77600
2015,153,-124900
2016,153,21000
2017,153,99100
2018,153,106900
2019,153,93500
2020,153,34700
2008,154,
2009,154,
2010,154,
2011,154,
2012,154,
2013,154,1992
2014,154,10004
2015,154,10145
2016,154,3170
2017,154,1897
2018,154,4148
2019,154,6813
2020,154,-2958
2008,155,
2009,155,
2010,155,
2011,155,
2012,155,
2013,155,
2014,155,4212
2015,155,7455
2016,155,6179
2017,155,5797
2018,155,4192
2019,155,3357
2020,155,2367
2008,156,
2009,156,
2010,156,
2011,156,32226
2012,156,12780
2013,156,17988
2014,156,41453
2015,156,60692
2016,156,64798
2017,156,80747
2018,156,83064
2019,156,88869
2020,156,88913
2008,157,
2009,157,
2010,157,
2011,157,
2012,157,1664
2013,157,2491
2014,157,3198
2015,157,1608
2016,157,2771
2017,157,-28991
2018,157,-20179
2019,157,
2020,157,
2008,158,
2009,158,
2010,158,
2011,158,
2012,158,
2013,158,
2014,158,
2015,158,
2016,158,
2017,158,
2018,158,
2019,158,
2020,158,
2008,159,
2009,159,
2010,159,
2011,159,
2012,159,
2013,159,
2014,159,
2015,159,
2016,159,41
2017,159,417
2018,159,482
2019,159,1057
2020,159,
2008,160,
2009,160,
2010,160,
2011,160,255
2012,160,360
2013,160,346
2014,160,-936
2015,160,1789
2016,160,2365
2017,160,531
2018,160,-1067
2019,160,-2549
2020,160,-1402
2008,161,
2009,161,
2010,161,
2011,161,
2012,161,
2013,161,
2014,161,1765
2015,161,2676
2016,161,1690
2017,161,529
2018,161,387
2019,161,1753
2020,161,981
2008,162,
2009,162,
2010,162,
2011,162,
2012,162,
2013,162,
2014,162,894
2015,162,852
2016,162,
2017,162,
2018,162,1202
2019,162,1163
2020,162,-1448
2008,163,
2009,163,
2010,163,
2011,163,
2012,163,
2013,163,
2014,163,30
2015,163,174
2016,163,
2017,163,
2018,163,
2019,163,347
2020,163,446
2008,164,10444
2009,164,3200
2010,164,2281
2011,164,3635
2012,164,-1930
2013,164,-7600
2014,164,-14288
2015,164,-9734
2016,164,-6799
2017,164,-11058
2018,164,-4665
2019,164,-3585
2020,164,-601
2008,165,
2009,165,
2010,165,
2011,165,
2012,165,
2013,165,
2014,165,
2015,165,
2016,165,
2017,165,
2018,165,
2019,165,
2020,165,
2008,166,
2009,166,
2010,166,
2011,166,
2012,166,
2013,166,
2014,166,124534
2015,166,93835
2016,166,145237
2017,166,176981
2018,166,197382
2019,166,216148
2020,166,290495
2008,167,115766
2009,167,136917
2010,167,8942
2011,167,153489
2012,167,-92352
2013,167,-354412
2014,167,-221433
2015,167,381449
2016,167,344947
2017,167,343687
2018,167,202773
2019,167,55140
2020,167,-337325
2008,168,28066
2009,168,25608
2010,168,-13458
2011,168,10041
2012,168,36913
2013,168,25692
2014,168,6619
2015,168,668
2016,168,-5312
2017,168,2994
2018,168,-1027
2019,168,585
2020,168,-107210
2008,169,20243000
2009,169,12826000
2010,169,17306000
2011,169,19399000
2012,169,17430000
2013,169,15642000
2014,169,8264000
2015,169,-2686000
2016,169,1649000
2017,169,7595000
2018,169,10792000
2019,169,6864000
2020,169,-5012000
2008,170,738631
2009,170,134987
2010,170,2532
2011,170,118020
2012,170,314048
2013,170,225661
2014,170,32424
2015,170,61817
2016,170,193709
2017,170,168909
2018,170,174857
2019,170,94619
2020,170,105485
2008,171,200646
2009,171,119076
2010,171,105846
2011,171,-331751
2012,171,
2013,171,
2014,171,66755
2015,171,84034
2016,171,140439
2017,171,199004
2018,171,178070
2019,171,179672
2020,171,90239
2008,172,54870
2009,172,70859
2010,172,28371
2011,172,21581
2012,172,12019
2013,172,16068
2014,172,5252
2015,172,4529
2016,172,3733
2017,172,-5230
2018,172,12288
2019,172,29004
2020,172,-40067
2008,173,1425000
2009,173,1148000
2010,173,1303000
2011,173,1495000
2012,173,1489000
2013,173,140000
2014,173,79000
2015,173,-458000
2016,173,-1526000
2017,173,-4000
2018,173,-121000
2019,173,375000
2020,173,-837000
2008,174,725137
2009,174,585854
2010,174,708572
2011,174,809799
2012,174,986813
2013,174,1044229
2014,174,1156835
2015,174,1370954
2016,174,1387866
2017,174,1317464
2018,174,1278275
2019,174,
2020,174,
2008,175,126747
2009,175,127195
2010,175,164020
2011,175,198507
2012,175,209192
2013,175,192231
2014,175,145139
2015,175,138172
2016,175,117691
2017,175,103589
2018,175,67043
2019,175,93280
2020,175,-141521
2008,176,24324
2009,176,24985
2010,176,15224
2011,176,13945
2012,176,4856
2013,176,11369
2014,176,23143
2015,176,28224
2016,176,16334
2017,176,16204
2018,176,26362
2019,176,30472
2020,176,7922
2008,177,169086
2009,177,116000
2010,177,91268
2011,177,82182
2012,177,22456
2013,177,-37707
2014,177,767
2015,177,20191
2016,177,8197
2017,177,27545
2018,177,1157
2019,177,-18885
2020,177,-127271
2008,178,72514
2009,178,-281657
2010,178,56233
2011,178,74748
2012,178,63889
2013,178,61890
2014,178,75091
2015,178,-17462
2016,178,-115051
2017,178,-214473
2018,178,-11343
2019,178,-271385
2020,178,-72060
2008,179,-10961
2009,179,-3316
2010,179,-30
2011,179,6529
2012,179,7127
2013,179,6042
2014,179,5406
2015,179,5832
2016,179,5520
2017,179,7790
2018,179,13344
2019,179,16293
2020,179,704
2008,180,20320
2009,180,-27860
2010,180,-11718
2011,180,3102
2012,180,8261
2013,180,5830
2014,180,11463
2015,180,6349
2016,180,10606
2017,180,20272
2018,180,29519
2019,180,22393
2020,180,-24879
2008,181,-812
2009,181,-1048
2010,181,2979
2011,181,3230
2012,181,3232
2013,181,2915
2014,181,1668
2015,181,2465
2016,181,2833
2017,181,-4041
2018,181,-4869
2019,181,1535
2020,181,-363
2008,182,-7734
2009,182,-51762
2010,182,-35994
2011,182,-41273
2012,182,-18263
2013,182,-23806
2014,182,-6228
2015,182,-2047
2016,182,-18165
2017,182,20818
2018,182,
2019,182,
2020,182,
2008,183,70163
2009,183,37472
2010,183,91652
2011,183,156973
2012,183,192482
2013,183,224223
2014,183,242465
2015,183,256881
2016,183,250492
2017,183,176577
2018,183,137584
2019,183,136602
2020,183,-62262
2008,184,-6696
2009,184,-9846
2010,184,-7113
2011,184,-11002
2012,184,-22344
2013,184,-6263
2014,184,
2015,184,
2016,184,
2017,184,
2018,184,
2019,184,
2020,184,
2008,185,
2009,185,9730
2010,185,18755
2011,185,33285
2012,185,35394
2013,185,46716
2014,185,48496
2015,185,48247
2016,185,55091
2017,185,60786
2018,185,66364
2019,185,81205
2020,185,-20862
2008,186,6633
2009,186,6214
2010,186,8727
2011,186,6435
2012,186,12553
2013,186,9779
2014,186,9710
2015,186,4897
2016,186,4433
2017,186,2678
2018,186,-10419
2019,186,-1526
2020,186,-5144
2008,187,
2009,187,
2010,187,
2011,187,
2012,187,1927
2013,187,1915
2014,187,1855
2015,187,1669
2016,187,-11132
2017,187,-6269
2018,187,-5507
2019,187,-14946
2020,187,-2186
2008,188,
2009,188,
2010,188,88716
2011,188,103057
2012,188,86330
2013,188,163560
2014,188,207650
2015,188,256946
2016,188,296322
2017,188,337594
2018,188,413482
2019,188,492473
2020,188,368542
2008,189,
2009,189,
2010,189,
2011,189,
2012,189,
2013,189,23875
2014,189,65414
2015,189,53347
2016,189,120045
2017,189,117543
2018,189,21271
2019,189,45864
2020,189,-66736
2008,190,
2009,190,
2010,190,
2011,190,
2012,190,
2013,190,
2014,190,
2015,190,5828
2016,190,4790
2017,190,4625
2018,190,5706
2019,190,4493
2020,190,567
2008,191,-8478
2009,191,-11480
2010,191,-8660
2011,191,-7151
2012,191,-10515
2013,191,-13153
2014,191,-14693
2015,191,-4128
2016,191,-7112
2017,191,-2065
2018,191,1143
2019,191,2534
2020,191,1992
2008,192,-16292
2009,192,-24306
2010,192,-21668
2011,192,-6431
2012,192,-2481
2013,192,
2014,192,
2015,192,
2016,192,-15072
2017,192,-5216
2018,192,-14963
2019,192,-24559
2020,192,-18790
2008,193,-17431
2009,193,-17158
2010,193,-17528
2011,193,-21526
2012,193,
2013,193,-18162
2014,193,-13001
2015,193,-20784
2016,193,-13843
2017,193,-8497
2018,193,-4123
2019,193,-209
2020,193,
2008,194,145072
2009,194,157438
2010,194,155137
2011,194,166769
2012,194,167517
2013,194,191026
2014,194,231407
2015,194,277673
2016,194,328856
2017,194,402640
2018,194,434181
2019,194,464018
2020,194,473159
2008,195,
2009,195,
2010,195,
2011,195,1919
2012,195,2611
2013,195,2103
2014,195,3045
2015,195,3705
2016,195,3036
2017,195,5229
2018,195,5497
2019,195,
2020,195,
2008,196,43126
2009,196,36345
2010,196,41891
2011,196,48450
2012,196,52071
2013,196,63379
2014,196,81217
2015,196,90265
2016,196,98422
2017,196,111126
2018,196,140441
2019,196,165625
2020,196,166531
2008,197,40628
2009,197,70950
2010,197,69835
2011,197,50008
2012,197,63587
2013,197,85192
2014,197,82614
2015,197,74014
2016,197,69431
2017,197,
2018,197,
2019,197,
2020,197,
2008,198,-4301
2009,198,139
2010,198,3563
2011,198,6051
2012,198,3600
2013,198,4023
2014,198,5744
2015,198,7842
2016,198,8757
2017,198,8622
2018,198,10794
2019,198,11877
2020,198,14107
2008,199,9543
2009,199,3880
2010,199,838
2011,199,4791
2012,199,5901
2013,199,777
2014,199,1450
2015,199,983
2016,199,2095
2017,199,6601
2018,199,8451
2019,199,3789
2020,199,16782
2008,200,-135593
2009,200,41273
2010,200,-5562
2011,200,-27678
2012,200,-6340
2013,200,5287
2014,200,-5503
2015,200,-5444
2016,200,-30073
2017,200,-36585
2018,200,-40049
2019,200,-10161
2020,200,-14100
2008,201,14706
2009,201,9889
2010,201,-12643
2011,201,-6580
2012,201,3584
2013,201,1048
2014,201,360
2015,201,4226
2016,201,2278
2017,201,
2018,201,
2019,201,
2020,201,
2008,202,-1298
2009,202,-5319
2010,202,644
2011,202,-3319
2012,202,4971
2013,202,4663
2014,202,5353
2015,202,4713
2016,202,7060
2017,202,2467
2018,202,665
2019,202,2591
2020,202,6096
2008,203,137
2009,203,-23974
2010,203,9161
2011,203,-53999
2012,203,4498
2013,203,-2043
2014,203,-4283
2015,203,-8602
2016,203,-3427
2017,203,-1361
2018,203,1123
2019,203,5985
2020,203,9776
2008,204,-7766
2009,204,-107
2010,204,8
2011,204,-642
2012,204,-176
2013,204,-704
2014,204,-265
2015,204,580
2016,204,200
2017,204,-1881
2018,204,-4072
2019,204,-3566
2020,204,-1358
2008,205,11886
2009,205,11419
2010,205,11476
2011,205,10909
2012,205,6746
2013,205,8509
2014,205,9054
2015,205,9325
2016,205,7009
2017,205,4337
2018,205,10437
2019,205,
2020,205,
2008,206,4081
2009,206,3317
2010,206,3661
2011,206,3366
2012,206,-1157
2013,206,-5405
2014,206,2179
2015,206,2363
2016,206,
2017,206,
2018,206,
2019,206,
2020,206,
2008,207,534
2009,207,275
2010,207,147
2011,207,526
2012,207,203
2013,207,843
2014,207,805
2015,207,4167
2016,207,3065
2017,207,3715
2018,207,
2019,207,
2020,207,
2008,208,2032
2009,208,
2010,208,-4483
2011,208,-1368
2012,208,166
2013,208,1074
2014,208,2641
2015,208,2702
2016,208,2903
2017,208,-455
2018,208,-635
2019,208,-2909
2020,208,-2780
2008,209,
2009,209,
2010,209,
2011,209,
2012,209,978
2013,209,33243
2014,209,37388
2015,209,38806
2016,209,41086
2017,209,43243
2018,209,45566
2019,209,51255
2020,209,63504
2008,210,
2009,210,
2010,210,
2011,210,
2012,210,
2013,210,
2014,210,
2015,210,-4047
2016,210,372
2017,210,-20
2018,210,97
2019,210,-706
2020,210,-1049
2008,211,
2009,211,534
2010,211,696
2011,211,1188
2012,211,606
2013,211,-1732
2014,211,-3781
2015,211,-6171
2016,211,-1855
2017,211,-1829
2018,211,-84
2019,211,-3044
2020,211,-3331
2008,212,
2009,212,
2010,212,1996
2011,212,1430
2012,212,1431
2013,212,865
2014,212,1034
2015,212,-3178
2016,212,-8215
2017,212,-8233
2018,212,-2703
2019,212,-336
2020,212,-5923
2008,213,
2009,213,
2010,213,1409
2011,213,1527
2012,213,2749
2013,213,2118
2014,213,2066
2015,213,1760
2016,213,2484
2017,213,
2018,213,
2019,213,
2020,213,
2008,214,
2009,214,
2010,214,
2011,214,
2012,214,
2013,214,84
2014,214,205
2015,214,54
2016,214,1198
2017,214,1280
2018,214,1961
2019,214,1897
2020,214,1287
2008,215,
2009,215,
2010,215,
2011,215,847
2012,215,921
2013,215,868
2014,215,326
2015,215,1025
2016,215,341
2017,215,
2018,215,
2019,215,
2020,215,
2008,216,
2009,216,
2010,216,
2011,216,
2012,216,
2013,216,
2014,216,209
2015,216,322
2016,216,432
2017,216,-159
2018,216,-1455
2019,216,-3842
2020,216,-2849
2008,217,
2009,217,
2010,217,
2011,217,
2012,217,
2013,217,3431
2014,217,4432
2015,217,5012
2016,217,5485
2017,217,3668
2018,217,6351
2019,217,7626
2020,217,8413
2008,218,16804
2009,218,-2867
2010,218,1892
2011,218,15244
2012,218,
2013,218,-15396
2014,218,
2015,218,
2016,218,-26932
2017,218,5556
2018,218,25146
2019,218,59868
2020,218,-34128
2008,219,-1035
2009,219,-842
2010,219,-119
2011,219,-1442
2012,219,-4888
2013,219,300
2014,219,911
2015,219,561
2016,219,632
2017,219,1451
2018,219,694
2019,219,895
2020,219,1200
2008,220,7821
2009,220,5836
2010,220,13247
2011,220,12107
2012,220,-2609
2013,220,-21393
2014,220,-12166
2015,220,-81706
2016,220,-18067
2017,220,-5335
2018,220,79031
2019,220,18731
2020,220,
2008,221,15770
2009,221,15874
2010,221,18704
2011,221,10947
2012,221,17272
2013,221,
2014,221,23719
2015,221,18819
2016,221,14765
2017,221,19329
2018,221,14706
2019,221,14417
2020,221,5320
2008,222,
2009,222,
2010,222,
2011,222,
2012,222,
2013,222,
2014,222,-239
2015,222,-618
2016,222,-137
2017,222,76
2018,222,39
2019,222,74
2020,222,58
2008,223,
2009,223,
2010,223,
2011,223,
2012,223,
2013,223,
2014,223,
2015,223,492
2016,223,13308
2017,223,2773
2018,223,
2019,223,
2020,223,
2008,224,
2009,224,
2010,224,
2011,224,
2012,224,
2013,224,
2014,224,
2015,224,
2016,224,
2017,224,
2018,224,
2019,224,
2020,224,
2008,225,
2009,225,
2010,225,-24
2011,225,720
2012,225,231
2013,225,76
2014,225,-1038
2015,225,2653
2016,225,3057
2017,225,5489
2018,225,3070
2019,225,262
2020,225,
2008,226,12183
2009,226,2392
2010,226,5759
2011,226,6443
2012,226,-262
2013,226,-2208
2014,226,-5934
2015,226,-10915
2016,226,-835
2017,226,-2027
2018,226,3951
2019,226,6468
2020,226,4950
2008,227,
2009,227,
2010,227,
2011,227,53444
2012,227,42678
2013,227,77528
2014,227,54246
2015,227,38663
2016,227,91979
2017,227,101137
2018,227,121521
2019,227,99074
2020,227,67263
2008,228,-17262
2009,228,-7968
2010,228,-6703
2011,228,-6226
2012,228,-4597
2013,228,-3508
2014,228,-3214
2015,228,-7520
2016,228,-12941
2017,228,9046
2018,228,45330
2019,228,1103
2020,228,-9028
2008,229,
2009,229,
2010,229,
2011,229,7528
2012,229,6645
2013,229,4240
2014,229,4311
2015,229,4682
2016,229,3900
2017,229,5439
2018,229,4458
2019,229,
2020,229,
2008,230,
2009,230,
2010,230,
2011,230,
2012,230,7620
2013,230,2783
2014,230,7722
2015,230,10552
2016,230,15615
2017,230,19110
2018,230,18982
2019,230,15378
2020,230,8412
2008,231,3252
2009,231,459
2010,231,-1134
2011,231,4340
2012,231,
2013,231,
2014,231,
2015,231,2804
2016,231,1187
2017,231,2623
2018,231,1574
2019,231,2685
2020,231,1509
2008,232,50063
2009,232,55784
2010,232,53975
2011,232,22978
2012,232,36130
2013,232,36942
2014,232,40673
2015,232,45089
2016,232,38653
2017,232,37348
2018,232,22266
2019,232,37640
2020,232,47863
2008,233,-3726
2009,233,-11004
2010,233,13718
2011,233,3928
2012,233,44642
2013,233,59317
2014,233,68068
2015,233,74922
2016,233,76074
2017,233,89888
2018,233,97057
2019,233,78348
2020,233,
2008,234,-13042
2009,234,-7317
2010,234,-3069
2011,234,-5537
2012,234,702
2013,234,-10988
2014,234,-7875
2015,234,-5700
2016,234,-4735
2017,234,-4167
2018,234,6034
2019,234,16598
2020,234,2237
2008,235,-43621
2009,235,-17470
2010,235,-3610
2011,235,-36783
2012,235,-27913
2013,235,-8501
2014,235,-24551
2015,235,43008
2016,235,5567
2017,235,-976
2018,235,-29
2019,235,-929
2020,235,
2008,236,-4222
2009,236,-9584
2010,236,-890
2011,236,-3854
2012,236,1732
2013,236,1331
2014,236,-1615
2015,236,-9404
2016,236,-10946
2017,236,30496
2018,236,565
2019,236,-1627
2020,236,-906
2008,237,-8246
2009,237,14311
2010,237,2533
2011,237,-92750
2012,237,-41816
2013,237,-5021
2014,237,7504
2015,237,17747
2016,237,16713
2017,237,64521
2018,237,-3581
2019,237,-17565
2020,237,-68855
2008,238,31163
2009,238,6619
2010,238,-18204
2011,238,-25639
2012,238,-51719
2013,238,-32819
2014,238,-30184
2015,238,-27837
2016,238,10040
2017,238,-13291
2018,238,4345
2019,238,6806
2020,238,-175667
2008,239,14414
2009,239,20406
2010,239,29350
2011,239,19245
2012,239,28478
2013,239,27742
2014,239,28118
2015,239,26161
2016,239,33313
2017,239,42350
2018,239,37532
2019,239,37181
2020,239,28978
2008,240,32323
2009,240,22190
2010,240,6955
2011,240,19256
2012,240,-1659
2013,240,-6054
2014,240,10316
2015,240,9799
2016,240,-10012
2017,240,12511
2018,240,
2019,240,
2020,240,-14562
2008,241,4899
2009,241,5757
2010,241,1773
2011,241,-1104
2012,241,-7150
2013,241,-6963
2014,241,-4550
2015,241,-1790
2016,241,1808
2017,241,1260
2018,241,2118
2019,241,-717
2020,241,-6247
2008,242,326020
2009,242,246614
2010,242,249444
2011,242,295255
2012,242,245046
2013,242,79447
2014,242,114277
2015,242,144550
2016,242,198258
2017,242,184078
2018,242,146913
2019,242,376083
2020,242,-518348
2008,243,
2009,243,
2010,243,
2011,243,
2012,243,
2013,243,
2014,243,
2015,243,
2016,243,
2017,243,
2018,243,
2019,243,
2020,243,
2008,244,-1027
2009,244,20602
2010,244,-5059
2011,244,-12068
2012,244,-28077
2013,244,-50126
2014,244,28628
2015,244,6679
2016,244,36373
2017,244,79612
2018,244,
2019,244,
2020,244,
2008,245,
2009,245,
2010,245,
2011,245,4577
2012,245,21486
2013,245,42742
2014,245,57128
2015,245,46525
2016,245,51033
2017,245,55499
2018,245,67220
2019,245,71012
2020,245,60164
2008,246,1638996
2009,246,1679728
2010,246,1961771
2011,246,1728599
2012,246,1473309
2013,246,1564976
2014,246,755374
2015,246,991000
2016,246,1107000
2017,246,1138000
2018,246,1542000
2019,246,1955000
2020,246,1665000
2008,247,
2009,247,
2010,247,
2011,247,
2012,247,
2013,247,
2014,247,
2015,247,
2016,247,
2017,247,
2018,247,
2019,247,
2020,247,
2008,248,
2009,248,
2010,248,
2011,248,
2012,248,
2013,248,
2014,248,
2015,248,
2016,248,
2017,248,
2018,248,
2019,248,
2020,248,
2008,249,-31010
2009,249,-28927
2010,249,-17884
2011,249,-34152
2012,249,-15664
2013,249,-41648
2014,249,-53585
2015,249,33535
2016,249,12849
2017,249,-25821
2018,249,47179
2019,249,16432
2020,249,-655
2008,250,
2009,250,
2010,250,
2011,250,
2012,250,
2013,250,
2014,250,
2015,250,
2016,250,
2017,250,16704
2018,250,16950
2019,250,15997
2020,250,19485
2008,251,
2009,251,
2010,251,
2011,251,
2012,251,
2013,251,
2014,251,
2015,251,
2016,251,
2017,251,
2018,251,
2019,251,
2020,251,
2008,252,
2009,252,
2010,252,
2011,252,
2012,252,
2013,252,
2014,252,
2015,252,
2016,252,
2017,252,
2018,252,
2019,252,
2020,252,
2008,253,
2009,253,
2010,253,
2011,253,
2012,253,
2013,253,5719
2014,253,6643
2015,253,5488
2016,253,14547
2017,253,16270
2018,253,15483
2019,253,15727
2020,253,17379
2008,254,22638
2009,254,21171
2010,254,22484
2011,254,31306
2012,254,4973
2013,254,5458
2014,254,14538
2015,254,34449
2016,254,35148
2017,254,39327
2018,254,43741
2019,254,53297
2020,254,60848
2008,255,-1439
2009,255,-1848
2010,255,-485
2011,255,-311
2012,255,-1522
2013,255,-1301
2014,255,-1163
2015,255,-1257
2016,255,-1876
2017,255,-1517
2018,255,517
2019,255,722
2020,255,-639
2008,256,
2009,256,
2010,256,
2011,256,
2012,256,
2013,256,
2014,256,
2015,256,
2016,256,
2017,256,
2018,256,
2019,256,
2020,256,
2008,257,
2009,257,
2010,257,
2011,257,
2012,257,
2013,257,4717
2014,257,27320
2015,257,56346
2016,257,67953
2017,257,87636
2018,257,108527
2019,257,107254
2020,257,48975
2008,258,
2009,258,
2010,258,
2011,258,
2012,258,
2013,258,
2014,258,
2015,258,
2016,258,1507
2017,258,4107
2018,258,4497
2019,258,5202
2020,258,4733
2008,259,
2009,259,
2010,259,
2011,259,
2012,259,
2013,259,
2014,259,
2015,259,
2016,259,
2017,259,
2018,259,
2019,259,
2020,259,
2008,260,
2009,260,
2010,260,
2011,260,
2012,260,
2013,260,
2014,260,
2015,260,
2016,260,
2017,260,
2018,260,
2019,260,
2020,260,
2008,261,
2009,261,
2010,261,
2011,261,
2012,261,
2013,261,
2014,261,
2015,261,
2016,261,
2017,261,
2018,261,
2019,261,
2020,261,
2008,262,
2009,262,
2010,262,
2011,262,
2012,262,
2013,262,96656
2014,262,71797
2015,262,100664
2016,262,121380
2017,262,150073
2018,262,168104
2019,262,172492
2020,262,71106
2008,263,214503
2009,263,245644
2010,263,-313652
2011,263,-438754
2012,263,-1085200
2013,263,-232966
2014,263,1536159
2015,263,-29371
2016,263,100
2017,263,28442
2018,263,94
2019,263,
2020,263,
2008,264,218563
2009,264,346178
2010,264,378942
2011,264,233572
2012,264,725661
2013,264,793282
2014,264,691857
2015,264,739570
2016,264,577341
2017,264,532628
2018,264,502312
2019,264,801999
2020,264,604675
2008,265,
2009,265,
2010,265,
2011,265,
2012,265,-2095
2013,265,
2014,265,-267
2015,265,-3752
2016,265,-5995
2017,265,-5838
2018,265,-4229
2019,265,-12350
2020,265,-14496
2008,266,
2009,266,
2010,266,
2011,266,
2012,266,
2013,266,
2014,266,
2015,266,6297
2016,266,6962
2017,266,6976
2018,266,8524
2019,266,9409
2020,266,9587
2008,267,
2009,267,
2010,267,
2011,267,
2012,267,
2013,267,
2014,267,
2015,267,
2016,267,
2017,267,
2018,267,
2019,267,
2020,267,
2008,268,
2009,268,
2010,268,
2011,268,
2012,268,
2013,268,
2014,268,
2015,268,
2016,268,
2017,268,
2018,268,
2019,268,
2020,268,
2008,269,
2009,269,
2010,269,
2011,269,
2012,269,
2013,269,
2014,269,
2015,269,538000
2016,269,379000
2017,269,434811
2018,269,469844
2019,269,593216
2020,269,603248
2008,270,
2009,270,
2010,270,
2011,270,
2012,270,
2013,270,
2014,270,
2015,270,
2016,270,
2017,270,-161
2018,270,-1641
2019,270,-435
2020,270,-1845
2008,271,
2009,271,
2010,271,
2011,271,
2012,271,
2013,271,
2014,271,2353
2015,271,3203
2016,271,2981
2017,271,3846
2018,271,3974
2019,271,-8298
2020,271,-12847
2008,272,
2009,272,
2010,272,
2011,272,
2012,272,
2013,272,
2014,272,65
2015,272,358
2016,272,71
2017,272,-272
2018,272,-1300
2019,272,109
2020,272,-132
2008,273,
2009,273,
2010,273,
2011,273,
2012,273,
2013,273,
2014,273,
2015,273,
2016,273,247
2017,273,336
2018,273,167
2019,273,129
2020,273,904
2008,274,
2009,274,
2010,274,
2011,274,
2012,274,
2013,274,
2014,274,
2015,274,
2016,274,15432
2017,274,36824
2018,274,53850
2019,274,42462
2020,274,26795
2008,275,
2009,275,
2010,275,
2011,275,
2012,275,
2013,275,-139
2014,275,-48
2015,275,-300
2016,275,-448
2017,275,-401
2018,275,-493
2019,275,
2020,275,
2008,276,
2009,276,
2010,276,
2011,276,
2012,276,
2013,276,
2014,276,
2015,276,
2016,276,
2017,276,
2018,276,
2019,276,
2020,276,
2008,277,
2009,277,
2010,277,
2011,277,
2012,277,
2013,277,6458
2014,277,5845
2015,277,13419
2016,277,14619
2017,277,10199
2018,277,12833
2019,277,7788
2020,277,-917
2008,278,
2009,278,
2010,278,
2011,278,
2012,278,
2013,278,
2014,278,
2015,278,
2016,278,
2017,278,
2018,278,
2019,278,
2020,278,
2008,279,
2009,279,
2010,279,
2011,279,
2012,279,
2013,279,
2014,279,
2015,279,720
2016,279,1587
2017,279,1514
2018,279,1255
2019,279,562
2020,279,3
2008,280,
2009,280,
2010,280,
2011,280,
2012,280,
2013,280,
2014,280,
2015,280,
2016,280,
2017,280,
2018,280,
2019,280,
2020,280,
2008,281,
2009,281,
2010,281,
2011,281,
2012,281,
2013,281,
2014,281,
2015,281,
2016,281,
2017,281,
2018,281,
2019,281,
2020,281,
2008,282,
2009,282,
2010,282,
2011,282,
2012,282,
2013,282,
2014,282,
2015,282,
2016,282,
2017,282,
2018,282,
2019,282,
2020,282,
2008,283,
2009,283,
2010,283,
2011,283,
2012,283,
2013,283,
2014,283,
2015,283,
2016,283,
2017,283,
2018,283,
2019,283,
2020,283,
2008,284,
2009,284,
2010,284,
2011,284,
2012,284,
2013,284,
2014,284,
2015,284,
2016,284,
2017,284,
2018,284,
2019,284,
2020,284,
2008,285,
2009,285,
2010,285,
2011,285,
2012,285,
2013,285,
2014,285,
2015,285,
2016,285,
2017,285,
2018,285,
2019,285,
2020,285,
2008,286,
2009,286,
2010,286,
2011,286,
2012,286,
2013,286,
2014,286,
2015,286,
2016,286,
2017,286,
2018,286,
2019,286,
2020,286,
2008,287,
2009,287,
2010,287,
2011,287,
2012,287,
2013,287,
2014,287,
2015,287,
2016,287,
2017,287,
2018,287,
2019,287,
2020,287,
2008,288,
2009,288,
2010,288,
2011,288,
2012,288,
2013,288,
2014,288,
2015,288,
2016,288,-185
2017,288,602
2018,288,-230
2019,288,565
2020,288,2130
2008,289,
2009,289,
2010,289,
2011,289,
2012,289,
2013,289,
2014,289,
2015,289,
2016,289,
2017,289,
2018,289,
2019,289,
2020,289,
2008,290,
2009,290,
2010,290,
2011,290,
2012,290,
2013,290,
2014,290,
2015,290,733
2016,290,631
2017,290,285
2018,290,251
2019,290,-170
2020,290,2719
2008,291,
2009,291,
2010,291,
2011,291,
2012,291,
2013,291,
2014,291,
2015,291,
2016,291,
2017,291,
2018,291,
2019,291,
2020,291,
2008,292,
2009,292,
2010,292,
2011,292,
2012,292,
2013,292,
2014,292,8302
2015,292,13668
2016,292,14188
2017,292,18606
2018,292,17507
2019,292,21027
2020,292,
2008,293,
2009,293,
2010,293,
2011,293,
2012,293,14596
2013,293,4727
2014,293,16796
2015,293,8152
2016,293,13465
2017,293,22905
2018,293,26770
2019,293,26480
2020,293,14995
2008,294,
2009,294,
2010,294,
2011,294,
2012,294,
2013,294,
2014,294,191202
2015,294,105620
2016,294,114233
2017,294,149585
2018,294,141475
2019,294,138762
2020,294,143341
2008,295,
2009,295,
2010,295,
2011,295,
2012,295,
2013,295,
2014,295,
2015,295,
2016,295,
2017,295,
2018,295,
2019,295,
2020,295,
2008,296,
2009,296,
2010,296,
2011,296,
2012,296,
2013,296,
2014,296,
2015,296,
2016,296,2717
2017,296,3116
2018,296,3034
2019,296,3611
2020,296,2255
2008,297,
2009,297,
2010,297,
2011,297,
2012,297,
2013,297,
2014,297,
2015,297,678
2016,297,
2017,297,
2018,297,
2019,297,934
2020,297,46
2008,298,
2009,298,
2010,298,
2011,298,
2012,298,
2013,298,
2014,298,
2015,298,
2016,298,
2017,298,19149
2018,298,13718
2019,298,9736
2020,298,20712
2008,299,
2009,299,
2010,299,
2011,299,
2012,299,
2013,299,
2014,299,
2015,299,317
2016,299,3130
2017,299,4351
2018,299,2781
2019,299,2923
2020,299,2655
2008,300,
2009,300,
2010,300,
2011,300,
2012,300,
2013,300,
2014,300,
2015,300,
2016,300,
2017,300,
2018,300,
2019,300,
2020,300,
2008,301,
2009,301,
2010,301,
2011,301,
2012,301,
2013,301,
2014,301,
2015,301,
2016,301,
2017,301,
2018,301,
2019,301,
2020,301,
2008,302,
2009,302,
2010,302,
2011,302,
2012,302,
2013,302,
2014,302,
2015,302,1162
2016,302,2249
2017,302,2899
2018,302,2527
2019,302,3423
2020,302,2987
2008,303,
2009,303,
2010,303,
2011,303,
2012,303,
2013,303,
2014,303,
2015,303,
2016,303,
2017,303,
2018,303,
2019,303,
2020,303,
2008,304,
2009,304,
2010,304,
2011,304,
2012,304,
2013,304,
2014,304,
2015,304,
2016,304,
2017,304,
2018,304,
2019,304,
2020,304,
2008,305,
2009,305,
2010,305,
2011,305,
2012,305,
2013,305,
2014,305,
2015,305,
2016,305,
2017,305,
2018,305,
2019,305,
2020,305,
2008,306,
2009,306,
2010,306,
2011,306,
2012,306,
2013,306,
2014,306,
2015,306,
2016,306,
2017,306,
2018,306,
2019,306,
2020,306,
2008,307,
2009,307,
2010,307,
2011,307,
2012,307,
2013,307,
2014,307,
2015,307,
2016,307,
2017,307,
2018,307,
2019,307,
2020,307,
2008,308,
2009,308,
2010,308,
2011,308,
2012,308,
2013,308,
2014,308,
2015,308,
2016,308,2318
2017,308,3476
2018,308,3677
2019,308,1767
2020,308,1693
2008,309,
2009,309,
2010,309,
2011,309,
2012,309,
2013,309,
2014,309,
2015,309,
2016,309,
2017,309,
2018,309,
2019,309,
2020,309,
2008,310,
2009,310,
2010,310,
2011,310,
2012,310,
2013,310,
2014,310,
2015,310,
2016,310,
2017,310,
2018,310,
2019,310,
2020,310,
2008,311,
2009,311,
2010,311,
2011,311,
2012,311,
2013,311,
2014,311,
2015,311,
2016,311,
2017,311,
2018,311,
2019,311,
2020,311,
2008,312,
2009,312,
2010,312,
2011,312,
2012,312,
2013,312,
2014,312,
2015,312,
2016,312,
2017,312,
2018,312,
2019,312,
2020,312,
2008,313,
2009,313,
2010,313,
2011,313,
2012,313,
2013,313,
2014,313,
2015,313,
2016,313,
2017,313,
2018,313,
2019,313,
2020,313,
2008,314,
2009,314,
2010,314,
2011,314,
2012,314,
2013,314,
2014,314,
2015,314,
2016,314,
2017,314,
2018,314,
2019,314,
2020,314,
2008,315,
2009,315,
2010,315,
2011,315,
2012,315,
2013,315,
2014,315,
2015,315,
2016,315,
2017,315,
2018,315,
2019,315,
2020,315,
2008,316,
2009,316,
2010,316,
2011,316,
2012,316,
2013,316,
2014,316,
2015,316,
2016,316,
2017,316,
2018,316,
2019,316,
2020,316,
2008,317,
2009,317,
2010,317,
2011,317,
2012,317,
2013,317,
2014,317,
2015,317,
2016,317,
2017,317,
2018,317,
2019,317,
2020,317,
2008,318,
2009,318,
2010,318,
2011,318,
2012,318,
2013,318,
2014,318,
2015,318,
2016,318,
2017,318,
2018,318,
2019,318,
2020,318,
2008,319,
2009,319,
2010,319,
2011,319,
2012,319,
2013,319,
2014,319,
2015,319,
2016,319,
2017,319,
2018,319,
2019,319,
2020,319,
2008,320,
2009,320,
2010,320,
2011,320,
2012,320,
2013,320,
2014,320,
2015,320,
2016,320,499
2017,320,575
2018,320,406
2019,320,608
2020,320,40
2008,321,
2009,321,
2010,321,
2011,321,
2012,321,
2013,321,
2014,321,
2015,321,
2016,321,
2017,321,
2018,321,
2019,321,
2020,321,
2008,322,
2009,322,
2010,322,
2011,322,
2012,322,
2013,322,
2014,322,
2015,322,
2016,322,
2017,322,
2018,322,
2019,322,
2020,322,
2008,323,
2009,323,
2010,323,
2011,323,
2012,323,
2013,323,
2014,323,
2015,323,
2016,323,
2017,323,
2018,323,
2019,323,
2020,323,
2008,324,
2009,324,
2010,324,
2011,324,
2012,324,
2013,324,
2014,324,
2015,324,
2016,324,
2017,324,
2018,324,
2019,324,
2020,324,
2008,325,
2009,325,
2010,325,
2011,325,
2012,325,
2013,325,
2014,325,
2015,325,
2016,325,
2017,325,
2018,325,
2019,325,
2020,325,
