Date,Id,se
2008,1,
2009,1,
2010,1,
2011,1,
2012,1,
2013,1,
2014,1,
2015,1,
2016,1,
2017,1,
2018,1,
2019,1,
2020,1,
2008,2,7213
2009,2,37458
2010,2,48156
2011,2,51281
2012,2,49764
2013,2,58731
2014,2,62666
2015,2,18561
2016,2,
2017,2,
2018,2,
2019,2,
2020,2,
2008,3,
2009,3,
2010,3,
2011,3,
2012,3,
2013,3,
2014,3,13087
2015,3,11316
2016,3,-18961
2017,3,-15723
2018,3,8864
2019,3,13949
2020,3,17185
2008,4,
2009,4,
2010,4,
2011,4,
2012,4,
2013,4,2411
2014,4,821
2015,4,1055
2016,4,3766
2017,4,6273
2018,4,-159
2019,4,257
2020,4,
2008,5,
2009,5,
2010,5,
2011,5,
2012,5,
2013,5,
2014,5,5323
2015,5,5801
2016,5,4487
2017,5,3719
2018,5,3849
2019,5,4029
2020,5,
2008,6,
2009,6,
2010,6,
2011,6,
2012,6,
2013,6,
2014,6,6601
2015,6,8238
2016,6,6005
2017,6,-3571
2018,6,
2019,6,
2020,6,
2008,7,
2009,7,
2010,7,
2011,7,
2012,7,15274
2013,7,16648
2014,7,27715
2015,7,30997
2016,7,34115
2017,7,42095
2018,7,41865
2019,7,
2020,7,
2008,8,278935
2009,8,284007
2010,8,318019
2011,8,323594
2012,8,388623
2013,8,424350
2014,8,530973
2015,8,681852
2016,8,857900
2017,8,1036800
2018,8,1199100
2019,8,1357163
2020,8,1450000
2008,9,394679
2009,9,417597
2010,9,422793
2011,9,403746
2012,9,359995
2013,9,337920
2014,9,268188
2015,9,265634
2016,9,232787
2017,9,221623
2018,9,234986
2019,9,240430
2020,9,229445
2008,10,396767
2009,10,421661
2010,10,441277
2011,10,445036
2012,10,438628
2013,10,391183
2014,10,412147
2015,10,404535
2016,10,394019
2017,10,385296
2018,10,392163
2019,10,384015
2020,10,372159
2008,11,125110
2009,11,139637
2010,11,152516
2011,11,136266
2012,11,138435
2013,11,109406
2014,11,107485
2015,11,71390
2016,11,45405
2017,11,57372
2018,11,59852
2019,11,66665
2020,11,56787
2008,12,10006
2009,12,48740
2010,12,21004
2011,12,9556
2012,12,39814
2013,12,29419
2014,12,27888
2015,12,9830
2016,12,30464
2017,12,58803
2018,12,61749
2019,12,39001
2020,12,34236
2008,13,160900
2009,13,166811
2010,13,197241
2011,13,195916
2012,13,195458
2013,13,168487
2014,13,161218
2015,13,170843
2016,13,172938
2017,13,189028
2018,13,192856
2019,13,188733
2020,13,132961
2008,14,
2009,14,
2010,14,
2011,14,
2012,14,
2013,14,
2014,14,
2015,14,
2016,14,
2017,14,
2018,14,
2019,14,
2020,14,
2008,15,
2009,15,
2010,15,
2011,15,
2012,15,
2013,15,
2014,15,
2015,15,
2016,15,
2017,15,
2018,15,
2019,15,
2020,15,
2008,16,
2009,16,
2010,16,
2011,16,
2012,16,
2013,16,
2014,16,
2015,16,
2016,16,
2017,16,
2018,16,
2019,16,
2020,16,
2008,17,
2009,17,
2010,17,
2011,17,
2012,17,
2013,17,2289506
2014,17,2469618
2015,17,-25123
2016,17,324995
2017,17,778678
2018,17,1348722
2019,17,1481290
2020,17,1785186
2008,18,
2009,18,
2010,18,
2011,18,
2012,18,
2013,18,
2014,18,
2015,18,3286
2016,18,4414
2017,18,5209
2018,18,4769
2019,18,2062
2020,18,-476
2008,19,952900
2009,19,1043470
2010,19,1249900
2011,19,1363800
2012,19,1428900
2013,19,1391600
2014,19,1574800
2015,19,1745500
2016,19,1900000
2017,19,1942600
2018,19,2162800
2019,19,2389700
2020,19,1996600
2008,20,
2009,20,
2010,20,
2011,20,
2012,20,
2013,20,
2014,20,
2015,20,71973
2016,20,76162
2017,20,81625
2018,20,84282
2019,20,89208
2020,20,104521
2008,21,
2009,21,
2010,21,
2011,21,
2012,21,232056
2013,21,215747
2014,21,204816
2015,21,291889
2016,21,308095
2017,21,298905
2018,21,316765
2019,21,335522
2020,21,
2008,22,
2009,22,
2010,22,
2011,22,60784
2012,22,69130
2013,22,74799
2014,22,80917
2015,22,105108
2016,22,108070
2017,22,118048
2018,22,122983
2019,22,124003
2020,22,124206
2008,23,72247
2009,23,78014
2010,23,78619
2011,23,76626
2012,23,73951
2013,23,65222
2014,23,95286
2015,23,99858
2016,23,102085
2017,23,99306
2018,23,94830
2019,23,91020
2020,23,105912
2008,24,302864
2009,24,319493
2010,24,342712
2011,24,364321
2012,24,378333
2013,24,383500
2014,24,408554
2015,24,442978
2016,24,472045
2017,24,490314
2018,24,527943
2019,24,560563
2020,24,635674
2008,25,
2009,25,
2010,25,
2011,25,
2012,25,224
2013,25,353
2014,25,5741
2015,25,15799
2016,25,14463
2017,25,47423
2018,25,59263
2019,25,
2020,25,
2008,26,325327
2009,26,360282
2010,26,424988
2011,26,465222
2012,26,507625
2013,26,558822
2014,26,574058
2015,26,631405
2016,26,692384
2017,26,518740
2018,26,-1439005
2019,26,-1541825
2020,26,973628
2008,27,153485
2009,27,146514
2010,27,150173
2011,27,153253
2012,27,153695
2013,27,143160
2014,27,147119
2015,27,159256
2016,27,172218
2017,27,171309
2018,27,167062
2019,27,157324
2020,27,146396
2008,28,1005039
2009,28,999547
2010,28,1013617
2011,28,901281
2012,28,902766
2013,28,917318
2014,28,969060
2015,28,1025421
2016,28,992957
2017,28,1018528
2018,28,1029336
2019,28,1133811
2020,28,1096117
2008,29,53140
2009,29,57783
2010,29,56509
2011,29,54781
2012,29,52944
2013,29,53574
2014,29,54154
2015,29,54401
2016,29,53954
2017,29,52213
2018,29,
2019,29,
2020,29,
2008,30,226436
2009,30,302225
2010,30,354157
2011,30,425811
2012,30,419339
2013,30,405797
2014,30,648802
2015,30,564914
2016,30,472369
2017,30,-1465
2018,30,-148075
2019,30,-219091
2020,30,123359
2008,31,2038
2009,31,1929
2010,31,1166
2011,31,776
2012,31,9
2013,31,-718
2014,31,-735
2015,31,348
2016,31,293
2017,31,738
2018,31,1476
2019,31,1744
2020,31,
2008,32,106801
2009,32,111598
2010,32,103262
2011,32,97413
2012,32,96494
2013,32,104570
2014,32,106247
2015,32,108300
2016,32,100907
2017,32,101659
2018,32,101373
2019,32,109153
2020,32,109569
2008,33,188448
2009,33,187340
2010,33,173283
2011,33,168840
2012,33,153857
2013,33,132524
2014,33,115856
2015,33,97158
2016,33,86033
2017,33,75209
2018,33,53497
2019,33,
2020,33,
2008,34,3324776
2009,34,3353095
2010,34,3525082
2011,34,3494916
2012,34,2966713
2013,34,2603845
2014,34,3082824
2015,34,3009084
2016,34,
2017,34,
2018,34,
2019,34,
2020,34,
2008,35,979996
2009,35,1002481
2010,35,1077141
2011,35,1004562
2012,35,1034920
2013,35,954425
2014,35,1043070
2015,35,1048670
2016,35,992697
2017,35,956188
2018,35,997146
2019,35,1044627
2020,35,1056709
2008,36,2493371
2009,36,2495956
2010,36,2561427
2011,36,2617079
2012,36,2428162
2013,36,2260863
2014,36,2335094
2015,36,2553025
2016,36,2774378
2017,36,2845636
2018,36,3137485
2019,36,3685118
2020,36,3597508
2008,37,2177322
2009,37,2397632
2010,37,2359435
2011,37,2108398
2012,37,1815691
2013,37,1662077
2014,37,1806274
2015,37,1838557
2016,37,1324955
2017,37,1373298
2018,37,1202461
2019,37,1358729
2020,37,1330364
2008,38,820652
2009,38,896293
2010,38,1119586
2011,38,1255559
2012,38,1800954
2013,38,1384704
2014,38,1109903
2015,38,1116000
2016,38,1205000
2017,38,951386
2018,38,835709
2019,38,1395394
2020,38,1428989
2008,39,179300
2009,39,171132
2010,39,159056
2011,39,150240
2012,39,138295
2013,39,141770
2014,39,114544
2015,39,105453
2016,39,105629
2017,39,111818
2018,39,138758
2019,39,158064
2020,39,202528
2008,40,345942
2009,40,339773
2010,40,327988
2011,40,444913
2012,40,343987
2013,40,372305
2014,40,468645
2015,40,472472
2016,40,439994
2017,40,448223
2018,40,501424
2019,40,549582
2020,40,568777
2008,41,73061
2009,41,47262
2010,41,11858
2011,41,29338
2012,41,23183
2013,41,31746
2014,41,28861
2015,41,24685
2016,41,17057
2017,41,94427
2018,41,120125
2019,41,118394
2020,41,113595
2008,42,20398000
2009,42,32505000
2010,42,37861000
2011,42,38790000
2012,42,36771000
2013,42,35941000
2014,42,31506000
2015,42,32376000
2016,42,34803000
2017,42,34795000
2018,42,31720000
2019,42,30377000
2020,42,28325000
2008,43,2076800
2009,43,2501500
2010,43,2760600
2011,43,2751000
2012,43,2794300
2013,43,2940600
2014,43,3092900
2015,43,3320800
2016,43,3535400
2017,43,3803300
2018,43,4019200
2019,43,4190300
2020,43,4369800
2008,44,43364
2009,44,32365
2010,44,23221
2011,44,16386
2012,44,9944
2013,44,18828
2014,44,13862
2015,44,11879
2016,44,10577
2017,44,
2018,44,
2019,44,
2020,44,
2008,45,
2009,45,
2010,45,
2011,45,
2012,45,
2013,45,
2014,45,
2015,45,
2016,45,
2017,45,
2018,45,
2019,45,
2020,45,
2008,46,1377184
2009,46,1215322
2010,46,1306703
2011,46,1236795
2012,46,1255118
2013,46,1322634
2014,46,1430566
2015,46,1523925
2016,46,1671136
2017,46,1717626
2018,46,1729638
2019,46,1854772
2020,46,1964829
2008,47,3874000
2009,47,3690000
2010,47,3501000
2011,47,2767000
2012,47,2846000
2013,47,2791000
2014,47,2579000
2015,47,2646000
2016,47,2717000
2017,47,2878000
2018,47,3135000
2019,47,3289000
2020,47,3537000
2008,48,2014000
2009,48,2384000
2010,48,6622000
2011,48,6897000
2012,48,7098000
2013,48,7290000
2014,48,7835000
2015,48,7973000
2016,48,
2017,48,
2018,48,
2019,48,
2020,48,
2008,49,
2009,49,
2010,49,679
2011,49,2137
2012,49,6937
2013,49,11510
2014,49,18315
2015,49,18517
2016,49,18315
2017,49,17720
2018,49,13377
2019,49,13381
2020,49,13533
2008,50,
2009,50,
2010,50,
2011,50,
2012,50,29682
2013,50,32531
2014,50,46294
2015,50,44260
2016,50,43274
2017,50,41993
2018,50,41165
2019,50,42280
2020,50,71967
2008,51,
2009,51,
2010,51,
2011,51,
2012,51,
2013,51,
2014,51,
2015,51,
2016,51,
2017,51,
2018,51,
2019,51,
2020,51,
2008,52,
2009,52,
2010,52,
2011,52,
2012,52,
2013,52,
2014,52,6932
2015,52,12055
2016,52,13189
2017,52,15162
2018,52,14569
2019,52,11812
2020,52,11296
2008,53,143381
2009,53,98851
2010,53,108597
2011,53,123028
2012,53,114227
2013,53,100304
2014,53,112685
2015,53,126485
2016,53,134831
2017,53,122141
2018,53,341220
2019,53,252530
2020,53,238162
2008,54,96261
2009,54,89820
2010,54,93713
2011,54,94279
2012,54,112584
2013,54,128269
2014,54,142957
2015,54,170466
2016,54,181835
2017,54,190321
2018,54,200660
2019,54,222427
2020,54,225420
2008,55,134860
2009,55,115737
2010,55,139206
2011,55,169292
2012,55,172445
2013,55,185247
2014,55,241291
2015,55,298260
2016,55,336394
2017,55,353029
2018,55,375809
2019,55,402318
2020,55,368205
2008,56,75087
2009,56,64978
2010,56,76245
2011,56,80121
2012,56,83949
2013,56,104976
2014,56,119557
2015,56,129715
2016,56,137740
2017,56,147668
2018,56,166438
2019,56,171981
2020,56,159620
2008,57,127327
2009,57,147558
2010,57,169300
2011,57,189303
2012,57,206186
2013,57,194956
2014,57,203794
2015,57,204639
2016,57,219413
2017,57,220020
2018,57,221444
2019,57,
2020,57,
2008,58,447000
2009,58,677000
2010,58,756000
2011,58,1042000
2012,58,1112000
2013,58,1147000
2014,58,1150000
2015,58,1278000
2016,58,1448000
2017,58,1487000
2018,58,2258000
2019,58,2415000
2020,58,2259000
2008,59,71463
2009,59,75997
2010,59,85746
2011,59,93129
2012,59,102056
2013,59,109492
2014,59,119895
2015,59,131173
2016,59,137627
2017,59,143075
2018,59,152878
2019,59,160426
2020,59,163589
2008,60,110329
2009,60,141828
2010,60,149925
2011,60,153299
2012,60,115940
2013,60,96911
2014,60,102078
2015,60,103791
2016,60,106104
2017,60,105758
2018,60,94080
2019,60,92950
2020,60,82631
2008,61,70152
2009,61,58064
2010,61,69301
2011,61,76957
2012,61,72553
2013,61,63059
2014,61,65980
2015,61,62984
2016,61,66908
2017,61,69911
2018,61,72814
2019,61,75044
2020,61,78179
2008,62,136156
2009,62,129439
2010,62,142790
2011,62,147601
2012,62,141775
2013,62,132771
2014,62,137451
2015,62,130569
2016,62,136970
2017,62,132749
2018,62,131671
2019,62,131845
2020,62,122932
2008,63,158220
2009,63,149067
2010,63,142595
2011,63,139236
2012,63,135668
2013,63,137000
2014,63,128964
2015,63,132437
2016,63,135357
2017,63,146474
2018,63,167376
2019,63,162783
2020,63,178498
2008,64,26126000
2009,64,25952000
2010,64,28819000
2011,64,22791000
2012,64,19378000
2013,64,17061000
2014,64,18145000
2015,64,17610000
2016,64,21207000
2017,64,21557000
2018,64,19528000
2019,64,20280000
2020,64,26215000
2008,65,180515
2009,65,190219
2010,65,205068
2011,65,221228
2012,65,228858
2013,65,243015
2014,65,254280
2015,65,271830
2016,65,285565
2017,65,304726
2018,65,324272
2019,65,339798
2020,65,338112
2008,66,
2009,66,
2010,66,-21
2011,66,52315
2012,66,293889
2013,66,298589
2014,66,287392
2015,66,266586
2016,66,280982
2017,66,294527
2018,66,307387
2019,66,316618
2020,66,301018
2008,67,39390
2009,67,40180
2010,67,41704
2011,67,40654
2012,67,39367
2013,67,40723
2014,67,40464
2015,67,40810
2016,67,63542
2017,67,63097
2018,67,63721
2019,67,57070
2020,67,61086
2008,68,19685
2009,68,-6727
2010,68,-13724
2011,68,17816
2012,68,18045
2013,68,19237
2014,68,15946
2015,68,12304
2016,68,11823
2017,68,7531
2018,68,5050
2019,68,-8407
2020,68,-11583
2008,69,2817200
2009,69,3232300
2010,69,3505300
2011,69,3686300
2012,69,3043900
2013,69,3066200
2014,69,3219800
2015,69,3011000
2016,69,3308800
2017,69,3203300
2018,69,
2019,69,
2020,69,
2008,70,19272
2009,70,21501
2010,70,23926
2011,70,24171
2012,70,27009
2013,70,35645
2014,70,44301
2015,70,53475
2016,70,56868
2017,70,60143
2018,70,67355
2019,70,70677
2020,70,75012
2008,71,15858
2009,71,16487
2010,71,17290
2011,71,18074
2012,71,18253
2013,71,19915
2014,71,21160
2015,71,20444
2016,71,22265
2017,71,23722
2018,71,25919
2019,71,24764
2020,71,22779
2008,72,84984
2009,72,96781
2010,72,105685
2011,72,105701
2012,72,113964
2013,72,129461
2014,72,159856
2015,72,198403
2016,72,208759
2017,72,226919
2018,72,241320
2019,72,253507
2020,72,291384
2008,73,116430
2009,73,115362
2010,73,115763
2011,73,116497
2012,73,115707
2013,73,115953
2014,73,115755
2015,73,154784
2016,73,156311
2017,73,
2018,73,
2019,73,
2020,73,
2008,74,
2009,74,
2010,74,
2011,74,
2012,74,
2013,74,
2014,74,
2015,74,
2016,74,
2017,74,
2018,74,
2019,74,
2020,74,
2008,75,
2009,75,
2010,75,
2011,75,
2012,75,
2013,75,
2014,75,3192
2015,75,-1788
2016,75,-2810
2017,75,-5207
2018,75,-5683
2019,75,-11251
2020,75,-13562
2008,76,3573000
2009,76,5702000
2010,76,5915000
2011,76,5791000
2012,76,5929000
2013,76,5993000
2014,76,7171000
2015,76,7585000
2016,76,6497000
2017,76,6188000
2018,76,5985000
2019,76,6255000
2020,76,6469000
2008,77,1325708
2009,77,1251384
2010,77,1852030
2011,77,1631331
2012,77,1739855
2013,77,1772501
2014,77,1763219
2015,77,1823863
2016,77,1957786
2017,77,2122130
2018,77,2185443
2019,77,2287773
2020,77,2391314
2008,78,1525233
2009,78,1642606
2010,78,1727503
2011,78,1736915
2012,78,1751884
2013,78,2160406
2014,78,2310946
2015,78,2358000
2016,78,2417900
2017,78,2545200
2018,78,2660700
2019,78,2808500
2020,78,2960800
2008,79,80486
2009,79,138081
2010,79,145677
2011,79,144030
2012,79,147609
2013,79,152030
2014,79,153558
2015,79,162178
2016,79,170402
2017,79,176520
2018,79,477899
2019,79,478832
2020,79,481076
2008,80,359108
2009,80,367245
2010,80,375534
2011,80,357872
2012,80,384053
2013,80,397690
2014,80,405356
2015,80,415264
2016,80,438055
2017,80,445511
2018,80,443566
2019,80,873492
2020,80,853903
2008,81,7909000
2009,81,8077000
2010,81,7939000
2011,81,6988000
2012,81,7055000
2013,81,7126000
2014,81,6627000
2015,81,5439000
2016,81,5955000
2017,81,5915000
2018,81,5886000
2019,81,5327000
2020,81,5349000
2008,82,
2009,82,
2010,82,
2011,82,
2012,82,19070
2013,82,38526
2014,82,104520
2015,82,39245
2016,82,
2017,82,
2018,82,
2019,82,
2020,82,
2008,83,89524
2009,83,93363
2010,83,108051
2011,83,118316
2012,83,125478
2013,83,129619
2014,83,133766
2015,83,145629
2016,83,155519
2017,83,177565
2018,83,200132
2019,83,221946
2020,83,229976
2008,84,644075
2009,84,704163
2010,84,747453
2011,84,725626
2012,84,655103
2013,84,535888
2014,84,528389
2015,84,567764
2016,84,563414
2017,84,524664
2018,84,515811
2019,84,432431
2020,84,770977
2008,85,160666
2009,85,154144
2010,85,155565
2011,85,152575
2012,85,136162
2013,85,139276
2014,85,141198
2015,85,151973
2016,85,155216
2017,85,168465
2018,85,194818
2019,85,205478
2020,85,234127
2008,86,644075
2009,86,704163
2010,86,747453
2011,86,725626
2012,86,655103
2013,86,535888
2014,86,528389
2015,86,567764
2016,86,563414
2017,86,524664
2018,86,515811
2019,86,432431
2020,86,770977
2008,87,24035
2009,87,17273
2010,87,12821
2011,87,3475
2012,87,-17243
2013,87,-21877
2014,87,-36340
2015,87,-43640
2016,87,4833
2017,87,3382
2018,87,-1732
2019,87,-3229
2020,87,
2008,88,14621
2009,88,16685
2010,88,15342
2011,88,8342
2012,88,2749
2013,88,731
2014,88,569
2015,88,284
2016,88,11105
2017,88,8726
2018,88,3608
2019,88,
2020,88,
2008,89,154213
2009,89,128326
2010,89,107540
2011,89,93709
2012,89,83311
2013,89,74577
2014,89,63941
2015,89,61741
2016,89,66610
2017,89,62422
2018,89,56185
2019,89,
2020,89,
2008,90,16435
2009,90,54077
2010,90,68700
2011,90,82554
2012,90,101762
2013,90,119662
2014,90,158300
2015,90,2036500
2016,90,1936000
2017,90,1914064
2018,90,
2019,90,
2020,90,
2008,91,
2009,91,
2010,91,
2011,91,
2012,91,12029
2013,91,14382
2014,91,11667
2015,91,9723
2016,91,11521
2017,91,15966
2018,91,23718
2019,91,20200
2020,91,
2008,92,
2009,92,
2010,92,
2011,92,
2012,92,
2013,92,
2014,92,5260
2015,92,4649
2016,92,3441
2017,92,1297
2018,92,1551
2019,92,-1535
2020,92,
2008,93,
2009,93,
2010,93,
2011,93,
2012,93,
2013,93,
2014,93,
2015,93,
2016,93,
2017,93,
2018,93,
2019,93,
2020,93,
2008,94,
2009,94,
2010,94,
2011,94,
2012,94,
2013,94,
2014,94,
2015,94,
2016,94,
2017,94,
2018,94,
2019,94,
2020,94,
2008,95,183754
2009,95,218751
2010,95,344263
2011,95,390644
2012,95,429562
2013,95,382175
2014,95,442165
2015,95,499471
2016,95,557371
2017,95,588681
2018,95,594919
2019,95,695031
2020,95,800883
2008,96,69464
2009,96,46181
2010,96,39891
2011,96,-7034
2012,96,-20109
2013,96,-22064
2014,96,
2015,96,
2016,96,
2017,96,
2018,96,
2019,96,
2020,96,
2008,97,60060
2009,97,59137
2010,97,40930
2011,97,-6281
2012,97,23843
2013,97,27162
2014,97,27331
2015,97,30622
2016,97,30748
2017,97,28598
2018,97,29616
2019,97,30194
2020,97,28246
2008,98,154147
2009,98,217855
2010,98,315936
2011,98,351178
2012,98,367587
2013,98,413953
2014,98,483369
2015,98,586814
2016,98,662817
2017,98,741417
2018,98,704700
2019,98,848600
2020,98,954678
2008,99,40525
2009,99,50515
2010,99,54948
2011,99,54096
2012,99,59427
2013,99,47802
2014,99,49038
2015,99,51083
2016,99,52253
2017,99,29085
2018,99,
2019,99,
2020,99,
2008,100,659929
2009,100,686845
2010,100,758921
2011,100,859040
2012,100,631796
2013,100,667413
2014,100,783237
2015,100,902883
2016,100,1010627
2017,100,1021700
2018,100,1065900
2019,100,1190454
2020,100,1267400
2008,101,14027
2009,101,14705
2010,101,14051
2011,101,13125
2012,101,10730
2013,101,12066
2014,101,10577
2015,101,14006
2016,101,14399
2017,101,14417
2018,101,12999
2019,101,12874
2020,101,16351
2008,102,122528
2009,102,122041
2010,102,131220
2011,102,108151
2012,102,114551
2013,102,111465
2014,102,109950
2015,102,112742
2016,102,103949
2017,102,99489
2018,102,102913
2019,102,111142
2020,102,103796
2008,103,27525
2009,103,19700
2010,103,6891
2011,103,2058
2012,103,4146
2013,103,1302
2014,103,5727
2015,103,13210
2016,103,14275
2017,103,8836
2018,103,-39670
2019,103,
2020,103,
2008,104,12138
2009,104,16721
2010,104,20886
2011,104,25903
2012,104,28790
2013,104,29253
2014,104,31660
2015,104,35451
2016,104,36895
2017,104,38420
2018,104,40574
2019,104,73734
2020,104,62243
2008,105,6259
2009,105,4862
2010,105,4020
2011,105,3364
2012,105,3359
2013,105,3447
2014,105,3443
2015,105,2392
2016,105,1993
2017,105,2729
2018,105,2322
2019,105,1913
2020,105,2236
2008,106,98881
2009,106,104093
2010,106,113475
2011,106,138408
2012,106,143226
2013,106,149041
2014,106,158411
2015,106,166992
2016,106,180173
2017,106,184783
2018,106,203744
2019,106,209495
2020,106,220137
2008,107,80871
2009,107,33679
2010,107,13439
2011,107,12194
2012,107,3039
2013,107,6266
2014,107,-26464
2015,107,-39604
2016,107,-25253
2017,107,-21759
2018,107,-17326
2019,107,-15735
2020,107,46902
2008,108,
2009,108,
2010,108,
2011,108,
2012,108,
2013,108,80478
2014,108,81461
2015,108,187760
2016,108,214481
2017,108,214949
2018,108,313719
2019,108,331171
2020,108,308007
2008,109,
2009,109,29320
2010,109,-45196
2011,109,14011
2012,109,31975
2013,109,71544
2014,109,89060
2015,109,109532
2016,109,
2017,109,
2018,109,
2019,109,
2020,109,
2008,110,3657
2009,110,-2646
2010,110,-7567
2011,110,2032
2012,110,-398
2013,110,-6122
2014,110,-5955
2015,110,338
2016,110,256
2017,110,186
2018,110,505
2019,110,154
2020,110,519
2008,111,173012
2009,111,161723
2010,111,54186
2011,111,49986
2012,111,46994
2013,111,41882
2014,111,33653
2015,111,28075
2016,111,25944
2017,111,6535
2018,111,6293
2019,111,26951
2020,111,36632
2008,112,120026
2009,112,126810
2010,112,113322
2011,112,145055
2012,112,152918
2013,112,115816
2014,112,103223
2015,112,158995
2016,112,255537
2017,112,369215
2018,112,397036
2019,112,493525
2020,112,
2008,113,152208
2009,113,126334
2010,113,122694
2011,113,119983
2012,113,113052
2013,113,112904
2014,113,122992
2015,113,141111
2016,113,159433
2017,113,187385
2018,113,218643
2019,113,217817
2020,113,214022
2008,114,10193
2009,114,10096
2010,114,11371
2011,114,12229
2012,114,12026
2013,114,10301
2014,114,13890
2015,114,16585
2016,114,16867
2017,114,11419
2018,114,10325
2019,114,6245
2020,114,
2008,115,43757
2009,115,34625
2010,115,34532
2011,115,36494
2012,115,36875
2013,115,35481
2014,115,36429
2015,115,40946
2016,115,
2017,115,
2018,115,
2019,115,
2020,115,
2008,116,103261
2009,116,109133
2010,116,121846
2011,116,121823
2012,116,115626
2013,116,117955
2014,116,110738
2015,116,111040
2016,116,111013
2017,116,113595
2018,116,117702
2019,116,114028
2020,116,112998
2008,117,15701
2009,117,20846
2010,117,34730
2011,117,38887
2012,117,42945
2013,117,41787
2014,117,48164
2015,117,54262
2016,117,48221
2017,117,43107
2018,117,43303
2019,117,46102
2020,117,69387
2008,118,126459
2009,118,81469
2010,118,77442
2011,118,77915
2012,118,53306
2013,118,48760
2014,118,38359
2015,118,28365
2016,118,46729
2017,118,73019
2018,118,67698
2019,118,64203
2020,118,53868
2008,119,169932
2009,119,236748
2010,119,284282
2011,119,309697
2012,119,391043
2013,119,426686
2014,119,460695
2015,119,617157
2016,119,673744
2017,119,759165
2018,119,863944
2019,119,1049339
2020,119,1139575
2008,120,
2009,120,
2010,120,
2011,120,933515
2012,120,939526
2013,120,968341
2014,120,1310000
2015,120,1138019
2016,120,1086115
2017,120,1236838
2018,120,1227280
2019,120,1018498
2020,120,761468
2008,121,
2009,121,
2010,121,
2011,121,4414000
2012,121,4628000
2013,121,5504000
2014,121,6230618
2015,121,6603570
2016,121,6278604
2017,121,5697054
2018,121,6490296
2019,121,6974548
2020,121,5447169
2008,122,706829
2009,122,827404
2010,122,1025600
2011,122,1182900
2012,122,1307500
2013,122,1422408
2014,122,1547436
2015,122,1712800
2016,122,1776500
2017,122,1818500
2018,122,1853300
2019,122,1899724
2020,122,1936705
2008,123,
2009,123,
2010,123,
2011,123,
2012,123,
2013,123,
2014,123,2270
2015,123,2642
2016,123,2930
2017,123,2896
2018,123,23036
2019,123,23615
2020,123,24454
2008,124,
2009,124,
2010,124,
2011,124,
2012,124,
2013,124,
2014,124,
2015,124,14599
2016,124,15261
2017,124,16041
2018,124,16640
2019,124,16756
2020,124,8829
2008,125,
2009,125,
2010,125,
2011,125,
2012,125,
2013,125,
2014,125,
2015,125,122355
2016,125,132572
2017,125,137842
2018,125,142216
2019,125,155585
2020,125,146931
2008,126,455826
2009,126,419875
2010,126,452065
2011,126,430999
2012,126,327752
2013,126,246719
2014,126,418338
2015,126,423525
2016,126,421134
2017,126,484681
2018,126,504596
2019,126,502635
2020,126,507180
2008,127,93423
2009,127,102655
2010,127,110646
2011,127,110331
2012,127,106633
2013,127,109521
2014,127,112016
2015,127,119615
2016,127,133045
2017,127,150139
2018,127,167035
2019,127,177134
2020,127,181439
2008,128,1223322
2009,128,1321987
2010,128,1380561
2011,128,1386381
2012,128,1724349
2013,128,1678182
2014,128,1670299
2015,128,1765572
2016,128,1918778
2017,128,2072512
2018,128,2264031
2019,128,
2020,128,
2008,129,270602
2009,129,272295
2010,129,291361
2011,129,309061
2012,129,320694
2013,129,213487
2014,129,212890
2015,129,211462
2016,129,222504
2017,129,234945
2018,129,
2019,129,
2020,129,
2008,130,238259
2009,130,300897
2010,130,380411
2011,130,423000
2012,130,468739
2013,130,496261
2014,130,569382
2015,130,650176
2016,130,699511
2017,130,721194
2018,130,781768
2019,130,
2020,130,
2008,131,53688
2009,131,55012
2010,131,54957
2011,131,57870
2012,131,62143
2013,131,63070
2014,131,66598
2015,131,110399
2016,131,112055
2017,131,113360
2018,131,118236
2019,131,119157
2020,131,106547
2008,132,3615483
2009,132,3865202
2010,132,3183391
2011,132,3510000
2012,132,3801000
2013,132,6484579
2014,132,6519000
2015,132,6799634
2016,132,7224000
2017,132,8772000
2018,132,8442000
2019,132,7408000
2020,132,6190000
2008,133,198103
2009,133,175985
2010,133,221881
2011,133,213494
2012,133,164411
2013,133,125974
2014,133,97935
2015,133,27254
2016,133,
2017,133,
2018,133,
2019,133,
2020,133,
2008,134,950824
2009,134,1026582
2010,134,1076397
2011,134,1099602
2012,134,1435694
2013,134,1513012
2014,134,1507160
2015,134,1552892
2016,134,1818197
2017,134,1859086
2018,134,1925755
2019,134,2602861
2020,134,2563966
2008,135,
2009,135,
2010,135,
2011,135,
2012,135,115211
2013,135,119337
2014,135,125682
2015,135,160513
2016,135,165507
2017,135,171501
2018,135,173710
2019,135,178175
2020,135,164538
2008,136,34502
2009,136,27139
2010,136,26569
2011,136,24158
2012,136,25504
2013,136,23139
2014,136,25381
2015,136,33809
2016,136,48348
2017,136,58774
2018,136,66612
2019,136,64225
2020,136,78952
2008,137,10476
2009,137,10119
2010,137,10636
2011,137,12302
2012,137,15341
2013,137,16866
2014,137,17433
2015,137,18099
2016,137,21878
2017,137,17814
2018,137,22700
2019,137,25613
2020,137,26211
2008,138,
2009,138,
2010,138,
2011,138,
2012,138,
2013,138,
2014,138,
2015,138,
2016,138,
2017,138,
2018,138,
2019,138,
2020,138,
2008,139,18609
2009,139,19629
2010,139,19980
2011,139,21111
2012,139,33855
2013,139,26772
2014,139,30155
2015,139,39093
2016,139,55411
2017,139,77140
2018,139,58181
2019,139,60361
2020,139,68640
2008,140,41787
2009,140,39806
2010,140,39675
2011,140,29986
2012,140,13000
2013,140,-7284
2014,140,667
2015,140,1201
2016,140,12877
2017,140,11030
2018,140,7766
2019,140,
2020,140,
2008,141,822081
2009,141,786723
2010,141,761974
2011,141,720372
2012,141,670653
2013,141,625639
2014,141,586543
2015,141,559931
2016,141,472334
2017,141,448768
2018,141,415175
2019,141,408210
2020,141,339269
2008,142,70142
2009,142,66747
2010,142,70184
2011,142,63727
2012,142,60350
2013,142,124658
2014,142,126311
2015,142,116196
2016,142,343600
2017,142,391600
2018,142,436800
2019,142,453300
2020,142,468400
2008,143,49651
2009,143,52177
2010,143,49195
2011,143,43258
2012,143,33660
2013,143,18221
2014,143,14880
2015,143,19028
2016,143,15692
2017,143,11851
2018,143,23229
2019,143,18859
2020,143,
2008,144,357100
2009,144,296863
2010,144,257166
2011,144,247940
2012,144,199448
2013,144,121583
2014,144,109800
2015,144,86659
2016,144,-11689
2017,144,41558
2018,144,35847
2019,144,36572
2020,144,35320
2008,145,31715
2009,145,30278
2010,145,33215
2011,145,31634
2012,145,28886
2013,145,26601
2014,145,22815
2015,145,24768
2016,145,26260
2017,145,24915
2018,145,27333
2019,145,27135
2020,145,28403
2008,146,70530
2009,146,71689
2010,146,69657
2011,146,75055
2012,146,66792
2013,146,40987
2014,146,64456
2015,146,42363
2016,146,25172
2017,146,10775
2018,146,19198
2019,146,16225
2020,146,-9949
2008,147,501839
2009,147,539168
2010,147,573878
2011,147,568476
2012,147,395164
2013,147,226735
2014,147,257303
2015,147,263987
2016,147,287323
2017,147,315814
2018,147,141975
2019,147,170032
2020,147,172409
2008,148,49733
2009,148,46808
2010,148,49252
2011,148,48187
2012,148,42885
2013,148,31058
2014,148,32177
2015,148,30393
2016,148,29986
2017,148,26893
2018,148,27534
2019,148,21413
2020,148,
2008,149,478445
2009,149,485605
2010,149,539409
2011,149,563278
2012,149,555893
2013,149,560223
2014,149,565426
2015,149,588387
2016,149,597900
2017,149,557054
2018,149,522800
2019,149,393372
2020,149,
2008,150,2482400
2009,150,2331800
2010,150,2617700
2011,150,2478300
2012,150,2121900
2013,150,2119900
2014,150,2322900
2015,150,2293900
2016,150,1947700
2017,150,1916600
2018,150,2412400
2019,150,2477900
2020,150,2668300
2008,151,
2009,151,
2010,151,
2011,151,3507
2012,151,3721
2013,151,16183
2014,151,38700
2015,151,39491
2016,151,46225
2017,151,35352
2018,151,35600
2019,151,33476
2020,151,33601
2008,152,
2009,152,
2010,152,
2011,152,
2012,152,
2013,152,
2014,152,1973
2015,152,2162
2016,152,1477
2017,152,1246
2018,152,1095
2019,152,3097
2020,152,3070
2008,153,1132900
2009,153,994600
2010,153,991200
2011,153,649100
2012,153,138400
2013,153,331800
2014,153,268400
2015,153,100000
2016,153,96000
2017,153,170200
2018,153,253200
2019,153,279400
2020,153,310300
2008,154,
2009,154,
2010,154,
2011,154,
2012,154,
2013,154,1650
2014,154,14640
2015,154,19926
2016,154,20749
2017,154,21020
2018,154,23558
2019,154,26992
2020,154,24609
2008,155,
2009,155,
2010,155,
2011,155,
2012,155,
2013,155,
2014,155,20858
2015,155,25871
2016,155,28696
2017,155,31684
2018,155,34244
2019,155,35667
2020,155,36859
2008,156,
2009,156,
2010,156,133124
2011,156,127994
2012,156,132652
2013,156,141694
2014,156,153790
2015,156,159262
2016,156,161534
2017,156,176390
2018,156,180822
2019,156,184200
2020,156,164811
2008,157,
2009,157,
2010,157,
2011,157,
2012,157,1527
2013,157,2719
2014,157,23732
2015,157,24965
2016,157,24193
2017,157,-5224
2018,157,-38022
2019,157,
2020,157,
2008,158,
2009,158,
2010,158,
2011,158,
2012,158,
2013,158,
2014,158,
2015,158,3047
2016,158,2931
2017,158,2798
2018,158,2367
2019,158,2244
2020,158,
2008,159,
2009,159,
2010,159,
2011,159,
2012,159,
2013,159,
2014,159,
2015,159,
2016,159,400
2017,159,573
2018,159,968
2019,159,1847
2020,159,
2008,160,
2009,160,
2010,160,
2011,160,1888
2012,160,1917
2013,160,1993
2014,160,379
2015,160,8614
2016,160,12785
2017,160,16692
2018,160,8409
2019,160,-1606
2020,160,325
2008,161,
2009,161,
2010,161,
2011,161,
2012,161,
2013,161,
2014,161,2563
2015,161,12565
2016,161,13664
2017,161,14083
2018,161,13793
2019,161,13733
2020,161,13004
2008,162,
2009,162,
2010,162,
2011,162,
2012,162,
2013,162,
2014,162,1866
2015,162,8491
2016,162,9186
2017,162,10322
2018,162,11235
2019,162,11784
2020,162,10006
2008,163,
2009,163,
2010,163,
2011,163,
2012,163,
2013,163,
2014,163,237
2015,163,1744
2016,163,1752
2017,163,1731
2018,163,1590
2019,163,1884
2020,163,3639
2008,164,65170
2009,164,68474
2010,164,68088
2011,164,68709
2012,164,60130
2013,164,45339
2014,164,27133
2015,164,14413
2016,164,10942
2017,164,2805
2018,164,172
2019,164,-392
2020,164,8969
2008,165,
2009,165,
2010,165,
2011,165,
2012,165,
2013,165,
2014,165,
2015,165,
2016,165,
2017,165,
2018,165,
2019,165,
2020,165,
2008,166,
2009,166,
2010,166,
2011,166,
2012,166,
2013,166,
2014,166,
2015,166,1442962
2016,166,1484066
2017,166,1522661
2018,166,1548305
2019,166,1561193
2020,166,4580481
2008,167,1311053
2009,167,1227992
2010,167,1220385
2011,167,1283034
2012,167,1196698
2013,167,921202
2014,167,659743
2015,167,884904
2016,167,922727
2017,167,1072296
2018,167,1104070
2019,167,1058839
2020,167,784522
2008,168,208577
2009,168,214312
2010,168,193635
2011,168,185612
2012,168,197729
2013,168,208601
2014,168,220793
2015,168,223120
2016,168,213803
2017,168,214583
2018,168,212788
2019,168,212598
2020,168,177764
2008,169,44436000
2009,169,46073000
2010,169,51206000
2011,169,55472000
2012,169,59199000
2013,169,58210000
2014,169,59754000
2015,169,51753000
2016,169,53037000
2017,169,48030000
2018,169,51016000
2019,169,47839000
2020,169,37415000
2008,170,1916328
2009,170,1782463
2010,170,1740423
2011,170,1727764
2012,170,1775700
2013,170,1773556
2014,170,1671500
2015,170,1626000
2016,170,1729100
2017,170,1877500
2018,170,1828800
2019,170,1774600
2020,170,1758100
2008,171,324982
2009,171,356156
2010,171,425765
2011,171,89426
2012,171,-121766
2013,171,33507
2014,171,85239
2015,171,117911
2016,171,162617
2017,171,255110
2018,171,309612
2019,171,408547
2020,171,412836
2008,172,110413
2009,172,151953
2010,172,164495
2011,172,172295
2012,172,148852
2013,172,192168
2014,172,186469
2015,172,184629
2016,172,186154
2017,172,178479
2018,172,179690
2019,172,182157
2020,172,169057
2008,173,2757000
2009,173,3434000
2010,173,4060000
2011,173,4709000
2012,173,5405000
2013,173,4652000
2014,173,4137000
2015,173,3474000
2016,173,4866000
2017,173,4558000
2018,173,3962000
2019,173,4032000
2020,173,2923000
2008,174,2506593
2009,174,2803344
2010,174,3256375
2011,174,3612928
2012,174,3981372
2013,174,4142829
2014,174,4921479
2015,174,5412523
2016,174,5778424
2017,174,5801085
2018,174,6299575
2019,174,
2020,174,
2008,175,601386
2009,175,654651
2010,175,611538
2011,175,683162
2012,175,758199
2013,175,795456
2014,175,809531
2015,175,862033
2016,175,1087212
2017,175,1086272
2018,175,1065151
2019,175,1081637
2020,175,1007176
2008,176,72207
2009,176,81616
2010,176,80240
2011,176,84880
2012,176,62832
2013,176,67615
2014,176,80711
2015,176,92511
2016,176,94880
2017,176,97011
2018,176,112937
2019,176,121741
2020,176,119277
2008,177,427470
2009,177,428751
2010,177,426301
2011,177,446428
2012,177,402836
2013,177,355429
2014,177,373680
2015,177,370863
2016,177,359717
2017,177,349483
2018,177,340760
2019,177,302698
2020,177,167208
2008,178,795865
2009,178,438433
2010,178,756000
2011,178,804202
2012,178,857736
2013,178,843122
2014,178,971536
2015,178,997505
2016,178,872804
2017,178,533205
2018,178,646324
2019,178,342059
2020,178,147322
2008,179,7514
2009,179,2977
2010,179,26966
2011,179,39473
2012,179,40359
2013,179,40987
2014,179,40494
2015,179,41255
2016,179,41802
2017,179,45401
2018,179,51958
2019,179,59429
2020,179,60034
2008,180,165021
2009,180,143193
2010,180,129817
2011,180,134219
2012,180,131398
2013,180,126775
2014,180,130057
2015,180,131744
2016,180,135771
2017,180,146133
2018,180,164609
2019,180,171386
2020,180,148233
2008,181,14312
2009,181,11277
2010,181,12072
2011,181,13793
2012,181,15646
2013,181,16781
2014,181,17416
2015,181,18857
2016,181,19571
2017,181,14659
2018,181,10321
2019,181,10782
2020,181,8886
2008,182,82164
2009,182,38424
2010,182,51330
2011,182,65571
2012,182,44475
2013,182,18798
2014,182,10589
2015,182,2116
2016,182,-23962
2017,182,12955
2018,182,
2019,182,
2020,182,
2008,183,153899
2009,183,146578
2010,183,193070
2011,183,211403
2012,183,267290
2013,183,365465
2014,183,466190
2015,183,563926
2016,183,693138
2017,183,722250
2018,183,753691
2019,183,763647
2020,183,693582
2008,184,54107
2009,184,31042
2010,184,15334
2011,184,4322
2012,184,-32518
2013,184,-47437
2014,184,
2015,184,
2016,184,
2017,184,
2018,184,
2019,184,
2020,184,
2008,185,
2009,185,20272
2010,185,27397
2011,185,36294
2012,185,117823
2013,185,142054
2014,185,164757
2015,185,190233
2016,185,218943
2017,185,259001
2018,185,284673
2019,185,297649
2020,185,258969
2008,186,51002
2009,186,55086
2010,186,59395
2011,186,60192
2012,186,64696
2013,186,68094
2014,186,71421
2015,186,71809
2016,186,71511
2017,186,71176
2018,186,58191
2019,186,54122
2020,186,47889
2008,187,
2009,187,
2010,187,
2011,187,
2012,187,3489
2013,187,14899
2014,187,15998
2015,187,11474
2016,187,10615
2017,187,398
2018,187,3717
2019,187,-747
2020,187,-632
2008,188,
2009,188,
2010,188,315952
2011,188,225471
2012,188,238506
2013,188,307495
2014,188,419503
2015,188,546158
2016,188,703452
2017,188,923423
2018,188,1068807
2019,188,1306288
2020,188,1627048
2008,189,
2009,189,
2010,189,
2011,189,
2012,189,
2013,189,404007
2014,189,388247
2015,189,407998
2016,189,825056
2017,189,871744
2018,189,841748
2019,189,867978
2020,189,729097
2008,190,
2009,190,
2010,190,
2011,190,
2012,190,
2013,190,
2014,190,
2015,190,
2016,190,22824
2017,190,24007
2018,190,24574
2019,190,25482
2020,190,26557
2008,191,28985
2009,191,17657
2010,191,9865
2011,191,1012
2012,191,-9710
2013,191,642
2014,191,-15208
2015,191,-17392
2016,191,-7510
2017,191,2254
2018,191,11341
2019,191,13481
2020,191,15385
2008,192,45811
2009,192,29283
2010,192,12191
2011,192,6585
2012,192,27608
2013,192,21090
2014,192,29261
2015,192,37112
2016,192,49747
2017,192,67721
2018,192,54844
2019,192,36798
2020,192,17246
2008,193,45222
2009,193,28640
2010,193,66405
2011,193,44825
2012,193,23289
2013,193,10133
2014,193,12082
2015,193,31929
2016,193,22149
2017,193,24633
2018,193,23595
2019,193,23173
2020,193,
2008,194,445729
2009,194,508960
2010,194,575978
2011,194,594440
2012,194,661344
2013,194,701752
2014,194,787348
2015,194,869907
2016,194,903830
2017,194,1027090
2018,194,963393
2019,194,1198577
2020,194,1275983
2008,195,
2009,195,
2010,195,
2011,195,6960
2012,195,8036
2013,195,8663
2014,195,8129
2015,195,13919
2016,195,15147
2017,195,18494
2018,195,21385
2019,195,
2020,195,
2008,196,111646
2009,196,123823
2010,196,137493
2011,196,156100
2012,196,175757
2013,196,211808
2014,196,251907
2015,196,295426
2016,196,337017
2017,196,401404
2018,196,485297
2019,196,583722
2020,196,675039
2008,197,231358
2009,197,262476
2010,197,290521
2011,197,308330
2012,197,339778
2013,197,390173
2014,197,408623
2015,197,436915
2016,197,485487
2017,197,
2018,197,
2019,197,
2020,197,
2008,198,14322
2009,198,30524
2010,198,31302
2011,198,32667
2012,198,33161
2013,198,45592
2014,198,45697
2015,198,48428
2016,198,50574
2017,198,52764
2018,198,53053
2019,198,54340
2020,198,56017
2008,199,58874
2009,199,56504
2010,199,53593
2011,199,55356
2012,199,56415
2013,199,53351
2014,199,54545
2015,199,54610
2016,199,53012
2017,199,54939
2018,199,60559
2019,199,62628
2020,199,76022
2008,200,10823
2009,200,-66980
2010,200,-91968
2011,200,-129985
2012,200,-145919
2013,200,-151895
2014,200,-168818
2015,200,-121421
2016,200,-167620
2017,200,-128031
2018,200,-44715
2019,200,-56005
2020,200,-73000
2008,201,60668
2009,201,71637
2010,201,56645
2011,201,48250
2012,201,50399
2013,201,49664
2014,201,50150
2015,201,59335
2016,201,52910
2017,201,
2018,201,
2019,201,
2020,201,
2008,202,22602
2009,202,16243
2010,202,17090
2011,202,20265
2012,202,26164
2013,202,27937
2014,202,28970
2015,202,33624
2016,202,34283
2017,202,99894
2018,202,86347
2019,202,81852
2020,202,85454
2008,203,7674
2009,203,-2889
2010,203,24608
2011,203,-21320
2012,203,19211
2013,203,15259
2014,203,8279
2015,203,520
2016,203,25408
2017,203,23892
2018,203,24390
2019,203,29328
2020,203,37968
2008,204,6335
2009,204,5604
2010,204,5122
2011,204,4236
2012,204,3570
2013,204,3642
2014,204,2664
2015,204,7285
2016,204,6592
2017,204,4468
2018,204,1701
2019,204,-127
2020,204,1608
2008,205,57976
2009,205,61262
2010,205,65790
2011,205,67241
2012,205,67181
2013,205,71194
2014,205,72726
2015,205,74197
2016,205,75739
2017,205,101517
2018,205,98770
2019,205,
2020,205,
2008,206,15784
2009,206,16384
2010,206,16983
2011,206,16984
2012,206,20817
2013,206,17518
2014,206,16222
2015,206,20922
2016,206,
2017,206,
2018,206,
2019,206,
2020,206,
2008,207,10823
2009,207,10181
2010,207,10553
2011,207,10312
2012,207,9844
2013,207,9776
2014,207,9603
2015,207,12655
2016,207,14136
2017,207,16467
2018,207,
2019,207,
2020,207,
2008,208,2066
2009,208,7595
2010,208,2868
2011,208,1678
2012,208,1652
2013,208,2295
2014,208,5267
2015,208,7238
2016,208,9162
2017,208,8573
2018,208,8249
2019,208,5659
2020,208,3012
2008,209,
2009,209,
2010,209,6
2011,209,51070
2012,209,42759
2013,209,127229
2014,209,140567
2015,209,156028
2016,209,172339
2017,209,191285
2018,209,204955
2019,209,219285
2020,209,236392
2008,210,
2009,210,
2010,210,
2011,210,
2012,210,
2013,210,
2014,210,2320
2015,210,4624
2016,210,3112
2017,210,4145
2018,210,4215
2019,210,3057
2020,210,1930
2008,211,
2009,211,2711
2010,211,2789
2011,211,2832
2012,211,6279
2013,211,8306
2014,211,5812
2015,211,1098
2016,211,1202
2017,211,2268
2018,211,5774
2019,211,3261
2020,211,-983
2008,212,
2009,212,
2010,212,4452
2011,212,4933
2012,212,5931
2013,212,5977
2014,212,16958
2015,212,20158
2016,212,16437
2017,212,19276
2018,212,15077
2019,212,20901
2020,212,44570
2008,213,
2009,213,
2010,213,3429
2011,213,3643
2012,213,4399
2013,213,7363
2014,213,7287
2015,213,7168
2016,213,7759
2017,213,
2018,213,
2019,213,
2020,213,
2008,214,
2009,214,
2010,214,
2011,214,
2012,214,
2013,214,125
2014,214,3264
2015,214,7238
2016,214,6960
2017,214,13828
2018,214,15930
2019,214,16973
2020,214,17283
2008,215,
2009,215,
2010,215,
2011,215,1912
2012,215,2351
2013,215,2749
2014,215,4512
2015,215,4979
2016,215,5101
2017,215,
2018,215,
2019,215,
2020,215,
2008,216,
2009,216,
2010,216,
2011,216,
2012,216,
2013,216,
2014,216,
2015,216,
2016,216,
2017,216,
2018,216,
2019,216,12644
2020,216,9870
2008,217,
2009,217,
2010,217,
2011,217,
2012,217,
2013,217,19097
2014,217,
2015,217,29379
2016,217,32022
2017,217,29916
2018,217,31136
2019,217,31419
2020,217,43999
2008,218,68430
2009,218,61437
2010,218,63924
2011,218,68210
2012,218,56002
2013,218,34650
2014,218,17034
2015,218,84572
2016,218,61006
2017,218,62471
2018,218,82034
2019,218,107276
2020,218,62883
2008,219,14424
2009,219,13006
2010,219,12568
2011,219,12600
2012,219,7047
2013,219,6809
2014,219,7021
2015,219,7094
2016,219,7221
2017,219,8128
2018,219,8456
2019,219,8934
2020,219,9280
2008,220,38401
2009,220,42446
2010,220,43600
2011,220,43346
2012,220,30868
2013,220,6285
2014,220,-4695
2015,220,-90538
2016,220,-109261
2017,220,-114797
2018,220,-31821
2019,220,-13977
2020,220,
2008,221,55896
2009,221,61600
2010,221,72774
2011,221,71592
2012,221,99208
2013,221,97566
2014,221,109886
2015,221,121715
2016,221,137211
2017,221,139075
2018,221,136075
2019,221,134653
2020,221,116351
2008,222,
2009,222,
2010,222,
2011,222,
2012,222,
2013,222,
2014,222,1322
2015,222,1047
2016,222,851
2017,222,789
2018,222,1415
2019,222,1195
2020,222,1216
2008,223,
2009,223,
2010,223,
2011,223,
2012,223,
2013,223,
2014,223,36126
2015,223,52416
2016,223,62807
2017,223,58063
2018,223,
2019,223,
2020,223,
2008,224,
2009,224,
2010,224,
2011,224,
2012,224,
2013,224,
2014,224,
2015,224,
2016,224,
2017,224,
2018,224,
2019,224,
2020,224,
2008,225,
2009,225,
2010,225,2414
2011,225,3647
2012,225,7875
2013,225,8383
2014,225,13430
2015,225,17174
2016,225,18307
2017,225,22614
2018,225,24257
2019,225,200
2020,225,94
2008,226,75832
2009,226,72702
2010,226,75557
2011,226,78073
2012,226,74172
2013,226,71750
2014,226,60869
2015,226,47807
2016,226,45430
2017,226,41665
2018,226,44838
2019,226,48587
2020,226,50515
2008,227,
2009,227,
2010,227,
2011,227,171261
2012,227,163667
2013,227,369132
2014,227,599563
2015,227,561287
2016,227,536833
2017,227,548419
2018,227,541730
2019,227,484745
2020,227,491188
2008,228,20507
2009,228,28849
2010,228,20357
2011,228,13945
2012,228,8611
2013,228,4578
2014,228,-744
2015,228,709
2016,228,-8038
2017,228,1758
2018,228,17446
2019,228,14380
2020,228,5192
2008,229,
2009,229,
2010,229,
2011,229,3658
2012,229,5156
2013,229,4639
2014,229,5022
2015,229,14881
2016,229,14763
2017,229,1263
2018,229,6212
2019,229,
2020,229,
2008,230,
2009,230,
2010,230,
2011,230,
2012,230,43365
2013,230,41844
2014,230,43927
2015,230,66506
2016,230,75978
2017,230,88308
2018,230,96461
2019,230,103068
2020,230,121433
2008,231,15407
2009,231,13497
2010,231,10940
2011,231,15764
2012,231,12398
2013,231,11769
2014,231,10496
2015,231,10004
2016,231,8878
2017,231,6783
2018,231,6587
2019,231,8364
2020,231,9211
2008,232,170305
2009,232,194314
2010,232,219395
2011,232,219719
2012,232,239875
2013,232,259826
2014,232,272679
2015,232,296808
2016,232,316958
2017,232,337142
2018,232,341723
2019,232,356514
2020,232,386868
2008,233,95959
2009,233,78911
2010,233,78160
2011,233,68354
2012,233,535664
2013,233,556458
2014,233,592995
2015,233,609906
2016,233,637777
2017,233,494190
2018,233,578845
2019,233,1138085
2020,233,
2008,234,134059
2009,234,116896
2010,234,131518
2011,234,135043
2012,234,120172
2013,234,108099
2014,234,101987
2015,234,105337
2016,234,103557
2017,234,90697
2018,234,102042
2019,234,124656
2020,234,118864
2008,235,128174
2009,235,105189
2010,235,110799
2011,235,75517
2012,235,-19910
2013,235,-24614
2014,235,-48196
2015,235,-3566
2016,235,1897
2017,235,555
2018,235,601
2019,235,252
2020,235,
2008,236,15475
2009,236,4203
2010,236,3723
2011,236,1611
2012,236,1612
2013,236,1620
2014,236,-3658
2015,236,-17662
2016,236,-29510
2017,236,525
2018,236,4799
2019,236,3154
2020,236,2259
2008,237,95366
2009,237,101788
2010,237,90304
2011,237,-4952
2012,237,64609
2013,237,48631
2014,237,42627
2015,237,44645
2016,237,53384
2017,237,93774
2018,237,72044
2019,237,31243
2020,237,239205
2008,238,10232
2009,238,8673
2010,238,-13334
2011,238,-44112
2012,238,-52586
2013,238,-66166
2014,238,-81516
2015,238,-102423
2016,238,-116997
2017,238,-88677
2018,238,-104962
2019,238,-126897
2020,238,-241428
2008,239,228851
2009,239,241687
2010,239,259739
2011,239,285537
2012,239,307086
2013,239,322016
2014,239,335860
2015,239,349883
2016,239,367941
2017,239,396283
2018,239,414188
2019,239,433590
2020,239,457804
2008,240,-9839
2009,240,2218
2010,240,509
2011,240,10501
2012,240,14665
2013,240,8711
2014,240,15720
2015,240,21544
2016,240,8870
2017,240,20303
2018,240,57562
2019,240,42887
2020,240,26956
2008,241,70955
2009,241,71742
2010,241,71207
2011,241,68865
2012,241,62724
2013,241,62514
2014,241,56795
2015,241,73794
2016,241,74628
2017,241,75069
2018,241,74438
2019,241,69221
2020,241,63191
2008,242,486456
2009,242,509226
2010,242,690032
2011,242,779776
2012,242,822300
2013,242,413600
2014,242,458534
2015,242,559572
2016,242,643600
2017,242,649900
2018,242,685900
2019,242,858300
2020,242,339800
2008,243,
2009,243,
2010,243,
2011,243,
2012,243,
2013,243,
2014,243,
2015,243,
2016,243,
2017,243,
2018,243,
2019,243,
2020,243,
2008,244,304161
2009,244,294175
2010,244,260350
2011,244,210350
2012,244,164229
2013,244,72347
2014,244,48101
2015,244,135625
2016,244,118510
2017,244,145589
2018,244,
2019,244,
2020,244,
2008,245,
2009,245,
2010,245,
2011,245,8631
2012,245,16193
2013,245,21977
2014,245,41051
2015,245,93358
2016,245,114297
2017,245,134737
2018,245,153124
2019,245,177120
2020,245,198189
2008,246,3421649
2009,246,4574910
2010,246,4383065
2011,246,2848202
2012,246,5650526
2013,246,7116304
2014,246,8417998
2015,246,9658000
2016,246,8134000
2017,246,7548000
2018,246,8103000
2019,246,9696000
2020,246,11500000
2008,247,
2009,247,
2010,247,
2011,247,
2012,247,
2013,247,
2014,247,
2015,247,
2016,247,
2017,247,
2018,247,
2019,247,
2020,247,
2008,248,
2009,248,
2010,248,
2011,248,
2012,248,
2013,248,
2014,248,
2015,248,
2016,248,
2017,248,
2018,248,
2019,248,
2020,248,
2008,249,763577
2009,249,780195
2010,249,763955
2011,249,669045
2012,249,723138
2013,249,629489
2014,249,653513
2015,249,546988
2016,249,529203
2017,249,489431
2018,249,466481
2019,249,457464
2020,249,446352
2008,250,
2009,250,
2010,250,
2011,250,
2012,250,
2013,250,
2014,250,
2015,250,
2016,250,
2017,250,78980
2018,250,80070
2019,250,80132
2020,250,85598
2008,251,
2009,251,
2010,251,
2011,251,
2012,251,
2013,251,
2014,251,
2015,251,
2016,251,
2017,251,
2018,251,
2019,251,
2020,251,
2008,252,
2009,252,
2010,252,
2011,252,
2012,252,
2013,252,
2014,252,
2015,252,
2016,252,
2017,252,
2018,252,
2019,252,
2020,252,
2008,253,
2009,253,
2010,253,
2011,253,
2012,253,
2013,253,11899
2014,253,14605
2015,253,14349
2016,253,60390
2017,253,63205
2018,253,67331
2019,253,70435
2020,253,81465
2008,254,24069
2009,254,30503
2010,254,31116
2011,254,33337
2012,254,32415
2013,254,31336
2014,254,34692
2015,254,52429
2016,254,66734
2017,254,80042
2018,254,81792
2019,254,112571
2020,254,233257
2008,255,4768
2009,255,2775
2010,255,1759
2011,255,1521
2012,255,-4
2013,255,3958
2014,255,8013
2015,255,7673
2016,255,10867
2017,255,12754
2018,255,15533
2019,255,21938
2020,255,22221
2008,256,
2009,256,
2010,256,
2011,256,
2012,256,
2013,256,
2014,256,
2015,256,
2016,256,
2017,256,
2018,256,
2019,256,
2020,256,
2008,257,
2009,257,
2010,257,
2011,257,
2012,257,
2013,257,2946
2014,257,10031
2015,257,42967
2016,257,86929
2017,257,133728
2018,257,207786
2019,257,257995
2020,257,288167
2008,258,
2009,258,
2010,258,
2011,258,
2012,258,
2013,258,
2014,258,
2015,258,
2016,258,4512
2017,258,24755
2018,258,22243
2019,258,20419
2020,258,14240
2008,259,
2009,259,
2010,259,
2011,259,
2012,259,
2013,259,
2014,259,
2015,259,
2016,259,
2017,259,
2018,259,
2019,259,
2020,259,
2008,260,
2009,260,
2010,260,
2011,260,
2012,260,
2013,260,
2014,260,
2015,260,
2016,260,
2017,260,
2018,260,
2019,260,
2020,260,
2008,261,
2009,261,
2010,261,
2011,261,
2012,261,
2013,261,
2014,261,
2015,261,
2016,261,
2017,261,
2018,261,
2019,261,
2020,261,
2008,262,
2009,262,
2010,262,
2011,262,
2012,262,
2013,262,1241848
2014,262,1234062
2015,262,1090550
2016,262,1119826
2017,262,1119965
2018,262,1137559
2019,262,1153543
2020,262,1083278
2008,263,876600
2009,263,1012200
2010,263,357840
2011,263,-568759
2012,263,-996460
2013,263,-1342907
2014,263,174429
2015,263,160922
2016,263,367337
2017,263,315593
2018,263,312500
2019,263,
2020,263,
2008,264,843521
2009,264,983487
2010,264,1105993
2011,264,1045534
2012,264,1331463
2013,264,1650794
2014,264,1813348
2015,264,2070135
2016,264,2150660
2017,264,2208777
2018,264,2060989
2019,264,2343113
2020,264,2738531
2008,265,
2009,265,
2010,265,
2011,265,
2012,265,4963
2013,265,
2014,265,8692
2015,265,39813
2016,265,33351
2017,265,24383
2018,265,20982
2019,265,16949
2020,265,9844
2008,266,
2009,266,
2010,266,
2011,266,
2012,266,
2013,266,
2014,266,
2015,266,7554
2016,266,15567
2017,266,22081
2018,266,24468
2019,266,26233
2020,266,52919
2008,267,
2009,267,
2010,267,
2011,267,
2012,267,
2013,267,
2014,267,
2015,267,
2016,267,
2017,267,
2018,267,
2019,267,
2020,267,
2008,268,
2009,268,
2010,268,
2011,268,
2012,268,
2013,268,
2014,268,
2015,268,
2016,268,
2017,268,
2018,268,
2019,268,
2020,268,
2008,269,
2009,269,
2010,269,
2011,269,
2012,269,
2013,269,
2014,269,
2015,269,2724000
2016,269,1063000
2017,269,1185640
2018,269,1329347
2019,269,1560400
2020,269,1740900
2008,270,
2009,270,
2010,270,
2011,270,
2012,270,
2013,270,
2014,270,
2015,270,
2016,270,5219
2017,270,5546
2018,270,3980
2019,270,21996
2020,270,20171
2008,271,
2009,271,
2010,271,
2011,271,
2012,271,
2013,271,
2014,271,2906
2015,271,4567
2016,271,10363
2017,271,18035
2018,271,20017
2019,271,13420
2020,271,1284
2008,272,
2009,272,
2010,272,
2011,272,
2012,272,
2013,272,
2014,272,1895
2015,272,2079
2016,272,
2017,272,3754
2018,272,2857
2019,272,3397
2020,272,3254
2008,273,
2009,273,
2010,273,
2011,273,
2012,273,
2013,273,
2014,273,
2015,273,
2016,273,7052
2017,273,7325
2018,273,7525
2019,273,7596
2020,273,16385
2008,274,
2009,274,
2010,274,
2011,274,
2012,274,
2013,274,
2014,274,434772
2015,274,434555
2016,274,361878
2017,274,383411
2018,274,418748
2019,274,440110
2020,274,445454
2008,275,
2009,275,
2010,275,
2011,275,
2012,275,
2013,275,5666
2014,275,5545
2015,275,5067
2016,275,9889
2017,275,14940
2018,275,17128
2019,275,
2020,275,
2008,276,
2009,276,
2010,276,
2011,276,
2012,276,
2013,276,
2014,276,
2015,276,
2016,276,
2017,276,
2018,276,
2019,276,
2020,276,
2008,277,
2009,277,
2010,277,
2011,277,
2012,277,
2013,277,31003
2014,277,32961
2015,277,44569
2016,277,70325
2017,277,74360
2018,277,81437
2019,277,86226
2020,277,83049
2008,278,
2009,278,
2010,278,
2011,278,
2012,278,
2013,278,
2014,278,806
2015,278,1750
2016,278,1488
2017,278,6179
2018,278,5450
2019,278,3080
2020,278,
2008,279,
2009,279,
2010,279,
2011,279,
2012,279,
2013,279,
2014,279,
2015,279,214
2016,279,1047
2017,279,7632
2018,279,8159
2019,279,8387
2020,279,8391
2008,280,
2009,280,
2010,280,
2011,280,
2012,280,
2013,280,
2014,280,
2015,280,
2016,280,
2017,280,
2018,280,
2019,280,
2020,280,
2008,281,
2009,281,
2010,281,
2011,281,
2012,281,
2013,281,
2014,281,
2015,281,
2016,281,
2017,281,
2018,281,
2019,281,
2020,281,
2008,282,
2009,282,
2010,282,
2011,282,
2012,282,
2013,282,
2014,282,
2015,282,
2016,282,
2017,282,
2018,282,
2019,282,
2020,282,
2008,283,
2009,283,
2010,283,
2011,283,
2012,283,
2013,283,
2014,283,
2015,283,
2016,283,
2017,283,
2018,283,
2019,283,
2020,283,
2008,284,
2009,284,
2010,284,
2011,284,
2012,284,
2013,284,
2014,284,
2015,284,
2016,284,
2017,284,
2018,284,
2019,284,
2020,284,
2008,285,
2009,285,
2010,285,
2011,285,
2012,285,
2013,285,
2014,285,
2015,285,
2016,285,
2017,285,
2018,285,
2019,285,
2020,285,
2008,286,
2009,286,
2010,286,
2011,286,
2012,286,
2013,286,
2014,286,
2015,286,
2016,286,
2017,286,
2018,286,
2019,286,
2020,286,
2008,287,
2009,287,
2010,287,
2011,287,
2012,287,
2013,287,
2014,287,
2015,287,
2016,287,
2017,287,
2018,287,
2019,287,
2020,287,
2008,288,
2009,288,
2010,288,
2011,288,
2012,288,
2013,288,
2014,288,
2015,288,
2016,288,2262
2017,288,8671
2018,288,8266
2019,288,8346
2020,288,9427
2008,289,
2009,289,
2010,289,
2011,289,
2012,289,
2013,289,
2014,289,
2015,289,
2016,289,
2017,289,
2018,289,
2019,289,
2020,289,
2008,290,
2009,290,
2010,290,
2011,290,
2012,290,
2013,290,
2014,290,
2015,290,609
2016,290,1622
2017,290,7772
2018,290,8204
2019,290,7375
2020,290,8582
2008,291,
2009,291,
2010,291,
2011,291,
2012,291,
2013,291,
2014,291,
2015,291,
2016,291,
2017,291,
2018,291,
2019,291,
2020,291,
2008,292,
2009,292,
2010,292,
2011,292,
2012,292,
2013,292,
2014,292,20605
2015,292,29965
2016,292,35736
2017,292,74824
2018,292,80846
2019,292,90667
2020,292,92673
2008,293,
2009,293,
2010,293,
2011,293,
2012,293,758608
2013,293,1460732
2014,293,516797
2015,293,300605
2016,293,301702
2017,293,272151
2018,293,284581
2019,293,296126
2020,293,303482
2008,294,
2009,294,
2010,294,
2011,294,
2012,294,237251
2013,294,233009
2014,294,310794
2015,294,331283
2016,294,333746
2017,294,363846
2018,294,366240
2019,294,377252
2020,294,462579
2008,295,
2009,295,
2010,295,
2011,295,
2012,295,
2013,295,
2014,295,
2015,295,
2016,295,
2017,295,
2018,295,
2019,295,
2020,295,
2008,296,
2009,296,
2010,296,
2011,296,
2012,296,
2013,296,
2014,296,
2015,296,868
2016,296,2506
2017,296,7767
2018,296,17619
2019,296,19055
2020,296,20473
2008,297,
2009,297,
2010,297,
2011,297,
2012,297,
2013,297,
2014,297,
2015,297,3745
2016,297,4636
2017,297,7098
2018,297,7673
2019,297,14844
2020,297,14728
2008,298,
2009,298,
2010,298,
2011,298,
2012,298,
2013,298,
2014,298,
2015,298,81492
2016,298,71612
2017,298,142663
2018,298,149703
2019,298,150221
2020,298,159617
2008,299,
2009,299,
2010,299,
2011,299,
2012,299,
2013,299,
2014,299,
2015,299,9349
2016,299,13224
2017,299,25392
2018,299,22633
2019,299,25149
2020,299,27307
2008,300,
2009,300,
2010,300,
2011,300,
2012,300,
2013,300,
2014,300,
2015,300,
2016,300,
2017,300,
2018,300,
2019,300,
2020,300,
2008,301,
2009,301,
2010,301,
2011,301,
2012,301,
2013,301,
2014,301,
2015,301,
2016,301,
2017,301,
2018,301,
2019,301,
2020,301,
2008,302,
2009,302,
2010,302,
2011,302,
2012,302,
2013,302,
2014,302,
2015,302,3887
2016,302,5303
2017,302,10368
2018,302,19632
2019,302,21690
2020,302,23249
2008,303,
2009,303,
2010,303,
2011,303,
2012,303,
2013,303,
2014,303,
2015,303,
2016,303,
2017,303,
2018,303,
2019,303,
2020,303,
2008,304,
2009,304,
2010,304,
2011,304,
2012,304,
2013,304,
2014,304,
2015,304,
2016,304,
2017,304,
2018,304,
2019,304,
2020,304,
2008,305,
2009,305,
2010,305,
2011,305,
2012,305,
2013,305,
2014,305,
2015,305,
2016,305,
2017,305,
2018,305,
2019,305,
2020,305,
2008,306,
2009,306,
2010,306,
2011,306,
2012,306,
2013,306,
2014,306,
2015,306,
2016,306,
2017,306,
2018,306,
2019,306,
2020,306,
2008,307,
2009,307,
2010,307,
2011,307,
2012,307,
2013,307,
2014,307,
2015,307,
2016,307,
2017,307,
2018,307,
2019,307,
2020,307,
2008,308,
2009,308,
2010,308,
2011,308,
2012,308,
2013,308,
2014,308,
2015,308,
2016,308,3123
2017,308,5318
2018,308,15220
2019,308,15996
2020,308,17404
2008,309,
2009,309,
2010,309,
2011,309,
2012,309,
2013,309,
2014,309,
2015,309,
2016,309,
2017,309,
2018,309,
2019,309,
2020,309,
2008,310,
2009,310,
2010,310,
2011,310,
2012,310,
2013,310,
2014,310,
2015,310,
2016,310,
2017,310,
2018,310,
2019,310,
2020,310,
2008,311,
2009,311,
2010,311,
2011,311,
2012,311,
2013,311,
2014,311,
2015,311,
2016,311,
2017,311,
2018,311,
2019,311,
2020,311,
2008,312,
2009,312,
2010,312,
2011,312,
2012,312,
2013,312,
2014,312,
2015,312,
2016,312,
2017,312,
2018,312,
2019,312,
2020,312,
2008,313,
2009,313,
2010,313,
2011,313,
2012,313,
2013,313,
2014,313,
2015,313,
2016,313,
2017,313,
2018,313,
2019,313,
2020,313,
2008,314,
2009,314,
2010,314,
2011,314,
2012,314,
2013,314,
2014,314,
2015,314,
2016,314,
2017,314,
2018,314,
2019,314,
2020,314,
2008,315,
2009,315,
2010,315,
2011,315,
2012,315,
2013,315,
2014,315,
2015,315,
2016,315,
2017,315,
2018,315,
2019,315,
2020,315,
2008,316,
2009,316,
2010,316,
2011,316,
2012,316,
2013,316,
2014,316,
2015,316,
2016,316,
2017,316,
2018,316,
2019,316,
2020,316,
2008,317,
2009,317,
2010,317,
2011,317,
2012,317,
2013,317,
2014,317,
2015,317,
2016,317,
2017,317,
2018,317,
2019,317,
2020,317,
2008,318,
2009,318,
2010,318,
2011,318,
2012,318,
2013,318,
2014,318,
2015,318,
2016,318,
2017,318,
2018,318,
2019,318,
2020,318,
2008,319,
2009,319,
2010,319,
2011,319,
2012,319,
2013,319,
2014,319,
2015,319,
2016,319,
2017,319,
2018,319,
2019,319,
2020,319,
2008,320,
2009,320,
2010,320,
2011,320,
2012,320,
2013,320,
2014,320,
2015,320,
2016,320,1392
2017,320,1608
2018,320,3533
2019,320,4010
2020,320,3813
2008,321,
2009,321,
2010,321,
2011,321,
2012,321,
2013,321,
2014,321,
2015,321,
2016,321,
2017,321,
2018,321,
2019,321,
2020,321,
2008,322,
2009,322,
2010,322,
2011,322,
2012,322,
2013,322,
2014,322,
2015,322,
2016,322,
2017,322,
2018,322,
2019,322,
2020,322,
2008,323,
2009,323,
2010,323,
2011,323,
2012,323,
2013,323,
2014,323,
2015,323,
2016,323,
2017,323,
2018,323,
2019,323,
2020,323,
2008,324,
2009,324,
2010,324,
2011,324,
2012,324,
2013,324,
2014,324,
2015,324,
2016,324,
2017,324,
2018,324,
2019,324,
2020,324,
2008,325,
2009,325,
2010,325,
2011,325,
2012,325,
2013,325,
2014,325,
2015,325,
2016,325,
2017,325,
2018,325,
2019,325,
2020,325,
