Date,Id,accounting standards
2008,1,
2009,1,
2010,1,
2011,1,
2012,1,
2013,1,
2014,1,
2015,1,
2016,1,
2017,1,
2018,1,
2019,1,
2020,1,
2008,2,IFRS
2009,2,IFRS
2010,2,IFRS
2011,2,IFRS
2012,2,IFRS
2013,2,IFRS
2014,2,IFRS
2015,2,IFRS
2016,2,
2017,2,
2018,2,
2019,2,
2020,2,
2008,3,
2009,3,
2010,3,
2011,3,
2012,3,
2013,3,
2014,3,Local standards
2015,3,Local standards
2016,3,Local standards
2017,3,Local standards
2018,3,Local standards
2019,3,Local standards
2020,3,Local standards
2008,4,
2009,4,
2010,4,
2011,4,
2012,4,
2013,4,Local standards
2014,4,Local standards
2015,4,Local standards
2016,4,IFRS
2017,4,IFRS
2018,4,IFRS
2019,4,IFRS
2020,4,
2008,5,
2009,5,
2010,5,
2011,5,
2012,5,
2013,5,
2014,5,Local standards
2015,5,Local standards
2016,5,Local standards
2017,5,Local standards
2018,5,Local standards
2019,5,Local standards
2020,5,
2008,6,
2009,6,
2010,6,
2011,6,
2012,6,
2013,6,
2014,6,Local standards
2015,6,Local standards
2016,6,Local standards
2017,6,Local standards
2018,6,
2019,6,
2020,6,
2008,7,
2009,7,
2010,7,
2011,7,
2012,7,Local standards
2013,7,Local standards
2014,7,Local standards
2015,7,Local standards
2016,7,Local standards
2017,7,Local standards
2018,7,Local standards
2019,7,
2020,7,
2008,8,IFRS
2009,8,IFRS
2010,8,IFRS
2011,8,IFRS
2012,8,IFRS
2013,8,IFRS
2014,8,IFRS
2015,8,IFRS
2016,8,IFRS
2017,8,IFRS
2018,8,IFRS
2019,8,IFRS
2020,8,IFRS
2008,9,IFRS
2009,9,IFRS
2010,9,IFRS
2011,9,IFRS
2012,9,IFRS
2013,9,IFRS
2014,9,IFRS
2015,9,IFRS
2016,9,IFRS
2017,9,IFRS
2018,9,IFRS
2019,9,IFRS
2020,9,IFRS
2008,10,IFRS
2009,10,IFRS
2010,10,IFRS
2011,10,IFRS
2012,10,IFRS
2013,10,IFRS
2014,10,IFRS
2015,10,IFRS
2016,10,IFRS
2017,10,IFRS
2018,10,IFRS
2019,10,IFRS
2020,10,IFRS
2008,11,IFRS
2009,11,IFRS
2010,11,IFRS
2011,11,IFRS
2012,11,IFRS
2013,11,IFRS
2014,11,IFRS
2015,11,IFRS
2016,11,IFRS
2017,11,IFRS
2018,11,IFRS
2019,11,IFRS
2020,11,IFRS
2008,12,IFRS
2009,12,IFRS
2010,12,IFRS
2011,12,IFRS
2012,12,IFRS
2013,12,IFRS
2014,12,IFRS
2015,12,IFRS
2016,12,IFRS
2017,12,IFRS
2018,12,IFRS
2019,12,IFRS
2020,12,IFRS
2008,13,IFRS
2009,13,IFRS
2010,13,IFRS
2011,13,IFRS
2012,13,IFRS
2013,13,IFRS
2014,13,IFRS
2015,13,IFRS
2016,13,IFRS
2017,13,IFRS
2018,13,IFRS
2019,13,IFRS
2020,13,IFRS
2008,14,
2009,14,
2010,14,
2011,14,
2012,14,
2013,14,
2014,14,
2015,14,
2016,14,
2017,14,
2018,14,
2019,14,
2020,14,
2008,15,
2009,15,
2010,15,
2011,15,
2012,15,
2013,15,
2014,15,
2015,15,
2016,15,
2017,15,
2018,15,
2019,15,
2020,15,
2008,16,
2009,16,
2010,16,
2011,16,
2012,16,
2013,16,
2014,16,
2015,16,
2016,16,
2017,16,
2018,16,
2019,16,
2020,16,
2008,17,
2009,17,
2010,17,
2011,17,
2012,17,IFRS
2013,17,IFRS
2014,17,IFRS
2015,17,IFRS
2016,17,IFRS
2017,17,IFRS
2018,17,IFRS
2019,17,IFRS
2020,17,IFRS
2008,18,
2009,18,
2010,18,
2011,18,
2012,18,
2013,18,
2014,18,
2015,18,Local standards
2016,18,Local standards
2017,18,Local standards
2018,18,Local standards
2019,18,Local standards
2020,18,Local standards
2008,19,IFRS
2009,19,IFRS
2010,19,IFRS
2011,19,IFRS
2012,19,IFRS
2013,19,IFRS
2014,19,IFRS
2015,19,IFRS
2016,19,IFRS
2017,19,IFRS
2018,19,IFRS
2019,19,IFRS
2020,19,IFRS
2008,20,
2009,20,
2010,20,
2011,20,
2012,20,
2013,20,
2014,20,
2015,20,IFRS
2016,20,IFRS
2017,20,IFRS
2018,20,IFRS
2019,20,IFRS
2020,20,IFRS
2008,21,
2009,21,
2010,21,
2011,21,
2012,21,IFRS
2013,21,IFRS
2014,21,IFRS
2015,21,IFRS
2016,21,IFRS
2017,21,IFRS
2018,21,IFRS
2019,21,IFRS
2020,21,
2008,22,
2009,22,
2010,22,
2011,22,Local standards
2012,22,Local standards
2013,22,Local standards
2014,22,Local standards
2015,22,Local standards
2016,22,Local standards
2017,22,IFRS
2018,22,IFRS
2019,22,IFRS
2020,22,IFRS
2008,23,IFRS
2009,23,IFRS
2010,23,IFRS
2011,23,IFRS
2012,23,IFRS
2013,23,IFRS
2014,23,IFRS
2015,23,IFRS
2016,23,IFRS
2017,23,IFRS
2018,23,IFRS
2019,23,IFRS
2020,23,IFRS
2008,24,IFRS
2009,24,IFRS
2010,24,IFRS
2011,24,IFRS
2012,24,IFRS
2013,24,IFRS
2014,24,IFRS
2015,24,IFRS
2016,24,IFRS
2017,24,IFRS
2018,24,IFRS
2019,24,IFRS
2020,24,IFRS
2008,25,
2009,25,
2010,25,
2011,25,
2012,25,IFRS
2013,25,IFRS
2014,25,IFRS
2015,25,IFRS
2016,25,IFRS
2017,25,IFRS
2018,25,IFRS
2019,25,
2020,25,
2008,26,IFRS
2009,26,IFRS
2010,26,IFRS
2011,26,IFRS
2012,26,IFRS
2013,26,IFRS
2014,26,IFRS
2015,26,IFRS
2016,26,IFRS
2017,26,IFRS
2018,26,IFRS
2019,26,IFRS
2020,26,IFRS
2008,27,IFRS
2009,27,IFRS
2010,27,IFRS
2011,27,IFRS
2012,27,IFRS
2013,27,IFRS
2014,27,IFRS
2015,27,IFRS
2016,27,IFRS
2017,27,IFRS
2018,27,IFRS
2019,27,IFRS
2020,27,IFRS
2008,28,IFRS
2009,28,IFRS
2010,28,IFRS
2011,28,IFRS
2012,28,IFRS
2013,28,IFRS
2014,28,IFRS
2015,28,IFRS
2016,28,IFRS
2017,28,IFRS
2018,28,IFRS
2019,28,IFRS
2020,28,IFRS
2008,29,IFRS
2009,29,IFRS
2010,29,IFRS
2011,29,IFRS
2012,29,IFRS
2013,29,IFRS
2014,29,IFRS
2015,29,IFRS
2016,29,IFRS
2017,29,IFRS
2018,29,
2019,29,
2020,29,
2008,30,IFRS
2009,30,IFRS
2010,30,IFRS
2011,30,IFRS
2012,30,IFRS
2013,30,IFRS
2014,30,IFRS
2015,30,IFRS
2016,30,IFRS
2017,30,IFRS
2018,30,IFRS
2019,30,IFRS
2020,30,IFRS
2008,31,IFRS
2009,31,IFRS
2010,31,IFRS
2011,31,IFRS
2012,31,IFRS
2013,31,IFRS
2014,31,IFRS
2015,31,Local standards
2016,31,Local standards
2017,31,Local standards
2018,31,Local standards
2019,31,Local standards
2020,31,
2008,32,IFRS
2009,32,IFRS
2010,32,IFRS
2011,32,IFRS
2012,32,IFRS
2013,32,IFRS
2014,32,IFRS
2015,32,IFRS
2016,32,IFRS
2017,32,IFRS
2018,32,IFRS
2019,32,IFRS
2020,32,IFRS
2008,33,IFRS
2009,33,IFRS
2010,33,IFRS
2011,33,IFRS
2012,33,IFRS
2013,33,IFRS
2014,33,IFRS
2015,33,IFRS
2016,33,IFRS
2017,33,IFRS
2018,33,IFRS
2019,33,
2020,33,
2008,34,IFRS
2009,34,IFRS
2010,34,IFRS
2011,34,IFRS
2012,34,IFRS
2013,34,IFRS
2014,34,IFRS
2015,34,IFRS
2016,34,
2017,34,
2018,34,
2019,34,
2020,34,
2008,35,IFRS
2009,35,IFRS
2010,35,IFRS
2011,35,IFRS
2012,35,IFRS
2013,35,IFRS
2014,35,IFRS
2015,35,IFRS
2016,35,IFRS
2017,35,IFRS
2018,35,IFRS
2019,35,IFRS
2020,35,IFRS
2008,36,IFRS
2009,36,IFRS
2010,36,IFRS
2011,36,IFRS
2012,36,IFRS
2013,36,IFRS
2014,36,IFRS
2015,36,IFRS
2016,36,IFRS
2017,36,IFRS
2018,36,IFRS
2019,36,IFRS
2020,36,IFRS
2008,37,IFRS
2009,37,IFRS
2010,37,IFRS
2011,37,IFRS
2012,37,IFRS
2013,37,IFRS
2014,37,IFRS
2015,37,IFRS
2016,37,IFRS
2017,37,IFRS
2018,37,IFRS
2019,37,IFRS
2020,37,IFRS
2008,38,IFRS
2009,38,IFRS
2010,38,IFRS
2011,38,IFRS
2012,38,IFRS
2013,38,IFRS
2014,38,IFRS
2015,38,IFRS
2016,38,IFRS
2017,38,IFRS
2018,38,IFRS
2019,38,IFRS
2020,38,IFRS
2008,39,IFRS
2009,39,IFRS
2010,39,IFRS
2011,39,IFRS
2012,39,IFRS
2013,39,IFRS
2014,39,IFRS
2015,39,IFRS
2016,39,IFRS
2017,39,IFRS
2018,39,IFRS
2019,39,IFRS
2020,39,IFRS
2008,40,IFRS
2009,40,IFRS
2010,40,IFRS
2011,40,IFRS
2012,40,IFRS
2013,40,IFRS
2014,40,IFRS
2015,40,IFRS
2016,40,IFRS
2017,40,IFRS
2018,40,IFRS
2019,40,IFRS
2020,40,IFRS
2008,41,IFRS
2009,41,IFRS
2010,41,IFRS
2011,41,IFRS
2012,41,IFRS
2013,41,IFRS
2014,41,IFRS
2015,41,IFRS
2016,41,IFRS
2017,41,IFRS
2018,41,IFRS
2019,41,IFRS
2020,41,IFRS
2008,42,IFRS
2009,42,IFRS
2010,42,IFRS
2011,42,IFRS
2012,42,IFRS
2013,42,IFRS
2014,42,IFRS
2015,42,IFRS
2016,42,IFRS
2017,42,IFRS
2018,42,IFRS
2019,42,IFRS
2020,42,IFRS
2008,43,IFRS
2009,43,IFRS
2010,43,IFRS
2011,43,IFRS
2012,43,IFRS
2013,43,IFRS
2014,43,IFRS
2015,43,IFRS
2016,43,IFRS
2017,43,IFRS
2018,43,IFRS
2019,43,IFRS
2020,43,IFRS
2008,44,IFRS
2009,44,IFRS
2010,44,IFRS
2011,44,IFRS
2012,44,IFRS
2013,44,IFRS
2014,44,IFRS
2015,44,IFRS
2016,44,IFRS
2017,44,
2018,44,
2019,44,
2020,44,
2008,45,
2009,45,
2010,45,
2011,45,
2012,45,
2013,45,
2014,45,
2015,45,
2016,45,
2017,45,
2018,45,
2019,45,
2020,45,
2008,46,IFRS
2009,46,IFRS
2010,46,IFRS
2011,46,IFRS
2012,46,IFRS
2013,46,IFRS
2014,46,IFRS
2015,46,IFRS
2016,46,IFRS
2017,46,IFRS
2018,46,IFRS
2019,46,IFRS
2020,46,IFRS
2008,47,IFRS
2009,47,IFRS
2010,47,IFRS
2011,47,IFRS
2012,47,IFRS
2013,47,IFRS
2014,47,IFRS
2015,47,IFRS
2016,47,IFRS
2017,47,IFRS
2018,47,IFRS
2019,47,IFRS
2020,47,IFRS
2008,48,IFRS
2009,48,IFRS
2010,48,IFRS
2011,48,IFRS
2012,48,IFRS
2013,48,IFRS
2014,48,IFRS
2015,48,IFRS
2016,48,
2017,48,
2018,48,
2019,48,
2020,48,
2008,49,
2009,49,
2010,49,IFRS
2011,49,IFRS
2012,49,IFRS
2013,49,IFRS
2014,49,IFRS
2015,49,IFRS
2016,49,IFRS
2017,49,IFRS
2018,49,IFRS
2019,49,IFRS
2020,49,IFRS
2008,50,
2009,50,
2010,50,
2011,50,
2012,50,Local standards
2013,50,Local standards
2014,50,Local standards
2015,50,Local standards
2016,50,Local standards
2017,50,Local standards
2018,50,Local standards
2019,50,Local standards
2020,50,Local standards
2008,51,
2009,51,
2010,51,
2011,51,
2012,51,
2013,51,
2014,51,
2015,51,
2016,51,
2017,51,
2018,51,
2019,51,
2020,51,
2008,52,
2009,52,
2010,52,
2011,52,
2012,52,
2013,52,
2014,52,Local standards
2015,52,Local standards
2016,52,Local standards
2017,52,IFRS
2018,52,IFRS
2019,52,IFRS
2020,52,IFRS
2008,53,IFRS
2009,53,IFRS
2010,53,IFRS
2011,53,IFRS
2012,53,IFRS
2013,53,IFRS
2014,53,IFRS
2015,53,IFRS
2016,53,IFRS
2017,53,IFRS
2018,53,IFRS
2019,53,IFRS
2020,53,IFRS
2008,54,IFRS
2009,54,IFRS
2010,54,IFRS
2011,54,IFRS
2012,54,IFRS
2013,54,IFRS
2014,54,IFRS
2015,54,IFRS
2016,54,IFRS
2017,54,IFRS
2018,54,IFRS
2019,54,IFRS
2020,54,IFRS
2008,55,IFRS
2009,55,IFRS
2010,55,IFRS
2011,55,IFRS
2012,55,IFRS
2013,55,IFRS
2014,55,IFRS
2015,55,IFRS
2016,55,IFRS
2017,55,IFRS
2018,55,IFRS
2019,55,IFRS
2020,55,IFRS
2008,56,IFRS
2009,56,IFRS
2010,56,IFRS
2011,56,IFRS
2012,56,IFRS
2013,56,IFRS
2014,56,IFRS
2015,56,IFRS
2016,56,IFRS
2017,56,IFRS
2018,56,IFRS
2019,56,IFRS
2020,56,IFRS
2008,57,IFRS
2009,57,IFRS
2010,57,IFRS
2011,57,IFRS
2012,57,IFRS
2013,57,IFRS
2014,57,IFRS
2015,57,IFRS
2016,57,IFRS
2017,57,IFRS
2018,57,IFRS
2019,57,
2020,57,
2008,58,IFRS
2009,58,IFRS
2010,58,IFRS
2011,58,IFRS
2012,58,IFRS
2013,58,IFRS
2014,58,IFRS
2015,58,IFRS
2016,58,IFRS
2017,58,IFRS
2018,58,IFRS
2019,58,IFRS
2020,58,IFRS
2008,59,IFRS
2009,59,IFRS
2010,59,IFRS
2011,59,IFRS
2012,59,IFRS
2013,59,IFRS
2014,59,IFRS
2015,59,IFRS
2016,59,IFRS
2017,59,IFRS
2018,59,IFRS
2019,59,IFRS
2020,59,IFRS
2008,60,IFRS
2009,60,IFRS
2010,60,IFRS
2011,60,IFRS
2012,60,IFRS
2013,60,IFRS
2014,60,IFRS
2015,60,IFRS
2016,60,IFRS
2017,60,IFRS
2018,60,IFRS
2019,60,IFRS
2020,60,IFRS
2008,61,IFRS
2009,61,IFRS
2010,61,IFRS
2011,61,IFRS
2012,61,IFRS
2013,61,IFRS
2014,61,IFRS
2015,61,IFRS
2016,61,IFRS
2017,61,IFRS
2018,61,IFRS
2019,61,IFRS
2020,61,IFRS
2008,62,IFRS
2009,62,IFRS
2010,62,IFRS
2011,62,IFRS
2012,62,IFRS
2013,62,IFRS
2014,62,IFRS
2015,62,IFRS
2016,62,IFRS
2017,62,IFRS
2018,62,IFRS
2019,62,IFRS
2020,62,IFRS
2008,63,IFRS
2009,63,IFRS
2010,63,IFRS
2011,63,IFRS
2012,63,IFRS
2013,63,
2014,63,IFRS
2015,63,IFRS
2016,63,IFRS
2017,63,IFRS
2018,63,IFRS
2019,63,IFRS
2020,63,IFRS
2008,64,IFRS
2009,64,IFRS
2010,64,IFRS
2011,64,IFRS
2012,64,IFRS
2013,64,IFRS
2014,64,IFRS
2015,64,IFRS
2016,64,IFRS
2017,64,IFRS
2018,64,IFRS
2019,64,IFRS
2020,64,IFRS
2008,65,IFRS
2009,65,IFRS
2010,65,IFRS
2011,65,IFRS
2012,65,IFRS
2013,65,IFRS
2014,65,IFRS
2015,65,IFRS
2016,65,IFRS
2017,65,IFRS
2018,65,IFRS
2019,65,IFRS
2020,65,IFRS
2008,66,
2009,66,
2010,66,IFRS
2011,66,IFRS
2012,66,IFRS
2013,66,IFRS
2014,66,IFRS
2015,66,IFRS
2016,66,
2017,66,IFRS
2018,66,IFRS
2019,66,IFRS
2020,66,IFRS
2008,67,IFRS
2009,67,IFRS
2010,67,IFRS
2011,67,IFRS
2012,67,IFRS
2013,67,IFRS
2014,67,IFRS
2015,67,IFRS
2016,67,IFRS
2017,67,IFRS
2018,67,IFRS
2019,67,IFRS
2020,67,IFRS
2008,68,IFRS
2009,68,IFRS
2010,68,IFRS
2011,68,IFRS
2012,68,IFRS
2013,68,IFRS
2014,68,IFRS
2015,68,IFRS
2016,68,IFRS
2017,68,IFRS
2018,68,IFRS
2019,68,IFRS
2020,68,IFRS
2008,69,IFRS
2009,69,IFRS
2010,69,IFRS
2011,69,IFRS
2012,69,IFRS
2013,69,IFRS
2014,69,IFRS
2015,69,IFRS
2016,69,IFRS
2017,69,IFRS
2018,69,
2019,69,
2020,69,
2008,70,IFRS
2009,70,IFRS
2010,70,IFRS
2011,70,IFRS
2012,70,IFRS
2013,70,IFRS
2014,70,IFRS
2015,70,IFRS
2016,70,IFRS
2017,70,IFRS
2018,70,IFRS
2019,70,IFRS
2020,70,IFRS
2008,71,IFRS
2009,71,IFRS
2010,71,IFRS
2011,71,IFRS
2012,71,IFRS
2013,71,IFRS
2014,71,IFRS
2015,71,IFRS
2016,71,IFRS
2017,71,IFRS
2018,71,IFRS
2019,71,IFRS
2020,71,IFRS
2008,72,IFRS
2009,72,IFRS
2010,72,IFRS
2011,72,IFRS
2012,72,IFRS
2013,72,IFRS
2014,72,IFRS
2015,72,IFRS
2016,72,IFRS
2017,72,IFRS
2018,72,IFRS
2019,72,IFRS
2020,72,IFRS
2008,73,IFRS
2009,73,IFRS
2010,73,IFRS
2011,73,IFRS
2012,73,IFRS
2013,73,IFRS
2014,73,IFRS
2015,73,IFRS
2016,73,IFRS
2017,73,
2018,73,
2019,73,
2020,73,
2008,74,
2009,74,
2010,74,
2011,74,
2012,74,
2013,74,
2014,74,
2015,74,
2016,74,
2017,74,
2018,74,
2019,74,
2020,74,
2008,75,
2009,75,
2010,75,
2011,75,
2012,75,
2013,75,
2014,75,IFRS
2015,75,IFRS
2016,75,IFRS
2017,75,IFRS
2018,75,IFRS
2019,75,IFRS
2020,75,IFRS
2008,76,IFRS
2009,76,IFRS
2010,76,IFRS
2011,76,IFRS
2012,76,IFRS
2013,76,IFRS
2014,76,IFRS
2015,76,IFRS
2016,76,IFRS
2017,76,IFRS
2018,76,IFRS
2019,76,IFRS
2020,76,IFRS
2008,77,IFRS
2009,77,IFRS
2010,77,IFRS
2011,77,IFRS
2012,77,IFRS
2013,77,IFRS
2014,77,IFRS
2015,77,IFRS
2016,77,IFRS
2017,77,IFRS
2018,77,IFRS
2019,77,IFRS
2020,77,IFRS
2008,78,IFRS
2009,78,IFRS
2010,78,IFRS
2011,78,IFRS
2012,78,IFRS
2013,78,IFRS
2014,78,IFRS
2015,78,IFRS
2016,78,IFRS
2017,78,IFRS
2018,78,IFRS
2019,78,IFRS
2020,78,IFRS
2008,79,IFRS
2009,79,IFRS
2010,79,IFRS
2011,79,IFRS
2012,79,IFRS
2013,79,IFRS
2014,79,IFRS
2015,79,IFRS
2016,79,IFRS
2017,79,IFRS
2018,79,IFRS
2019,79,IFRS
2020,79,IFRS
2008,80,IFRS
2009,80,IFRS
2010,80,IFRS
2011,80,IFRS
2012,80,IFRS
2013,80,IFRS
2014,80,IFRS
2015,80,IFRS
2016,80,IFRS
2017,80,IFRS
2018,80,IFRS
2019,80,IFRS
2020,80,IFRS
2008,81,IFRS
2009,81,IFRS
2010,81,IFRS
2011,81,IFRS
2012,81,IFRS
2013,81,IFRS
2014,81,IFRS
2015,81,IFRS
2016,81,IFRS
2017,81,IFRS
2018,81,IFRS
2019,81,IFRS
2020,81,IFRS
2008,82,
2009,82,
2010,82,
2011,82,
2012,82,Local standards
2013,82,Local standards
2014,82,Local standards
2015,82,Local standards
2016,82,
2017,82,
2018,82,
2019,82,
2020,82,
2008,83,IFRS
2009,83,IFRS
2010,83,IFRS
2011,83,IFRS
2012,83,IFRS
2013,83,IFRS
2014,83,IFRS
2015,83,IFRS
2016,83,IFRS
2017,83,IFRS
2018,83,IFRS
2019,83,IFRS
2020,83,IFRS
2008,84,IFRS
2009,84,IFRS
2010,84,IFRS
2011,84,IFRS
2012,84,IFRS
2013,84,IFRS
2014,84,IFRS
2015,84,IFRS
2016,84,IFRS
2017,84,IFRS
2018,84,IFRS
2019,84,IFRS
2020,84,IFRS
2008,85,IFRS
2009,85,IFRS
2010,85,IFRS
2011,85,IFRS
2012,85,IFRS
2013,85,IFRS
2014,85,IFRS
2015,85,IFRS
2016,85,IFRS
2017,85,IFRS
2018,85,IFRS
2019,85,IFRS
2020,85,IFRS
2008,86,IFRS
2009,86,IFRS
2010,86,IFRS
2011,86,IFRS
2012,86,IFRS
2013,86,IFRS
2014,86,IFRS
2015,86,IFRS
2016,86,IFRS
2017,86,IFRS
2018,86,IFRS
2019,86,IFRS
2020,86,IFRS
2008,87,IFRS
2009,87,IFRS
2010,87,IFRS
2011,87,IFRS
2012,87,IFRS
2013,87,IFRS
2014,87,IFRS
2015,87,IFRS
2016,87,IFRS
2017,87,IFRS
2018,87,IFRS
2019,87,IFRS
2020,87,
2008,88,IFRS
2009,88,IFRS
2010,88,IFRS
2011,88,IFRS
2012,88,IFRS
2013,88,IFRS
2014,88,IFRS
2015,88,IFRS
2016,88,IFRS
2017,88,IFRS
2018,88,IFRS
2019,88,
2020,88,
2008,89,IFRS
2009,89,IFRS
2010,89,IFRS
2011,89,IFRS
2012,89,IFRS
2013,89,IFRS
2014,89,IFRS
2015,89,IFRS
2016,89,IFRS
2017,89,IFRS
2018,89,IFRS
2019,89,
2020,89,
2008,90,IFRS
2009,90,IFRS
2010,90,IFRS
2011,90,IFRS
2012,90,IFRS
2013,90,IFRS
2014,90,IFRS
2015,90,IFRS
2016,90,IFRS
2017,90,IFRS
2018,90,
2019,90,
2020,90,
2008,91,
2009,91,
2010,91,
2011,91,
2012,91,Local standards
2013,91,Local standards
2014,91,Local standards
2015,91,IFRS
2016,91,IFRS
2017,91,IFRS
2018,91,IFRS
2019,91,IFRS
2020,91,
2008,92,
2009,92,
2010,92,
2011,92,
2012,92,
2013,92,
2014,92,Local standards
2015,92,Local standards
2016,92,Local standards
2017,92,Local standards
2018,92,Local standards
2019,92,Local standards
2020,92,
2008,93,
2009,93,
2010,93,
2011,93,
2012,93,
2013,93,
2014,93,
2015,93,
2016,93,
2017,93,
2018,93,
2019,93,
2020,93,
2008,94,
2009,94,
2010,94,
2011,94,
2012,94,
2013,94,
2014,94,
2015,94,
2016,94,
2017,94,
2018,94,
2019,94,
2020,94,
2008,95,IFRS
2009,95,IFRS
2010,95,IFRS
2011,95,IFRS
2012,95,IFRS
2013,95,IFRS
2014,95,IFRS
2015,95,IFRS
2016,95,IFRS
2017,95,IFRS
2018,95,IFRS
2019,95,IFRS
2020,95,IFRS
2008,96,IFRS
2009,96,IFRS
2010,96,IFRS
2011,96,IFRS
2012,96,IFRS
2013,96,IFRS
2014,96,
2015,96,
2016,96,
2017,96,
2018,96,
2019,96,
2020,96,
2008,97,IFRS
2009,97,IFRS
2010,97,IFRS
2011,97,IFRS
2012,97,IFRS
2013,97,IFRS
2014,97,IFRS
2015,97,IFRS
2016,97,IFRS
2017,97,IFRS
2018,97,IFRS
2019,97,IFRS
2020,97,IFRS
2008,98,IFRS
2009,98,IFRS
2010,98,IFRS
2011,98,IFRS
2012,98,IFRS
2013,98,IFRS
2014,98,IFRS
2015,98,IFRS
2016,98,IFRS
2017,98,IFRS
2018,98,IFRS
2019,98,IFRS
2020,98,IFRS
2008,99,IFRS
2009,99,IFRS
2010,99,IFRS
2011,99,IFRS
2012,99,IFRS
2013,99,IFRS
2014,99,IFRS
2015,99,IFRS
2016,99,IFRS
2017,99,IFRS
2018,99,
2019,99,
2020,99,
2008,100,IFRS
2009,100,IFRS
2010,100,IFRS
2011,100,IFRS
2012,100,IFRS
2013,100,IFRS
2014,100,IFRS
2015,100,IFRS
2016,100,IFRS
2017,100,IFRS
2018,100,IFRS
2019,100,IFRS
2020,100,IFRS
2008,101,IFRS
2009,101,IFRS
2010,101,IFRS
2011,101,IFRS
2012,101,IFRS
2013,101,IFRS
2014,101,IFRS
2015,101,IFRS
2016,101,IFRS
2017,101,IFRS
2018,101,IFRS
2019,101,IFRS
2020,101,IFRS
2008,102,IFRS
2009,102,IFRS
2010,102,IFRS
2011,102,IFRS
2012,102,IFRS
2013,102,IFRS
2014,102,IFRS
2015,102,IFRS
2016,102,IFRS
2017,102,IFRS
2018,102,IFRS
2019,102,IFRS
2020,102,IFRS
2008,103,IFRS
2009,103,IFRS
2010,103,IFRS
2011,103,IFRS
2012,103,IFRS
2013,103,IFRS
2014,103,IFRS
2015,103,IFRS
2016,103,IFRS
2017,103,IFRS
2018,103,IFRS
2019,103,
2020,103,
2008,104,IFRS
2009,104,IFRS
2010,104,IFRS
2011,104,IFRS
2012,104,IFRS
2013,104,IFRS
2014,104,IFRS
2015,104,IFRS
2016,104,IFRS
2017,104,IFRS
2018,104,IFRS
2019,104,IFRS
2020,104,IFRS
2008,105,IFRS
2009,105,IFRS
2010,105,IFRS
2011,105,IFRS
2012,105,IFRS
2013,105,IFRS
2014,105,IFRS
2015,105,IFRS
2016,105,IFRS
2017,105,IFRS
2018,105,IFRS
2019,105,IFRS
2020,105,IFRS
2008,106,IFRS
2009,106,IFRS
2010,106,IFRS
2011,106,IFRS
2012,106,IFRS
2013,106,IFRS
2014,106,IFRS
2015,106,IFRS
2016,106,IFRS
2017,106,IFRS
2018,106,IFRS
2019,106,IFRS
2020,106,IFRS
2008,107,IFRS
2009,107,IFRS
2010,107,IFRS
2011,107,IFRS
2012,107,IFRS
2013,107,IFRS
2014,107,IFRS
2015,107,IFRS
2016,107,IFRS
2017,107,IFRS
2018,107,IFRS
2019,107,IFRS
2020,107,IFRS
2008,108,
2009,108,
2010,108,
2011,108,
2012,108,
2013,108,IFRS
2014,108,IFRS
2015,108,IFRS
2016,108,IFRS
2017,108,IFRS
2018,108,IFRS
2019,108,IFRS
2020,108,IFRS
2008,109,
2009,109,IFRS
2010,109,IFRS
2011,109,IFRS
2012,109,IFRS
2013,109,IFRS
2014,109,IFRS
2015,109,IFRS
2016,109,
2017,109,
2018,109,
2019,109,
2020,109,
2008,110,IFRS
2009,110,IFRS
2010,110,IFRS
2011,110,IFRS
2012,110,IFRS
2013,110,IFRS
2014,110,IFRS
2015,110,IFRS
2016,110,IFRS
2017,110,IFRS
2018,110,IFRS
2019,110,IFRS
2020,110,IFRS
2008,111,IFRS
2009,111,IFRS
2010,111,IFRS
2011,111,IFRS
2012,111,IFRS
2013,111,IFRS
2014,111,IFRS
2015,111,IFRS
2016,111,IFRS
2017,111,IFRS
2018,111,IFRS
2019,111,IFRS
2020,111,IFRS
2008,112,IFRS
2009,112,IFRS
2010,112,IFRS
2011,112,IFRS
2012,112,IFRS
2013,112,IFRS
2014,112,IFRS
2015,112,IFRS
2016,112,IFRS
2017,112,IFRS
2018,112,IFRS
2019,112,IFRS
2020,112,
2008,113,IFRS
2009,113,IFRS
2010,113,IFRS
2011,113,IFRS
2012,113,IFRS
2013,113,IFRS
2014,113,IFRS
2015,113,IFRS
2016,113,IFRS
2017,113,IFRS
2018,113,IFRS
2019,113,IFRS
2020,113,IFRS
2008,114,IFRS
2009,114,IFRS
2010,114,IFRS
2011,114,IFRS
2012,114,IFRS
2013,114,IFRS
2014,114,IFRS
2015,114,IFRS
2016,114,IFRS
2017,114,IFRS
2018,114,IFRS
2019,114,IFRS
2020,114,
2008,115,IFRS
2009,115,IFRS
2010,115,IFRS
2011,115,IFRS
2012,115,IFRS
2013,115,IFRS
2014,115,IFRS
2015,115,IFRS
2016,115,
2017,115,
2018,115,
2019,115,
2020,115,
2008,116,IFRS
2009,116,IFRS
2010,116,IFRS
2011,116,IFRS
2012,116,IFRS
2013,116,IFRS
2014,116,IFRS
2015,116,IFRS
2016,116,IFRS
2017,116,IFRS
2018,116,IFRS
2019,116,IFRS
2020,116,IFRS
2008,117,IFRS
2009,117,IFRS
2010,117,IFRS
2011,117,IFRS
2012,117,IFRS
2013,117,IFRS
2014,117,IFRS
2015,117,IFRS
2016,117,IFRS
2017,117,IFRS
2018,117,IFRS
2019,117,IFRS
2020,117,IFRS
2008,118,IFRS
2009,118,IFRS
2010,118,IFRS
2011,118,IFRS
2012,118,IFRS
2013,118,IFRS
2014,118,IFRS
2015,118,IFRS
2016,118,IFRS
2017,118,IFRS
2018,118,IFRS
2019,118,IFRS
2020,118,IFRS
2008,119,IFRS
2009,119,IFRS
2010,119,IFRS
2011,119,IFRS
2012,119,IFRS
2013,119,IFRS
2014,119,IFRS
2015,119,IFRS
2016,119,IFRS
2017,119,IFRS
2018,119,IFRS
2019,119,IFRS
2020,119,IFRS
2008,120,
2009,120,
2010,120,
2011,120,IFRS
2012,120,IFRS
2013,120,IFRS
2014,120,IFRS
2015,120,IFRS
2016,120,IFRS
2017,120,IFRS
2018,120,IFRS
2019,120,IFRS
2020,120,IFRS
2008,121,
2009,121,
2010,121,
2011,121,IFRS
2012,121,IFRS
2013,121,IFRS
2014,121,IFRS
2015,121,IFRS
2016,121,IFRS
2017,121,IFRS
2018,121,IFRS
2019,121,IFRS
2020,121,IFRS
2008,122,IFRS
2009,122,IFRS
2010,122,IFRS
2011,122,IFRS
2012,122,IFRS
2013,122,IFRS
2014,122,IFRS
2015,122,IFRS
2016,122,IFRS
2017,122,IFRS
2018,122,IFRS
2019,122,IFRS
2020,122,IFRS
2008,123,
2009,123,
2010,123,
2011,123,
2012,123,
2013,123,
2014,123,Local standards
2015,123,Local standards
2016,123,Local standards
2017,123,IFRS
2018,123,IFRS
2019,123,IFRS
2020,123,IFRS
2008,124,
2009,124,
2010,124,
2011,124,
2012,124,
2013,124,
2014,124,
2015,124,IFRS
2016,124,IFRS
2017,124,IFRS
2018,124,IFRS
2019,124,IFRS
2020,124,IFRS
2008,125,
2009,125,
2010,125,
2011,125,
2012,125,
2013,125,
2014,125,
2015,125,IFRS
2016,125,IFRS
2017,125,IFRS
2018,125,IFRS
2019,125,IFRS
2020,125,IFRS
2008,126,IFRS
2009,126,IFRS
2010,126,IFRS
2011,126,IFRS
2012,126,IFRS
2013,126,IFRS
2014,126,IFRS
2015,126,IFRS
2016,126,IFRS
2017,126,IFRS
2018,126,IFRS
2019,126,IFRS
2020,126,IFRS
2008,127,IFRS
2009,127,IFRS
2010,127,IFRS
2011,127,IFRS
2012,127,IFRS
2013,127,IFRS
2014,127,IFRS
2015,127,IFRS
2016,127,IFRS
2017,127,IFRS
2018,127,IFRS
2019,127,IFRS
2020,127,IFRS
2008,128,IFRS
2009,128,IFRS
2010,128,IFRS
2011,128,IFRS
2012,128,IFRS
2013,128,IFRS
2014,128,IFRS
2015,128,IFRS
2016,128,IFRS
2017,128,IFRS
2018,128,IFRS
2019,128,
2020,128,
2008,129,IFRS
2009,129,IFRS
2010,129,IFRS
2011,129,IFRS
2012,129,IFRS
2013,129,IFRS
2014,129,IFRS
2015,129,IFRS
2016,129,IFRS
2017,129,IFRS
2018,129,
2019,129,
2020,129,
2008,130,IFRS
2009,130,IFRS
2010,130,IFRS
2011,130,IFRS
2012,130,IFRS
2013,130,IFRS
2014,130,IFRS
2015,130,IFRS
2016,130,IFRS
2017,130,IFRS
2018,130,IFRS
2019,130,
2020,130,
2008,131,IFRS
2009,131,IFRS
2010,131,IFRS
2011,131,IFRS
2012,131,IFRS
2013,131,IFRS
2014,131,IFRS
2015,131,IFRS
2016,131,IFRS
2017,131,IFRS
2018,131,IFRS
2019,131,IFRS
2020,131,IFRS
2008,132,IFRS
2009,132,IFRS
2010,132,IFRS
2011,132,IFRS
2012,132,IFRS
2013,132,IFRS
2014,132,IFRS
2015,132,IFRS
2016,132,IFRS
2017,132,IFRS
2018,132,IFRS
2019,132,IFRS
2020,132,IFRS
2008,133,IFRS
2009,133,IFRS
2010,133,IFRS
2011,133,IFRS
2012,133,IFRS
2013,133,IFRS
2014,133,IFRS
2015,133,IFRS
2016,133,
2017,133,
2018,133,
2019,133,
2020,133,
2008,134,IFRS
2009,134,IFRS
2010,134,IFRS
2011,134,IFRS
2012,134,IFRS
2013,134,IFRS
2014,134,IFRS
2015,134,IFRS
2016,134,IFRS
2017,134,IFRS
2018,134,IFRS
2019,134,IFRS
2020,134,IFRS
2008,135,
2009,135,
2010,135,
2011,135,
2012,135,IFRS
2013,135,IFRS
2014,135,IFRS
2015,135,IFRS
2016,135,IFRS
2017,135,IFRS
2018,135,IFRS
2019,135,IFRS
2020,135,IFRS
2008,136,IFRS
2009,136,IFRS
2010,136,IFRS
2011,136,IFRS
2012,136,IFRS
2013,136,IFRS
2014,136,IFRS
2015,136,IFRS
2016,136,IFRS
2017,136,IFRS
2018,136,IFRS
2019,136,IFRS
2020,136,IFRS
2008,137,IFRS
2009,137,IFRS
2010,137,IFRS
2011,137,IFRS
2012,137,IFRS
2013,137,IFRS
2014,137,IFRS
2015,137,IFRS
2016,137,IFRS
2017,137,IFRS
2018,137,IFRS
2019,137,IFRS
2020,137,IFRS
2008,138,
2009,138,
2010,138,
2011,138,
2012,138,
2013,138,
2014,138,
2015,138,
2016,138,
2017,138,
2018,138,
2019,138,
2020,138,
2008,139,IFRS
2009,139,IFRS
2010,139,IFRS
2011,139,IFRS
2012,139,IFRS
2013,139,IFRS
2014,139,IFRS
2015,139,IFRS
2016,139,IFRS
2017,139,IFRS
2018,139,IFRS
2019,139,IFRS
2020,139,IFRS
2008,140,IFRS
2009,140,IFRS
2010,140,IFRS
2011,140,IFRS
2012,140,IFRS
2013,140,IFRS
2014,140,IFRS
2015,140,IFRS
2016,140,IFRS
2017,140,IFRS
2018,140,IFRS
2019,140,
2020,140,
2008,141,IFRS
2009,141,IFRS
2010,141,IFRS
2011,141,IFRS
2012,141,IFRS
2013,141,IFRS
2014,141,IFRS
2015,141,IFRS
2016,141,IFRS
2017,141,IFRS
2018,141,IFRS
2019,141,IFRS
2020,141,IFRS
2008,142,IFRS
2009,142,IFRS
2010,142,IFRS
2011,142,IFRS
2012,142,IFRS
2013,142,IFRS
2014,142,IFRS
2015,142,IFRS
2016,142,IFRS
2017,142,IFRS
2018,142,IFRS
2019,142,IFRS
2020,142,IFRS
2008,143,IFRS
2009,143,IFRS
2010,143,IFRS
2011,143,IFRS
2012,143,IFRS
2013,143,IFRS
2014,143,IFRS
2015,143,IFRS
2016,143,IFRS
2017,143,IFRS
2018,143,IFRS
2019,143,IFRS
2020,143,
2008,144,IFRS
2009,144,IFRS
2010,144,IFRS
2011,144,IFRS
2012,144,IFRS
2013,144,IFRS
2014,144,IFRS
2015,144,IFRS
2016,144,IFRS
2017,144,IFRS
2018,144,IFRS
2019,144,IFRS
2020,144,IFRS
2008,145,IFRS
2009,145,IFRS
2010,145,IFRS
2011,145,IFRS
2012,145,IFRS
2013,145,IFRS
2014,145,IFRS
2015,145,IFRS
2016,145,IFRS
2017,145,IFRS
2018,145,IFRS
2019,145,IFRS
2020,145,IFRS
2008,146,IFRS
2009,146,IFRS
2010,146,IFRS
2011,146,IFRS
2012,146,IFRS
2013,146,IFRS
2014,146,IFRS
2015,146,IFRS
2016,146,IFRS
2017,146,IFRS
2018,146,IFRS
2019,146,IFRS
2020,146,IFRS
2008,147,IFRS
2009,147,IFRS
2010,147,IFRS
2011,147,IFRS
2012,147,IFRS
2013,147,IFRS
2014,147,IFRS
2015,147,IFRS
2016,147,IFRS
2017,147,IFRS
2018,147,IFRS
2019,147,IFRS
2020,147,IFRS
2008,148,IFRS
2009,148,IFRS
2010,148,IFRS
2011,148,IFRS
2012,148,IFRS
2013,148,IFRS
2014,148,IFRS
2015,148,IFRS
2016,148,IFRS
2017,148,IFRS
2018,148,IFRS
2019,148,IFRS
2020,148,
2008,149,IFRS
2009,149,IFRS
2010,149,IFRS
2011,149,IFRS
2012,149,IFRS
2013,149,IFRS
2014,149,IFRS
2015,149,IFRS
2016,149,IFRS
2017,149,IFRS
2018,149,IFRS
2019,149,IFRS
2020,149,
2008,150,IFRS
2009,150,IFRS
2010,150,IFRS
2011,150,IFRS
2012,150,IFRS
2013,150,IFRS
2014,150,IFRS
2015,150,IFRS
2016,150,IFRS
2017,150,IFRS
2018,150,IFRS
2019,150,IFRS
2020,150,IFRS
2008,151,
2009,151,
2010,151,
2011,151,IFRS
2012,151,IFRS
2013,151,IFRS
2014,151,IFRS
2015,151,IFRS
2016,151,IFRS
2017,151,IFRS
2018,151,IFRS
2019,151,IFRS
2020,151,IFRS
2008,152,
2009,152,
2010,152,
2011,152,
2012,152,
2013,152,
2014,152,IFRS
2015,152,IFRS
2016,152,IFRS
2017,152,IFRS
2018,152,IFRS
2019,152,IFRS
2020,152,IFRS
2008,153,IFRS
2009,153,IFRS
2010,153,IFRS
2011,153,IFRS
2012,153,IFRS
2013,153,IFRS
2014,153,IFRS
2015,153,IFRS
2016,153,IFRS
2017,153,IFRS
2018,153,IFRS
2019,153,IFRS
2020,153,IFRS
2008,154,
2009,154,
2010,154,
2011,154,
2012,154,
2013,154,IFRS
2014,154,IFRS
2015,154,IFRS
2016,154,IFRS
2017,154,IFRS
2018,154,IFRS
2019,154,IFRS
2020,154,IFRS
2008,155,
2009,155,
2010,155,
2011,155,
2012,155,
2013,155,
2014,155,IFRS
2015,155,IFRS
2016,155,IFRS
2017,155,IFRS
2018,155,IFRS
2019,155,IFRS
2020,155,IFRS
2008,156,
2009,156,
2010,156,IFRS
2011,156,IFRS
2012,156,IFRS
2013,156,IFRS
2014,156,IFRS
2015,156,IFRS
2016,156,IFRS
2017,156,IFRS
2018,156,IFRS
2019,156,IFRS
2020,156,IFRS
2008,157,
2009,157,
2010,157,
2011,157,
2012,157,Local standards
2013,157,Local standards
2014,157,Local standards
2015,157,Local standards
2016,157,IFRS
2017,157,IFRS
2018,157,IFRS
2019,157,
2020,157,
2008,158,
2009,158,
2010,158,
2011,158,
2012,158,
2013,158,
2014,158,
2015,158,Local standards
2016,158,Local standards
2017,158,Local standards
2018,158,Local standards
2019,158,Local standards
2020,158,
2008,159,
2009,159,
2010,159,
2011,159,
2012,159,
2013,159,
2014,159,IFRS
2015,159,IFRS
2016,159,IFRS
2017,159,IFRS
2018,159,IFRS
2019,159,IFRS
2020,159,
2008,160,
2009,160,
2010,160,
2011,160,Local standards
2012,160,Local standards
2013,160,Local standards
2014,160,IFRS
2015,160,IFRS
2016,160,IFRS
2017,160,IFRS
2018,160,IFRS
2019,160,IFRS
2020,160,IFRS
2008,161,
2009,161,
2010,161,
2011,161,
2012,161,
2013,161,
2014,161,Local standards
2015,161,Local standards
2016,161,Local standards
2017,161,Local standards
2018,161,Local standards
2019,161,Local standards
2020,161,Local standards
2008,162,
2009,162,
2010,162,
2011,162,
2012,162,
2013,162,
2014,162,IFRS
2015,162,IFRS
2016,162,IFRS
2017,162,IFRS
2018,162,IFRS
2019,162,IFRS
2020,162,IFRS
2008,163,
2009,163,
2010,163,
2011,163,
2012,163,
2013,163,
2014,163,Local standards
2015,163,Local standards
2016,163,Local standards
2017,163,Local standards
2018,163,Local standards
2019,163,Local standards
2020,163,Local standards
2008,164,IFRS
2009,164,IFRS
2010,164,IFRS
2011,164,IFRS
2012,164,IFRS
2013,164,IFRS
2014,164,IFRS
2015,164,IFRS
2016,164,IFRS
2017,164,IFRS
2018,164,IFRS
2019,164,IFRS
2020,164,IFRS
2008,165,
2009,165,
2010,165,
2011,165,
2012,165,
2013,165,
2014,165,
2015,165,
2016,165,
2017,165,
2018,165,
2019,165,
2020,165,
2008,166,
2009,166,
2010,166,
2011,166,
2012,166,
2013,166,
2014,166,IFRS
2015,166,IFRS
2016,166,IFRS
2017,166,IFRS
2018,166,IFRS
2019,166,IFRS
2020,166,IFRS
2008,167,IFRS
2009,167,IFRS
2010,167,IFRS
2011,167,IFRS
2012,167,IFRS
2013,167,IFRS
2014,167,IFRS
2015,167,IFRS
2016,167,IFRS
2017,167,IFRS
2018,167,IFRS
2019,167,IFRS
2020,167,IFRS
2008,168,IFRS
2009,168,IFRS
2010,168,IFRS
2011,168,IFRS
2012,168,IFRS
2013,168,IFRS
2014,168,IFRS
2015,168,IFRS
2016,168,IFRS
2017,168,IFRS
2018,168,IFRS
2019,168,IFRS
2020,168,IFRS
2008,169,IFRS
2009,169,IFRS
2010,169,IFRS
2011,169,IFRS
2012,169,IFRS
2013,169,IFRS
2014,169,IFRS
2015,169,IFRS
2016,169,IFRS
2017,169,IFRS
2018,169,IFRS
2019,169,IFRS
2020,169,IFRS
2008,170,IFRS
2009,170,IFRS
2010,170,IFRS
2011,170,IFRS
2012,170,IFRS
2013,170,IFRS
2014,170,IFRS
2015,170,IFRS
2016,170,IFRS
2017,170,IFRS
2018,170,IFRS
2019,170,IFRS
2020,170,IFRS
2008,171,IFRS
2009,171,IFRS
2010,171,IFRS
2011,171,IFRS
2012,171,IFRS
2013,171,IFRS
2014,171,IFRS
2015,171,IFRS
2016,171,IFRS
2017,171,IFRS
2018,171,IFRS
2019,171,IFRS
2020,171,IFRS
2008,172,Local standards
2009,172,Local standards
2010,172,Local standards
2011,172,Local standards
2012,172,Local standards
2013,172,Local standards
2014,172,Local standards
2015,172,Local standards
2016,172,Local standards
2017,172,Local standards
2018,172,Local standards
2019,172,Local standards
2020,172,Local standards
2008,173,IFRS
2009,173,IFRS
2010,173,IFRS
2011,173,IFRS
2012,173,IFRS
2013,173,IFRS
2014,173,IFRS
2015,173,IFRS
2016,173,IFRS
2017,173,IFRS
2018,173,IFRS
2019,173,IFRS
2020,173,IFRS
2008,174,US standards (GAAP)
2009,174,US standards (GAAP)
2010,174,IFRS
2011,174,IFRS
2012,174,IFRS
2013,174,IFRS
2014,174,IFRS
2015,174,IFRS
2016,174,IFRS
2017,174,IFRS
2018,174,IFRS
2019,174,
2020,174,
2008,175,IFRS
2009,175,IFRS
2010,175,IFRS
2011,175,IFRS
2012,175,IFRS
2013,175,IFRS
2014,175,IFRS
2015,175,IFRS
2016,175,IFRS
2017,175,IFRS
2018,175,IFRS
2019,175,IFRS
2020,175,IFRS
2008,176,IFRS
2009,176,IFRS
2010,176,IFRS
2011,176,IFRS
2012,176,IFRS
2013,176,IFRS
2014,176,IFRS
2015,176,IFRS
2016,176,IFRS
2017,176,IFRS
2018,176,IFRS
2019,176,IFRS
2020,176,IFRS
2008,177,IFRS
2009,177,IFRS
2010,177,IFRS
2011,177,IFRS
2012,177,IFRS
2013,177,IFRS
2014,177,IFRS
2015,177,IFRS
2016,177,IFRS
2017,177,IFRS
2018,177,IFRS
2019,177,IFRS
2020,177,IFRS
2008,178,IFRS
2009,178,IFRS
2010,178,IFRS
2011,178,IFRS
2012,178,IFRS
2013,178,IFRS
2014,178,IFRS
2015,178,IFRS
2016,178,IFRS
2017,178,IFRS
2018,178,IFRS
2019,178,IFRS
2020,178,IFRS
2008,179,IFRS
2009,179,IFRS
2010,179,IFRS
2011,179,IFRS
2012,179,IFRS
2013,179,IFRS
2014,179,IFRS
2015,179,IFRS
2016,179,IFRS
2017,179,IFRS
2018,179,IFRS
2019,179,IFRS
2020,179,IFRS
2008,180,IFRS
2009,180,IFRS
2010,180,IFRS
2011,180,IFRS
2012,180,IFRS
2013,180,IFRS
2014,180,IFRS
2015,180,IFRS
2016,180,IFRS
2017,180,IFRS
2018,180,IFRS
2019,180,IFRS
2020,180,IFRS
2008,181,IFRS
2009,181,IFRS
2010,181,IFRS
2011,181,IFRS
2012,181,IFRS
2013,181,IFRS
2014,181,IFRS
2015,181,IFRS
2016,181,IFRS
2017,181,IFRS
2018,181,IFRS
2019,181,IFRS
2020,181,IFRS
2008,182,IFRS
2009,182,IFRS
2010,182,IFRS
2011,182,IFRS
2012,182,IFRS
2013,182,IFRS
2014,182,IFRS
2015,182,IFRS
2016,182,IFRS
2017,182,IFRS
2018,182,
2019,182,
2020,182,
2008,183,IFRS
2009,183,IFRS
2010,183,IFRS
2011,183,IFRS
2012,183,IFRS
2013,183,IFRS
2014,183,IFRS
2015,183,IFRS
2016,183,IFRS
2017,183,IFRS
2018,183,IFRS
2019,183,IFRS
2020,183,IFRS
2008,184,IFRS
2009,184,IFRS
2010,184,IFRS
2011,184,IFRS
2012,184,IFRS
2013,184,IFRS
2014,184,
2015,184,
2016,184,
2017,184,
2018,184,
2019,184,
2020,184,
2008,185,
2009,185,IFRS
2010,185,IFRS
2011,185,IFRS
2012,185,IFRS
2013,185,IFRS
2014,185,IFRS
2015,185,IFRS
2016,185,IFRS
2017,185,IFRS
2018,185,IFRS
2019,185,IFRS
2020,185,IFRS
2008,186,IFRS
2009,186,IFRS
2010,186,IFRS
2011,186,IFRS
2012,186,IFRS
2013,186,IFRS
2014,186,IFRS
2015,186,IFRS
2016,186,IFRS
2017,186,IFRS
2018,186,IFRS
2019,186,IFRS
2020,186,IFRS
2008,187,
2009,187,
2010,187,
2011,187,
2012,187,Local standards
2013,187,Local standards
2014,187,Local standards
2015,187,IFRS
2016,187,IFRS
2017,187,IFRS
2018,187,IFRS
2019,187,IFRS
2020,187,IFRS
2008,188,
2009,188,
2010,188,IFRS
2011,188,IFRS
2012,188,IFRS
2013,188,IFRS
2014,188,IFRS
2015,188,IFRS
2016,188,IFRS
2017,188,IFRS
2018,188,IFRS
2019,188,IFRS
2020,188,IFRS
2008,189,
2009,189,
2010,189,
2011,189,
2012,189,
2013,189,IFRS
2014,189,IFRS
2015,189,IFRS
2016,189,IFRS
2017,189,IFRS
2018,189,IFRS
2019,189,IFRS
2020,189,IFRS
2008,190,
2009,190,
2010,190,
2011,190,
2012,190,
2013,190,
2014,190,
2015,190,Local standards
2016,190,Local standards
2017,190,Local standards
2018,190,Local standards
2019,190,Local standards
2020,190,Local standards
2008,191,IFRS
2009,191,IFRS
2010,191,IFRS
2011,191,IFRS
2012,191,IFRS
2013,191,IFRS
2014,191,IFRS
2015,191,IFRS
2016,191,IFRS
2017,191,IFRS
2018,191,IFRS
2019,191,IFRS
2020,191,IFRS
2008,192,IFRS
2009,192,IFRS
2010,192,IFRS
2011,192,IFRS
2012,192,IFRS
2013,192,IFRS
2014,192,IFRS
2015,192,IFRS
2016,192,IFRS
2017,192,IFRS
2018,192,IFRS
2019,192,IFRS
2020,192,IFRS
2008,193,IFRS
2009,193,IFRS
2010,193,IFRS
2011,193,IFRS
2012,193,IFRS
2013,193,IFRS
2014,193,
2015,193,IFRS
2016,193,IFRS
2017,193,IFRS
2018,193,IFRS
2019,193,IFRS
2020,193,
2008,194,IFRS
2009,194,IFRS
2010,194,IFRS
2011,194,IFRS
2012,194,IFRS
2013,194,IFRS
2014,194,IFRS
2015,194,IFRS
2016,194,IFRS
2017,194,IFRS
2018,194,IFRS
2019,194,IFRS
2020,194,IFRS
2008,195,
2009,195,
2010,195,
2011,195,Local standards
2012,195,Local standards
2013,195,Local standards
2014,195,Local standards
2015,195,Local standards
2016,195,Local standards
2017,195,IFRS
2018,195,IFRS
2019,195,
2020,195,
2008,196,IFRS
2009,196,IFRS
2010,196,IFRS
2011,196,IFRS
2012,196,IFRS
2013,196,IFRS
2014,196,IFRS
2015,196,IFRS
2016,196,IFRS
2017,196,IFRS
2018,196,IFRS
2019,196,IFRS
2020,196,IFRS
2008,197,IFRS
2009,197,IFRS
2010,197,IFRS
2011,197,IFRS
2012,197,IFRS
2013,197,IFRS
2014,197,IFRS
2015,197,IFRS
2016,197,IFRS
2017,197,
2018,197,
2019,197,
2020,197,
2008,198,IFRS
2009,198,IFRS
2010,198,IFRS
2011,198,IFRS
2012,198,IFRS
2013,198,IFRS
2014,198,IFRS
2015,198,IFRS
2016,198,IFRS
2017,198,IFRS
2018,198,IFRS
2019,198,IFRS
2020,198,IFRS
2008,199,IFRS
2009,199,IFRS
2010,199,IFRS
2011,199,IFRS
2012,199,IFRS
2013,199,IFRS
2014,199,IFRS
2015,199,IFRS
2016,199,IFRS
2017,199,IFRS
2018,199,IFRS
2019,199,IFRS
2020,199,IFRS
2008,200,IFRS
2009,200,IFRS
2010,200,IFRS
2011,200,IFRS
2012,200,IFRS
2013,200,IFRS
2014,200,IFRS
2015,200,IFRS
2016,200,IFRS
2017,200,IFRS
2018,200,IFRS
2019,200,IFRS
2020,200,IFRS
2008,201,IFRS
2009,201,IFRS
2010,201,IFRS
2011,201,IFRS
2012,201,IFRS
2013,201,IFRS
2014,201,IFRS
2015,201,IFRS
2016,201,IFRS
2017,201,
2018,201,
2019,201,
2020,201,
2008,202,IFRS
2009,202,IFRS
2010,202,IFRS
2011,202,IFRS
2012,202,IFRS
2013,202,IFRS
2014,202,IFRS
2015,202,IFRS
2016,202,IFRS
2017,202,IFRS
2018,202,IFRS
2019,202,IFRS
2020,202,IFRS
2008,203,IFRS
2009,203,IFRS
2010,203,IFRS
2011,203,IFRS
2012,203,IFRS
2013,203,IFRS
2014,203,IFRS
2015,203,IFRS
2016,203,IFRS
2017,203,IFRS
2018,203,IFRS
2019,203,IFRS
2020,203,IFRS
2008,204,IFRS
2009,204,IFRS
2010,204,IFRS
2011,204,IFRS
2012,204,IFRS
2013,204,IFRS
2014,204,IFRS
2015,204,IFRS
2016,204,IFRS
2017,204,IFRS
2018,204,IFRS
2019,204,IFRS
2020,204,IFRS
2008,205,IFRS
2009,205,IFRS
2010,205,IFRS
2011,205,IFRS
2012,205,IFRS
2013,205,IFRS
2014,205,IFRS
2015,205,IFRS
2016,205,IFRS
2017,205,IFRS
2018,205,IFRS
2019,205,
2020,205,
2008,206,IFRS
2009,206,IFRS
2010,206,IFRS
2011,206,IFRS
2012,206,IFRS
2013,206,IFRS
2014,206,IFRS
2015,206,IFRS
2016,206,
2017,206,
2018,206,
2019,206,
2020,206,
2008,207,IFRS
2009,207,IFRS
2010,207,IFRS
2011,207,IFRS
2012,207,IFRS
2013,207,IFRS
2014,207,IFRS
2015,207,IFRS
2016,207,IFRS
2017,207,IFRS
2018,207,
2019,207,
2020,207,
2008,208,IFRS
2009,208,IFRS
2010,208,IFRS
2011,208,IFRS
2012,208,IFRS
2013,208,IFRS
2014,208,IFRS
2015,208,IFRS
2016,208,IFRS
2017,208,IFRS
2018,208,IFRS
2019,208,IFRS
2020,208,IFRS
2008,209,
2009,209,
2010,209,IFRS
2011,209,IFRS
2012,209,IFRS
2013,209,IFRS
2014,209,IFRS
2015,209,IFRS
2016,209,IFRS
2017,209,IFRS
2018,209,IFRS
2019,209,IFRS
2020,209,IFRS
2008,210,
2009,210,
2010,210,
2011,210,
2012,210,
2013,210,
2014,210,Local standards
2015,210,Local standards
2016,210,IFRS
2017,210,IFRS
2018,210,IFRS
2019,210,IFRS
2020,210,IFRS
2008,211,
2009,211,IFRS
2010,211,IFRS
2011,211,IFRS
2012,211,IFRS
2013,211,IFRS
2014,211,IFRS
2015,211,IFRS
2016,211,IFRS
2017,211,IFRS
2018,211,IFRS
2019,211,IFRS
2020,211,IFRS
2008,212,
2009,212,
2010,212,IFRS
2011,212,IFRS
2012,212,IFRS
2013,212,IFRS
2014,212,IFRS
2015,212,IFRS
2016,212,IFRS
2017,212,IFRS
2018,212,IFRS
2019,212,IFRS
2020,212,IFRS
2008,213,
2009,213,
2010,213,IFRS
2011,213,IFRS
2012,213,IFRS
2013,213,IFRS
2014,213,IFRS
2015,213,IFRS
2016,213,IFRS
2017,213,
2018,213,
2019,213,
2020,213,
2008,214,
2009,214,
2010,214,
2011,214,
2012,214,
2013,214,Local standards
2014,214,Local standards
2015,214,Local standards
2016,214,IFRS
2017,214,IFRS
2018,214,IFRS
2019,214,IFRS
2020,214,IFRS
2008,215,
2009,215,
2010,215,
2011,215,Local standards
2012,215,Local standards
2013,215,Local standards
2014,215,Local standards
2015,215,Local standards
2016,215,Local standards
2017,215,
2018,215,
2019,215,
2020,215,
2008,216,
2009,216,
2010,216,
2011,216,
2012,216,
2013,216,
2014,216,IFRS
2015,216,IFRS
2016,216,IFRS
2017,216,IFRS
2018,216,IFRS
2019,216,IFRS
2020,216,IFRS
2008,217,
2009,217,
2010,217,
2011,217,
2012,217,
2013,217,IFRS
2014,217,IFRS
2015,217,IFRS
2016,217,IFRS
2017,217,IFRS
2018,217,IFRS
2019,217,IFRS
2020,217,IFRS
2008,218,IFRS
2009,218,IFRS
2010,218,IFRS
2011,218,IFRS
2012,218,IFRS
2013,218,IFRS
2014,218,IFRS
2015,218,IFRS
2016,218,IFRS
2017,218,IFRS
2018,218,IFRS
2019,218,IFRS
2020,218,IFRS
2008,219,IFRS
2009,219,IFRS
2010,219,IFRS
2011,219,IFRS
2012,219,IFRS
2013,219,IFRS
2014,219,IFRS
2015,219,IFRS
2016,219,IFRS
2017,219,IFRS
2018,219,IFRS
2019,219,IFRS
2020,219,IFRS
2008,220,IFRS
2009,220,IFRS
2010,220,IFRS
2011,220,IFRS
2012,220,IFRS
2013,220,IFRS
2014,220,IFRS
2015,220,IFRS
2016,220,IFRS
2017,220,IFRS
2018,220,IFRS
2019,220,IFRS
2020,220,
2008,221,IFRS
2009,221,IFRS
2010,221,IFRS
2011,221,IFRS
2012,221,IFRS
2013,221,IFRS
2014,221,IFRS
2015,221,IFRS
2016,221,IFRS
2017,221,IFRS
2018,221,IFRS
2019,221,IFRS
2020,221,IFRS
2008,222,
2009,222,
2010,222,
2011,222,
2012,222,
2013,222,
2014,222,Local standards
2015,222,Local standards
2016,222,Local standards
2017,222,Local standards
2018,222,Local standards
2019,222,Local standards
2020,222,Local standards
2008,223,
2009,223,
2010,223,
2011,223,
2012,223,
2013,223,
2014,223,IFRS
2015,223,Local standards
2016,223,Local standards
2017,223,Local standards
2018,223,
2019,223,
2020,223,
2008,224,
2009,224,
2010,224,
2011,224,
2012,224,
2013,224,
2014,224,
2015,224,
2016,224,
2017,224,
2018,224,
2019,224,
2020,224,
2008,225,
2009,225,
2010,225,IFRS
2011,225,IFRS
2012,225,IFRS
2013,225,IFRS
2014,225,IFRS
2015,225,IFRS
2016,225,IFRS
2017,225,IFRS
2018,225,IFRS
2019,225,IFRS
2020,225,IFRS
2008,226,IFRS
2009,226,IFRS
2010,226,IFRS
2011,226,IFRS
2012,226,IFRS
2013,226,IFRS
2014,226,IFRS
2015,226,IFRS
2016,226,IFRS
2017,226,IFRS
2018,226,IFRS
2019,226,IFRS
2020,226,IFRS
2008,227,
2009,227,
2010,227,
2011,227,IFRS
2012,227,IFRS
2013,227,IFRS
2014,227,IFRS
2015,227,IFRS
2016,227,IFRS
2017,227,IFRS
2018,227,IFRS
2019,227,IFRS
2020,227,IFRS
2008,228,IFRS
2009,228,IFRS
2010,228,IFRS
2011,228,IFRS
2012,228,IFRS
2013,228,IFRS
2014,228,IFRS
2015,228,IFRS
2016,228,IFRS
2017,228,IFRS
2018,228,IFRS
2019,228,IFRS
2020,228,IFRS
2008,229,
2009,229,
2010,229,
2011,229,IFRS
2012,229,IFRS
2013,229,IFRS
2014,229,IFRS
2015,229,IFRS
2016,229,IFRS
2017,229,IFRS
2018,229,IFRS
2019,229,
2020,229,
2008,230,
2009,230,
2010,230,
2011,230,
2012,230,IFRS
2013,230,IFRS
2014,230,IFRS
2015,230,IFRS
2016,230,IFRS
2017,230,IFRS
2018,230,IFRS
2019,230,IFRS
2020,230,IFRS
2008,231,IFRS
2009,231,IFRS
2010,231,IFRS
2011,231,IFRS
2012,231,IFRS
2013,231,IFRS
2014,231,IFRS
2015,231,IFRS
2016,231,IFRS
2017,231,IFRS
2018,231,IFRS
2019,231,IFRS
2020,231,IFRS
2008,232,IFRS
2009,232,IFRS
2010,232,IFRS
2011,232,IFRS
2012,232,IFRS
2013,232,IFRS
2014,232,IFRS
2015,232,IFRS
2016,232,IFRS
2017,232,IFRS
2018,232,IFRS
2019,232,IFRS
2020,232,IFRS
2008,233,IFRS
2009,233,IFRS
2010,233,IFRS
2011,233,IFRS
2012,233,IFRS
2013,233,IFRS
2014,233,IFRS
2015,233,IFRS
2016,233,IFRS
2017,233,IFRS
2018,233,IFRS
2019,233,IFRS
2020,233,
2008,234,IFRS
2009,234,IFRS
2010,234,IFRS
2011,234,IFRS
2012,234,IFRS
2013,234,IFRS
2014,234,IFRS
2015,234,IFRS
2016,234,IFRS
2017,234,IFRS
2018,234,IFRS
2019,234,IFRS
2020,234,IFRS
2008,235,IFRS
2009,235,IFRS
2010,235,IFRS
2011,235,IFRS
2012,235,IFRS
2013,235,IFRS
2014,235,IFRS
2015,235,IFRS
2016,235,IFRS
2017,235,IFRS
2018,235,IFRS
2019,235,IFRS
2020,235,
2008,236,IFRS
2009,236,IFRS
2010,236,IFRS
2011,236,IFRS
2012,236,IFRS
2013,236,IFRS
2014,236,IFRS
2015,236,IFRS
2016,236,IFRS
2017,236,IFRS
2018,236,IFRS
2019,236,IFRS
2020,236,IFRS
2008,237,IFRS
2009,237,IFRS
2010,237,IFRS
2011,237,IFRS
2012,237,IFRS
2013,237,IFRS
2014,237,IFRS
2015,237,IFRS
2016,237,IFRS
2017,237,IFRS
2018,237,IFRS
2019,237,IFRS
2020,237,IFRS
2008,238,IFRS
2009,238,IFRS
2010,238,IFRS
2011,238,IFRS
2012,238,IFRS
2013,238,IFRS
2014,238,IFRS
2015,238,IFRS
2016,238,IFRS
2017,238,IFRS
2018,238,IFRS
2019,238,IFRS
2020,238,IFRS
2008,239,IFRS
2009,239,IFRS
2010,239,IFRS
2011,239,IFRS
2012,239,IFRS
2013,239,IFRS
2014,239,IFRS
2015,239,IFRS
2016,239,IFRS
2017,239,IFRS
2018,239,IFRS
2019,239,IFRS
2020,239,IFRS
2008,240,IFRS
2009,240,IFRS
2010,240,IFRS
2011,240,IFRS
2012,240,IFRS
2013,240,IFRS
2014,240,IFRS
2015,240,IFRS
2016,240,IFRS
2017,240,IFRS
2018,240,IFRS
2019,240,IFRS
2020,240,IFRS
2008,241,IFRS
2009,241,IFRS
2010,241,IFRS
2011,241,IFRS
2012,241,IFRS
2013,241,IFRS
2014,241,IFRS
2015,241,IFRS
2016,241,IFRS
2017,241,IFRS
2018,241,IFRS
2019,241,IFRS
2020,241,IFRS
2008,242,IFRS
2009,242,IFRS
2010,242,IFRS
2011,242,IFRS
2012,242,IFRS
2013,242,IFRS
2014,242,IFRS
2015,242,IFRS
2016,242,IFRS
2017,242,IFRS
2018,242,IFRS
2019,242,IFRS
2020,242,IFRS
2008,243,
2009,243,
2010,243,
2011,243,
2012,243,
2013,243,
2014,243,
2015,243,
2016,243,
2017,243,
2018,243,
2019,243,
2020,243,
2008,244,IFRS
2009,244,IFRS
2010,244,IFRS
2011,244,IFRS
2012,244,IFRS
2013,244,IFRS
2014,244,IFRS
2015,244,IFRS
2016,244,IFRS
2017,244,IFRS
2018,244,
2019,244,
2020,244,
2008,245,
2009,245,
2010,245,
2011,245,IFRS
2012,245,IFRS
2013,245,IFRS
2014,245,IFRS
2015,245,IFRS
2016,245,IFRS
2017,245,IFRS
2018,245,IFRS
2019,245,IFRS
2020,245,IFRS
2008,246,IFRS
2009,246,IFRS
2010,246,IFRS
2011,246,IFRS
2012,246,IFRS
2013,246,IFRS
2014,246,IFRS
2015,246,IFRS
2016,246,IFRS
2017,246,IFRS
2018,246,IFRS
2019,246,IFRS
2020,246,IFRS
2008,247,
2009,247,
2010,247,
2011,247,
2012,247,
2013,247,
2014,247,
2015,247,
2016,247,
2017,247,
2018,247,
2019,247,
2020,247,
2008,248,
2009,248,
2010,248,
2011,248,
2012,248,
2013,248,
2014,248,
2015,248,
2016,248,
2017,248,
2018,248,
2019,248,
2020,248,
2008,249,IFRS
2009,249,IFRS
2010,249,IFRS
2011,249,IFRS
2012,249,IFRS
2013,249,IFRS
2014,249,IFRS
2015,249,IFRS
2016,249,IFRS
2017,249,IFRS
2018,249,IFRS
2019,249,IFRS
2020,249,IFRS
2008,250,
2009,250,
2010,250,
2011,250,
2012,250,
2013,250,
2014,250,
2015,250,
2016,250,
2017,250,IFRS
2018,250,IFRS
2019,250,IFRS
2020,250,IFRS
2008,251,
2009,251,
2010,251,
2011,251,
2012,251,
2013,251,
2014,251,
2015,251,
2016,251,
2017,251,
2018,251,
2019,251,
2020,251,
2008,252,
2009,252,
2010,252,
2011,252,
2012,252,
2013,252,
2014,252,
2015,252,
2016,252,
2017,252,
2018,252,
2019,252,
2020,252,
2008,253,
2009,253,
2010,253,
2011,253,
2012,253,
2013,253,Local standards
2014,253,Local standards
2015,253,Local standards
2016,253,IFRS
2017,253,IFRS
2018,253,IFRS
2019,253,IFRS
2020,253,IFRS
2008,254,IFRS
2009,254,IFRS
2010,254,IFRS
2011,254,IFRS
2012,254,IFRS
2013,254,IFRS
2014,254,IFRS
2015,254,IFRS
2016,254,IFRS
2017,254,IFRS
2018,254,IFRS
2019,254,IFRS
2020,254,IFRS
2008,255,IFRS
2009,255,IFRS
2010,255,IFRS
2011,255,IFRS
2012,255,IFRS
2013,255,IFRS
2014,255,IFRS
2015,255,IFRS
2016,255,IFRS
2017,255,IFRS
2018,255,IFRS
2019,255,IFRS
2020,255,IFRS
2008,256,
2009,256,
2010,256,
2011,256,
2012,256,
2013,256,
2014,256,
2015,256,
2016,256,
2017,256,
2018,256,
2019,256,
2020,256,
2008,257,
2009,257,
2010,257,
2011,257,
2012,257,
2013,257,IFRS
2014,257,IFRS
2015,257,IFRS
2016,257,IFRS
2017,257,IFRS
2018,257,IFRS
2019,257,IFRS
2020,257,IFRS
2008,258,
2009,258,
2010,258,
2011,258,
2012,258,
2013,258,
2014,258,
2015,258,
2016,258,IFRS
2017,258,IFRS
2018,258,IFRS
2019,258,IFRS
2020,258,IFRS
2008,259,
2009,259,
2010,259,
2011,259,
2012,259,
2013,259,
2014,259,
2015,259,
2016,259,
2017,259,
2018,259,
2019,259,
2020,259,
2008,260,
2009,260,
2010,260,
2011,260,
2012,260,
2013,260,
2014,260,
2015,260,
2016,260,
2017,260,
2018,260,
2019,260,
2020,260,
2008,261,
2009,261,
2010,261,
2011,261,
2012,261,
2013,261,
2014,261,
2015,261,
2016,261,
2017,261,
2018,261,
2019,261,
2020,261,
2008,262,
2009,262,
2010,262,
2011,262,
2012,262,
2013,262,IFRS
2014,262,IFRS
2015,262,IFRS
2016,262,IFRS
2017,262,IFRS
2018,262,IFRS
2019,262,IFRS
2020,262,IFRS
2008,263,IFRS
2009,263,IFRS
2010,263,IFRS
2011,263,IFRS
2012,263,IFRS
2013,263,IFRS
2014,263,IFRS
2015,263,IFRS
2016,263,IFRS
2017,263,IFRS
2018,263,IFRS
2019,263,
2020,263,
2008,264,IFRS
2009,264,IFRS
2010,264,IFRS
2011,264,IFRS
2012,264,IFRS
2013,264,IFRS
2014,264,IFRS
2015,264,IFRS
2016,264,IFRS
2017,264,IFRS
2018,264,IFRS
2019,264,IFRS
2020,264,IFRS
2008,265,
2009,265,
2010,265,
2011,265,
2012,265,Local standards
2013,265,
2014,265,Local standards
2015,265,Local standards
2016,265,Local standards
2017,265,Local standards
2018,265,Local standards
2019,265,Local standards
2020,265,Local standards
2008,266,
2009,266,
2010,266,
2011,266,
2012,266,
2013,266,
2014,266,IFRS
2015,266,IFRS
2016,266,IFRS
2017,266,IFRS
2018,266,IFRS
2019,266,IFRS
2020,266,IFRS
2008,267,
2009,267,
2010,267,
2011,267,
2012,267,
2013,267,
2014,267,
2015,267,
2016,267,
2017,267,
2018,267,
2019,267,
2020,267,
2008,268,
2009,268,
2010,268,
2011,268,
2012,268,
2013,268,
2014,268,
2015,268,
2016,268,
2017,268,
2018,268,
2019,268,
2020,268,
2008,269,
2009,269,
2010,269,
2011,269,
2012,269,
2013,269,
2014,269,
2015,269,IFRS
2016,269,IFRS
2017,269,IFRS
2018,269,IFRS
2019,269,IFRS
2020,269,IFRS
2008,270,
2009,270,
2010,270,
2011,270,
2012,270,
2013,270,
2014,270,
2015,270,
2016,270,Local standards
2017,270,Local standards
2018,270,Local standards
2019,270,Local standards
2020,270,Local standards
2008,271,
2009,271,
2010,271,
2011,271,
2012,271,
2013,271,
2014,271,Local standards
2015,271,Local standards
2016,271,Local standards
2017,271,Local standards
2018,271,Local standards
2019,271,Local standards
2020,271,Local standards
2008,272,
2009,272,
2010,272,
2011,272,
2012,272,
2013,272,
2014,272,IFRS
2015,272,IFRS
2016,272,IFRS
2017,272,IFRS
2018,272,IFRS
2019,272,IFRS
2020,272,IFRS
2008,273,
2009,273,
2010,273,
2011,273,
2012,273,
2013,273,
2014,273,
2015,273,
2016,273,IFRS
2017,273,IFRS
2018,273,IFRS
2019,273,IFRS
2020,273,IFRS
2008,274,
2009,274,
2010,274,
2011,274,
2012,274,
2013,274,
2014,274,IFRS
2015,274,IFRS
2016,274,IFRS
2017,274,IFRS
2018,274,IFRS
2019,274,IFRS
2020,274,IFRS
2008,275,
2009,275,
2010,275,
2011,275,
2012,275,
2013,275,Local standards
2014,275,Local standards
2015,275,Local standards
2016,275,Local standards
2017,275,Local standards
2018,275,Local standards
2019,275,
2020,275,
2008,276,
2009,276,
2010,276,
2011,276,
2012,276,
2013,276,
2014,276,
2015,276,
2016,276,
2017,276,
2018,276,
2019,276,
2020,276,
2008,277,
2009,277,
2010,277,
2011,277,
2012,277,
2013,277,IFRS
2014,277,IFRS
2015,277,IFRS
2016,277,IFRS
2017,277,IFRS
2018,277,IFRS
2019,277,IFRS
2020,277,IFRS
2008,278,
2009,278,
2010,278,
2011,278,
2012,278,
2013,278,
2014,278,Local standards
2015,278,Local standards
2016,278,Local standards
2017,278,Local standards
2018,278,Local standards
2019,278,Local standards
2020,278,
2008,279,
2009,279,
2010,279,
2011,279,
2012,279,
2013,279,
2014,279,
2015,279,Local standards
2016,279,Local standards
2017,279,Local standards
2018,279,Local standards
2019,279,Local standards
2020,279,Local standards
2008,280,
2009,280,
2010,280,
2011,280,
2012,280,
2013,280,
2014,280,
2015,280,
2016,280,
2017,280,
2018,280,
2019,280,
2020,280,
2008,281,
2009,281,
2010,281,
2011,281,
2012,281,
2013,281,
2014,281,
2015,281,
2016,281,
2017,281,
2018,281,
2019,281,
2020,281,
2008,282,
2009,282,
2010,282,
2011,282,
2012,282,
2013,282,
2014,282,
2015,282,
2016,282,
2017,282,
2018,282,
2019,282,
2020,282,
2008,283,
2009,283,
2010,283,
2011,283,
2012,283,
2013,283,
2014,283,
2015,283,
2016,283,
2017,283,
2018,283,
2019,283,
2020,283,
2008,284,
2009,284,
2010,284,
2011,284,
2012,284,
2013,284,
2014,284,
2015,284,
2016,284,
2017,284,
2018,284,
2019,284,
2020,284,
2008,285,
2009,285,
2010,285,
2011,285,
2012,285,
2013,285,
2014,285,
2015,285,
2016,285,
2017,285,
2018,285,
2019,285,
2020,285,
2008,286,
2009,286,
2010,286,
2011,286,
2012,286,
2013,286,
2014,286,
2015,286,
2016,286,
2017,286,
2018,286,
2019,286,
2020,286,
2008,287,
2009,287,
2010,287,
2011,287,
2012,287,
2013,287,
2014,287,
2015,287,
2016,287,
2017,287,
2018,287,
2019,287,
2020,287,
2008,288,
2009,288,
2010,288,
2011,288,
2012,288,
2013,288,
2014,288,
2015,288,
2016,288,Local standards
2017,288,Local standards
2018,288,Local standards
2019,288,Local standards
2020,288,Local standards
2008,289,
2009,289,
2010,289,
2011,289,
2012,289,
2013,289,
2014,289,
2015,289,
2016,289,
2017,289,
2018,289,
2019,289,
2020,289,
2008,290,
2009,290,
2010,290,
2011,290,
2012,290,
2013,290,
2014,290,
2015,290,Local standards
2016,290,Local standards
2017,290,Local standards
2018,290,Local standards
2019,290,Local standards
2020,290,Local standards
2008,291,
2009,291,
2010,291,
2011,291,
2012,291,
2013,291,
2014,291,
2015,291,
2016,291,
2017,291,
2018,291,
2019,291,
2020,291,
2008,292,
2009,292,
2010,292,
2011,292,
2012,292,
2013,292,
2014,292,IFRS
2015,292,IFRS
2016,292,IFRS
2017,292,IFRS
2018,292,IFRS
2019,292,IFRS
2020,292,IFRS
2008,293,
2009,293,
2010,293,
2011,293,
2012,293,IFRS
2013,293,IFRS
2014,293,IFRS
2015,293,IFRS
2016,293,IFRS
2017,293,IFRS
2018,293,IFRS
2019,293,IFRS
2020,293,IFRS
2008,294,
2009,294,
2010,294,
2011,294,
2012,294,IFRS
2013,294,IFRS
2014,294,IFRS
2015,294,IFRS
2016,294,IFRS
2017,294,IFRS
2018,294,IFRS
2019,294,IFRS
2020,294,IFRS
2008,295,
2009,295,
2010,295,
2011,295,
2012,295,
2013,295,
2014,295,
2015,295,
2016,295,
2017,295,
2018,295,
2019,295,
2020,295,
2008,296,
2009,296,
2010,296,
2011,296,
2012,296,
2013,296,
2014,296,
2015,296,IFRS
2016,296,IFRS
2017,296,IFRS
2018,296,IFRS
2019,296,IFRS
2020,296,IFRS
2008,297,
2009,297,
2010,297,
2011,297,
2012,297,
2013,297,
2014,297,
2015,297,IFRS
2016,297,IFRS
2017,297,IFRS
2018,297,IFRS
2019,297,IFRS
2020,297,IFRS
2008,298,
2009,298,
2010,298,
2011,298,
2012,298,
2013,298,
2014,298,
2015,298,Local standards
2016,298,Local standards
2017,298,IFRS
2018,298,IFRS
2019,298,IFRS
2020,298,IFRS
2008,299,
2009,299,
2010,299,
2011,299,
2012,299,
2013,299,
2014,299,
2015,299,Local standards
2016,299,Local standards
2017,299,Local standards
2018,299,IFRS
2019,299,IFRS
2020,299,IFRS
2008,300,
2009,300,
2010,300,
2011,300,
2012,300,
2013,300,
2014,300,
2015,300,
2016,300,
2017,300,
2018,300,
2019,300,
2020,300,
2008,301,
2009,301,
2010,301,
2011,301,
2012,301,
2013,301,
2014,301,
2015,301,
2016,301,
2017,301,
2018,301,
2019,301,
2020,301,
2008,302,
2009,302,
2010,302,
2011,302,
2012,302,
2013,302,
2014,302,
2015,302,Local standards
2016,302,Local standards
2017,302,Local standards
2018,302,IFRS
2019,302,IFRS
2020,302,IFRS
2008,303,
2009,303,
2010,303,
2011,303,
2012,303,
2013,303,
2014,303,
2015,303,
2016,303,
2017,303,
2018,303,
2019,303,
2020,303,
2008,304,
2009,304,
2010,304,
2011,304,
2012,304,
2013,304,
2014,304,
2015,304,
2016,304,
2017,304,
2018,304,
2019,304,
2020,304,
2008,305,
2009,305,
2010,305,
2011,305,
2012,305,
2013,305,
2014,305,
2015,305,
2016,305,
2017,305,
2018,305,
2019,305,
2020,305,
2008,306,
2009,306,
2010,306,
2011,306,
2012,306,
2013,306,
2014,306,
2015,306,
2016,306,
2017,306,
2018,306,
2019,306,
2020,306,
2008,307,
2009,307,
2010,307,
2011,307,
2012,307,
2013,307,
2014,307,
2015,307,
2016,307,
2017,307,
2018,307,
2019,307,
2020,307,
2008,308,
2009,308,
2010,308,
2011,308,
2012,308,
2013,308,
2014,308,
2015,308,
2016,308,IFRS
2017,308,IFRS
2018,308,IFRS
2019,308,IFRS
2020,308,IFRS
2008,309,
2009,309,
2010,309,
2011,309,
2012,309,
2013,309,
2014,309,
2015,309,
2016,309,
2017,309,
2018,309,
2019,309,
2020,309,
2008,310,
2009,310,
2010,310,
2011,310,
2012,310,
2013,310,
2014,310,
2015,310,
2016,310,
2017,310,
2018,310,
2019,310,
2020,310,
2008,311,
2009,311,
2010,311,
2011,311,
2012,311,
2013,311,
2014,311,
2015,311,
2016,311,
2017,311,
2018,311,
2019,311,
2020,311,
2008,312,
2009,312,
2010,312,
2011,312,
2012,312,
2013,312,
2014,312,
2015,312,
2016,312,
2017,312,
2018,312,
2019,312,
2020,312,
2008,313,
2009,313,
2010,313,
2011,313,
2012,313,
2013,313,
2014,313,
2015,313,
2016,313,
2017,313,
2018,313,
2019,313,
2020,313,
2008,314,
2009,314,
2010,314,
2011,314,
2012,314,
2013,314,
2014,314,
2015,314,
2016,314,
2017,314,
2018,314,
2019,314,
2020,314,
2008,315,
2009,315,
2010,315,
2011,315,
2012,315,
2013,315,
2014,315,
2015,315,
2016,315,
2017,315,
2018,315,
2019,315,
2020,315,
2008,316,
2009,316,
2010,316,
2011,316,
2012,316,
2013,316,
2014,316,
2015,316,
2016,316,
2017,316,
2018,316,
2019,316,
2020,316,
2008,317,
2009,317,
2010,317,
2011,317,
2012,317,
2013,317,
2014,317,
2015,317,
2016,317,
2017,317,
2018,317,
2019,317,
2020,317,
2008,318,
2009,318,
2010,318,
2011,318,
2012,318,
2013,318,
2014,318,
2015,318,
2016,318,
2017,318,
2018,318,
2019,318,
2020,318,
2008,319,
2009,319,
2010,319,
2011,319,
2012,319,
2013,319,
2014,319,
2015,319,
2016,319,
2017,319,
2018,319,
2019,319,
2020,319,
2008,320,
2009,320,
2010,320,
2011,320,
2012,320,
2013,320,
2014,320,
2015,320,
2016,320,Local standards
2017,320,Local standards
2018,320,Local standards
2019,320,Local standards
2020,320,Local standards
2008,321,
2009,321,
2010,321,
2011,321,
2012,321,
2013,321,
2014,321,
2015,321,
2016,321,
2017,321,
2018,321,
2019,321,
2020,321,
2008,322,
2009,322,
2010,322,
2011,322,
2012,322,
2013,322,
2014,322,
2015,322,
2016,322,
2017,322,
2018,322,
2019,322,
2020,322,
2008,323,
2009,323,
2010,323,
2011,323,
2012,323,
2013,323,
2014,323,
2015,323,
2016,323,
2017,323,
2018,323,
2019,323,
2020,323,
2008,324,
2009,324,
2010,324,
2011,324,
2012,324,
2013,324,
2014,324,
2015,324,
2016,324,
2017,324,
2018,324,
2019,324,
2020,324,
2008,325,
2009,325,
2010,325,
2011,325,
2012,325,
2013,325,
2014,325,
2015,325,
2016,325,
2017,325,
2018,325,
2019,325,
2020,325,
