Date,Id,Net_income
2008,1,
2009,1,
2010,1,
2011,1,
2012,1,
2013,1,
2014,1,
2015,1,
2016,1,
2017,1,
2018,1,
2019,1,
2020,1,
2008,2,-2174
2009,2,-1816
2010,2,572
2011,2,-2810
2012,2,737
2013,2,1962
2014,2,-29549
2015,2,-39236
2016,2,
2017,2,
2018,2,
2019,2,
2020,2,
2008,3,
2009,3,
2010,3,
2011,3,
2012,3,
2013,3,
2014,3,-1427
2015,3,-11786
2016,3,-33141
2017,3,3237
2018,3,16618
2019,3,5086
2020,3,673
2008,4,
2009,4,
2010,4,
2011,4,
2012,4,
2013,4,253
2014,4,-1610
2015,4,1206
2016,4,463
2017,4,-2404
2018,4,-9839
2019,4,421
2020,4,
2008,5,
2009,5,
2010,5,
2011,5,
2012,5,
2013,5,
2014,5,-715
2015,5,227
2016,5,-525
2017,5,-3239
2018,5,56
2019,5,132
2020,5,
2008,6,
2009,6,
2010,6,
2011,6,
2012,6,
2013,6,
2014,6,1083
2015,6,1434
2016,6,-2234
2017,6,-9750
2018,6,
2019,6,
2020,6,
2008,7,
2009,7,
2010,7,
2011,7,
2012,7,1526
2013,7,1655
2014,7,1986
2015,7,4059
2016,7,8757
2017,7,6047
2018,7,3803
2019,7,
2020,7,
2008,8,37512
2009,8,10528
2010,8,32271
2011,8,42937
2012,8,77770
2013,8,89016
2014,8,129054
2015,8,183962
2016,8,240632
2017,8,263428
2018,8,238349
2019,8,231301
2020,8,136533
2008,9,14212
2009,9,16210
2010,9,9816
2011,9,9094
2012,9,-33609
2013,9,-33551
2014,9,-70814
2015,9,-9554
2016,9,-8663
2017,9,8189
2018,9,12863
2019,9,7889
2020,9,9754
2008,10,43001
2009,10,46031
2010,10,42811
2011,10,47053
2012,10,42008
2013,10,-6547
2014,10,16065
2015,10,11873
2016,10,14040
2017,10,16884
2018,10,36075
2019,10,46749
2020,10,31322
2008,11,26706
2009,11,22238
2010,11,19459
2011,11,-9138
2012,11,2863
2013,11,-25558
2014,11,-1783
2015,11,-35288
2016,11,-25245
2017,11,4139
2018,11,4671
2019,11,6048
2020,11,-7662
2008,12,-204126
2009,12,-30747
2010,12,-33076
2011,12,-11485
2012,12,32863
2013,12,-10387
2014,12,-1263
2015,12,-18169
2016,12,20531
2017,12,1312
2018,12,2173
2019,12,-23075
2020,12,-24438
2008,13,28495
2009,13,-7639
2010,13,18821
2011,13,24736
2012,13,29325
2013,13,21124
2014,13,3639
2015,13,1120
2016,13,9336
2017,13,26604
2018,13,14005
2019,13,3202
2020,13,-35131
2008,14,
2009,14,
2010,14,
2011,14,
2012,14,
2013,14,
2014,14,
2015,14,
2016,14,
2017,14,
2018,14,
2019,14,
2020,14,
2008,15,
2009,15,
2010,15,
2011,15,
2012,15,
2013,15,
2014,15,
2015,15,
2016,15,
2017,15,
2018,15,
2019,15,
2020,15,
2008,16,
2009,16,
2010,16,
2011,16,
2012,16,
2013,16,
2014,16,
2015,16,
2016,16,
2017,16,
2018,16,
2019,16,
2020,16,
2008,17,
2009,17,
2010,17,
2011,17,
2012,17,225403
2013,17,240774
2014,17,261371
2015,17,287816
2016,17,398762
2017,17,530747
2018,17,784678
2019,17,695818
2020,17,607817
2008,18,
2009,18,
2010,18,
2011,18,
2012,18,
2013,18,
2014,18,
2015,18,-1295
2016,18,-4024
2017,18,-5824
2018,18,-7270
2019,18,-7705
2020,18,-6335
2008,19,126547
2009,19,137112
2010,19,156200
2011,19,159200
2012,19,156700
2013,19,149800
2014,19,128900
2015,19,175400
2016,19,166300
2017,19,274500
2018,19,296300
2019,19,308400
2020,19,187900
2008,20,
2009,20,
2010,20,
2011,20,
2012,20,
2013,20,
2014,20,
2015,20,3592
2016,20,4340
2017,20,6733
2018,20,6350
2019,20,7899
2020,20,14193
2008,21,
2009,21,
2010,21,
2011,21,
2012,21,9487
2013,21,7106
2014,21,12688
2015,21,11495
2016,21,16586
2017,21,17936
2018,21,19792
2019,21,15172
2020,21,
2008,22,
2009,22,
2010,22,
2011,22,9340
2012,22,10075
2013,22,7826
2014,22,7634
2015,22,6195
2016,22,5914
2017,22,6736
2018,22,7079
2019,22,4349
2020,22,882
2008,23,96
2009,23,660
2010,23,-4252
2011,23,10315
2012,23,221
2013,23,-4329
2014,23,-878
2015,23,3132
2016,23,2733
2017,23,213
2018,23,363
2019,23,-13907
2020,23,16151
2008,24,34801
2009,24,25086
2010,24,31880
2011,24,31146
2012,24,29027
2013,24,21629
2014,24,29181
2015,24,32441
2016,24,44125
2017,24,40239
2018,24,51880
2019,24,49338
2020,24,103047
2008,25,
2009,25,
2010,25,
2011,25,
2012,25,51
2013,25,136
2014,25,515
2015,25,3009
2016,25,358
2017,25,5233
2018,25,11932
2019,25,
2020,25,
2008,26,42101
2009,26,51458
2010,26,63056
2011,26,71195
2012,26,74126
2013,26,75213
2014,26,81559
2015,26,80876
2016,26,72457
2017,26,-101175
2018,26,-1908424
2019,26,-72000
2020,26,1801721
2008,27,5445
2009,27,-4608
2010,27,1444
2011,27,1551
2012,27,1591
2013,27,-7851
2014,27,-1841
2015,27,5865
2016,27,11215
2017,27,11356
2018,27,-4098
2019,27,-6386
2020,27,-5777
2008,28,8233
2009,28,2496
2010,28,513
2011,28,-50031
2012,28,-14394
2013,28,6521
2014,28,37389
2015,28,44925
2016,28,82414
2017,28,48909
2018,28,60638
2019,28,44092
2020,28,44782
2008,29,5082
2009,29,4643
2010,29,439
2011,29,-1727
2012,29,-1892
2013,29,751
2014,29,727
2015,29,833
2016,29,159
2017,29,-1183
2018,29,
2019,29,
2020,29,
2008,30,74661
2009,30,82158
2010,30,46360
2011,30,25700
2012,30,10803
2013,30,13763
2014,30,24415
2015,30,-115187
2016,30,-86400
2017,30,-432839
2018,30,-143427
2019,30,-75802
2020,30,241468
2008,31,713
2009,31,284
2010,31,-1732
2011,31,-534
2012,31,-783
2013,31,-849
2014,31,-42
2015,31,-1214
2016,31,-780
2017,31,-455
2018,31,-512
2019,31,-1519
2020,31,
2008,32,-3618
2009,32,-2415
2010,32,981
2011,32,734
2012,32,-4210
2013,32,-3834
2014,32,258
2015,32,488
2016,32,6984
2017,32,1882
2018,32,1871
2019,32,2322
2020,32,425
2008,33,-13549
2009,33,-6567
2010,33,-15834
2011,33,-5541
2012,33,-14571
2013,33,-19715
2014,33,-16763
2015,33,-22010
2016,33,-9870
2017,33,-12105
2018,33,-34222
2019,33,
2020,33,
2008,34,138814
2009,34,71288
2010,34,45780
2011,34,-3147
2012,34,-395837
2013,34,-165049
2014,34,-107131
2015,34,-119981
2016,34,
2017,34,
2018,34,
2019,34,
2020,34,
2008,35,65273
2009,35,29842
2010,35,9344
2011,35,3025
2012,35,16462
2013,35,40124
2014,35,71634
2015,35,67477
2016,35,67270
2017,35,71471
2018,35,127194
2019,35,83569
2020,35,102008
2008,36,395252
2009,36,139519
2010,36,-63463
2011,36,26408
2012,36,-28475
2013,36,-50678
2014,36,116588
2015,36,125330
2016,36,145866
2017,36,391622
2018,36,382133
2019,36,385671
2020,36,560246
2008,37,-106053
2009,37,97258
2010,37,21269
2011,37,-147707
2012,37,-270294
2013,37,-129735
2014,37,-44813
2015,37,6954
2016,37,56974
2017,37,114972
2018,37,27701
2019,37,63520
2020,37,68315
2008,38,166386
2009,38,77608
2010,38,128445
2011,38,177394
2012,38,602659
2013,38,187748
2014,38,93773
2015,38,60592
2016,38,59921
2017,38,-106918
2018,38,54197
2019,38,-22128
2020,38,146990
2008,39,-5445
2009,39,-4409
2010,39,-4612
2011,39,7952
2012,39,4143
2013,39,-849
2014,39,-26814
2015,39,-8593
2016,39,915
2017,39,4952
2018,39,3451
2019,39,21055
2020,39,30945
2008,40,17927
2009,40,4175
2010,40,2499
2011,40,18863
2012,40,-79207
2013,40,15089
2014,40,3352
2015,40,5275
2016,40,-3935
2017,40,20350
2018,40,44159
2019,40,48436
2020,40,45606
2008,41,-14178
2009,41,-45206
2010,41,-38466
2011,41,-20851
2012,41,-12559
2013,41,7295
2014,41,-408
2015,41,-3559
2016,41,-8418
2017,41,-802
2018,41,6972
2019,41,1539
2020,41,-4079
2008,42,5293000
2009,42,5395000
2010,42,4390000
2011,42,4148000
2012,42,865000
2013,42,3235000
2014,42,517000
2015,42,2196000
2016,42,2570000
2017,42,3779000
2018,42,4789000
2019,42,2174000
2020,42,2610000
2008,43,327500
2009,43,771000
2010,43,613600
2011,43,440000
2012,43,463600
2013,43,513600
2014,43,544500
2015,43,595500
2016,43,633100
2017,43,688300
2018,43,706600
2019,43,757300
2020,43,785500
2008,44,-4779
2009,44,-10439
2010,44,-19840
2011,44,-4398
2012,44,-1804
2013,44,-2322
2014,44,-2811
2015,44,-2687
2016,44,-1556
2017,44,
2018,44,
2019,44,
2020,44,
2008,45,
2009,45,
2010,45,
2011,45,
2012,45,
2013,45,
2014,45,
2015,45,
2016,45,
2017,45,
2018,45,
2019,45,
2020,45,
2008,46,185687
2009,46,-52492
2010,46,92148
2011,46,85958
2012,46,77383
2013,46,141940
2014,46,162459
2015,46,174992
2016,46,262347
2017,46,180682
2018,46,270999
2019,46,283686
2020,46,284948
2008,47,314000
2009,47,80000
2010,47,308000
2011,47,-420000
2012,47,260000
2013,47,62000
2014,47,-37000
2015,47,73000
2016,47,224000
2017,47,294000
2018,47,344000
2019,47,393000
2020,47,364000
2008,48,810000
2009,48,418000
2010,48,452000
2011,48,408000
2012,48,413000
2013,48,528000
2014,48,359000
2015,48,166000
2016,48,
2017,48,
2018,48,
2019,48,
2020,48,
2008,49,
2009,49,
2010,49,-3
2011,49,41
2012,49,164
2013,49,137
2014,49,126
2015,49,182
2016,49,-704
2017,49,-968
2018,49,-4477
2019,49,4
2020,49,142
2008,50,
2009,50,
2010,50,
2011,50,
2012,50,2087
2013,50,3941
2014,50,5130
2015,50,1455
2016,50,2214
2017,50,836
2018,50,1464
2019,50,3688
2020,50,4837
2008,51,
2009,51,
2010,51,
2011,51,
2012,51,
2013,51,
2014,51,
2015,51,
2016,51,
2017,51,
2018,51,
2019,51,
2020,51,
2008,52,
2009,52,
2010,52,
2011,52,
2012,52,
2013,52,
2014,52,1557
2015,52,905
2016,52,943
2017,52,4451
2018,52,1304
2019,52,285
2020,52,-458
2008,53,20332
2009,53,-26297
2010,53,3135
2011,53,15584
2012,53,3340
2013,53,-562
2014,53,4836
2015,53,8820
2016,53,14082
2017,53,13860
2018,53,232333
2019,53,19837
2020,53,4787
2008,54,8329
2009,54,-5258
2010,54,1268
2011,54,-270
2012,54,23199
2013,54,6080
2014,54,16520
2015,54,14371
2016,54,40408
2017,54,15634
2018,54,16794
2019,54,26017
2020,54,20255
2008,55,17844
2009,55,-12164
2010,55,18028
2011,55,25915
2012,55,9938
2013,55,26906
2014,55,30857
2015,55,40547
2016,55,45846
2017,55,60080
2018,55,62210
2019,55,50069
2020,55,13411
2008,56,5476
2009,56,-8696
2010,56,-5965
2011,56,1933
2012,56,5307
2013,56,5429
2014,56,9763
2015,56,6017
2016,56,10102
2017,56,18515
2018,56,24056
2019,56,9046
2020,56,-7201
2008,57,30194
2009,57,26813
2010,57,29229
2011,57,30594
2012,57,27192
2013,57,16096
2014,57,15444
2015,57,15217
2016,57,13141
2017,57,22931
2018,57,18823
2019,57,
2020,57,
2008,58,237000
2009,58,248000
2010,58,148000
2011,58,-136000
2012,58,168000
2013,58,149000
2014,58,115000
2015,58,214000
2016,58,246000
2017,58,227000
2018,58,130000
2019,58,292000
2020,58,178000
2008,59,10857
2009,59,6887
2010,59,11340
2011,59,11400
2012,59,11539
2013,59,10503
2014,59,13542
2015,59,15933
2016,59,16927
2017,59,21104
2018,59,20926
2019,59,19946
2020,59,18975
2008,60,7748
2009,60,8062
2010,60,9380
2011,60,9841
2012,60,-19919
2013,60,-7190
2014,60,3429
2015,60,494
2016,60,3831
2017,60,3509
2018,60,-9187
2019,60,-1333
2020,60,-8937
2008,61,4636
2009,61,-9907
2010,61,9311
2011,61,8713
2012,61,586
2013,61,-8486
2014,61,-224
2015,61,-4769
2016,61,3948
2017,61,6864
2018,61,8151
2019,61,7042
2020,61,4353
2008,62,5252
2009,62,-15168
2010,62,10800
2011,62,10275
2012,62,1109
2013,62,111
2014,62,3795
2015,62,2949
2016,62,55
2017,62,4685
2018,62,5876
2019,62,1942
2020,62,2726
2008,63,-7540
2009,63,-9229
2010,63,-6479
2011,63,-3442
2012,63,-3552
2013,63,-876
2014,63,-7881
2015,63,3418
2016,63,2865
2017,63,11375
2018,63,10123
2019,63,10877
2020,63,15029
2008,64,2214000
2009,64,1581000
2010,64,3121000
2011,64,-4726000
2012,64,-1627000
2013,64,-674000
2014,64,1350000
2015,64,-72000
2016,64,1808000
2017,64,1121000
2018,64,-1411000
2019,64,916000
2020,64,7224000
2008,65,31708
2009,65,38111
2010,65,45121
2011,65,49043
2012,65,48299
2013,65,46737
2014,65,51105
2015,65,58083
2016,65,58524
2017,65,65504
2018,65,68505
2019,65,66609
2020,65,-2413
2008,66,
2009,66,
2010,66,-56
2011,66,2684
2012,66,-15422
2013,66,5662
2014,66,1712
2015,66,-19449
2016,66,16874
2017,66,19506
2018,66,23232
2019,66,18497
2020,66,-15344
2008,67,-1221
2009,67,800
2010,67,1001
2011,67,-1021
2012,67,-1099
2013,67,1270
2014,67,791
2015,67,517
2016,67,12015
2017,67,-261
2018,67,398
2019,67,-6511
2020,67,4132
2008,68,-2171
2009,68,-16728
2010,68,-3646
2011,68,11360
2012,68,244
2013,68,-124
2014,68,-2273
2015,68,-3380
2016,68,-2787
2017,68,-5146
2018,68,-3631
2019,68,-5966
2020,68,-6357
2008,69,673100
2009,69,519000
2010,69,282000
2011,69,224300
2012,69,77100
2013,69,221000
2014,69,203100
2015,69,145800
2016,69,78500
2017,69,103400
2018,69,
2019,69,
2020,69,
2008,70,2911
2009,70,3588
2010,70,3993
2011,70,2592
2012,70,4490
2013,70,6841
2014,70,10701
2015,70,10519
2016,70,8345
2017,70,6924
2018,70,5923
2019,70,7226
2020,70,7864
2008,71,989
2009,71,1163
2010,71,1345
2011,71,1408
2012,71,962
2013,71,2093
2014,71,2171
2015,71,181
2016,71,2380
2017,71,2803
2018,71,3535
2019,71,860
2020,71,-1898
2008,72,2539
2009,72,15493
2010,72,10898
2011,72,4093
2012,72,7838
2013,72,15477
2014,72,24953
2015,72,44833
2016,72,33723
2017,72,30414
2018,72,27337
2019,72,19850
2020,72,56684
2008,73,4516
2009,73,-212
2010,73,916
2011,73,2175
2012,73,16
2013,73,245
2014,73,489
2015,73,6768
2016,73,2035
2017,73,
2018,73,
2019,73,
2020,73,
2008,74,
2009,74,
2010,74,
2011,74,
2012,74,
2013,74,
2014,74,
2015,74,
2016,74,
2017,74,
2018,74,
2019,74,
2020,74,
2008,75,
2009,75,
2010,75,
2011,75,
2012,75,
2013,75,
2014,75,765
2015,75,-907
2016,75,477
2017,75,-2498
2018,75,-965
2019,75,-3854
2020,75,-4214
2008,76,530000
2009,76,732000
2010,76,1106000
2011,76,790000
2012,76,779000
2013,76,917000
2014,76,1198000
2015,76,1238000
2016,76,861000
2017,76,897000
2018,76,960000
2019,76,1090000
2020,76,1101000
2008,77,111252
2009,77,-5003
2010,77,143104
2011,77,-108961
2012,77,152559
2013,77,80554
2014,77,85795
2015,77,118193
2016,77,173980
2017,77,237720
2018,77,242116
2019,77,236578
2020,77,235322
2008,78,94765
2009,78,71052
2010,78,117218
2011,78,104590
2012,78,118658
2013,78,164934
2014,78,164772
2015,78,180000
2016,78,207300
2017,78,251400
2018,78,281900
2019,78,385700
2020,78,302700
2008,79,725
2009,79,3024
2010,79,8679
2011,79,4269
2012,79,6355
2013,79,7439
2014,79,5467
2015,79,11935
2016,79,10743
2017,79,10016
2018,79,10740
2019,79,18566
2020,79,17948
2008,80,18452
2009,80,25288
2010,80,31174
2011,80,6266
2012,80,27865
2013,80,38678
2014,80,35583
2015,80,43014
2016,80,53635
2017,80,47135
2018,80,44625
2019,80,493216
2020,80,58701
2008,81,346000
2009,81,240000
2010,81,21000
2011,81,-871000
2012,81,81000
2013,81,96000
2014,81,40000
2015,81,-980000
2016,81,-389000
2017,81,-176000
2018,81,54000
2019,81,-479000
2020,81,19000
2008,82,
2009,82,
2010,82,
2011,82,
2012,82,1671
2013,82,20486
2014,82,41111
2015,82,-58159
2016,82,
2017,82,
2018,82,
2019,82,
2020,82,
2008,83,33671
2009,83,27770
2010,83,33780
2011,83,34876
2012,83,30532
2013,83,26134
2014,83,23838
2015,83,29046
2016,83,31191
2017,83,39874
2018,83,45020
2019,83,53053
2020,83,45627
2008,84,52165
2009,84,62293
2010,84,22866
2011,84,1211
2012,84,-57573
2013,84,-130360
2014,84,-14468
2015,84,18687
2016,84,21249
2017,84,-2966
2018,84,4535
2019,84,-69807
2020,84,16313
2008,85,-6449
2009,85,-6945
2010,85,1367
2011,85,-3125
2012,85,-12334
2013,85,1775
2014,85,5478
2015,85,9790
2016,85,3132
2017,85,14568
2018,85,27170
2019,85,15597
2020,85,33551
2008,86,52165
2009,86,62293
2010,86,22866
2011,86,1211
2012,86,-57573
2013,86,-130360
2014,86,-14468
2015,86,18687
2016,86,21249
2017,86,-2966
2018,86,4535
2019,86,-69807
2020,86,16313
2008,87,-5418
2009,87,-6369
2010,87,-3069
2011,87,-9328
2012,87,-20967
2013,87,-4434
2014,87,-14281
2015,87,-7303
2016,87,32677
2017,87,-1556
2018,87,-4703
2019,87,-4819
2020,87,
2008,88,-13096
2009,88,59
2010,88,-1741
2011,88,-8080
2012,88,-7181
2013,88,-4162
2014,88,-2983
2015,88,-1772
2016,88,-4234
2017,88,-2317
2018,88,-3433
2019,88,
2020,88,
2008,89,15127
2009,89,-4709
2010,89,-18242
2011,89,-14525
2012,89,-11939
2013,89,-8563
2014,89,-8557
2015,89,-3454
2016,89,5623
2017,89,-5454
2018,89,-3982
2019,89,
2020,89,
2008,90,2402
2009,90,4098
2010,90,9117
2011,90,10000
2012,90,10183
2013,90,12620
2014,90,13802
2015,90,16608
2016,90,33930
2017,90,18571
2018,90,
2019,90,
2020,90,
2008,91,
2009,91,
2010,91,
2011,91,
2012,91,-1981
2013,91,-2381
2014,91,-2997
2015,91,-1494
2016,91,2428
2017,91,1806
2018,91,1930
2019,91,1573
2020,91,
2008,92,
2009,92,
2010,92,
2011,92,
2012,92,
2013,92,
2014,92,290
2015,92,-671
2016,92,-1221
2017,92,-2129
2018,92,259
2019,92,-2767
2020,92,
2008,93,
2009,93,
2010,93,
2011,93,
2012,93,
2013,93,
2014,93,
2015,93,
2016,93,
2017,93,
2018,93,
2019,93,
2020,93,
2008,94,
2009,94,
2010,94,
2011,94,
2012,94,
2013,94,
2014,94,
2015,94,
2016,94,
2017,94,
2018,94,
2019,94,
2020,94,
2008,95,-14536
2009,95,29153
2010,95,30527
2011,95,42698
2012,95,43182
2013,95,12848
2014,95,46475
2015,95,46805
2016,95,63620
2017,95,100578
2018,95,100443
2019,95,108666
2020,95,101004
2008,96,-51114
2009,96,-24461
2010,96,-4963
2011,96,-44371
2012,96,-11894
2013,96,-4180
2014,96,
2015,96,
2016,96,
2017,96,
2018,96,
2019,96,
2020,96,
2008,97,-1612
2009,97,-3430
2010,97,-18167
2011,97,-47195
2012,97,13621
2013,97,3340
2014,97,49
2015,97,-842
2016,97,132
2017,97,-2156
2018,97,1024
2019,97,598
2020,97,-1921
2008,98,37459
2009,98,70047
2010,98,90418
2011,98,99607
2012,98,87396
2013,98,83028
2014,98,84074
2015,98,100420
2016,98,112383
2017,98,139878
2018,98,158128
2019,98,175735
2020,98,248296
2008,99,2449
2009,99,3720
2010,99,5592
2011,99,307
2012,99,-2168
2013,99,-10955
2014,99,1896
2015,99,2410
2016,99,2306
2017,99,-18335
2018,99,
2019,99,
2020,99,
2008,100,40160
2009,100,32357
2010,100,74915
2011,100,90248
2012,100,117987
2013,100,116921
2014,100,126532
2015,100,149533
2016,100,167411
2017,100,178263
2018,100,184702
2019,100,161005
2020,100,200133
2008,101,393
2009,101,733
2010,101,-104
2011,101,-380
2012,101,-1715
2013,101,562
2014,101,-1272
2015,101,294
2016,101,503
2017,101,-86
2018,101,-906
2019,101,-2
2020,101,3495
2008,102,3579
2009,102,231
2010,102,4262
2011,102,4162
2012,102,5008
2013,102,1357
2014,102,2592
2015,102,6190
2016,102,-5563
2017,102,166
2018,102,-961
2019,102,3063
2020,102,-1787
2008,103,-23492
2009,103,-9865
2010,103,-18657
2011,103,-2841
2012,103,876
2013,103,-746
2014,103,4146
2015,103,4083
2016,103,2703
2017,103,-5251
2018,103,-48539
2019,103,
2020,103,
2008,104,6446
2009,104,7533
2010,104,7243
2011,104,9097
2012,104,7779
2013,104,3263
2014,104,3526
2015,104,4119
2016,104,3946
2017,104,3435
2018,104,4840
2019,104,34535
2020,104,-7714
2008,105,737
2009,105,-1385
2010,105,-817
2011,105,-696
2012,105,44
2013,105,76
2014,105,36
2015,105,-1070
2016,105,-394
2017,105,741
2018,105,-416
2019,105,-391
2020,105,318
2008,106,14822
2009,106,9383
2010,106,11570
2011,106,5755
2012,106,8421
2013,106,10326
2014,106,10467
2015,106,8846
2016,106,17595
2017,106,16165
2018,106,25397
2019,106,12949
2020,106,19300
2008,107,-37924
2009,107,-47146
2010,107,-20517
2011,107,-15960
2012,107,-9351
2013,107,-13769
2014,107,-34130
2015,107,-19531
2016,107,4464
2017,107,3555
2018,107,4302
2019,107,2472
2020,107,65436
2008,108,
2009,108,
2010,108,
2011,108,
2012,108,
2013,108,-670
2014,108,-461
2015,108,-16663
2016,108,20993
2017,108,15767
2018,108,8747
2019,108,24000
2020,108,8607
2008,109,
2009,109,7586
2010,109,12134
2011,109,13820
2012,109,18197
2013,109,11913
2014,109,16525
2015,109,27124
2016,109,
2017,109,
2018,109,
2019,109,
2020,109,
2008,110,-4264
2009,110,-8888
2010,110,-9455
2011,110,-3012
2012,110,-1596
2013,110,-3757
2014,110,2
2015,110,-893
2016,110,-1666
2017,110,301
2018,110,-172
2019,110,-416
2020,110,15
2008,111,8917
2009,111,-13448
2010,111,-6111
2011,111,-4186
2012,111,-3005
2013,111,-3627
2014,111,-9551
2015,111,-5618
2016,111,-2643
2017,111,-934
2018,111,-565
2019,111,2670
2020,111,5036
2008,112,41034
2009,112,36857
2010,112,16996
2011,112,27990
2012,112,47704
2013,112,51540
2014,112,51562
2015,112,69915
2016,112,93536
2017,112,85590
2018,112,104032
2019,112,169248
2020,112,
2008,113,19987
2009,113,-26696
2010,113,-5392
2011,113,-2438
2012,113,-6530
2013,113,6435
2014,113,13766
2015,113,20971
2016,113,29384
2017,113,42558
2018,113,43672
2019,113,13027
2020,113,2531
2008,114,-1850
2009,114,-55
2010,114,690
2011,114,407
2012,114,-45
2013,114,-1435
2014,114,2894
2015,114,2723
2016,114,2462
2017,114,-3066
2018,114,-1314
2019,114,-4118
2020,114,
2008,115,3104
2009,115,-8312
2010,115,-438
2011,115,1592
2012,115,1799
2013,115,123
2014,115,1044
2015,115,4782
2016,115,
2017,115,
2018,115,
2019,115,
2020,115,
2008,116,15410
2009,116,11583
2010,116,16867
2011,116,10775
2012,116,4196
2013,116,8104
2014,116,8338
2015,116,8998
2016,116,9009
2017,116,14835
2018,116,15614
2019,116,9915
2020,116,13961
2008,117,7134
2009,117,7368
2010,117,5243
2011,117,6590
2012,117,8133
2013,117,4384
2014,117,4909
2015,117,6931
2016,117,-3944
2017,117,-1430
2018,117,28
2019,117,2967
2020,117,-6828
2008,118,11310
2009,118,-45856
2010,118,-7228
2011,118,5036
2012,118,-15299
2013,118,1290
2014,118,-7913
2015,118,-8915
2016,118,-9087
2017,118,13668
2018,118,12187
2019,118,8121
2020,118,-3271
2008,119,39228
2009,119,13903
2010,119,26509
2011,119,41232
2012,119,51418
2013,119,43201
2014,119,56936
2015,119,117639
2016,119,93850
2017,119,134442
2018,119,172905
2019,119,179170
2020,119,170980
2008,120,
2009,120,
2010,120,
2011,120,7666
2012,120,15343
2013,120,56717
2014,120,66935
2015,120,-174607
2016,120,25491
2017,120,57140
2018,120,72440
2019,120,-141242
2020,120,-240057
2008,121,
2009,121,
2010,121,
2011,121,
2012,121,791000
2013,121,789000
2014,121,694481
2015,121,213972
2016,121,-337945
2017,121,403816
2018,121,1161035
2019,121,781924
2020,121,-653738
2008,122,145610
2009,122,135133
2010,122,201040
2011,122,192461
2012,122,190366
2013,122,162521
2014,122,153456
2015,122,161801
2016,122,88305
2017,122,50540
2018,122,58374
2019,122,67016
2020,122,79264
2008,123,
2009,123,
2010,123,
2011,123,
2012,123,
2013,123,
2014,123,119
2015,123,372
2016,123,414
2017,123,-178
2018,123,-1680
2019,123,917
2020,123,775
2008,124,
2009,124,
2010,124,
2011,124,
2012,124,
2013,124,
2014,124,
2015,124,2307
2016,124,720
2017,124,488
2018,124,-1
2019,124,55
2020,124,-10271
2008,125,
2009,125,
2010,125,
2011,125,
2012,125,
2013,125,
2014,125,
2015,125,9099
2016,125,15846
2017,125,5642
2018,125,15407
2019,125,17573
2020,125,9878
2008,126,-68651
2009,126,-23929
2010,126,-18351
2011,126,-14292
2012,126,-78732
2013,126,-26920
2014,126,155851
2015,126,6169
2016,126,-4378
2017,126,35402
2018,126,20866
2019,126,-1868
2020,126,4523
2008,127,4792
2009,127,12587
2010,127,11344
2011,127,4018
2012,127,-246
2013,127,2809
2014,127,3247
2015,127,9321
2016,127,15088
2017,127,19643
2018,127,21353
2019,127,16620
2020,127,4030
2008,128,76917
2009,128,134836
2010,128,150034
2011,128,152594
2012,128,492980
2013,128,138760
2014,128,143148
2015,128,160690
2016,128,161957
2017,128,238272
2018,128,264502
2019,128,
2020,128,
2008,129,14155
2009,129,20727
2010,129,27565
2011,129,40357
2012,129,31751
2013,129,24754
2014,129,27362
2015,129,29229
2016,129,42049
2017,129,50105
2018,129,
2019,129,
2020,129,
2008,130,77544
2009,130,87756
2010,130,94592
2011,130,72956
2012,130,75665
2013,130,74956
2014,130,80636
2015,130,93228
2016,130,77968
2017,130,64975
2018,130,88349
2019,130,
2020,130,
2008,131,2660
2009,131,2693
2010,131,3535
2011,131,4351
2012,131,6353
2013,131,2755
2014,131,4199
2015,131,8498
2016,131,9814
2017,131,10550
2018,131,14596
2019,131,14149
2020,131,-12470
2008,132,715183
2009,132,689865
2010,132,682952
2011,132,830312
2012,132,808078
2013,132,637677
2014,132,740252
2015,132,852527
2016,132,1121838
2017,132,1171783
2018,132,818041
2019,132,136000
2020,132,-1177000
2008,133,3750
2009,133,-19803
2010,133,10662
2011,133,-4686
2012,133,-47942
2013,133,-32747
2014,133,-41796
2015,133,-81385
2016,133,
2017,133,
2018,133,
2019,133,
2020,133,
2008,134,42672
2009,134,88661
2010,134,104435
2011,134,103629
2012,134,377709
2013,134,92368
2014,134,99786
2015,134,108121
2016,134,95527
2017,134,150120
2018,134,166544
2019,134,76279
2020,134,108837
2008,135,
2009,135,
2010,135,
2011,135,
2012,135,2223
2013,135,3924
2014,135,6873
2015,135,6957
2016,135,11311
2017,135,15969
2018,135,17927
2019,135,20852
2020,135,-13590
2008,136,3748
2009,136,-5378
2010,136,-204
2011,136,-2965
2012,136,2027
2013,136,-1576
2014,136,1925
2015,136,9105
2016,136,12539
2017,136,11297
2018,136,9174
2019,136,-1513
2020,136,14970
2008,137,3075
2009,137,1668
2010,137,2615
2011,137,3626
2012,137,4345
2013,137,4513
2014,137,4533
2015,137,4977
2016,137,6117
2017,137,6231
2018,137,9323
2019,137,8612
2020,137,1917
2008,138,
2009,138,
2010,138,
2011,138,
2012,138,
2013,138,
2014,138,
2015,138,
2016,138,
2017,138,
2018,138,
2019,138,
2020,138,
2008,139,-11663
2009,139,1016
2010,139,352
2011,139,1135
2012,139,1547
2013,139,-7082
2014,139,1718
2015,139,3090
2016,139,8555
2017,139,12817
2018,139,-39514
2019,139,3832
2020,139,4368
2008,140,-7825
2009,140,-9329
2010,140,518
2011,140,-9655
2012,140,-17206
2013,140,-20431
2014,140,-10347
2015,140,436
2016,140,11833
2017,140,-1922
2018,140,-3264
2019,140,
2020,140,
2008,141,-10985
2009,141,-39206
2010,141,6003
2011,141,-30737
2012,141,-60978
2013,141,-75432
2014,141,-37194
2015,141,-20131
2016,141,-62439
2017,141,-29633
2018,141,-8298
2019,141,-30649
2020,141,-44277
2008,142,13118
2009,142,12161
2010,142,20729
2011,142,23446
2012,142,18663
2013,142,74194
2014,142,23791
2015,142,11053
2016,142,20200
2017,142,52000
2018,142,60300
2019,142,42100
2020,142,16500
2008,143,-15412
2009,143,1687
2010,143,-5484
2011,143,-5022
2012,143,-8899
2013,143,-15541
2014,143,-2415
2015,143,3689
2016,143,-2507
2017,143,-3699
2018,143,11312
2019,143,-4328
2020,143,
2008,144,16111
2009,144,-52564
2010,144,-40100
2011,144,-8366
2012,144,-45755
2013,144,-76213
2014,144,-9811
2015,144,-24012
2016,144,-91896
2017,144,7531
2018,144,-6020
2019,144,-1202
2020,144,-989
2008,145,-2348
2009,145,63
2010,145,426
2011,145,-1078
2012,145,-584
2013,145,-1672
2014,145,-3634
2015,145,1901
2016,145,1590
2017,145,-1322
2018,145,2410
2019,145,1822
2020,145,1268
2008,146,-2990
2009,146,608
2010,146,-1877
2011,146,5591
2012,146,-12944
2013,146,-22782
2014,146,-14408
2015,146,-22328
2016,146,-16874
2017,146,-15538
2018,146,-8374
2019,146,-8246
2020,146,-20302
2008,147,97080
2009,147,34333
2010,147,42101
2011,147,49621
2012,147,-167277
2013,147,-185415
2014,147,618
2015,147,6365
2016,147,22544
2017,147,30417
2018,147,-177133
2019,147,28200
2020,147,4503
2008,148,-12166
2009,148,-4095
2010,148,-2025
2011,148,263
2012,148,-4146
2013,148,-12230
2014,148,2339
2015,148,-2477
2016,148,829
2017,148,-2910
2018,148,541
2019,148,-6057
2020,148,
2008,149,20624
2009,149,5825
2010,149,50123
2011,149,58648
2012,149,21800
2013,149,3685
2014,149,8543
2015,149,16974
2016,149,10356
2017,149,-123336
2018,149,-32153
2019,149,-128986
2020,149,
2008,150,459000
2009,150,272400
2010,150,352200
2011,150,225000
2012,150,-287100
2013,150,8900
2014,150,23700
2015,150,4000
2016,150,-294500
2017,150,90500
2018,150,-26800
2019,150,190300
2020,150,139300
2008,151,
2009,151,
2010,151,
2011,151,1847
2012,151,1222
2013,151,2465
2014,151,1994
2015,151,2917
2016,151,3701
2017,151,1146
2018,151,1757
2019,151,64
2020,151,592
2008,152,
2009,152,
2010,152,
2011,152,
2012,152,
2013,152,
2014,152,185
2015,152,295
2016,152,-558
2017,152,-681
2018,152,-452
2019,152,259
2020,152,-27
2008,153,38300
2009,153,-129700
2010,153,7200
2011,153,-322000
2012,153,-509300
2013,153,-218500
2014,153,-110800
2015,153,-175700
2016,153,3500
2017,153,71100
2018,153,85200
2019,153,68500
2020,153,31700
2008,154,
2009,154,
2010,154,
2011,154,
2012,154,
2013,154,1262
2014,154,6473
2015,154,7086
2016,154,2803
2017,154,1479
2018,154,4153
2019,154,5405
2020,154,-2127
2008,155,
2009,155,
2010,155,
2011,155,
2012,155,
2013,155,
2014,155,2238
2015,155,5027
2016,155,3937
2017,155,3802
2018,155,3291
2019,155,2232
2020,155,1194
2008,156,
2009,156,
2010,156,
2011,156,16584
2012,156,5837
2013,156,8454
2014,156,24646
2015,156,38942
2016,156,41814
2017,156,56263
2018,156,59746
2019,156,63361
2020,156,64008
2008,157,
2009,157,
2010,157,
2011,157,
2012,157,1026
2013,157,1392
2014,157,1909
2015,157,1234
2016,157,1323
2017,157,-29301
2018,157,-22754
2019,157,
2020,157,
2008,158,
2009,158,
2010,158,
2011,158,
2012,158,
2013,158,
2014,158,
2015,158,137
2016,158,-117
2017,158,-133
2018,158,-431
2019,158,-373
2020,158,
2008,159,
2009,159,
2010,159,
2011,159,
2012,159,
2013,159,
2014,159,
2015,159,
2016,159,17
2017,159,
2018,159,365
2019,159,825
2020,159,
2008,160,
2009,160,
2010,160,
2011,160,10
2012,160,28
2013,160,76
2014,160,-802
2015,160,755
2016,160,1325
2017,160,44
2018,160,-8264
2019,160,-15796
2020,160,-2647
2008,161,
2009,161,
2010,161,
2011,161,
2012,161,
2013,161,
2014,161,976
2015,161,1140
2016,161,1086
2017,161,416
2018,161,245
2019,161,233
2020,161,-406
2008,162,
2009,162,
2010,162,
2011,162,
2012,162,
2013,162,
2014,162,918
2015,162,550
2016,162,656
2017,162,1152
2018,162,892
2019,162,586
2020,162,-1767
2008,163,
2009,163,
2010,163,
2011,163,
2012,163,
2013,163,
2014,163,4
2015,163,137
2016,163,9
2017,163,-20
2018,163,5
2019,163,177
2020,163,337
2008,164,6564
2009,164,1311
2010,164,-2239
2011,164,1860
2012,164,-6053
2013,164,-10661
2014,164,-19347
2015,164,-10671
2016,164,-5479
2017,164,-6544
2018,164,-5841
2019,164,-325
2020,164,-586
2008,165,
2009,165,
2010,165,
2011,165,
2012,165,
2013,165,
2014,165,
2015,165,
2016,165,
2017,165,
2018,165,
2019,165,
2020,165,
2008,166,
2009,166,
2010,166,
2011,166,
2012,166,
2013,166,
2014,166,82223
2015,166,62933
2016,166,97925
2017,166,126741
2018,166,140761
2019,166,139314
2020,166,156667
2008,167,61822
2009,167,72552
2010,167,-9468
2011,167,58802
2012,167,-90101
2013,167,-271080
2014,167,-261847
2015,167,223660
2016,167,196330
2017,167,240836
2018,167,140425
2019,167,26154
2020,167,-275516
2008,168,11521
2009,168,14104
2010,168,-13433
2011,168,-5864
2012,168,16378
2013,168,11594
2014,168,16886
2015,168,7128
2016,168,-4255
2017,168,769
2018,168,-1851
2019,168,-623
2020,168,-34222
2008,169,8825000
2009,169,4367000
2010,169,6318000
2011,169,6860000
2012,169,7788000
2013,169,5160000
2014,169,1291000
2015,169,-8783000
2016,169,-1464000
2017,169,3374000
2018,169,4126000
2019,169,148000
2020,169,-8635000
2008,170,646033
2009,170,6958
2010,170,10382
2011,170,65095
2012,170,151225
2013,170,28395
2014,170,47761
2015,170,20626
2016,170,122459
2017,170,206815
2018,170,132628
2019,170,31553
2020,170,107885
2008,171,117346
2009,171,76874
2010,171,61963
2011,171,-296376
2012,171,-207609
2013,171,16952
2014,171,50297
2015,171,43956
2016,171,74371
2017,171,118650
2018,171,110575
2019,171,112981
2020,171,57801
2008,172,36100
2009,172,48146
2010,172,19621
2011,172,13898
2012,172,9742
2013,172,8960
2014,172,2149
2015,172,1697
2016,172,1755
2017,172,-5849
2018,172,5543
2019,172,4470
2020,172,-32604
2008,173,914000
2009,173,732000
2010,173,844000
2011,173,921000
2012,173,902000
2013,173,-159000
2014,173,-230000
2015,173,-806000
2016,173,-2087000
2017,173,-328000
2018,173,-472000
2019,173,12000
2020,173,-1136000
2008,174,379722
2009,174,314762
2010,174,402187
2011,174,452343
2012,174,541700
2013,174,544696
2014,174,642596
2015,174,804119
2016,174,850524
2017,174,881045
2018,174,900202
2019,174,
2020,174,
2008,175,83449
2009,175,85668
2010,175,109076
2011,175,134997
2012,175,145461
2013,175,133780
2014,175,97114
2015,175,92735
2016,175,86292
2017,175,71007
2018,175,47146
2019,175,46283
2020,175,-73190
2008,176,15540
2009,176,16553
2010,176,8504
2011,176,8147
2012,176,-17335
2013,176,4501
2014,176,12437
2015,176,16760
2016,176,10305
2017,176,10646
2018,176,21014
2019,176,21053
2020,176,8581
2008,177,117590
2009,177,66706
2010,177,58003
2011,177,50168
2012,177,10039
2013,177,-29749
2014,177,-2941
2015,177,10008
2016,177,2010
2017,177,15383
2018,177,-5291
2019,177,-24759
2020,177,-128205
2008,178,-23315
2009,178,-351448
2010,178,731
2011,178,27862
2012,178,25865
2013,178,15521
2014,178,39030
2015,178,-52745
2016,178,-142101
2017,178,-251567
2018,178,-32446
2019,178,-328260
2020,178,-69380
2008,179,-13351
2009,179,-4492
2010,179,-1194
2011,179,12874
2012,179,4311
2013,179,3149
2014,179,2739
2015,179,3286
2016,179,3598
2017,179,5950
2018,179,10338
2019,179,12810
2020,179,421
2008,180,7676
2009,180,-20088
2010,180,-12507
2011,180,-4280
2012,180,-3028
2013,180,-3198
2014,180,2742
2015,180,1522
2016,180,3641
2017,180,11490
2018,180,16726
2019,180,11693
2020,180,-21397
2008,181,-3251
2009,181,-2697
2010,181,1179
2011,181,1419
2012,181,2308
2013,181,1909
2014,181,1272
2015,181,1501
2016,181,1627
2017,181,-3972
2018,181,-5047
2019,181,196
2020,181,-1712
2008,182,-20789
2009,182,-56606
2010,182,-35385
2011,182,14386
2012,182,-20205
2013,182,-23957
2014,182,-7814
2015,182,-7821
2016,182,-25480
2017,182,13557
2018,182,
2019,182,
2020,182,
2008,183,29787
2009,183,-20907
2010,183,48877
2011,183,81290
2012,183,105552
2013,183,150451
2014,183,156565
2015,183,172733
2016,183,201984
2017,183,118641
2018,183,88361
2019,183,87281
2020,183,-66397
2008,184,-15853
2009,184,-21297
2010,184,-16917
2011,184,-19016
2012,184,-37506
2013,184,-12389
2014,184,
2015,184,
2016,184,
2017,184,
2018,184,
2019,184,
2020,184,
2008,185,
2009,185,4896
2010,185,9576
2011,185,20268
2012,185,22484
2013,185,30476
2014,185,33060
2015,185,33338
2016,185,36397
2017,185,51117
2018,185,50692
2019,185,52553
2020,185,-33216
2008,186,5576
2009,186,5857
2010,186,5930
2011,186,2676
2012,186,7427
2013,186,5131
2014,186,5352
2015,186,1884
2016,186,1615
2017,186,1005
2018,186,-11793
2019,186,-3444
2020,186,-6177
2008,187,
2009,187,
2010,187,
2011,187,
2012,187,602
2013,187,456
2014,187,581
2015,187,494
2016,187,-12454
2017,187,-9880
2018,187,-6086
2019,187,-14310
2020,187,-2808
2008,188,
2009,188,
2010,188,49701
2011,188,55032
2012,188,28844
2013,188,76072
2014,188,130338
2015,188,167863
2016,188,196043
2017,188,249688
2018,188,332395
2019,188,358685
2020,188,300351
2008,189,
2009,189,
2010,189,
2011,189,
2012,189,
2013,189,-45192
2014,189,-10073
2015,189,-3792
2016,189,86627
2017,189,78015
2018,189,5135
2019,189,25540
2020,189,-140389
2008,190,
2009,190,
2010,190,
2011,190,
2012,190,
2013,190,
2014,190,
2015,190,4033
2016,190,3104
2017,190,3185
2018,190,3948
2019,190,3130
2020,190,949
2008,191,-10041
2009,191,-12838
2010,191,-7694
2011,191,-9976
2012,191,-10975
2013,191,-12952
2014,191,-13643
2015,191,-7580
2016,191,2359
2017,191,-2516
2018,191,846
2019,191,2250
2020,191,1903
2008,192,-16364
2009,192,-23481
2010,192,-20545
2011,192,-6445
2012,192,-2375
2013,192,-7098
2014,192,-10095
2015,192,-22816
2016,192,-15237
2017,192,-5282
2018,192,-15035
2019,192,-20207
2020,192,-20998
2008,193,-17446
2009,193,-17169
2010,193,-17582
2011,193,-21569
2012,193,-22001
2013,193,-18169
2014,193,-13003
2015,193,-20784
2016,193,-13876
2017,193,-8497
2018,193,-4123
2019,193,-427
2020,193,
2008,194,100424
2009,194,110560
2010,194,108571
2011,194,116434
2012,194,118484
2013,194,133678
2014,194,161187
2015,194,198792
2016,194,237406
2017,194,288762
2018,194,312376
2019,194,368825
2020,194,354984
2008,195,
2009,195,
2010,195,
2011,195,847
2012,195,1413
2013,195,1125
2014,195,1726
2015,195,2367
2016,195,1991
2017,195,4126
2018,195,3989
2019,195,
2020,195,
2008,196,18924
2009,196,16628
2010,196,20367
2011,196,24150
2012,196,27094
2013,196,34450
2014,196,47909
2015,196,56748
2016,196,67544
2017,196,77871
2018,196,99913
2019,196,113858
2020,196,123598
2008,197,12229
2009,197,34716
2010,197,35694
2011,197,30163
2012,197,41431
2013,197,53111
2014,197,41738
2015,197,49403
2016,197,45317
2017,197,
2018,197,
2019,197,
2020,197,
2008,198,-7988
2009,198,-3269
2010,198,801
2011,198,1215
2012,198,688
2013,198,371
2014,198,1042
2015,198,3455
2016,198,4246
2017,198,4478
2018,198,5481
2019,198,6087
2020,198,7973
2008,199,4867
2009,199,1985
2010,199,-623
2011,199,1858
2012,199,3230
2013,199,-300
2014,199,504
2015,199,917
2016,199,1147
2017,199,3700
2018,199,5492
2019,199,2136
2020,199,13489
2008,200,-242724
2009,200,-12512
2010,200,-20041
2011,200,-38208
2012,200,-15897
2013,200,-4782
2014,200,-16434
2015,200,-18480
2016,200,-44959
2017,200,827
2018,200,83198
2019,200,-16468
2020,200,-22200
2008,201,7627
2009,201,6906
2010,201,-17499
2011,201,-8542
2012,201,939
2013,201,-1348
2014,201,-2192
2015,201,1333
2016,201,178
2017,201,
2018,201,
2019,201,
2020,201,
2008,202,-4483
2009,202,-6228
2010,202,197
2011,202,-4256
2012,202,4584
2013,202,4642
2014,202,4172
2015,202,3882
2016,202,5555
2017,202,68555
2018,202,565
2019,202,314
2020,202,4474
2008,203,-5820
2009,203,-27352
2010,203,1793
2011,203,-47110
2012,203,-6330
2013,203,-4153
2014,203,-6253
2015,203,-8705
2016,203,-3340
2017,203,-1490
2018,203,200
2019,203,5363
2020,203,8817
2008,204,-8996
2009,204,-730
2010,204,-339
2011,204,-1030
2012,204,-679
2013,204,-1337
2014,204,-920
2015,204,141
2016,204,-449
2017,204,-2393
2018,204,-5545
2019,204,-4272
2020,204,-864
2008,205,6877
2009,205,5063
2010,205,4930
2011,205,3393
2012,205,2152
2013,205,2418
2014,205,3501
2015,205,4515
2016,205,2821
2017,205,-27
2018,205,166
2019,205,
2020,205,
2008,206,1386
2009,206,766
2010,206,863
2011,206,293
2012,206,-2260
2013,206,-8066
2014,206,-718
2015,206,871
2016,206,
2017,206,
2018,206,
2019,206,
2020,206,
2008,207,153
2009,207,-377
2010,207,-377
2011,207,-181
2012,207,-226
2013,207,101
2014,207,-341
2015,207,2603
2016,207,2383
2017,207,2799
2018,207,
2019,207,
2020,207,
2008,208,1475
2009,208,-472
2010,208,-4727
2011,208,-1244
2012,208,-26
2013,208,643
2014,208,2734
2015,208,1971
2016,208,1925
2017,208,-777
2018,208,-310
2019,208,-2619
2020,208,-2619
2008,209,
2009,209,
2010,209,-4
2011,209,524
2012,209,613
2013,209,19906
2014,209,20672
2015,209,21803
2016,209,23964
2017,209,25043
2018,209,26861
2019,209,29284
2020,209,37914
2008,210,
2009,210,
2010,210,
2011,210,
2012,210,
2013,210,
2014,210,-955
2015,210,-4214
2016,210,140
2017,210,-167
2018,210,41
2019,210,-1051
2020,210,-1138
2008,211,
2009,211,214
2010,211,79
2011,211,42
2012,211,-50
2013,211,-1984
2014,211,-3879
2015,211,-6431
2016,211,-3067
2017,211,-3256
2018,211,-1559
2019,211,-4977
2020,211,-4363
2008,212,
2009,212,
2010,212,1238
2011,212,581
2012,212,697
2013,212,225
2014,212,89
2015,212,-3284
2016,212,-8126
2017,212,-8339
2018,212,-3781
2019,212,-983
2020,212,-5424
2008,213,
2009,213,
2010,213,92
2011,213,214
2012,213,456
2013,213,433
2014,213,246
2015,213,124
2016,213,1625
2017,213,
2018,213,
2019,213,
2020,213,
2008,214,
2009,214,
2010,214,
2011,214,
2012,214,
2013,214,-44
2014,214,68
2015,214,-12
2016,214,781
2017,214,549
2018,214,1255
2019,214,1150
2020,214,565
2008,215,
2009,215,
2010,215,
2011,215,484
2012,215,559
2013,215,504
2014,215,166
2015,215,697
2016,215,145
2017,215,
2018,215,
2019,215,
2020,215,
2008,216,
2009,216,
2010,216,
2011,216,
2012,216,
2013,216,
2014,216,7
2015,216,151
2016,216,136
2017,216,-255
2018,216,-1177
2019,216,-3173
2020,216,-2742
2008,217,
2009,217,
2010,217,
2011,217,
2012,217,
2013,217,1655
2014,217,2443
2015,217,3426
2016,217,4503
2017,217,3385
2018,217,5265
2019,217,3017
2020,217,7101
2008,218,4754
2009,218,-3363
2010,218,2192
2011,218,4927
2012,218,-2024
2013,218,-16498
2014,218,-18955
2015,218,1014
2016,218,-22794
2017,218,1637
2018,218,18848
2019,218,34425
2020,218,-33943
2008,219,-3050
2009,219,-1318
2010,219,-506
2011,219,52
2012,219,-5533
2013,219,-239
2014,219,212
2015,219,73
2016,219,171
2017,219,907
2018,219,424
2019,219,478
2020,219,619
2008,220,3303
2009,220,3550
2010,220,3027
2011,220,-203
2012,220,-10686
2013,220,-25042
2014,220,-10942
2015,220,-86030
2016,220,-18695
2017,220,-5535
2018,220,82936
2019,220,17858
2020,220,
2008,221,6544
2009,221,8028
2010,221,11693
2011,221,3303
2012,221,9367
2013,221,8830
2014,221,13077
2015,221,12728
2016,221,10451
2017,221,13770
2018,221,11600
2019,221,8990
2020,221,2761
2008,222,
2009,222,
2010,222,
2011,222,
2012,222,
2013,222,
2014,222,-193
2015,222,-595
2016,222,-196
2017,222,-62
2018,222,2
2019,222,30
2020,222,21
2008,223,
2009,223,
2010,223,
2011,223,
2012,223,
2013,223,
2014,223,578
2015,223,1113
2016,223,13301
2017,223,1689
2018,223,
2019,223,
2020,223,
2008,224,
2009,224,
2010,224,
2011,224,
2012,224,
2013,224,
2014,224,
2015,224,
2016,224,
2017,224,
2018,224,
2019,224,
2020,224,
2008,225,
2009,225,
2010,225,-17
2011,225,510
2012,225,216
2013,225,189
2014,225,341
2015,225,2572
2016,225,1223
2017,225,2787
2018,225,1798
2019,225,-1187
2020,225,-106
2008,226,6593
2009,226,-386
2010,226,2869
2011,226,3305
2012,226,-3094
2013,226,-2416
2014,226,-5282
2015,226,-11637
2016,226,-1542
2017,226,-2706
2018,226,3349
2019,226,4388
2020,226,3102
2008,227,
2009,227,
2010,227,
2011,227,16597
2012,227,4315
2013,227,6909
2014,227,9443
2015,227,1437
2016,227,51730
2017,227,56790
2018,227,85189
2019,227,49373
2020,227,26142
2008,228,-21691
2009,228,8413
2010,228,-8247
2011,228,-6024
2012,228,-5034
2013,228,-4208
2014,228,-4935
2015,228,-4012
2016,228,-9111
2017,228,8443
2018,228,16339
2019,228,-3303
2020,228,-9834
2008,229,
2009,229,
2010,229,
2011,229,3822
2012,229,1901
2013,229,298
2014,229,740
2015,229,1169
2016,229,466
2017,229,2082
2018,229,1730
2019,229,
2020,229,
2008,230,
2009,230,
2010,230,
2011,230,
2012,230,2004
2013,230,-2116
2014,230,1939
2015,230,4501
2016,230,9261
2017,230,12240
2018,230,12356
2019,230,10374
2020,230,23629
2008,231,654
2009,231,-1251
2010,231,-2444
2011,231,1788
2012,231,-2898
2013,231,-535
2014,231,-510
2015,231,25
2016,231,-28
2017,231,-1627
2018,231,520
2019,231,2041
2020,231,1224
2008,232,24200
2009,232,32164
2010,232,32873
2011,232,7967
2012,232,23338
2013,232,23095
2014,232,25909
2015,232,30321
2016,232,26667
2017,232,26234
2018,232,14031
2019,232,23099
2020,232,31406
2008,233,-14463
2009,233,-17783
2010,233,-1702
2011,233,-11506
2012,233,23644
2013,233,32938
2014,233,37820
2015,233,47770
2016,233,44467
2017,233,54496
2018,233,64902
2019,233,50109
2020,233,
2008,234,-12708
2009,234,-9601
2010,234,-6079
2011,234,-7246
2012,234,-2783
2013,234,8240
2014,234,-8922
2015,234,-6223
2016,234,-5069
2017,234,-4672
2018,234,5682
2019,234,19242
2020,234,132
2008,235,-35164
2009,235,-20219
2010,235,194
2011,235,-36275
2012,235,-94290
2013,235,-10683
2014,235,-25564
2015,235,42009
2016,235,5708
2017,235,-964
2018,235,-129
2019,235,-923
2020,235,
2008,236,-7271
2009,236,-11213
2010,236,-419
2011,236,-2091
2012,236,25
2013,236,2
2014,236,-3841
2015,236,-14016
2016,236,-11816
2017,236,29949
2018,236,560
2019,236,-1645
2020,236,-915
2008,237,-20787
2009,237,6582
2010,237,-10968
2011,237,-95414
2012,237,-48655
2013,237,-15911
2014,237,-6674
2015,237,2298
2016,237,4062
2017,237,42568
2018,237,-19229
2019,237,-39896
2020,237,-89682
2008,238,19203
2009,238,-1559
2010,238,-22007
2011,238,-30778
2012,238,-58474
2013,238,-40130
2014,238,-38558
2015,238,-41166
2016,238,-13984
2017,238,-42048
2018,238,-25498
2019,238,-24294
2020,238,-204028
2008,239,8283
2009,239,10439
2010,239,16875
2011,239,11411
2012,239,24060
2013,239,20135
2014,239,21068
2015,239,20142
2016,239,26261
2017,239,34993
2018,239,28477
2019,239,30281
2020,239,24185
2008,240,13762
2009,240,12051
2010,240,-1693
2011,240,9982
2012,240,4222
2013,240,-5894
2014,240,7068
2015,240,5812
2016,240,-12625
2017,240,11378
2018,240,37307
2019,240,-13161
2020,240,-15876
2008,241,477
2009,241,1296
2010,241,49
2011,241,-1929
2012,241,-5574
2013,241,-5363
2014,241,-5004
2015,241,-2555
2016,241,1043
2017,241,672
2018,241,1316
2019,241,-864
2020,241,-5776
2008,242,123158
2009,242,37014
2010,242,103408
2011,242,126304
2012,242,96753
2013,242,87859
2014,242,25107
2015,242,64153
2016,242,98228
2017,242,96176
2018,242,68660
2019,242,205188
2020,242,-479868
2008,243,
2009,243,
2010,243,
2011,243,
2012,243,
2013,243,
2014,243,
2015,243,
2016,243,
2017,243,
2018,243,
2019,243,
2020,243,
2008,244,-29525
2009,244,-9986
2010,244,-33825
2011,244,-40324
2012,244,-42560
2013,244,-94530
2014,244,-26082
2015,244,-54231
2016,244,-16954
2017,244,27010
2018,244,
2019,244,
2020,244,
2008,245,
2009,245,
2010,245,
2011,245,683
2012,245,2090
2013,245,7002
2014,245,19539
2015,245,17607
2016,245,25313
2017,245,26793
2018,245,27167
2019,245,29719
2020,245,25777
2008,246,882582
2009,246,903990
2010,246,1017921
2011,246,846381
2012,246,1032492
2013,246,1004877
2014,246,211975
2015,246,552000
2016,246,622000
2017,246,689000
2018,246,1399000
2019,246,1342000
2020,246,1207000
2008,247,
2009,247,
2010,247,
2011,247,
2012,247,
2013,247,
2014,247,
2015,247,
2016,247,
2017,247,
2018,247,
2019,247,
2020,247,
2008,248,
2009,248,
2010,248,
2011,248,
2012,248,
2013,248,
2014,248,
2015,248,
2016,248,
2017,248,
2018,248,
2019,248,
2020,248,
2008,249,-38236
2009,249,-29377
2010,249,-26348
2011,249,-43577
2012,249,-26277
2013,249,-31130
2014,249,-57601
2015,249,41072
2016,249,12427
2017,249,-11652
2018,249,11070
2019,249,12256
2020,249,20410
2008,250,
2009,250,
2010,250,
2011,250,
2012,250,
2013,250,
2014,250,
2015,250,
2016,250,
2017,250,11016
2018,250,11028
2019,250,9505
2020,250,12251
2008,251,
2009,251,
2010,251,
2011,251,
2012,251,
2013,251,
2014,251,
2015,251,
2016,251,
2017,251,
2018,251,
2019,251,
2020,251,
2008,252,
2009,252,
2010,252,
2011,252,
2012,252,
2013,252,
2014,252,
2015,252,
2016,252,
2017,252,
2018,252,
2019,252,
2020,252,
2008,253,
2009,253,
2010,253,
2011,253,
2012,253,
2013,253,2733
2014,253,2553
2015,253,1426
2016,253,6230
2017,253,7872
2018,253,9228
2019,253,9358
2020,253,11883
2008,254,14765
2009,254,14432
2010,254,15510
2011,254,21016
2012,254,3373
2013,254,3477
2014,254,8990
2015,254,22047
2016,254,21591
2017,254,25920
2018,254,33736
2019,254,40313
2020,254,128454
2008,255,-1685
2009,255,-1955
2010,255,-460
2011,255,-248
2012,255,-1525
2013,255,-1123
2014,255,-1162
2015,255,-1234
2016,255,-1899
2017,255,-1642
2018,255,401
2019,255,505
2020,255,-724
2008,256,
2009,256,
2010,256,
2011,256,
2012,256,
2013,256,
2014,256,
2015,256,
2016,256,
2017,256,
2018,256,
2019,256,
2020,256,
2008,257,
2009,257,
2010,257,
2011,257,
2012,257,
2013,257,1216
2014,257,5533
2015,257,28168
2016,257,43085
2017,257,61199
2018,257,93030
2019,257,83204
2020,257,36004
2008,258,
2009,258,
2010,258,
2011,258,
2012,258,
2013,258,
2014,258,
2015,258,
2016,258,911
2017,258,3137
2018,258,3496
2019,258,5008
2020,258,1594
2008,259,
2009,259,
2010,259,
2011,259,
2012,259,
2013,259,
2014,259,
2015,259,
2016,259,
2017,259,
2018,259,
2019,259,
2020,259,
2008,260,
2009,260,
2010,260,
2011,260,
2012,260,
2013,260,
2014,260,
2015,260,
2016,260,
2017,260,
2018,260,
2019,260,
2020,260,
2008,261,
2009,261,
2010,261,
2011,261,
2012,261,
2013,261,
2014,261,
2015,261,
2016,261,
2017,261,
2018,261,
2019,261,
2020,261,
2008,262,
2009,262,
2010,262,
2011,262,
2012,262,
2013,262,49568
2014,262,40006
2015,262,66083
2016,262,76345
2017,262,101498
2018,262,114390
2019,262,118432
2020,262,54283
2008,263,-179646
2009,263,-37770
2010,263,-667366
2011,263,-789750
2012,263,-1058542
2013,263,-347603
2014,263,1379167
2015,263,-19080
2016,263,22650
2017,263,26417
2018,263,-8734
2019,263,
2020,263,
2008,264,23675
2009,264,217280
2010,264,246633
2011,264,67267
2012,264,351023
2013,264,336580
2014,264,320617
2015,264,438613
2016,264,393527
2017,264,379992
2018,264,255710
2019,264,565432
2020,264,434462
2008,265,
2009,265,
2010,265,
2011,265,
2012,265,-2215
2013,265,
2014,265,-477
2015,265,-4405
2016,265,-6288
2017,265,-6238
2018,265,-4857
2019,265,-12820
2020,265,-14753
2008,266,
2009,266,
2010,266,
2011,266,
2012,266,
2013,266,
2014,266,
2015,266,2887
2016,266,3301
2017,266,3580
2018,266,4588
2019,266,5424
2020,266,5458
2008,267,
2009,267,
2010,267,
2011,267,
2012,267,
2013,267,
2014,267,
2015,267,
2016,267,
2017,267,
2018,267,
2019,267,
2020,267,
2008,268,
2009,268,
2010,268,
2011,268,
2012,268,
2013,268,
2014,268,
2015,268,
2016,268,
2017,268,
2018,268,
2019,268,
2020,268,
2008,269,
2009,269,
2010,269,
2011,269,
2012,269,
2013,269,
2014,269,
2015,269,345000
2016,269,221000
2017,269,292766
2018,269,313695
2019,269,417238
2020,269,382972
2008,270,
2009,270,
2010,270,
2011,270,
2012,270,
2013,270,
2014,270,
2015,270,
2016,270,-831
2017,270,77
2018,270,-1641
2019,270,-435
2020,270,-1845
2008,271,
2009,271,
2010,271,
2011,271,
2012,271,
2013,271,
2014,271,928
2015,271,1657
2016,271,1621
2017,271,2415
2018,271,3036
2019,271,-6613
2020,271,-13981
2008,272,
2009,272,
2010,272,
2011,272,
2012,272,
2013,272,
2014,272,-43
2015,272,182
2016,272,7
2017,272,-315
2018,272,-1052
2019,272,15
2020,272,-139
2008,273,
2009,273,
2010,273,
2011,273,
2012,273,
2013,273,
2014,273,
2015,273,
2016,273,155
2017,273,245
2018,273,103
2019,273,100
2020,273,613
2008,274,
2009,274,
2010,274,
2011,274,
2012,274,
2013,274,
2014,274,11481
2015,274,17444
2016,274,12123
2017,274,28889
2018,274,46267
2019,274,31973
2020,274,15627
2008,275,
2009,275,
2010,275,
2011,275,
2012,275,
2013,275,-184
2014,275,-121
2015,275,-270
2016,275,-468
2017,275,-648
2018,275,-1336
2019,275,
2020,275,
2008,276,
2009,276,
2010,276,
2011,276,
2012,276,
2013,276,
2014,276,
2015,276,
2016,276,
2017,276,
2018,276,
2019,276,
2020,276,
2008,277,
2009,277,
2010,277,
2011,277,
2012,277,
2013,277,2709
2014,277,1872
2015,277,5656
2016,277,9236
2017,277,5002
2018,277,6940
2019,277,2947
2020,277,-2526
2008,278,
2009,278,
2010,278,
2011,278,
2012,278,
2013,278,
2014,278,62
2015,278,294
2016,278,347
2017,278,130
2018,278,-750
2019,278,-2370
2020,278,
2008,279,
2009,279,
2010,279,
2011,279,
2012,279,
2013,279,
2014,279,
2015,279,332
2016,279,784
2017,279,832
2018,279,485
2019,279,229
2020,279,10
2008,280,
2009,280,
2010,280,
2011,280,
2012,280,
2013,280,
2014,280,
2015,280,
2016,280,
2017,280,
2018,280,
2019,280,
2020,280,
2008,281,
2009,281,
2010,281,
2011,281,
2012,281,
2013,281,
2014,281,
2015,281,
2016,281,
2017,281,
2018,281,
2019,281,
2020,281,
2008,282,
2009,282,
2010,282,
2011,282,
2012,282,
2013,282,
2014,282,
2015,282,
2016,282,
2017,282,
2018,282,
2019,282,
2020,282,
2008,283,
2009,283,
2010,283,
2011,283,
2012,283,
2013,283,
2014,283,
2015,283,
2016,283,
2017,283,
2018,283,
2019,283,
2020,283,
2008,284,
2009,284,
2010,284,
2011,284,
2012,284,
2013,284,
2014,284,
2015,284,
2016,284,
2017,284,
2018,284,
2019,284,
2020,284,
2008,285,
2009,285,
2010,285,
2011,285,
2012,285,
2013,285,
2014,285,
2015,285,
2016,285,
2017,285,
2018,285,
2019,285,
2020,285,
2008,286,
2009,286,
2010,286,
2011,286,
2012,286,
2013,286,
2014,286,
2015,286,
2016,286,
2017,286,
2018,286,
2019,286,
2020,286,
2008,287,
2009,287,
2010,287,
2011,287,
2012,287,
2013,287,
2014,287,
2015,287,
2016,287,
2017,287,
2018,287,
2019,287,
2020,287,
2008,288,
2009,288,
2010,288,
2011,288,
2012,288,
2013,288,
2014,288,
2015,288,
2016,288,-200
2017,288,401
2018,288,-157
2019,288,327
2020,288,1353
2008,289,
2009,289,
2010,289,
2011,289,
2012,289,
2013,289,
2014,289,
2015,289,
2016,289,
2017,289,
2018,289,
2019,289,
2020,289,
2008,290,
2009,290,
2010,290,
2011,290,
2012,290,
2013,290,
2014,290,
2015,290,30
2016,290,243
2017,290,50
2018,290,-436
2019,290,-821
2020,290,1071
2008,291,
2009,291,
2010,291,
2011,291,
2012,291,
2013,291,
2014,291,
2015,291,
2016,291,
2017,291,
2018,291,
2019,291,
2020,291,
2008,292,
2009,292,
2010,292,
2011,292,
2012,292,
2013,292,
2014,292,5520
2015,292,9099
2016,292,9670
2017,292,13964
2018,292,11528
2019,292,15740
2020,292,6188
2008,293,
2009,293,
2010,293,
2011,293,
2012,293,31665
2013,293,1276669
2014,293,5554
2015,293,4589
2016,293,1337
2017,293,18361
2018,293,24338
2019,293,26198
2020,293,14118
2008,294,
2009,294,
2010,294,
2011,294,
2012,294,56187
2013,294,48913
2014,294,124378
2015,294,68791
2016,294,72136
2017,294,95548
2018,294,92153
2019,294,93157
2020,294,91073
2008,295,
2009,295,
2010,295,
2011,295,
2012,295,
2013,295,
2014,295,
2015,295,
2016,295,
2017,295,
2018,295,
2019,295,
2020,295,
2008,296,
2009,296,
2010,296,
2011,296,
2012,296,
2013,296,
2014,296,
2015,296,618
2016,296,1912
2017,296,2114
2018,296,2141
2019,296,2395
2020,296,1506
2008,297,
2009,297,
2010,297,
2011,297,
2012,297,
2013,297,
2014,297,
2015,297,431
2016,297,208
2017,297,598
2018,297,570
2019,297,698
2020,297,-72
2008,298,
2009,298,
2010,298,
2011,298,
2012,298,
2013,298,
2014,298,
2015,298,-8
2016,298,-1187
2017,298,12809
2018,298,7974
2019,298,2022
2020,298,12217
2008,299,
2009,299,
2010,299,
2011,299,
2012,299,
2013,299,
2014,299,
2015,299,25
2016,299,1744
2017,299,2863
2018,299,926
2019,299,1504
2020,299,1263
2008,300,
2009,300,
2010,300,
2011,300,
2012,300,
2013,300,
2014,300,
2015,300,
2016,300,
2017,300,
2018,300,
2019,300,
2020,300,
2008,301,
2009,301,
2010,301,
2011,301,
2012,301,
2013,301,
2014,301,
2015,301,
2016,301,
2017,301,
2018,301,
2019,301,
2020,301,
2008,302,
2009,302,
2010,302,
2011,302,
2012,302,
2013,302,
2014,302,
2015,302,484
2016,302,1327
2017,302,1933
2018,302,1785
2019,302,2583
2020,302,2285
2008,303,
2009,303,
2010,303,
2011,303,
2012,303,
2013,303,
2014,303,
2015,303,
2016,303,
2017,303,
2018,303,
2019,303,
2020,303,
2008,304,
2009,304,
2010,304,
2011,304,
2012,304,
2013,304,
2014,304,
2015,304,
2016,304,
2017,304,
2018,304,
2019,304,
2020,304,
2008,305,
2009,305,
2010,305,
2011,305,
2012,305,
2013,305,
2014,305,
2015,305,
2016,305,
2017,305,
2018,305,
2019,305,
2020,305,
2008,306,
2009,306,
2010,306,
2011,306,
2012,306,
2013,306,
2014,306,
2015,306,
2016,306,
2017,306,
2018,306,
2019,306,
2020,306,
2008,307,
2009,307,
2010,307,
2011,307,
2012,307,
2013,307,
2014,307,
2015,307,
2016,307,
2017,307,
2018,307,
2019,307,
2020,307,
2008,308,
2009,308,
2010,308,
2011,308,
2012,308,
2013,308,
2014,308,
2015,308,
2016,308,1572
2017,308,2464
2018,308,2996
2019,308,1693
2020,308,2445
2008,309,
2009,309,
2010,309,
2011,309,
2012,309,
2013,309,
2014,309,
2015,309,
2016,309,
2017,309,
2018,309,
2019,309,
2020,309,
2008,310,
2009,310,
2010,310,
2011,310,
2012,310,
2013,310,
2014,310,
2015,310,
2016,310,
2017,310,
2018,310,
2019,310,
2020,310,
2008,311,
2009,311,
2010,311,
2011,311,
2012,311,
2013,311,
2014,311,
2015,311,
2016,311,
2017,311,
2018,311,
2019,311,
2020,311,
2008,312,
2009,312,
2010,312,
2011,312,
2012,312,
2013,312,
2014,312,
2015,312,
2016,312,
2017,312,
2018,312,
2019,312,
2020,312,
2008,313,
2009,313,
2010,313,
2011,313,
2012,313,
2013,313,
2014,313,
2015,313,
2016,313,
2017,313,
2018,313,
2019,313,
2020,313,
2008,314,
2009,314,
2010,314,
2011,314,
2012,314,
2013,314,
2014,314,
2015,314,
2016,314,
2017,314,
2018,314,
2019,314,
2020,314,
2008,315,
2009,315,
2010,315,
2011,315,
2012,315,
2013,315,
2014,315,
2015,315,
2016,315,
2017,315,
2018,315,
2019,315,
2020,315,
2008,316,
2009,316,
2010,316,
2011,316,
2012,316,
2013,316,
2014,316,
2015,316,
2016,316,
2017,316,
2018,316,
2019,316,
2020,316,
2008,317,
2009,317,
2010,317,
2011,317,
2012,317,
2013,317,
2014,317,
2015,317,
2016,317,
2017,317,
2018,317,
2019,317,
2020,317,
2008,318,
2009,318,
2010,318,
2011,318,
2012,318,
2013,318,
2014,318,
2015,318,
2016,318,
2017,318,
2018,318,
2019,318,
2020,318,
2008,319,
2009,319,
2010,319,
2011,319,
2012,319,
2013,319,
2014,319,
2015,319,
2016,319,
2017,319,
2018,319,
2019,319,
2020,319,
2008,320,
2009,320,
2010,320,
2011,320,
2012,320,
2013,320,
2014,320,
2015,320,
2016,320,396
2017,320,466
2018,320,346
2019,320,382
2020,320,26
2008,321,
2009,321,
2010,321,
2011,321,
2012,321,
2013,321,
2014,321,
2015,321,
2016,321,
2017,321,
2018,321,
2019,321,
2020,321,
2008,322,
2009,322,
2010,322,
2011,322,
2012,322,
2013,322,
2014,322,
2015,322,
2016,322,
2017,322,
2018,322,
2019,322,
2020,322,
2008,323,
2009,323,
2010,323,
2011,323,
2012,323,
2013,323,
2014,323,
2015,323,
2016,323,
2017,323,
2018,323,
2019,323,
2020,323,
2008,324,
2009,324,
2010,324,
2011,324,
2012,324,
2013,324,
2014,324,
2015,324,
2016,324,
2017,324,
2018,324,
2019,324,
2020,324,
2008,325,
2009,325,
2010,325,
2011,325,
2012,325,
2013,325,
2014,325,
2015,325,
2016,325,
2017,325,
2018,325,
2019,325,
2020,325,
