Date,Id,adjustment factor
2008,1,
2009,1,
2010,1,
2011,1,
2012,1,
2013,1,
2014,1,
2015,1,
2016,1,
2017,1,
2018,1,
2019,1,
2020,1,
2008,2,0.9788
2009,2,0.9788
2010,2,0.9788
2011,2,0.9788
2012,2,0.9788
2013,2,1
2014,2,1
2015,2,1
2016,2,1
2017,2,1
2018,2,1
2019,2,1
2020,2,1
2008,3,
2009,3,
2010,3,
2011,3,
2012,3,
2013,3,0.5922
2014,3,0.5922
2015,3,0.5922
2016,3,5
2017,3,5
2018,3,5
2019,3,5
2020,3,1
2008,4,
2009,4,
2010,4,
2011,4,
2012,4,
2013,4,0.9258
2014,4,0.9258
2015,4,0.9258
2016,4,0.9258
2017,4,0.9258
2018,4,1
2019,4,1
2020,4,1
2008,5,
2009,5,
2010,5,
2011,5,
2012,5,
2013,5,
2014,5,1
2015,5,1
2016,5,1
2017,5,1
2018,5,1
2019,5,1
2020,5,1
2008,6,
2009,6,
2010,6,
2011,6,
2012,6,
2013,6,
2014,6,1
2015,6,1
2016,6,1
2017,6,1
2018,6,1
2019,6,1
2020,6,1
2008,7,
2009,7,
2010,7,
2011,7,
2012,7,
2013,7,
2014,7,1
2015,7,1
2016,7,1
2017,7,1
2018,7,1
2019,7,1
2020,7,1
2008,8,0.2
2009,8,0.2
2010,8,0.2
2011,8,0.2
2012,8,0.2
2013,8,0.2
2014,8,0.2
2015,8,0.2
2016,8,0.2
2017,8,1
2018,8,1
2019,8,1
2020,8,1
2008,9,1
2009,9,1
2010,9,1
2011,9,1
2012,9,1
2013,9,1
2014,9,1
2015,9,1
2016,9,1
2017,9,1
2018,9,1
2019,9,1
2020,9,1
2008,10,1
2009,10,1
2010,10,1
2011,10,1
2012,10,1
2013,10,1
2014,10,1
2015,10,1
2016,10,1
2017,10,1
2018,10,1
2019,10,1
2020,10,1
2008,11,1
2009,11,1
2010,11,1
2011,11,1
2012,11,1
2013,11,1
2014,11,1
2015,11,1
2016,11,1
2017,11,1
2018,11,1
2019,11,1
2020,11,1
2008,12,0.6797
2009,12,0.7024
2010,12,0.7024
2011,12,0.7024
2012,12,0.7024
2013,12,0.7024
2014,12,0.7024
2015,12,0.7024
2016,12,0.7024
2017,12,0.9819
2018,12,0.9819
2019,12,0.9819
2020,12,0.9819
2008,13,1
2009,13,1
2010,13,1
2011,13,1
2012,13,1
2013,13,1
2014,13,1
2015,13,1
2016,13,1
2017,13,1
2018,13,1
2019,13,1
2020,13,1
2008,14,
2009,14,
2010,14,
2011,14,
2012,14,
2013,14,
2014,14,
2015,14,
2016,14,
2017,14,
2018,14,
2019,14,
2020,14,
2008,15,10.3261
2009,15,10.3261
2010,15,1
2011,15,1
2012,15,1
2013,15,1
2014,15,1
2015,15,1
2016,15,1
2017,15,1
2018,15,1
2019,15,1
2020,15,1
2008,16,
2009,16,
2010,16,
2011,16,
2012,16,
2013,16,
2014,16,
2015,16,
2016,16,
2017,16,
2018,16,
2019,16,
2020,16,
2008,17,
2009,17,
2010,17,
2011,17,
2012,17,
2013,17,
2014,17,
2015,17,1
2016,17,1
2017,17,1
2018,17,1
2019,17,1
2020,17,1
2008,18,
2009,18,
2010,18,
2011,18,
2012,18,
2013,18,
2014,18,
2015,18,
2016,18,0.9091
2017,18,1
2018,18,1
2019,18,1
2020,18,1
2008,19,0.25
2009,19,0.25
2010,19,0.5
2011,19,0.5
2012,19,0.5
2013,19,0.5
2014,19,0.5
2015,19,0.5
2016,19,0.5
2017,19,1
2018,19,1
2019,19,1
2020,19,1
2008,20,
2009,20,
2010,20,
2011,20,
2012,20,
2013,20,
2014,20,
2015,20,1
2016,20,1
2017,20,1
2018,20,1
2019,20,1
2020,20,1
2008,21,
2009,21,
2010,21,
2011,21,
2012,21,
2013,21,
2014,21,
2015,21,1
2016,21,1
2017,21,1
2018,21,1
2019,21,1
2020,21,1
2008,22,
2009,22,
2010,22,
2011,22,
2012,22,
2013,22,
2014,22,
2015,22,1
2016,22,1
2017,22,1
2018,22,1
2019,22,1
2020,22,1
2008,23,0.7478
2009,23,0.7478
2010,23,0.7478
2011,23,0.7478
2012,23,0.7478
2013,23,0.7478
2014,23,1
2015,23,1
2016,23,1
2017,23,1
2018,23,1
2019,23,1
2020,23,1
2008,24,1
2009,24,1
2010,24,1
2011,24,1
2012,24,1
2013,24,1
2014,24,1
2015,24,1
2016,24,1
2017,24,1
2018,24,1
2019,24,1
2020,24,1
2008,25,
2009,25,
2010,25,
2011,25,
2012,25,
2013,25,
2014,25,
2015,25,
2016,25,
2017,25,
2018,25,
2019,25,
2020,25,
2008,26,1
2009,26,1
2010,26,1
2011,26,1
2012,26,1
2013,26,1
2014,26,1
2015,26,1
2016,26,1
2017,26,1
2018,26,1
2019,26,1
2020,26,1
2008,27,1
2009,27,1
2010,27,1
2011,27,1
2012,27,1
2013,27,1
2014,27,1
2015,27,1
2016,27,1
2017,27,1
2018,27,1
2019,27,1
2020,27,1
2008,28,1
2009,28,1
2010,28,1
2011,28,1
2012,28,1
2013,28,1
2014,28,1
2015,28,1
2016,28,1
2017,28,1
2018,28,1
2019,28,1
2020,28,1
2008,29,1
2009,29,1
2010,29,1
2011,29,1
2012,29,1
2013,29,1
2014,29,1
2015,29,1
2016,29,1
2017,29,1
2018,29,1
2019,29,1
2020,29,1
2008,30,6.5128
2009,30,6.5128
2010,30,6.5128
2011,30,6.5128
2012,30,6.5128
2013,30,6.5128
2014,30,9.5981
2015,30,9.5981
2016,30,9.5981
2017,30,9.5981
2018,30,9.5981
2019,30,0.096
2020,30,1
2008,31,
2009,31,
2010,31,5538.945
2011,31,5538.945
2012,31,5538.945
2013,31,5538.945
2014,31,5538.945
2015,31,5538.945
2016,31,5555.336
2017,31,6105.641
2018,31,6105.641
2019,31,97.2083
2020,31,100
2008,32,1
2009,32,1
2010,32,1
2011,32,1
2012,32,1
2013,32,1
2014,32,1
2015,32,1
2016,32,1
2017,32,1
2018,32,1
2019,32,1
2020,32,1
2008,33,0.9255
2009,33,0.9255
2010,33,1
2011,33,1
2012,33,1
2013,33,1
2014,33,1
2015,33,1
2016,33,1
2017,33,1
2018,33,1
2019,33,1
2020,33,1
2008,34,0.875
2009,34,0.875
2010,34,0.875
2011,34,0.875
2012,34,0.875
2013,34,0.875
2014,34,1
2015,34,1
2016,34,1
2017,34,1
2018,34,1
2019,34,1
2020,34,1
2008,35,1
2009,35,1
2010,35,1
2011,35,1
2012,35,1
2013,35,1
2014,35,1
2015,35,1
2016,35,1
2017,35,1
2018,35,1
2019,35,1
2020,35,1
2008,36,1
2009,36,1
2010,36,1
2011,36,1
2012,36,1
2013,36,1
2014,36,1
2015,36,1
2016,36,1
2017,36,1
2018,36,1
2019,36,1
2020,36,1
2008,37,0.5
2009,37,0.5
2010,37,0.5
2011,37,0.5
2012,37,0.5
2013,37,0.5
2014,37,0.5
2015,37,0.5
2016,37,0.5
2017,37,1
2018,37,1
2019,37,1
2020,37,1
2008,38,1
2009,38,1
2010,38,1
2011,38,1
2012,38,1
2013,38,1
2014,38,1
2015,38,1
2016,38,1
2017,38,1
2018,38,1
2019,38,1
2020,38,1
2008,39,9.7361
2009,39,9.7361
2010,39,9.901
2011,39,0.9901
2012,39,0.9901
2013,39,0.9901
2014,39,1
2015,39,1
2016,39,1
2017,39,1
2018,39,1
2019,39,1
2020,39,1
2008,40,0.7692
2009,40,0.7692
2010,40,0.7692
2011,40,1
2012,40,1
2013,40,1
2014,40,1
2015,40,1
2016,40,1
2017,40,1
2018,40,1
2019,40,1
2020,40,1
2008,41,662.4426
2009,41,662.4426
2010,41,662.4426
2011,41,746.5911
2012,41,7.4659
2013,41,7.4659
2014,41,7.4659
2015,41,7.4659
2016,41,7.4659
2017,41,7.4659
2018,41,1
2019,41,1
2020,41,1
2008,42,0.8815
2009,42,1
2010,42,1
2011,42,1
2012,42,1
2013,42,1
2014,42,1
2015,42,1
2016,42,1
2017,42,1
2018,42,1
2019,42,1
2020,42,1
2008,43,1
2009,43,1
2010,43,1
2011,43,1
2012,43,1
2013,43,1
2014,43,1
2015,43,1
2016,43,1
2017,43,1
2018,43,1
2019,43,1
2020,43,1
2008,44,0.8439
2009,44,0.8439
2010,44,0.8761
2011,44,0.8761
2012,44,0.8761
2013,44,1
2014,44,1
2015,44,1
2016,44,1
2017,44,1
2018,44,1
2019,44,1
2020,44,1
2008,45,
2009,45,
2010,45,
2011,45,
2012,45,
2013,45,
2014,45,
2015,45,
2016,45,
2017,45,
2018,45,
2019,45,
2020,45,
2008,46,1
2009,46,1
2010,46,1
2011,46,1
2012,46,1
2013,46,1
2014,46,1
2015,46,1
2016,46,1
2017,46,1
2018,46,1
2019,46,1
2020,46,1
2008,47,1
2009,47,1
2010,47,1
2011,47,1
2012,47,1
2013,47,1
2014,47,1
2015,47,1
2016,47,1
2017,47,1
2018,47,1
2019,47,1
2020,47,1
2008,48,
2009,48,
2010,48,1
2011,48,1
2012,48,1
2013,48,1
2014,48,1
2015,48,1
2016,48,1
2017,48,1
2018,48,1
2019,48,1
2020,48,1
2008,49,
2009,49,
2010,49,
2011,49,
2012,49,0.3617
2013,49,0.5038
2014,49,0.6944
2015,49,0.8333
2016,49,1
2017,49,1
2018,49,1
2019,49,1
2020,49,1
2008,50,
2009,50,
2010,50,
2011,50,
2012,50,
2013,50,
2014,50,0.9958
2015,50,0.9958
2016,50,0.9958
2017,50,0.9958
2018,50,0.9958
2019,50,0.9958
2020,50,1
2008,51,
2009,51,
2010,51,
2011,51,
2012,51,
2013,51,
2014,51,
2015,51,
2016,51,
2017,51,
2018,51,
2019,51,
2020,51,
2008,52,
2009,52,
2010,52,
2011,52,
2012,52,
2013,52,
2014,52,
2015,52,1
2016,52,1
2017,52,1
2018,52,1
2019,52,1
2020,52,1
2008,53,0.9622
2009,53,1
2010,53,1
2011,53,1
2012,53,1
2013,53,1
2014,53,1
2015,53,1
2016,53,1
2017,53,1
2018,53,1
2019,53,1
2020,53,1
2008,54,0.25
2009,54,0.25
2010,54,0.25
2011,54,0.25
2012,54,0.25
2013,54,0.25
2014,54,0.25
2015,54,0.25
2016,54,1
2017,54,1
2018,54,1
2019,54,1
2020,54,1
2008,55,1
2009,55,1
2010,55,1
2011,55,1
2012,55,1
2013,55,1
2014,55,1
2015,55,1
2016,55,1
2017,55,1
2018,55,1
2019,55,1
2020,55,1
2008,56,0.8811
2009,56,1
2010,56,1
2011,56,1
2012,56,1
2013,56,1
2014,56,1
2015,56,1
2016,56,1
2017,56,1
2018,56,1
2019,56,1
2020,56,1
2008,57,1
2009,57,1
2010,57,1
2011,57,1
2012,57,1
2013,57,1
2014,57,1
2015,57,1
2016,57,1
2017,57,1
2018,57,1
2019,57,1
2020,57,1
2008,58,0.9668
2009,58,0.9668
2010,58,0.9668
2011,58,0.9668
2012,58,0.9668
2013,58,0.9668
2014,58,0.9668
2015,58,0.9668
2016,58,0.9668
2017,58,0.9668
2018,58,1
2019,58,1
2020,58,1
2008,59,1
2009,59,1
2010,59,1
2011,59,1
2012,59,1
2013,59,1
2014,59,1
2015,59,1
2016,59,1
2017,59,1
2018,59,1
2019,59,1
2020,59,1
2008,60,1
2009,60,1
2010,60,1
2011,60,1
2012,60,1
2013,60,1
2014,60,1
2015,60,1
2016,60,1
2017,60,1
2018,60,1
2019,60,1
2020,60,1
2008,61,0.9804
2009,61,0.9804
2010,61,0.9804
2011,61,1
2012,61,1
2013,61,1
2014,61,1
2015,61,1
2016,61,1
2017,61,1
2018,61,1
2019,61,1
2020,61,1
2008,62,1
2009,62,1
2010,62,1
2011,62,1
2012,62,1
2013,62,1
2014,62,1
2015,62,1
2016,62,1
2017,62,1
2018,62,1
2019,62,1
2020,62,1
2008,63,1
2009,63,1
2010,63,1
2011,63,1
2012,63,1
2013,63,1
2014,63,1
2015,63,1
2016,63,1
2017,63,1
2018,63,1
2019,63,1
2020,63,1
2008,64,1
2009,64,1
2010,64,1
2011,64,1
2012,64,1
2013,64,1
2014,64,1
2015,64,1
2016,64,1
2017,64,1
2018,64,1
2019,64,1
2020,64,1
2008,65,1
2009,65,1
2010,65,1
2011,65,1
2012,65,1
2013,65,1
2014,65,1
2015,65,1
2016,65,1
2017,65,1
2018,65,1
2019,65,1
2020,65,1
2008,66,
2009,66,
2010,66,
2011,66,1
2012,66,1
2013,66,1
2014,66,1
2015,66,1
2016,66,1
2017,66,1
2018,66,1
2019,66,1
2020,66,1
2008,67,1
2009,67,1
2010,67,1
2011,67,1
2012,67,1
2013,67,1
2014,67,1
2015,67,1
2016,67,1
2017,67,1
2018,67,1
2019,67,1
2020,67,1
2008,68,260047.6
2009,68,260047.6
2010,68,260047.6
2011,68,7.2741
2012,68,7.2741
2013,68,10
2014,68,10
2015,68,10
2016,68,10
2017,68,10
2018,68,10
2019,68,1
2020,68,1
2008,69,0.9456
2009,69,0.9663
2010,69,0.9663
2011,69,0.9663
2012,69,1
2013,69,1
2014,69,1
2015,69,1
2016,69,1
2017,69,1
2018,69,1
2019,69,1
2020,69,1
2008,70,1
2009,70,1
2010,70,1
2011,70,1
2012,70,1
2013,70,1
2014,70,1
2015,70,1
2016,70,1
2017,70,1
2018,70,1
2019,70,1
2020,70,1
2008,71,1
2009,71,1
2010,71,1
2011,71,1
2012,71,1
2013,71,1
2014,71,1
2015,71,1
2016,71,1
2017,71,1
2018,71,1
2019,71,1
2020,71,1
2008,72,1
2009,72,1
2010,72,1
2011,72,1
2012,72,1
2013,72,1
2014,72,1
2015,72,1
2016,72,1
2017,72,1
2018,72,1
2019,72,1
2020,72,1
2008,73,0.8919
2009,73,0.8919
2010,73,0.8919
2011,73,0.8919
2012,73,0.8919
2013,73,0.8919
2014,73,0.8919
2015,73,1
2016,73,1
2017,73,1
2018,73,1
2019,73,1
2020,73,1
2008,74,
2009,74,
2010,74,
2011,74,
2012,74,
2013,74,
2014,74,
2015,74,
2016,74,
2017,74,
2018,74,
2019,74,
2020,74,
2008,75,
2009,75,
2010,75,
2011,75,
2012,75,
2013,75,1
2014,75,1
2015,75,1
2016,75,1
2017,75,1
2018,75,1
2019,75,1
2020,75,1
2008,76,0.677
2009,76,0.8254
2010,76,0.8254
2011,76,0.8254
2012,76,0.8254
2013,76,0.8254
2014,76,0.8254
2015,76,0.8254
2016,76,1
2017,76,1
2018,76,1
2019,76,1
2020,76,1
2008,77,0.9947
2009,77,1
2010,77,1
2011,77,1
2012,77,1
2013,77,1
2014,77,1
2015,77,1
2016,77,1
2017,77,1
2018,77,1
2019,77,1
2020,77,1
2008,78,0.9876
2009,78,0.9876
2010,78,0.9876
2011,78,0.9876
2012,78,0.9876
2013,78,1
2014,78,1
2015,78,1
2016,78,1
2017,78,1
2018,78,1
2019,78,1
2020,78,1
2008,79,1
2009,79,1
2010,79,1
2011,79,1
2012,79,1
2013,79,1
2014,79,1
2015,79,1
2016,79,1
2017,79,1
2018,79,1
2019,79,1
2020,79,1
2008,80,1
2009,80,1
2010,80,1
2011,80,1
2012,80,1
2013,80,1
2014,80,1
2015,80,1
2016,80,1
2017,80,1
2018,80,1
2019,80,1
2020,80,1
2008,81,1
2009,81,1
2010,81,1
2011,81,1
2012,81,1
2013,81,1
2014,81,1
2015,81,1
2016,81,1
2017,81,1
2018,81,1
2019,81,1
2020,81,1
2008,82,
2009,82,
2010,82,
2011,82,
2012,82,
2013,82,
2014,82,1
2015,82,1
2016,82,1
2017,82,1
2018,82,1
2019,82,1
2020,82,1
2008,83,0.9091
2009,83,0.9091
2010,83,0.9091
2011,83,0.9091
2012,83,1
2013,83,1
2014,83,1
2015,83,1
2016,83,1
2017,83,1
2018,83,1
2019,83,1
2020,83,1
2008,84,1
2009,84,1
2010,84,1
2011,84,1
2012,84,1
2013,84,1
2014,84,1
2015,84,1
2016,84,1
2017,84,1
2018,84,1
2019,84,1
2020,84,1
2008,85,1
2009,85,1
2010,85,1
2011,85,1
2012,85,1
2013,85,1
2014,85,1
2015,85,1
2016,85,1
2017,85,1
2018,85,1
2019,85,1
2020,85,1
2008,86,1
2009,86,1
2010,86,1
2011,86,1
2012,86,1
2013,86,1
2014,86,1
2015,86,1
2016,86,1
2017,86,1
2018,86,1
2019,86,1
2020,86,1
2008,87,4.9573
2009,87,4.9573
2010,87,4.9573
2011,87,4.9573
2012,87,0.9915
2013,87,0.9915
2014,87,0.9915
2015,87,0.9915
2016,87,0.9915
2017,87,0.9915
2018,87,0.9915
2019,87,1
2020,87,1
2008,88,0.903
2009,88,0.91
2010,88,0.91
2011,88,0.9117
2012,88,0.9802
2013,88,0.9802
2014,88,0.9802
2015,88,0.9802
2016,88,0.9802
2017,88,0.9802
2018,88,1
2019,88,1
2020,88,1
2008,89,1
2009,89,1
2010,89,1
2011,89,1
2012,89,1
2013,89,1
2014,89,1
2015,89,1
2016,89,1
2017,89,1
2018,89,1
2019,89,1
2020,89,1
2008,90,
2009,90,1
2010,90,1
2011,90,1
2012,90,1
2013,90,1
2014,90,1
2015,90,1
2016,90,1
2017,90,1
2018,90,1
2019,90,1
2020,90,1
2008,91,
2009,91,
2010,91,
2011,91,
2012,91,
2013,91,21.069
2014,91,21.069
2015,91,21.069
2016,91,21.069
2017,91,21.069
2018,91,21.069
2019,91,1
2020,91,1
2008,92,
2009,92,
2010,92,
2011,92,
2012,92,
2013,92,
2014,92,1
2015,92,1
2016,92,1
2017,92,1
2018,92,1
2019,92,1
2020,92,1
2008,93,
2009,93,
2010,93,
2011,93,
2012,93,
2013,93,
2014,93,1
2015,93,1
2016,93,1
2017,93,1
2018,93,1
2019,93,1
2020,93,1
2008,94,
2009,94,
2010,94,
2011,94,
2012,94,
2013,94,
2014,94,
2015,94,
2016,94,
2017,94,
2018,94,
2019,94,
2020,94,
2008,95,1
2009,95,1
2010,95,1
2011,95,1
2012,95,1
2013,95,1
2014,95,1
2015,95,1
2016,95,1
2017,95,1
2018,95,1
2019,95,1
2020,95,1
2008,96,1
2009,96,1
2010,96,1
2011,96,1
2012,96,1
2013,96,1
2014,96,1
2015,96,1
2016,96,1
2017,96,1
2018,96,1
2019,96,1
2020,96,1
2008,97,100
2009,97,100
2010,97,100
2011,97,100
2012,97,1
2013,97,1
2014,97,1
2015,97,1
2016,97,1
2017,97,1
2018,97,1
2019,97,1
2020,97,1
2008,98,0.9752
2009,98,0.9752
2010,98,0.9752
2011,98,0.9752
2012,98,0.9752
2013,98,0.9752
2014,98,0.9752
2015,98,0.9752
2016,98,0.9752
2017,98,0.9752
2018,98,1
2019,98,1
2020,98,1
2008,99,
2009,99,1
2010,99,1
2011,99,1
2012,99,1
2013,99,1
2014,99,1
2015,99,1
2016,99,1
2017,99,1
2018,99,1
2019,99,1
2020,99,1
2008,100,0.9048
2009,100,0.9048
2010,100,0.9048
2011,100,0.9048
2012,100,1
2013,100,1
2014,100,1
2015,100,1
2016,100,1
2017,100,1
2018,100,1
2019,100,1
2020,100,1
2008,101,0.8557
2009,101,0.9128
2010,101,0.9493
2011,101,0.9873
2012,101,0.9873
2013,101,0.9873
2014,101,0.9873
2015,101,1
2016,101,1
2017,101,1
2018,101,1
2019,101,1
2020,101,1
2008,102,1
2009,102,1
2010,102,1
2011,102,1
2012,102,1
2013,102,1
2014,102,1
2015,102,1
2016,102,1
2017,102,1
2018,102,1
2019,102,1
2020,102,1
2008,103,0.8271
2009,103,0.8271
2010,103,0.8271
2011,103,0.8271
2012,103,0.8271
2013,103,0.8271
2014,103,0.8271
2015,103,0.8638
2016,103,0.8638
2017,103,0.8638
2018,103,0.8638
2019,103,1
2020,103,1
2008,104,1
2009,104,1
2010,104,1
2011,104,1
2012,104,1
2013,104,1
2014,104,1
2015,104,1
2016,104,1
2017,104,1
2018,104,1
2019,104,1
2020,104,1
2008,105,1
2009,105,1
2010,105,1
2011,105,1
2012,105,1
2013,105,1
2014,105,1
2015,105,1
2016,105,1
2017,105,1
2018,105,1
2019,105,1
2020,105,1
2008,106,0.3247
2009,106,0.3247
2010,106,0.3247
2011,106,1
2012,106,1
2013,106,1
2014,106,1
2015,106,1
2016,106,1
2017,106,1
2018,106,1
2019,106,1
2020,106,1
2008,107,23.472
2009,107,23.472
2010,107,23.472
2011,107,97.1472
2012,107,97.1472
2013,107,100
2014,107,100
2015,107,100
2016,107,100
2017,107,100
2018,107,100
2019,107,1
2020,107,1
2008,108,
2009,108,
2010,108,
2011,108,
2012,108,
2013,108,0.957
2014,108,0.957
2015,108,0.957
2016,108,0.957
2017,108,0.957
2018,108,1
2019,108,1
2020,108,1
2008,109,
2009,109,
2010,109,
2011,109,
2012,109,
2013,109,1
2014,109,1
2015,109,1
2016,109,1
2017,109,1
2018,109,1
2019,109,1
2020,109,1
2008,110,9.5166
2009,110,9.5166
2010,110,0.0952
2011,110,0.0952
2012,110,1
2013,110,1
2014,110,1
2015,110,1
2016,110,1
2017,110,1
2018,110,1
2019,110,1
2020,110,1
2008,111,1
2009,111,1
2010,111,1
2011,111,1
2012,111,1
2013,111,1
2014,111,1
2015,111,1
2016,111,1
2017,111,1
2018,111,1
2019,111,1
2020,111,1
2008,112,0.9544
2009,112,0.9544
2010,112,0.9544
2011,112,0.9544
2012,112,0.9544
2013,112,1
2014,112,1
2015,112,1
2016,112,1
2017,112,1
2018,112,1
2019,112,1
2020,112,1
2008,113,1
2009,113,1
2010,113,1
2011,113,1
2012,113,1
2013,113,1
2014,113,1
2015,113,1
2016,113,1
2017,113,1
2018,113,1
2019,113,1
2020,113,1
2008,114,1
2009,114,1
2010,114,1
2011,114,1
2012,114,1
2013,114,1
2014,114,1
2015,114,1
2016,114,1
2017,114,1
2018,114,1
2019,114,1
2020,114,1
2008,115,1
2009,115,1
2010,115,1
2011,115,1
2012,115,1
2013,115,1
2014,115,1
2015,115,1
2016,115,1
2017,115,1
2018,115,1
2019,115,1
2020,115,1
2008,116,1
2009,116,1
2010,116,1
2011,116,1
2012,116,1
2013,116,1
2014,116,1
2015,116,1
2016,116,1
2017,116,1
2018,116,1
2019,116,1
2020,116,1
2008,117,
2009,117,
2010,117,0.5309
2011,117,0.5309
2012,117,0.5309
2013,117,0.5309
2014,117,0.5309
2015,117,0.5309
2016,117,0.5309
2017,117,0.5309
2018,117,0.5309
2019,117,0.5309
2020,117,1
2008,118,0.8648
2009,118,0.8648
2010,118,0.8648
2011,118,0.8648
2012,118,0.8648
2013,118,0.8648
2014,118,0.8648
2015,118,0.8648
2016,118,0.8648
2017,118,1
2018,118,1
2019,118,1
2020,118,1
2008,119,0.8954
2009,119,1
2010,119,1
2011,119,1
2012,119,1
2013,119,1
2014,119,1
2015,119,1
2016,119,1
2017,119,1
2018,119,1
2019,119,1
2020,119,1
2008,120,
2009,120,
2010,120,
2011,120,
2012,120,
2013,120,
2014,120,1
2015,120,1
2016,120,1
2017,120,1
2018,120,1
2019,120,1
2020,120,1
2008,121,
2009,121,
2010,121,
2011,121,
2012,121,
2013,121,1
2014,121,1
2015,121,1
2016,121,1
2017,121,1
2018,121,1
2019,121,1
2020,121,1
2008,122,1
2009,122,1
2010,122,1
2011,122,1
2012,122,1
2013,122,1
2014,122,1
2015,122,1
2016,122,1
2017,122,1
2018,122,1
2019,122,1
2020,122,1
2008,123,
2009,123,
2010,123,
2011,123,
2012,123,
2013,123,
2014,123,1
2015,123,1
2016,123,1
2017,123,1
2018,123,1
2019,123,1
2020,123,1
2008,124,
2009,124,
2010,124,
2011,124,
2012,124,
2013,124,
2014,124,
2015,124,1
2016,124,1
2017,124,1
2018,124,1
2019,124,1
2020,124,1
2008,125,
2009,125,
2010,125,
2011,125,
2012,125,
2013,125,
2014,125,
2015,125,1
2016,125,1
2017,125,1
2018,125,1
2019,125,1
2020,125,1
2008,126,0.6574
2009,126,0.6574
2010,126,0.986
2011,126,0.986
2012,126,0.986
2013,126,0.986
2014,126,0.986
2015,126,1
2016,126,1
2017,126,1
2018,126,1
2019,126,1
2020,126,1
2008,127,1
2009,127,1
2010,127,1
2011,127,1
2012,127,1
2013,127,1
2014,127,1
2015,127,1
2016,127,1
2017,127,1
2018,127,1
2019,127,1
2020,127,1
2008,128,0.8829
2009,128,0.8829
2010,128,0.8829
2011,128,0.8829
2012,128,0.9062
2013,128,1
2014,128,1
2015,128,1
2016,128,1
2017,128,1
2018,128,1
2019,128,1
2020,128,1
2008,129,0.8345
2009,129,0.8345
2010,129,0.8345
2011,129,0.8345
2012,129,0.8345
2013,129,0.9444
2014,129,0.9444
2015,129,1
2016,129,1
2017,129,1
2018,129,1
2019,129,1
2020,129,1
2008,130,0.5
2009,130,0.5
2010,130,0.6
2011,130,0.7
2012,130,0.8
2013,130,0.9
2014,130,1
2015,130,1
2016,130,1
2017,130,1
2018,130,1
2019,130,1
2020,130,1
2008,131,1
2009,131,1
2010,131,1
2011,131,1
2012,131,1
2013,131,1
2014,131,1
2015,131,1
2016,131,1
2017,131,1
2018,131,1
2019,131,1
2020,131,1
2008,132,0.8638
2009,132,0.8638
2010,132,0.907
2011,132,0.9524
2012,132,1
2013,132,1
2014,132,1
2015,132,1
2016,132,1
2017,132,1
2018,132,1
2019,132,1
2020,132,1
2008,133,0.9867
2009,133,0.9867
2010,133,1
2011,133,1
2012,133,1
2013,133,1
2014,133,1
2015,133,1
2016,133,1
2017,133,1
2018,133,1
2019,133,1
2020,133,1
2008,134,0.988
2009,134,1
2010,134,1
2011,134,1
2012,134,1
2013,134,1
2014,134,1
2015,134,1
2016,134,1
2017,134,1
2018,134,1
2019,134,1
2020,134,1
2008,135,
2009,135,
2010,135,
2011,135,
2012,135,
2013,135,
2014,135,
2015,135,1
2016,135,1
2017,135,1
2018,135,1
2019,135,1
2020,135,1
2008,136,1
2009,136,1
2010,136,1
2011,136,1
2012,136,1
2013,136,1
2014,136,1
2015,136,1
2016,136,1
2017,136,1
2018,136,1
2019,136,1
2020,136,1
2008,137,0.9677
2009,137,0.9677
2010,137,0.9677
2011,137,1
2012,137,1
2013,137,1
2014,137,1
2015,137,1
2016,137,1
2017,137,1
2018,137,1
2019,137,1
2020,137,1
2008,138,
2009,138,
2010,138,
2011,138,
2012,138,
2013,138,
2014,138,
2015,138,
2016,138,
2017,138,
2018,138,
2019,138,
2020,138,
2008,139,0.2355
2009,139,0.2355
2010,139,0.2355
2011,139,0.2355
2012,139,0.7899
2013,139,0.9495
2014,139,0.9495
2015,139,1
2016,139,1
2017,139,1
2018,139,1
2019,139,1
2020,139,1
2008,140,2.68
2009,140,2.6903
2010,140,2.6903
2011,140,2.6903
2012,140,2.6903
2013,140,2.6903
2014,140,1
2015,140,1
2016,140,1
2017,140,1
2018,140,1
2019,140,1
2020,140,1
2008,141,1
2009,141,1
2010,141,1
2011,141,1
2012,141,1
2013,141,1
2014,141,1
2015,141,1
2016,141,1
2017,141,1
2018,141,1
2019,141,1
2020,141,1
2008,142,0.9774
2009,142,1
2010,142,1
2011,142,1
2012,142,1
2013,142,1
2014,142,1
2015,142,1
2016,142,1
2017,142,1
2018,142,1
2019,142,1
2020,142,1
2008,143,1
2009,143,1
2010,143,1
2011,143,1
2012,143,1
2013,143,1
2014,143,1
2015,143,1
2016,143,1
2017,143,1
2018,143,1
2019,143,1
2020,143,1
2008,144,4.1191
2009,144,4.1191
2010,144,4.1191
2011,144,4.1191
2012,144,4.1191
2013,144,4.1191
2014,144,4.1191
2015,144,4.1191
2016,144,4.1191
2017,144,1
2018,144,1
2019,144,1
2020,144,1
2008,145,
2009,145,
2010,145,1
2011,145,1
2012,145,1
2013,145,1
2014,145,1
2015,145,1
2016,145,1
2017,145,1
2018,145,1
2019,145,1
2020,145,1
2008,146,2.5711
2009,146,2.5711
2010,146,2.5711
2011,146,2.5711
2012,146,2.5711
2013,146,2.5711
2014,146,3
2015,146,1
2016,146,1
2017,146,1
2018,146,1
2019,146,1
2020,146,1
2008,147,1
2009,147,1
2010,147,1
2011,147,1
2012,147,1
2013,147,1
2014,147,1
2015,147,1
2016,147,1
2017,147,1
2018,147,1
2019,147,1
2020,147,1
2008,148,1
2009,148,1
2010,148,1
2011,148,1
2012,148,1
2013,148,1
2014,148,1
2015,148,1
2016,148,1
2017,148,1
2018,148,1
2019,148,1
2020,148,1
2008,149,1
2009,149,1
2010,149,1
2011,149,1
2012,149,1
2013,149,1
2014,149,1
2015,149,1
2016,149,1
2017,149,1
2018,149,1
2019,149,1
2020,149,1
2008,150,0.9857
2009,150,1
2010,150,1
2011,150,1
2012,150,1
2013,150,1
2014,150,1
2015,150,1
2016,150,1
2017,150,1
2018,150,1
2019,150,1
2020,150,1
2008,151,
2009,151,
2010,151,
2011,151,
2012,151,
2013,151,
2014,151,1
2015,151,1
2016,151,1
2017,151,1
2018,151,1
2019,151,1
2020,151,1
2008,152,
2009,152,
2010,152,
2011,152,
2012,152,
2013,152,1
2014,152,1
2015,152,1
2016,152,1
2017,152,1
2018,152,1
2019,152,1
2020,152,1
2008,153,3.4012
2009,153,3.4012
2010,153,3.4012
2011,153,3.4012
2012,153,3.4012
2013,153,1
2014,153,1
2015,153,1
2016,153,1
2017,153,1
2018,153,1
2019,153,1
2020,153,1
2008,154,
2009,154,
2010,154,
2011,154,
2012,154,
2013,154,
2014,154,1
2015,154,1
2016,154,1
2017,154,1
2018,154,1
2019,154,1
2020,154,1
2008,155,
2009,155,
2010,155,
2011,155,
2012,155,
2013,155,
2014,155,1
2015,155,1
2016,155,1
2017,155,1
2018,155,1
2019,155,1
2020,155,1
2008,156,
2009,156,
2010,156,
2011,156,
2012,156,
2013,156,
2014,156,1
2015,156,1
2016,156,1
2017,156,1
2018,156,1
2019,156,1
2020,156,1
2008,157,
2009,157,
2010,157,
2011,157,
2012,157,
2013,157,
2014,157,1
2015,157,1
2016,157,1
2017,157,1
2018,157,1
2019,157,1
2020,157,1
2008,158,
2009,158,
2010,158,
2011,158,
2012,158,
2013,158,
2014,158,
2015,158,1
2016,158,1
2017,158,1
2018,158,1
2019,158,1
2020,158,1
2008,159,
2009,159,
2010,159,
2011,159,
2012,159,
2013,159,
2014,159,
2015,159,1
2016,159,1
2017,159,1
2018,159,1
2019,159,1
2020,159,1
2008,160,
2009,160,
2010,160,
2011,160,
2012,160,
2013,160,
2014,160,
2015,160,1
2016,160,1
2017,160,1
2018,160,1
2019,160,1
2020,160,1
2008,161,
2009,161,
2010,161,
2011,161,
2012,161,
2013,161,
2014,161,
2015,161,1
2016,161,1
2017,161,1
2018,161,1
2019,161,1
2020,161,1
2008,162,
2009,162,
2010,162,
2011,162,
2012,162,
2013,162,
2014,162,
2015,162,1
2016,162,1
2017,162,1
2018,162,1
2019,162,1
2020,162,1
2008,163,
2009,163,
2010,163,
2011,163,
2012,163,
2013,163,
2014,163,
2015,163,1
2016,163,1
2017,163,1
2018,163,1
2019,163,1
2020,163,1
2008,164,1
2009,164,1
2010,164,1
2011,164,1
2012,164,1
2013,164,1
2014,164,1
2015,164,1
2016,164,1
2017,164,1
2018,164,1
2019,164,1
2020,164,1
2008,165,
2009,165,
2010,165,
2011,165,
2012,165,
2013,165,
2014,165,
2015,165,1
2016,165,1
2017,165,1
2018,165,1
2019,165,1
2020,165,1
2008,166,
2009,166,
2010,166,
2011,166,
2012,166,
2013,166,
2014,166,
2015,166,1
2016,166,1
2017,166,1
2018,166,1
2019,166,1
2020,166,1
2008,167,1
2009,167,1
2010,167,1
2011,167,1
2012,167,1
2013,167,1
2014,167,1
2015,167,1
2016,167,1
2017,167,1
2018,167,1
2019,167,1
2020,167,1
2008,168,1
2009,168,1
2010,168,1
2011,168,1
2012,168,1
2013,168,1
2014,168,1
2015,168,1
2016,168,1
2017,168,1
2018,168,1
2019,168,1
2020,168,1
2008,169,1
2009,169,1
2010,169,1
2011,169,1
2012,169,1
2013,169,1
2014,169,1
2015,169,1
2016,169,1
2017,169,1
2018,169,1
2019,169,1
2020,169,1
2008,170,1
2009,170,1
2010,170,1
2011,170,1
2012,170,1
2013,170,1
2014,170,1
2015,170,1
2016,170,1
2017,170,1
2018,170,1
2019,170,1
2020,170,1
2008,171,2.5807
2009,171,2.5807
2010,171,2.5807
2011,171,2.5807
2012,171,2.5807
2013,171,1
2014,171,1
2015,171,1
2016,171,1
2017,171,1
2018,171,1
2019,171,1
2020,171,1
2008,172,
2009,172,
2010,172,1
2011,172,1
2012,172,1
2013,172,1
2014,172,1
2015,172,1
2016,172,1
2017,172,1
2018,172,1
2019,172,1
2020,172,1
2008,173,1.2588
2009,173,1.2588
2010,173,1.2588
2011,173,1.2588
2012,173,1.2588
2013,173,1.2588
2014,173,1.2588
2015,173,1.2588
2016,173,10
2017,173,1
2018,173,1
2019,173,1
2020,173,1
2008,174,1
2009,174,1
2010,174,1
2011,174,1
2012,174,1
2013,174,1
2014,174,1
2015,174,1
2016,174,1
2017,174,1
2018,174,1
2019,174,1
2020,174,1
2008,175,0.95
2009,175,0.95
2010,175,1
2011,175,1
2012,175,1
2013,175,1
2014,175,1
2015,175,1
2016,175,1
2017,175,1
2018,175,1
2019,175,1
2020,175,1
2008,176,1
2009,176,1
2010,176,1
2011,176,1
2012,176,1
2013,176,1
2014,176,1
2015,176,1
2016,176,1
2017,176,1
2018,176,1
2019,176,1
2020,176,1
2008,177,1
2009,177,1
2010,177,1
2011,177,1
2012,177,1
2013,177,1
2014,177,1
2015,177,1
2016,177,1
2017,177,1
2018,177,1
2019,177,1
2020,177,1
2008,178,8.4489
2009,178,8.4489
2010,178,0.6186
2011,178,0.6186
2012,178,0.6186
2013,178,0.6186
2014,178,0.6186
2015,178,0.6186
2016,178,0.6186
2017,178,0.6186
2018,178,1
2019,178,1
2020,178,1
2008,179,7.0634
2009,179,7.0634
2010,179,10
2011,179,1
2012,179,1
2013,179,1
2014,179,1
2015,179,1
2016,179,1
2017,179,1
2018,179,1
2019,179,1
2020,179,1
2008,180,1
2009,180,1
2010,180,1
2011,180,1
2012,180,1
2013,180,1
2014,180,1
2015,180,1
2016,180,1
2017,180,1
2018,180,1
2019,180,1
2020,180,1
2008,181,1
2009,181,1
2010,181,1
2011,181,1
2012,181,1
2013,181,1
2014,181,1
2015,181,1
2016,181,1
2017,181,1
2018,181,1
2019,181,1
2020,181,1
2008,182,5.7257
2009,182,5.7257
2010,182,1
2011,182,1
2012,182,1
2013,182,1
2014,182,1
2015,182,1
2016,182,1
2017,182,1
2018,182,1
2019,182,1
2020,182,1
2008,183,
2009,183,
2010,183,
2011,183,1
2012,183,1
2013,183,1
2014,183,1
2015,183,1
2016,183,1
2017,183,1
2018,183,1
2019,183,1
2020,183,1
2008,184,0.6578
2009,184,0.6578
2010,184,0.6578
2011,184,1
2012,184,1
2013,184,1
2014,184,1
2015,184,1
2016,184,1
2017,184,1
2018,184,1
2019,184,1
2020,184,1
2008,185,
2009,185,
2010,185,
2011,185,
2012,185,1
2013,185,1
2014,185,1
2015,185,1
2016,185,1
2017,185,1
2018,185,1
2019,185,1
2020,185,1
2008,186,1
2009,186,1
2010,186,1
2011,186,1
2012,186,1
2013,186,1
2014,186,1
2015,186,1
2016,186,1
2017,186,1
2018,186,1
2019,186,1
2020,186,1
2008,187,
2009,187,
2010,187,
2011,187,
2012,187,
2013,187,0.9825
2014,187,0.9825
2015,187,0.9825
2016,187,0.9825
2017,187,0.9825
2018,187,0.9829
2019,187,0.9829
2020,187,0.9829
2008,188,
2009,188,
2010,188,
2011,188,
2012,188,
2013,188,1
2014,188,1
2015,188,1
2016,188,1
2017,188,1
2018,188,1
2019,188,1
2020,188,1
2008,189,
2009,189,
2010,189,
2011,189,
2012,189,
2013,189,
2014,189,
2015,189,1
2016,189,1
2017,189,1
2018,189,1
2019,189,1
2020,189,1
2008,190,
2009,190,
2010,190,
2011,190,
2012,190,
2013,190,
2014,190,
2015,190,1
2016,190,1
2017,190,1
2018,190,1
2019,190,1
2020,190,1
2008,191,0.7421
2009,191,0.7434
2010,191,0.7434
2011,191,0.7434
2012,191,0.7434
2013,191,0.9151
2014,191,0.9151
2015,191,0.9156
2016,191,0.9156
2017,191,0.9156
2018,191,1
2019,191,1
2020,191,1
2008,192,1
2009,192,1
2010,192,1
2011,192,1
2012,192,1
2013,192,1
2014,192,1
2015,192,1
2016,192,1
2017,192,1
2018,192,1
2019,192,1
2020,192,1
2008,193,0.5697
2009,193,0.5697
2010,193,0.8278
2011,193,0.8278
2012,193,0.8278
2013,193,0.8282
2014,193,0.8337
2015,193,1
2016,193,1
2017,193,1
2018,193,1
2019,193,1
2020,193,1
2008,194,1
2009,194,1
2010,194,1
2011,194,1
2012,194,1
2013,194,1
2014,194,1
2015,194,1
2016,194,1
2017,194,1
2018,194,1
2019,194,1
2020,194,1
2008,195,
2009,195,
2010,195,
2011,195,
2012,195,
2013,195,
2014,195,
2015,195,1
2016,195,1
2017,195,1
2018,195,1
2019,195,1
2020,195,1
2008,196,0.25
2009,196,0.25
2010,196,0.25
2011,196,0.25
2012,196,0.25
2013,196,0.25
2014,196,0.25
2015,196,0.25
2016,196,0.25
2017,196,1
2018,196,1
2019,196,1
2020,196,1
2008,197,1
2009,197,1
2010,197,1
2011,197,1
2012,197,1
2013,197,1
2014,197,1
2015,197,1
2016,197,1
2017,197,1
2018,197,1
2019,197,1
2020,197,1
2008,198,0.5495
2009,198,0.9534
2010,198,0.9534
2011,198,0.9534
2012,198,0.9534
2013,198,1
2014,198,1
2015,198,1
2016,198,1
2017,198,1
2018,198,1
2019,198,1
2020,198,1
2008,199,0.9816
2009,199,1
2010,199,1
2011,199,1
2012,199,1
2013,199,1
2014,199,1
2015,199,1
2016,199,1
2017,199,1
2018,199,1
2019,199,1
2020,199,1
2008,200,0.5738
2009,200,1
2010,200,1
2011,200,1
2012,200,1
2013,200,1
2014,200,1
2015,200,1
2016,200,1
2017,200,1
2018,200,1
2019,200,1
2020,200,1
2008,201,1
2009,201,1
2010,201,1
2011,201,1
2012,201,1
2013,201,1
2014,201,1
2015,201,1
2016,201,1
2017,201,1
2018,201,1
2019,201,1
2020,201,1
2008,202,0.2273
2009,202,0.2273
2010,202,0.2273
2011,202,0.2273
2012,202,0.4545
2013,202,0.4545
2014,202,0.9091
2015,202,1
2016,202,1
2017,202,1
2018,202,1
2019,202,1
2020,202,1
2008,203,0.0431
2009,203,0.0431
2010,203,0.5
2011,203,0.5
2012,203,0.5
2013,203,0.5
2014,203,0.5
2015,203,0.5
2016,203,0.5
2017,203,1
2018,203,1
2019,203,1
2020,203,1
2008,204,1
2009,204,1
2010,204,1
2011,204,1
2012,204,1
2013,204,1
2014,204,1
2015,204,1
2016,204,1
2017,204,1
2018,204,1
2019,204,1
2020,204,1
2008,205,1
2009,205,1
2010,205,1
2011,205,1
2012,205,1
2013,205,1
2014,205,1
2015,205,1
2016,205,1
2017,205,1
2018,205,1
2019,205,1
2020,205,1
2008,206,0.8535
2009,206,0.8535
2010,206,0.8535
2011,206,0.8535
2012,206,0.9923
2013,206,1
2014,206,1
2015,206,1
2016,206,1
2017,206,1
2018,206,1
2019,206,1
2020,206,1
2008,207,1
2009,207,1
2010,207,1
2011,207,1
2012,207,1
2013,207,1
2014,207,1
2015,207,1
2016,207,1
2017,207,1
2018,207,1
2019,207,1
2020,207,1
2008,208,
2009,208,0.9926
2010,208,0.9926
2011,208,0.9926
2012,208,0.9926
2013,208,0.9926
2014,208,0.9926
2015,208,1
2016,208,1
2017,208,1
2018,208,1
2019,208,1
2020,208,1
2008,209,
2009,209,
2010,209,
2011,209,1
2012,209,1
2013,209,1
2014,209,1
2015,209,1
2016,209,1
2017,209,1
2018,209,1
2019,209,1
2020,209,1
2008,210,
2009,210,
2010,210,
2011,210,
2012,210,1
2013,210,1
2014,210,1
2015,210,1
2016,210,1
2017,210,1
2018,210,1
2019,210,1
2020,210,1
2008,211,
2009,211,
2010,211,
2011,211,
2012,211,0.4476
2013,211,0.4476
2014,211,0.4476
2015,211,0.8952
2016,211,0.924
2017,211,0.924
2018,211,1
2019,211,1
2020,211,1
2008,212,
2009,212,
2010,212,
2011,212,
2012,212,
2013,212,
2014,212,0.9866
2015,212,0.9866
2016,212,0.9896
2017,212,0.9978
2018,212,0.9978
2019,212,0.9978
2020,212,1
2008,213,
2009,213,
2010,213,
2011,213,
2012,213,
2013,213,1
2014,213,1
2015,213,1
2016,213,1
2017,213,1
2018,213,1
2019,213,1
2020,213,1
2008,214,
2009,214,
2010,214,
2011,214,
2012,214,
2013,214,
2014,214,0.7692
2015,214,0.7692
2016,214,1
2017,214,1
2018,214,1
2019,214,1
2020,214,1
2008,215,
2009,215,
2010,215,
2011,215,
2012,215,
2013,215,
2014,215,1
2015,215,1
2016,215,1
2017,215,1
2018,215,1
2019,215,1
2020,215,1
2008,216,
2009,216,
2010,216,
2011,216,
2012,216,
2013,216,
2014,216,0.7202
2015,216,0.7202
2016,216,0.9118
2017,216,0.9118
2018,216,0.9118
2019,216,1
2020,216,1
2008,217,
2009,217,
2010,217,
2011,217,
2012,217,
2013,217,
2014,217,
2015,217,1
2016,217,1
2017,217,1
2018,217,1
2019,217,1
2020,217,1
2008,218,0.8164
2009,218,0.8164
2010,218,0.8164
2011,218,0.8164
2012,218,0.8164
2013,218,0.8164
2014,218,0.8164
2015,218,1
2016,218,1
2017,218,1
2018,218,1
2019,218,1
2020,218,1
2008,219,1
2009,219,1
2010,219,1
2011,219,1
2012,219,1
2013,219,1
2014,219,1
2015,219,1
2016,219,1
2017,219,1
2018,219,1
2019,219,1
2020,219,1
2008,220,1
2009,220,1
2010,220,1
2011,220,1
2012,220,1
2013,220,1
2014,220,1
2015,220,1
2016,220,1
2017,220,1
2018,220,1
2019,220,1
2020,220,1
2008,221,0.9872
2009,221,0.9872
2010,221,0.9872
2011,221,0.9872
2012,221,1
2013,221,1
2014,221,1
2015,221,1
2016,221,1
2017,221,1
2018,221,1
2019,221,1
2020,221,1
2008,222,
2009,222,
2010,222,
2011,222,
2012,222,
2013,222,1
2014,222,1
2015,222,1
2016,222,1
2017,222,1
2018,222,1
2019,222,1
2020,222,1
2008,223,
2009,223,
2010,223,
2011,223,
2012,223,
2013,223,1
2014,223,1
2015,223,1
2016,223,1
2017,223,1
2018,223,1
2019,223,1
2020,223,1
2008,224,
2009,224,
2010,224,
2011,224,
2012,224,1
2013,224,1
2014,224,1
2015,224,1
2016,224,1
2017,224,1
2018,224,1
2019,224,1
2020,224,1
2008,225,
2009,225,
2010,225,
2011,225,
2012,225,0.0002
2013,225,0.0002
2014,225,0.0002
2015,225,0.0002
2016,225,0.0002
2017,225,0.0002
2018,225,0.0002
2019,225,1
2020,225,1
2008,226,1
2009,226,1
2010,226,1
2011,226,1
2012,226,1
2013,226,1
2014,226,1
2015,226,1
2016,226,1
2017,226,1
2018,226,1
2019,226,1
2020,226,1
2008,227,
2009,227,
2010,227,
2011,227,
2012,227,
2013,227,
2014,227,1
2015,227,1
2016,227,1
2017,227,1
2018,227,1
2019,227,1
2020,227,1
2008,228,1
2009,228,1
2010,228,1
2011,228,1
2012,228,1
2013,228,1
2014,228,1
2015,228,1
2016,228,1
2017,228,1
2018,228,1
2019,228,1
2020,228,1
2008,229,
2009,229,
2010,229,
2011,229,
2012,229,
2013,229,
2014,229,
2015,229,0.9893
2016,229,0.9893
2017,229,0.9893
2018,229,1
2019,229,1
2020,229,1
2008,230,
2009,230,
2010,230,
2011,230,
2012,230,
2013,230,
2014,230,
2015,230,1
2016,230,1
2017,230,1
2018,230,1
2019,230,1
2020,230,1
2008,231,0.9276
2009,231,0.9276
2010,231,0.9276
2011,231,1
2012,231,1
2013,231,1
2014,231,1
2015,231,1
2016,231,1
2017,231,1
2018,231,1
2019,231,1
2020,231,1
2008,232,1
2009,232,1
2010,232,1
2011,232,1
2012,232,1
2013,232,1
2014,232,1
2015,232,1
2016,232,1
2017,232,1
2018,232,1
2019,232,1
2020,232,1
2008,233,1
2009,233,1
2010,233,1
2011,233,1
2012,233,1
2013,233,1
2014,233,1
2015,233,1
2016,233,1
2017,233,1
2018,233,1
2019,233,1
2020,233,1
2008,234,1
2009,234,1
2010,234,1
2011,234,1
2012,234,1
2013,234,1
2014,234,1
2015,234,1
2016,234,1
2017,234,1
2018,234,1
2019,234,1
2020,234,1
2008,235,1
2009,235,1
2010,235,1
2011,235,1
2012,235,1
2013,235,1
2014,235,1
2015,235,1
2016,235,1
2017,235,1
2018,235,1
2019,235,1
2020,235,1
2008,236,0.9636
2009,236,0.9636
2010,236,0.9636
2011,236,0.9636
2012,236,0.9636
2013,236,0.9636
2014,236,0.9636
2015,236,0.9636
2016,236,0.9636
2017,236,0.9636
2018,236,1
2019,236,1
2020,236,1
2008,237,0.3877
2009,237,0.3877
2010,237,0.3877
2011,237,0.9209
2012,237,0.9209
2013,237,0.9209
2014,237,0.9209
2015,237,0.9209
2016,237,0.9209
2017,237,0.9209
2018,237,0.9209
2019,237,1
2020,237,1
2008,238,0.5727
2009,238,0.5727
2010,238,0.5727
2011,238,0.5727
2012,238,0.5727
2013,238,0.5727
2014,238,0.9623
2015,238,0.9623
2016,238,0.9623
2017,238,0.9623
2018,238,1
2019,238,1
2020,238,1
2008,239,0.5714
2009,239,0.5714
2010,239,0.5714
2011,239,0.5714
2012,239,1
2013,239,1
2014,239,1
2015,239,1
2016,239,1
2017,239,1
2018,239,1
2019,239,1
2020,239,1
2008,240,1
2009,240,1
2010,240,1
2011,240,1
2012,240,1
2013,240,1
2014,240,1
2015,240,1
2016,240,1
2017,240,1
2018,240,1
2019,240,1
2020,240,1
2008,241,2.116
2009,241,2.116
2010,241,2.116
2011,241,2.116
2012,241,2.116
2013,241,2.116
2014,241,2.116
2015,241,1
2016,241,1
2017,241,1
2018,241,1
2019,241,1
2020,241,1
2008,242,0.4466
2009,242,0.4466
2010,242,0.4466
2011,242,0.4466
2012,242,0.4466
2013,242,1
2014,242,1
2015,242,1
2016,242,1
2017,242,1
2018,242,1
2019,242,1
2020,242,1
2008,243,
2009,243,
2010,243,
2011,243,
2012,243,
2013,243,
2014,243,
2015,243,
2016,243,
2017,243,
2018,243,
2019,243,
2020,243,
2008,244,1
2009,244,1
2010,244,1
2011,244,1
2012,244,1
2013,244,1
2014,244,1
2015,244,1
2016,244,1
2017,244,1
2018,244,1
2019,244,1
2020,244,1
2008,245,
2009,245,
2010,245,
2011,245,
2012,245,
2013,245,
2014,245,
2015,245,1
2016,245,1
2017,245,1
2018,245,1
2019,245,1
2020,245,1
2008,246,
2009,246,
2010,246,
2011,246,
2012,246,
2013,246,
2014,246,
2015,246,1
2016,246,1
2017,246,1
2018,246,1
2019,246,1
2020,246,1
2008,247,
2009,247,
2010,247,
2011,247,
2012,247,
2013,247,
2014,247,
2015,247,
2016,247,
2017,247,
2018,247,
2019,247,
2020,247,
2008,248,
2009,248,
2010,248,
2011,248,
2012,248,
2013,248,
2014,248,
2015,248,
2016,248,
2017,248,
2018,248,
2019,248,
2020,248,
2008,249,1
2009,249,1
2010,249,1
2011,249,1
2012,249,1
2013,249,1
2014,249,1
2015,249,1
2016,249,1
2017,249,1
2018,249,1
2019,249,1
2020,249,1
2008,250,
2009,250,
2010,250,
2011,250,
2012,250,
2013,250,
2014,250,
2015,250,
2016,250,
2017,250,1
2018,250,1
2019,250,1
2020,250,1
2008,251,
2009,251,
2010,251,
2011,251,
2012,251,
2013,251,
2014,251,
2015,251,
2016,251,
2017,251,
2018,251,
2019,251,
2020,251,
2008,252,
2009,252,
2010,252,
2011,252,
2012,252,
2013,252,
2014,252,
2015,252,
2016,252,
2017,252,
2018,252,
2019,252,
2020,252,
2008,253,
2009,253,
2010,253,
2011,253,
2012,253,
2013,253,
2014,253,
2015,253,
2016,253,1
2017,253,1
2018,253,1
2019,253,1
2020,253,1
2008,254,0.9945
2009,254,0.9945
2010,254,0.9981
2011,254,1
2012,254,1
2013,254,1
2014,254,1
2015,254,1
2016,254,1
2017,254,1
2018,254,1
2019,254,1
2020,254,1
2008,255,2.1374
2009,255,2.1374
2010,255,2.1374
2011,255,2.1374
2012,255,2.1374
2013,255,7.7234
2014,255,0.9363
2015,255,0.9363
2016,255,0.9799
2017,255,0.9799
2018,255,0.9799
2019,255,1
2020,255,1
2008,256,
2009,256,
2010,256,
2011,256,
2012,256,
2013,256,
2014,256,
2015,256,
2016,256,
2017,256,
2018,256,
2019,256,
2020,256,
2008,257,
2009,257,
2010,257,
2011,257,
2012,257,
2013,257,
2014,257,
2015,257,
2016,257,1
2017,257,1
2018,257,1
2019,257,1
2020,257,1
2008,258,
2009,258,
2010,258,
2011,258,
2012,258,
2013,258,
2014,258,
2015,258,
2016,258,
2017,258,0.1
2018,258,0.1
2019,258,0.1
2020,258,0.1
2008,259,
2009,259,
2010,259,
2011,259,
2012,259,
2013,259,
2014,259,
2015,259,
2016,259,
2017,259,
2018,259,
2019,259,
2020,259,
2008,260,
2009,260,
2010,260,
2011,260,
2012,260,
2013,260,
2014,260,
2015,260,
2016,260,
2017,260,
2018,260,
2019,260,
2020,260,
2008,261,
2009,261,
2010,261,
2011,261,
2012,261,
2013,261,
2014,261,
2015,261,
2016,261,
2017,261,
2018,261,
2019,261,
2020,261,
2008,262,
2009,262,
2010,262,
2011,262,
2012,262,
2013,262,
2014,262,
2015,262,
2016,262,1
2017,262,1
2018,262,1
2019,262,1
2020,262,1
2008,263,657893.2
2009,263,80841.63
2010,263,80841.63
2011,263,80841.63
2012,263,80841.63
2013,263,80841.63
2014,263,808.4165
2015,263,808.4165
2016,263,0.8084
2017,263,1
2018,263,1
2019,263,1
2020,263,1
2008,264,1
2009,264,1
2010,264,1
2011,264,1
2012,264,1
2013,264,1
2014,264,1
2015,264,1
2016,264,1
2017,264,1
2018,264,1
2019,264,1
2020,264,1
2008,265,
2009,265,
2010,265,
2011,265,
2012,265,
2013,265,
2014,265,
2015,265,1
2016,265,1
2017,265,1
2018,265,1
2019,265,1
2020,265,1
2008,266,
2009,266,
2010,266,
2011,266,
2012,266,
2013,266,
2014,266,
2015,266,1
2016,266,1
2017,266,1
2018,266,1
2019,266,1
2020,266,1
2008,267,
2009,267,
2010,267,
2011,267,
2012,267,
2013,267,
2014,267,
2015,267,
2016,267,
2017,267,
2018,267,
2019,267,
2020,267,
2008,268,
2009,268,
2010,268,
2011,268,
2012,268,
2013,268,
2014,268,
2015,268,
2016,268,
2017,268,
2018,268,
2019,268,
2020,268,
2008,269,
2009,269,
2010,269,
2011,269,
2012,269,
2013,269,
2014,269,
2015,269,
2016,269,1
2017,269,1
2018,269,1
2019,269,1
2020,269,1
2008,270,
2009,270,
2010,270,
2011,270,
2012,270,
2013,270,
2014,270,
2015,270,
2016,270,0.9056
2017,270,0.9056
2018,270,0.9056
2019,270,0.9056
2020,270,1
2008,271,
2009,271,
2010,271,
2011,271,
2012,271,
2013,271,
2014,271,
2015,271,
2016,271,1
2017,271,1
2018,271,1
2019,271,1
2020,271,1
2008,272,
2009,272,
2010,272,
2011,272,
2012,272,
2013,272,
2014,272,
2015,272,
2016,272,1
2017,272,1
2018,272,1
2019,272,1
2020,272,1
2008,273,
2009,273,
2010,273,
2011,273,
2012,273,
2013,273,
2014,273,
2015,273,
2016,273,1
2017,273,1
2018,273,1
2019,273,1
2020,273,1
2008,274,
2009,274,
2010,274,
2011,274,
2012,274,
2013,274,
2014,274,
2015,274,
2016,274,1
2017,274,1
2018,274,1
2019,274,1
2020,274,1
2008,275,
2009,275,
2010,275,
2011,275,
2012,275,
2013,275,
2014,275,
2015,275,
2016,275,1
2017,275,1
2018,275,1
2019,275,1
2020,275,1
2008,276,
2009,276,
2010,276,
2011,276,
2012,276,
2013,276,
2014,276,
2015,276,
2016,276,
2017,276,
2018,276,
2019,276,
2020,276,
2008,277,
2009,277,
2010,277,
2011,277,
2012,277,
2013,277,
2014,277,
2015,277,
2016,277,1
2017,277,1
2018,277,1
2019,277,1
2020,277,1
2008,278,
2009,278,
2010,278,
2011,278,
2012,278,
2013,278,
2014,278,
2015,278,
2016,278,
2017,278,1
2018,278,1
2019,278,1
2020,278,1
2008,279,
2009,279,
2010,279,
2011,279,
2012,279,
2013,279,
2014,279,
2015,279,
2016,279,
2017,279,1
2018,279,1
2019,279,1
2020,279,1
2008,280,1
2009,280,1
2010,280,1
2011,280,1
2012,280,1
2013,280,1
2014,280,1
2015,280,1
2016,280,1
2017,280,1
2018,280,1
2019,280,1
2020,280,1
2008,281,
2009,281,
2010,281,
2011,281,
2012,281,
2013,281,
2014,281,
2015,281,
2016,281,
2017,281,
2018,281,
2019,281,
2020,281,
2008,282,
2009,282,
2010,282,
2011,282,
2012,282,
2013,282,
2014,282,
2015,282,
2016,282,
2017,282,
2018,282,
2019,282,
2020,282,
2008,283,
2009,283,
2010,283,
2011,283,
2012,283,
2013,283,
2014,283,
2015,283,
2016,283,
2017,283,
2018,283,
2019,283,
2020,283,
2008,284,
2009,284,
2010,284,
2011,284,
2012,284,
2013,284,
2014,284,
2015,284,
2016,284,
2017,284,
2018,284,
2019,284,
2020,284,
2008,285,
2009,285,
2010,285,
2011,285,
2012,285,
2013,285,
2014,285,
2015,285,
2016,285,
2017,285,
2018,285,
2019,285,
2020,285,
2008,286,1
2009,286,1
2010,286,1
2011,286,1
2012,286,1
2013,286,1
2014,286,1
2015,286,1
2016,286,1
2017,286,1
2018,286,1
2019,286,1
2020,286,1
2008,287,
2009,287,
2010,287,
2011,287,
2012,287,
2013,287,
2014,287,
2015,287,
2016,287,
2017,287,
2018,287,
2019,287,
2020,287,
2008,288,
2009,288,
2010,288,
2011,288,
2012,288,
2013,288,
2014,288,
2015,288,
2016,288,
2017,288,1
2018,288,1
2019,288,1
2020,288,1
2008,289,
2009,289,
2010,289,
2011,289,
2012,289,
2013,289,
2014,289,
2015,289,
2016,289,
2017,289,
2018,289,
2019,289,
2020,289,
2008,290,
2009,290,
2010,290,
2011,290,
2012,290,
2013,290,
2014,290,
2015,290,
2016,290,
2017,290,1
2018,290,1
2019,290,1
2020,290,1
2008,291,
2009,291,
2010,291,
2011,291,
2012,291,
2013,291,
2014,291,
2015,291,
2016,291,
2017,291,
2018,291,
2019,291,
2020,291,
2008,292,
2009,292,
2010,292,
2011,292,
2012,292,
2013,292,
2014,292,
2015,292,
2016,292,
2017,292,1
2018,292,1
2019,292,1
2020,292,1
2008,293,
2009,293,
2010,293,
2011,293,
2012,293,
2013,293,
2014,293,
2015,293,0.9437
2016,293,0.9437
2017,293,1
2018,293,1
2019,293,1
2020,293,1
2008,294,
2009,294,
2010,294,
2011,294,
2012,294,
2013,294,
2014,294,
2015,294,
2016,294,
2017,294,1
2018,294,1
2019,294,1
2020,294,1
2008,295,
2009,295,
2010,295,
2011,295,
2012,295,
2013,295,
2014,295,
2015,295,
2016,295,
2017,295,
2018,295,
2019,295,
2020,295,
2008,296,
2009,296,
2010,296,
2011,296,
2012,296,
2013,296,
2014,296,
2015,296,
2016,296,
2017,296,1
2018,296,1
2019,296,1
2020,296,1
2008,297,
2009,297,
2010,297,
2011,297,
2012,297,
2013,297,
2014,297,
2015,297,
2016,297,
2017,297,1
2018,297,1
2019,297,1
2020,297,1
2008,298,
2009,298,
2010,298,
2011,298,
2012,298,
2013,298,
2014,298,
2015,298,0.9025
2016,298,0.9025
2017,298,1
2018,298,1
2019,298,1
2020,298,1
2008,299,
2009,299,
2010,299,
2011,299,
2012,299,
2013,299,
2014,299,
2015,299,
2016,299,
2017,299,0.9901
2018,299,0.9901
2019,299,1
2020,299,1
2008,300,
2009,300,
2010,300,
2011,300,
2012,300,
2013,300,
2014,300,
2015,300,
2016,300,
2017,300,
2018,300,
2019,300,
2020,300,
2008,301,
2009,301,
2010,301,
2011,301,
2012,301,
2013,301,
2014,301,
2015,301,
2016,301,
2017,301,
2018,301,
2019,301,
2020,301,
2008,302,
2009,302,
2010,302,
2011,302,
2012,302,
2013,302,
2014,302,
2015,302,
2016,302,
2017,302,
2018,302,1
2019,302,1
2020,302,1
2008,303,
2009,303,
2010,303,
2011,303,
2012,303,
2013,303,
2014,303,
2015,303,
2016,303,
2017,303,
2018,303,
2019,303,
2020,303,
2008,304,
2009,304,
2010,304,
2011,304,
2012,304,
2013,304,
2014,304,
2015,304,
2016,304,
2017,304,
2018,304,
2019,304,
2020,304,
2008,305,
2009,305,
2010,305,
2011,305,
2012,305,
2013,305,
2014,305,
2015,305,
2016,305,
2017,305,
2018,305,
2019,305,
2020,305,
2008,306,
2009,306,
2010,306,
2011,306,
2012,306,
2013,306,
2014,306,
2015,306,
2016,306,
2017,306,
2018,306,
2019,306,
2020,306,
2008,307,
2009,307,
2010,307,
2011,307,
2012,307,
2013,307,
2014,307,
2015,307,
2016,307,
2017,307,
2018,307,
2019,307,
2020,307,
2008,308,
2009,308,
2010,308,
2011,308,
2012,308,
2013,308,
2014,308,
2015,308,
2016,308,
2017,308,
2018,308,1
2019,308,1
2020,308,1
2008,309,
2009,309,
2010,309,
2011,309,
2012,309,
2013,309,
2014,309,
2015,309,
2016,309,
2017,309,
2018,309,
2019,309,
2020,309,
2008,310,
2009,310,
2010,310,
2011,310,
2012,310,
2013,310,
2014,310,
2015,310,
2016,310,
2017,310,
2018,310,
2019,310,
2020,310,
2008,311,
2009,311,
2010,311,
2011,311,
2012,311,
2013,311,
2014,311,
2015,311,
2016,311,
2017,311,
2018,311,
2019,311,
2020,311,
2008,312,
2009,312,
2010,312,
2011,312,
2012,312,
2013,312,
2014,312,
2015,312,
2016,312,
2017,312,
2018,312,
2019,312,
2020,312,
2008,313,
2009,313,
2010,313,
2011,313,
2012,313,
2013,313,
2014,313,
2015,313,
2016,313,
2017,313,
2018,313,
2019,313,
2020,313,
2008,314,
2009,314,
2010,314,
2011,314,
2012,314,
2013,314,
2014,314,
2015,314,
2016,314,
2017,314,
2018,314,
2019,314,
2020,314,
2008,315,
2009,315,
2010,315,
2011,315,
2012,315,
2013,315,
2014,315,
2015,315,
2016,315,
2017,315,
2018,315,
2019,315,
2020,315,
2008,316,
2009,316,
2010,316,
2011,316,
2012,316,
2013,316,
2014,316,
2015,316,
2016,316,
2017,316,
2018,316,
2019,316,
2020,316,
2008,317,
2009,317,
2010,317,
2011,317,
2012,317,
2013,317,
2014,317,
2015,317,
2016,317,
2017,317,
2018,317,
2019,317,
2020,317,
2008,318,1
2009,318,1
2010,318,1
2011,318,1
2012,318,1
2013,318,1
2014,318,1
2015,318,1
2016,318,1
2017,318,1
2018,318,1
2019,318,1
2020,318,1
2008,319,
2009,319,
2010,319,
2011,319,
2012,319,
2013,319,
2014,319,
2015,319,
2016,319,
2017,319,
2018,319,
2019,319,
2020,319,
2008,320,
2009,320,
2010,320,
2011,320,
2012,320,
2013,320,
2014,320,
2015,320,
2016,320,
2017,320,
2018,320,0.9091
2019,320,1
2020,320,1
2008,321,
2009,321,
2010,321,
2011,321,
2012,321,
2013,321,
2014,321,
2015,321,
2016,321,
2017,321,
2018,321,
2019,321,
2020,321,
2008,322,
2009,322,
2010,322,
2011,322,
2012,322,
2013,322,
2014,322,
2015,322,
2016,322,
2017,322,
2018,322,
2019,322,
2020,322,
2008,323,
2009,323,
2010,323,
2011,323,
2012,323,
2013,323,
2014,323,
2015,323,
2016,323,
2017,323,
2018,323,
2019,323,
2020,323,
2008,324,
2009,324,
2010,324,
2011,324,
2012,324,
2013,324,
2014,324,
2015,324,
2016,324,
2017,324,
2018,324,
2019,324,
2020,324,
2008,325,
2009,325,
2010,325,
2011,325,
2012,325,
2013,325,
2014,325,
2015,325,
2016,325,
2017,325,
2018,325,
2019,325,
2020,325,
