Date,Id,income taxes
2008,1,
2009,1,
2010,1,
2011,1,
2012,1,
2013,1,
2014,1,
2015,1,
2016,1,
2017,1,
2018,1,
2019,1,
2020,1,
2008,2,43
2009,2,173
2010,2,632
2011,2,2438
2012,2,1281
2013,2,1696
2014,2,1659
2015,2,3490
2016,2,
2017,2,
2018,2,
2019,2,
2020,2,
2008,3,
2009,3,
2010,3,
2011,3,
2012,3,
2013,3,
2014,3,-45
2015,3,353
2016,3,64
2017,3,-32
2018,3,1522
2019,3,577
2020,3,807
2008,4,
2009,4,
2010,4,
2011,4,
2012,4,
2013,4,141
2014,4,-432
2015,4,2239
2016,4,1955
2017,4,1102
2018,4,-849
2019,4,781
2020,4,
2008,5,
2009,5,
2010,5,
2011,5,
2012,5,
2013,5,
2014,5,151
2015,5,-125
2016,5,-91
2017,5,-827
2018,5,658
2019,5,658
2020,5,
2008,6,
2009,6,
2010,6,
2011,6,
2012,6,
2013,6,
2014,6,825
2015,6,1006
2016,6,0
2017,6,30
2018,6,
2019,6,
2020,6,
2008,7,
2009,7,
2010,7,
2011,7,
2012,7,608
2013,7,624
2014,7,-423
2015,7,-1323
2016,7,1771
2017,7,1888
2018,7,2177
2019,7,
2020,7,
2008,8,17383
2009,8,1155
2010,8,13620
2011,8,11353
2012,8,5065
2013,8,15282
2014,8,36232
2015,8,57694
2016,8,69213
2017,8,67637
2018,8,83881
2019,8,68208
2020,8,17802
2008,9,8986
2009,9,20675
2010,9,35361
2011,9,23695
2012,9,7079
2013,9,23846
2014,9,2579
2015,9,11863
2016,9,12841
2017,9,24132
2018,9,33146
2019,9,30472
2020,9,13598
2008,10,16302
2009,10,26674
2010,10,40983
2011,10,32305
2012,10,25787
2013,10,36794
2014,10,10450
2015,10,8236
2016,10,11463
2017,10,23171
2018,10,31775
2019,10,33935
2020,10,18844
2008,11,12867
2009,11,7190
2010,11,10900
2011,11,926
2012,11,2974
2013,11,-849
2014,11,1636
2015,11,2914
2016,11,2878
2017,11,-228
2018,11,-348
2019,11,2532
2020,11,-3541
2008,12,2615
2009,12,180
2010,12,859
2011,12,726
2012,12,121
2013,12,112
2014,12,469
2015,12,576
2016,12,-10
2017,12,822
2018,12,-796
2019,12,2235
2020,12,962
2008,13,16793
2009,13,700
2010,13,11570
2011,13,18941
2012,13,13771
2013,13,15745
2014,13,13058
2015,13,12913
2016,13,32637
2017,13,22950
2018,13,20693
2019,13,13688
2020,13,3558
2008,14,
2009,14,
2010,14,
2011,14,
2012,14,
2013,14,
2014,14,
2015,14,
2016,14,
2017,14,
2018,14,
2019,14,
2020,14,
2008,15,
2009,15,
2010,15,
2011,15,
2012,15,
2013,15,
2014,15,
2015,15,
2016,15,
2017,15,
2018,15,
2019,15,
2020,15,
2008,16,
2009,16,
2010,16,
2011,16,
2012,16,
2013,16,
2014,16,
2015,16,
2016,16,
2017,16,
2018,16,
2019,16,
2020,16,
2008,17,
2009,17,
2010,17,
2011,17,
2012,17,101109
2013,17,120301
2014,17,133218
2015,17,144115
2016,17,167635
2017,17,213406
2018,17,16317
2019,17,176656
2020,17,58155
2008,18,
2009,18,
2010,18,
2011,18,
2012,18,
2013,18,
2014,18,
2015,18,-172
2016,18,-898
2017,18,-8
2018,18,0
2019,18,0
2020,18,0
2008,19,45680
2009,19,60783
2010,19,76200
2011,19,90800
2012,19,79000
2013,19,79800
2014,19,64600
2015,19,73400
2016,19,70500
2017,19,52200
2018,19,54500
2019,19,46200
2020,19,22700
2008,20,
2009,20,
2010,20,
2011,20,
2012,20,
2013,20,
2014,20,
2015,20,1778
2016,20,81
2017,20,2498
2018,20,2391
2019,20,2600
2020,20,2839
2008,21,
2009,21,
2010,21,
2011,21,
2012,21,9381
2013,21,9067
2014,21,11090
2015,21,7317
2016,21,10322
2017,21,4854
2018,21,8355
2019,21,9097
2020,21,
2008,22,
2009,22,
2010,22,
2011,22,5740
2012,22,5721
2013,22,4668
2014,22,4715
2015,22,3383
2016,22,3340
2017,22,2776
2018,22,1448
2019,22,2102
2020,22,-788
2008,23,1882
2009,23,1803
2010,23,4019
2011,23,-2791
2012,23,2136
2013,23,4038
2014,23,1758
2015,23,4036
2016,23,3887
2017,23,1882
2018,23,2734
2019,23,1568
2020,23,6267
2008,24,6750
2009,24,17000
2010,24,19672
2011,24,17732
2012,24,16508
2013,24,22606
2014,24,20703
2015,24,21648
2016,24,24075
2017,24,24641
2018,24,27203
2019,24,27784
2020,24,21943
2008,25,
2009,25,
2010,25,
2011,25,
2012,25,104
2013,25,187
2014,25,316
2015,25,469
2016,25,24
2017,25,1202
2018,25,-2351
2019,25,
2020,25,
2008,26,26718
2009,26,31671
2010,26,36796
2011,26,53496
2012,26,55880
2013,26,55571
2014,26,47980
2015,26,33188
2016,26,31654
2017,26,-18108
2018,26,-69489
2019,26,27804
2020,26,179443
2008,27,4144
2009,27,94
2010,27,2978
2011,27,450
2012,27,-10835
2013,27,-3014
2014,27,1242
2015,27,3386
2016,27,5308
2017,27,3863
2018,27,-2185
2019,27,-3065
2020,27,-5888
2008,28,4787
2009,28,9375
2010,28,27055
2011,28,12222
2012,28,8260
2013,28,6099
2014,28,14626
2015,28,26292
2016,28,31707
2017,28,13075
2018,28,27688
2019,28,26511
2020,28,20997
2008,29,3972
2009,29,3287
2010,29,1628
2011,29,681
2012,29,-1251
2013,29,1573
2014,29,1128
2015,29,919
2016,29,1023
2017,29,-254
2018,29,
2019,29,
2020,29,
2008,30,31820
2009,30,20427
2010,30,24505
2011,30,24185
2012,30,9484
2013,30,14906
2014,30,3882
2015,30,-16309
2016,30,6016
2017,30,52195
2018,30,7036
2019,30,6472
2020,30,12465
2008,31,651
2009,31,248
2010,31,-13
2011,31,105
2012,31,-9
2013,31,173
2014,31,-82
2015,31,-165
2016,31,-32
2017,31,74
2018,31,54
2019,31,46
2020,31,
2008,32,421
2009,32,798
2010,32,119
2011,32,141
2012,32,-166
2013,32,-249
2014,32,-124
2015,32,1032
2016,32,2263
2017,32,2669
2018,32,2154
2019,32,1720
2020,32,551
2008,33,750
2009,33,2777
2010,33,2496
2011,33,-8511
2012,33,787
2013,33,-1284
2014,33,-478
2015,33,-3345
2016,33,433
2017,33,-1389
2018,33,-6311
2019,33,
2020,33,
2008,34,148522
2009,34,94225
2010,34,62087
2011,34,68811
2012,34,146168
2013,34,115883
2014,34,121292
2015,34,100169
2016,34,
2017,34,
2018,34,
2019,34,
2020,34,
2008,35,18730
2009,35,13688
2010,35,8306
2011,35,5766
2012,35,4572
2013,35,14992
2014,35,20758
2015,35,26542
2016,35,33246
2017,35,16393
2018,35,35866
2019,35,36219
2020,35,33195
2008,36,179557
2009,36,63750
2010,36,-60646
2011,36,30178
2012,36,75883
2013,36,79233
2014,36,55131
2015,36,94006
2016,36,132186
2017,36,-45888
2018,36,82514
2019,36,96046
2020,36,139787
2008,37,142863
2009,37,99352
2010,37,65497
2011,37,63659
2012,37,148129
2013,37,121778
2014,37,126670
2015,37,4218
2016,37,18555
2017,37,6238
2018,37,-13217
2019,37,22537
2020,37,-26528
2008,38,52536
2009,38,25129
2010,38,60114
2011,38,40249
2012,38,59270
2013,38,53728
2014,38,39635
2015,38,84577
2016,38,77952
2017,38,14534
2018,38,39274
2019,38,69160
2020,38,27041
2008,39,-3941
2009,39,-2891
2010,39,643
2011,39,413
2012,39,3639
2013,39,1618
2014,39,-6589
2015,39,-4349
2016,39,964
2017,39,3283
2018,39,3239
2019,39,4148
2020,39,-19327
2008,40,13102
2009,40,10399
2010,40,11347
2011,40,17407
2012,40,17607
2013,40,15892
2014,40,12616
2015,40,5100
2016,40,17486
2017,40,10362
2018,40,16884
2019,40,14782
2020,40,15762
2008,41,-226
2009,41,-789
2010,41,236
2011,41,-4848
2012,41,147
2013,41,-482
2014,41,142
2015,41,-140
2016,41,-701
2017,41,1518
2018,41,-3833
2019,41,1420
2020,41,-9814
2008,42,585000
2009,42,2520000
2010,42,2401000
2011,42,3080000
2012,42,2745000
2013,42,2437000
2014,42,-850000
2015,42,1909000
2016,42,1993000
2017,42,1882000
2018,42,1851000
2019,42,836000
2020,42,1841000
2008,43,193000
2009,43,192100
2010,43,245200
2011,43,387300
2012,43,412700
2013,43,423900
2014,43,335700
2015,43,293300
2016,43,305300
2017,43,294400
2018,43,296100
2019,43,313500
2020,43,297800
2008,44,-1824
2009,44,-2783
2010,44,-1908
2011,44,976
2012,44,328
2013,44,585
2014,44,203
2015,44,1158
2016,44,148
2017,44,
2018,44,
2019,44,
2020,44,
2008,45,
2009,45,
2010,45,
2011,45,
2012,45,
2013,45,
2014,45,
2015,45,
2016,45,
2017,45,
2018,45,
2019,45,
2020,45,
2008,46,104356
2009,46,147801
2010,46,69779
2011,46,60737
2012,46,86052
2013,46,128324
2014,46,120874
2015,46,114847
2016,46,143548
2017,46,95992
2018,46,124334
2019,46,123213
2020,46,134648
2008,47,227000
2009,47,145000
2010,47,158000
2011,47,148000
2012,47,128000
2013,47,51000
2014,47,179000
2015,47,133000
2016,47,117000
2017,47,192000
2018,47,157000
2019,47,189000
2020,47,99000
2008,48,-339000
2009,48,219000
2010,48,189000
2011,48,282000
2012,48,298000
2013,48,324000
2014,48,264000
2015,48,184000
2016,48,
2017,48,
2018,48,
2019,48,
2020,48,
2008,49,
2009,49,
2010,49,1
2011,49,16
2012,49,22
2013,49,10
2014,49,218
2015,49,121
2016,49,-52
2017,49,-55
2018,49,-1770
2019,49,-1
2020,49,65
2008,50,
2009,50,
2010,50,
2011,50,
2012,50,555
2013,50,1003
2014,50,3113
2015,50,1082
2016,50,1310
2017,50,1057
2018,50,1528
2019,50,2350
2020,50,420
2008,51,
2009,51,
2010,51,
2011,51,
2012,51,
2013,51,
2014,51,
2015,51,
2016,51,
2017,51,
2018,51,
2019,51,
2020,51,
2008,52,
2009,52,
2010,52,
2011,52,
2012,52,
2013,52,
2014,52,473
2015,52,583
2016,52,694
2017,52,2156
2018,52,1814
2019,52,464
2020,52,962
2008,53,10706
2009,53,2838
2010,53,3291
2011,53,-4291
2012,53,5494
2013,53,2616
2014,53,6829
2015,53,9002
2016,53,7581
2017,53,21828
2018,53,7967
2019,53,10242
2020,53,4507
2008,54,7868
2009,54,4060
2010,54,4255
2011,54,2752
2012,54,2953
2013,54,4275
2014,54,6409
2015,54,7064
2016,54,9728
2017,54,6807
2018,54,7707
2019,54,9868
2020,54,5382
2008,55,8069
2009,55,-673
2010,55,10154
2011,55,7294
2012,55,-839
2013,55,8624
2014,55,8322
2015,55,11037
2016,55,21046
2017,55,15374
2018,55,15639
2019,55,11953
2020,55,-1731
2008,56,6254
2009,56,-949
2010,56,843
2011,56,2611
2012,56,3740
2013,56,3484
2014,56,5453
2015,56,2526
2016,56,1187
2017,56,3184
2018,56,2563
2019,56,1638
2020,56,-3146
2008,57,14372
2009,57,12431
2010,57,14682
2011,57,14056
2012,57,15360
2013,57,11453
2014,57,11809
2015,57,13383
2016,57,12241
2017,57,12275
2018,57,11767
2019,57,
2020,57,
2008,58,51000
2009,58,85000
2010,58,63000
2011,58,44000
2012,58,73000
2013,58,68000
2014,58,57000
2015,58,96000
2016,58,106000
2017,58,82000
2018,58,68000
2019,58,148000
2020,58,78000
2008,59,5174
2009,59,3693
2010,59,6096
2011,59,5989
2012,59,4751
2013,59,5082
2014,59,6160
2015,59,6945
2016,59,7132
2017,59,5471
2018,59,7439
2019,59,6991
2020,59,5927
2008,60,3257
2009,60,1436
2010,60,4394
2011,60,3771
2012,60,-11892
2013,60,-5124
2014,60,3394
2015,60,2114
2016,60,1649
2017,60,2161
2018,60,7456
2019,60,711
2020,60,1623
2008,61,1806
2009,61,-2415
2010,61,5942
2011,61,2728
2012,61,-1292
2013,61,477
2014,61,3179
2015,61,2948
2016,61,835
2017,61,2228
2018,61,4161
2019,61,3027
2020,61,3230
2008,62,1431
2009,62,-3461
2010,62,6238
2011,62,7451
2012,62,1543
2013,62,552
2014,62,3115
2015,62,2429
2016,62,707
2017,62,3544
2018,62,4391
2019,62,750
2020,62,1531
2008,63,0
2009,63,2700
2010,63,0
2011,63,0
2012,63,0
2013,63,0
2014,63,80
2015,63,0
2016,63,17
2017,63,395
2018,63,387
2019,63,515
2020,63,-2365
2008,64,653000
2009,64,1121000
2010,64,548000
2011,64,1643000
2012,64,1235000
2013,64,1111000
2014,64,928000
2015,64,401000
2016,64,880000
2017,64,490000
2018,64,375000
2019,64,513000
2020,64,-5955000
2008,65,17744
2009,65,19912
2010,65,23189
2011,65,25622
2012,65,22407
2013,65,23996
2014,65,25928
2015,65,25967
2016,65,28118
2017,65,26441
2018,65,27248
2019,65,26578
2020,65,-267
2008,66,
2009,66,
2010,66,-23
2011,66,5926
2012,66,170
2013,66,442
2014,66,1895
2015,66,-339
2016,66,4838
2017,66,8201
2018,66,7692
2019,66,3827
2020,66,-9404
2008,67,701
2009,67,1679
2010,67,980
2011,67,595
2012,67,-72
2013,67,827
2014,67,1012
2015,67,87
2016,67,-556
2017,67,-47
2018,67,-803
2019,67,-268
2020,67,1440
2008,68,1302
2009,68,1778
2010,68,1247
2011,68,-2918
2012,68,2499
2013,68,-314
2014,68,-1214
2015,68,1456
2016,68,997
2017,68,831
2018,68,684
2019,68,396
2020,68,214
2008,69,82000
2009,69,144900
2010,69,56100
2011,69,98900
2012,69,84600
2013,69,110700
2014,69,117400
2015,69,102900
2016,69,115700
2017,69,126100
2018,69,
2019,69,
2020,69,
2008,70,1127
2009,70,1967
2010,70,2236
2011,70,1614
2012,70,2190
2013,70,3512
2014,70,5085
2015,70,4707
2016,70,3334
2017,70,2665
2018,70,2239
2019,70,1382
2020,70,1428
2008,71,840
2009,71,820
2010,71,1006
2011,71,1180
2012,71,378
2013,71,1388
2014,71,1509
2015,71,703
2016,71,1380
2017,71,1485
2018,71,561
2019,71,487
2020,71,-527
2008,72,4986
2009,72,14622
2010,72,8085
2011,72,5845
2012,72,7729
2013,72,7926
2014,72,14321
2015,72,16129
2016,72,12438
2017,72,9522
2018,72,8946
2019,72,7864
2020,72,11545
2008,73,-1238
2009,73,229
2010,73,440
2011,73,1107
2012,73,202
2013,73,228
2014,73,319
2015,73,-5314
2016,73,291
2017,73,
2018,73,
2019,73,
2020,73,
2008,74,
2009,74,
2010,74,
2011,74,
2012,74,
2013,74,
2014,74,
2015,74,
2016,74,
2017,74,
2018,74,
2019,74,
2020,74,
2008,75,
2009,75,
2010,75,
2011,75,
2012,75,
2013,75,
2014,75,851
2015,75,1384
2016,75,938
2017,75,-36
2018,75,886
2019,75,279
2020,75,-132
2008,76,266000
2009,76,347000
2010,76,532000
2011,76,906000
2012,76,593000
2013,76,690000
2014,76,509000
2015,76,467000
2016,76,308000
2017,76,329000
2018,76,341000
2019,76,375000
2020,76,370000
2008,77,66464
2009,77,125112
2010,77,90206
2011,77,114485
2012,77,85251
2013,77,122034
2014,77,116069
2015,77,105662
2016,77,118153
2017,77,104359
2018,77,116287
2019,77,111635
2020,77,100134
2008,78,78597
2009,78,77637
2010,78,63575
2011,78,94471
2012,78,79051
2013,78,124258
2014,78,112655
2015,78,114000
2016,78,119300
2017,78,92600
2018,78,121800
2019,78,126100
2020,78,111800
2008,79,551
2009,79,2229
2010,79,6517
2011,79,8288
2012,79,8206
2013,79,11168
2014,79,7414
2015,79,6132
2016,79,5879
2017,79,4924
2018,79,5062
2019,79,9211
2020,79,6075
2008,80,10589
2009,80,14340
2010,80,21408
2011,80,34136
2012,80,29509
2013,80,31540
2014,80,18194
2015,80,18519
2016,80,22402
2017,80,17617
2018,80,16376
2019,80,6626
2020,80,-9394
2008,81,379000
2009,81,278000
2010,81,83000
2011,81,96000
2012,81,41000
2013,81,130000
2014,81,159000
2015,81,97000
2016,81,25000
2017,81,122000
2018,81,117000
2019,81,42000
2020,81,39000
2008,82,
2009,82,
2010,82,
2011,82,
2012,82,4099
2013,82,24191
2014,82,30448
2015,82,-10016
2016,82,
2017,82,
2018,82,
2019,82,
2020,82,
2008,83,12536
2009,83,12628
2010,83,13877
2011,83,17780
2012,83,12946
2013,83,12469
2014,83,5893
2015,83,7187
2016,83,8303
2017,83,7757
2018,83,9698
2019,83,9660
2020,83,-3390
2008,84,97841
2009,84,-4268
2010,84,13247
2011,84,59661
2012,84,29714
2013,84,188863
2014,84,28628
2015,84,20946
2016,84,53192
2017,84,180718
2018,84,32287
2019,84,23151
2020,84,9269
2008,85,2094
2009,85,1297
2010,85,3155
2011,85,-4021
2012,85,723
2013,85,-1117
2014,85,3887
2015,85,3676
2016,85,3030
2017,85,6228
2018,85,12914
2019,85,9626
2020,85,12440
2008,86,97841
2009,86,-4268
2010,86,13247
2011,86,59661
2012,86,29714
2013,86,188863
2014,86,28628
2015,86,20946
2016,86,53192
2017,86,180718
2018,86,32287
2019,86,23151
2020,86,9269
2008,87,1225
2009,87,1111
2010,87,234
2011,87,1204
2012,87,-1819
2013,87,-68
2014,87,2110
2015,87,-352
2016,87,31
2017,87,-417
2018,87,246
2019,87,474
2020,87,
2008,88,3
2009,88,-15
2010,88,93
2011,88,57
2012,88,17
2013,88,22
2014,88,9
2015,88,13
2016,88,13
2017,88,-3
2018,88,114
2019,88,
2020,88,
2008,89,9675
2009,89,1421
2010,89,-3573
2011,89,1083
2012,89,2608
2013,89,236
2014,89,2148
2015,89,28
2016,89,6850
2017,89,3307
2018,89,3131
2019,89,
2020,89,
2008,90,1167
2009,90,3277
2010,90,5824
2011,90,6450
2012,90,6381
2013,90,7537
2014,90,8827
2015,90,4994
2016,90,14565
2017,90,7503
2018,90,
2019,90,
2020,90,
2008,91,
2009,91,
2010,91,
2011,91,
2012,91,35
2013,91,411
2014,91,15
2015,91,-102
2016,91,499
2017,91,979
2018,91,851
2019,91,1181
2020,91,
2008,92,
2009,92,
2010,92,
2011,92,
2012,92,
2013,92,
2014,92,246
2015,92,-34
2016,92,-158
2017,92,30
2018,92,272
2019,92,273
2020,92,
2008,93,
2009,93,
2010,93,
2011,93,
2012,93,
2013,93,
2014,93,
2015,93,
2016,93,
2017,93,
2018,93,
2019,93,
2020,93,
2008,94,
2009,94,
2010,94,
2011,94,
2012,94,
2013,94,
2014,94,
2015,94,
2016,94,
2017,94,
2018,94,
2019,94,
2020,94,
2008,95,12178
2009,95,17087
2010,95,23003
2011,95,29572
2012,95,29063
2013,95,23954
2014,95,20111
2015,95,41385
2016,95,43595
2017,95,29869
2018,95,38166
2019,95,41615
2020,95,38263
2008,96,-5726
2009,96,-460
2010,96,-13
2011,96,2814
2012,96,428
2013,96,203
2014,96,
2015,96,
2016,96,
2017,96,
2018,96,
2019,96,
2020,96,
2008,97,3359
2009,97,1113
2010,97,399
2011,97,-2297
2012,97,21
2013,97,789
2014,97,1342
2015,97,1141
2016,97,485
2017,97,731
2018,97,751
2019,97,840
2020,97,290
2008,98,22428
2009,98,32690
2010,98,54514
2011,98,58649
2012,98,49722
2013,98,46228
2014,98,44050
2015,98,49554
2016,98,55578
2017,98,38828
2018,98,46235
2019,98,40552
2020,98,73077
2008,99,3355
2009,99,5704
2010,99,3177
2011,99,5142
2012,99,3430
2013,99,3906
2014,99,4609
2015,99,2908
2016,99,2799
2017,99,828
2018,99,
2019,99,
2020,99,
2008,100,18256
2009,100,24394
2010,100,36456
2011,100,52461
2012,100,35580
2013,100,39602
2014,100,43812
2015,100,49323
2016,100,59221
2017,100,49493
2018,100,39999
2019,100,34786
2020,100,56181
2008,101,751
2009,101,788
2010,101,260
2011,101,259
2012,101,-828
2013,101,673
2014,101,-265
2015,101,387
2016,101,395
2017,101,105
2018,101,-228
2019,101,147
2020,101,984
2008,102,-1292
2009,102,-2022
2010,102,3402
2011,102,2231
2012,102,2792
2013,102,988
2014,102,3405
2015,102,5795
2016,102,5398
2017,102,3463
2018,102,2172
2019,102,4554
2020,102,2531
2008,103,-2399
2009,103,2748
2010,103,-11
2011,103,-911
2012,103,688
2013,103,1649
2014,103,2945
2015,103,2848
2016,103,5587
2017,103,-230
2018,103,1285
2019,103,
2020,103,
2008,104,4416
2009,104,4261
2010,104,4243
2011,104,4933
2012,104,3872
2013,104,1768
2014,104,1958
2015,104,1863
2016,104,1964
2017,104,1966
2018,104,2233
2019,104,2605
2020,104,251
2008,105,463
2009,105,-530
2010,105,-157
2011,105,-66
2012,105,14
2013,105,278
2014,105,235
2015,105,161
2016,105,28
2017,105,121
2018,105,160
2019,105,38
2020,105,117
2008,106,6039
2009,106,3340
2010,106,4939
2011,106,3277
2012,106,3416
2013,106,6894
2014,106,6978
2015,106,6100
2016,106,8847
2017,106,6700
2018,106,9213
2019,106,5755
2020,106,3202
2008,107,3789
2009,107,4179
2010,107,-416
2011,107,-468
2012,107,-1344
2013,107,595
2014,107,1151
2015,107,1368
2016,107,1147
2017,107,1528
2018,107,2172
2019,107,2006
2020,107,1693
2008,108,
2009,108,
2010,108,
2011,108,
2012,108,
2013,108,0
2014,108,0
2015,108,8286
2016,108,13334
2017,108,13542
2018,108,12144
2019,108,3663
2020,108,6165
2008,109,
2009,109,4150
2010,109,6490
2011,109,7464
2012,109,8881
2013,109,6611
2014,109,7585
2015,109,7442
2016,109,
2017,109,
2018,109,
2019,109,
2020,109,
2008,110,132
2009,110,-836
2010,110,887
2011,110,0
2012,110,-995
2013,110,-58
2014,110,8
2015,110,0
2016,110,-513
2017,110,102
2018,110,93
2019,110,126
2020,110,32
2008,111,1825
2009,111,-479
2010,111,736
2011,111,4099
2012,111,38
2013,111,142
2014,111,43
2015,111,253
2016,111,6
2017,111,25
2018,111,-1
2019,111,135
2020,111,-768
2008,112,19030
2009,112,23555
2010,112,18859
2011,112,26813
2012,112,22075
2013,112,30097
2014,112,34045
2015,112,37256
2016,112,47761
2017,112,51159
2018,112,61180
2019,112,54728
2020,112,
2008,113,11582
2009,113,-9122
2010,113,3212
2011,113,4947
2012,113,1444
2013,113,8207
2014,113,8871
2015,113,17412
2016,113,22921
2017,113,17992
2018,113,14436
2019,113,10441
2020,113,767
2008,114,612
2009,114,488
2010,114,577
2011,114,342
2012,114,848
2013,114,327
2014,114,737
2015,114,1133
2016,114,775
2017,114,673
2018,114,304
2019,114,279
2020,114,
2008,115,2774
2009,115,-1397
2010,115,410
2011,115,1272
2012,115,728
2013,115,507
2014,115,1241
2015,115,2087
2016,115,
2017,115,
2018,115,
2019,115,
2020,115,
2008,116,4087
2009,116,2965
2010,116,6909
2011,116,4679
2012,116,2023
2013,116,1707
2014,116,3819
2015,116,4475
2016,116,3350
2017,116,2888
2018,116,5162
2019,116,-407
2020,116,149
2008,117,3132
2009,117,2198
2010,117,2784
2011,117,4165
2012,117,4063
2013,117,3472
2014,117,3416
2015,117,1944
2016,117,-3017
2017,117,-100
2018,117,262
2019,117,1213
2020,117,-2227
2008,118,4764
2009,118,-7237
2010,118,16490
2011,118,9471
2012,118,6398
2013,118,10698
2014,118,2871
2015,118,11373
2016,118,7340
2017,118,7602
2018,118,5374
2019,118,1640
2020,118,1294
2008,119,20631
2009,119,6128
2010,119,18259
2011,119,23019
2012,119,22494
2013,119,26985
2014,119,35367
2015,119,45056
2016,119,54020
2017,119,56427
2018,119,66064
2019,119,63628
2020,119,29295
2008,120,
2009,120,
2010,120,
2011,120,14128
2012,120,19809
2013,120,-9467
2014,120,38892
2015,120,-35960
2016,120,8558
2017,120,31277
2018,120,53220
2019,120,71955
2020,120,-9203
2008,121,
2009,121,
2010,121,
2011,121,
2012,121,560000
2013,121,590000
2014,121,428654
2015,121,385331
2016,121,310765
2017,121,250190
2018,121,437086
2019,121,270184
2020,121,-47941
2008,122,56830
2009,122,33817
2010,122,40556
2011,122,73883
2012,122,91698
2013,122,45174
2014,122,51152
2015,122,99129
2016,122,17648
2017,122,12900
2018,122,26896
2019,122,38783
2020,122,22256
2008,123,
2009,123,
2010,123,
2011,123,
2012,123,
2013,123,
2014,123,254
2015,123,260
2016,123,311
2017,123,-49
2018,123,-686
2019,123,210
2020,123,115
2008,124,
2009,124,
2010,124,
2011,124,
2012,124,
2013,124,
2014,124,
2015,124,-171
2016,124,418
2017,124,202
2018,124,119
2019,124,-458
2020,124,-4521
2008,125,
2009,125,
2010,125,
2011,125,
2012,125,
2013,125,
2014,125,
2015,125,942
2016,125,3273
2017,125,2234
2018,125,1269
2019,125,2442
2020,125,1201
2008,126,2968
2009,126,7891
2010,126,19232
2011,126,18097
2012,126,1011
2013,126,-6011
2014,126,13029
2015,126,920
2016,126,-766
2017,126,-205
2018,126,-1018
2019,126,-1110
2020,126,90
2008,127,4293
2009,127,7701
2010,127,7565
2011,127,4222
2012,127,1308
2013,127,3626
2014,127,3686
2015,127,6413
2016,127,10370
2017,127,7147
2018,127,9590
2019,127,7912
2020,127,1940
2008,128,73559
2009,128,80142
2010,128,84683
2011,128,90942
2012,128,83167
2013,128,85490
2014,128,83999
2015,128,96167
2016,128,93776
2017,128,89459
2018,128,106227
2019,128,
2020,128,
2008,129,10810
2009,129,13133
2010,129,12336
2011,129,5270
2012,129,10807
2013,129,15313
2014,129,14379
2015,129,22657
2016,129,19412
2017,129,15576
2018,129,
2019,129,
2020,129,
2008,130,44428
2009,130,36993
2010,130,38303
2011,130,42296
2012,130,38421
2013,130,39638
2014,130,43281
2015,130,43676
2016,130,38746
2017,130,34209
2018,130,31639
2019,130,
2020,130,
2008,131,1667
2009,131,2503
2010,131,2968
2011,131,3456
2012,131,2033
2013,131,2485
2014,131,2774
2015,131,4042
2016,131,5081
2017,131,5251
2018,131,6720
2019,131,7330
2020,131,-3289
2008,132,408584
2009,132,442786
2010,132,400300
2011,132,413496
2012,132,328290
2013,132,422089
2014,132,552594
2015,132,470962
2016,132,532916
2017,132,632194
2018,132,439989
2019,132,107000
2020,132,-524000
2008,133,571
2009,133,530
2010,133,403
2011,133,85
2012,133,221
2013,133,171
2014,133,267
2015,133,566
2016,133,
2017,133,
2018,133,
2019,133,
2020,133,
2008,134,74296
2009,134,87474
2010,134,90694
2011,134,95745
2012,134,86689
2013,134,90377
2014,134,87440
2015,134,100785
2016,134,96740
2017,134,91689
2018,134,108347
2019,134,88081
2020,134,24924
2008,135,
2009,135,
2010,135,
2011,135,
2012,135,1216
2013,135,2866
2014,135,3980
2015,135,3548
2016,135,5006
2017,135,5865
2018,135,7049
2019,135,9240
2020,135,-4824
2008,136,4280
2009,136,-1429
2010,136,1014
2011,136,-1276
2012,136,2089
2013,136,-171
2014,136,2635
2015,136,5149
2016,136,5799
2017,136,5415
2018,136,-30
2019,136,200
2020,136,5734
2008,137,1726
2009,137,954
2010,137,1568
2011,137,1947
2012,137,1954
2013,137,2427
2014,137,2102
2015,137,2440
2016,137,2764
2017,137,2221
2018,137,-132
2019,137,2039
2020,137,367
2008,138,
2009,138,
2010,138,
2011,138,
2012,138,
2013,138,
2014,138,
2015,138,
2016,138,
2017,138,
2018,138,
2019,138,
2020,138,
2008,139,-2613
2009,139,90
2010,139,13
2011,139,-2238
2012,139,-1957
2013,139,-5484
2014,139,48
2015,139,2170
2016,139,4453
2017,139,3116
2018,139,-11513
2019,139,2109
2020,139,2041
2008,140,-2559
2009,140,1320
2010,140,1998
2011,140,672
2012,140,2000
2013,140,1161
2014,140,395
2015,140,-593
2016,140,494
2017,140,6
2018,140,2
2019,140,
2020,140,
2008,141,11739
2009,141,-1587
2010,141,8814
2011,141,-754
2012,141,-7977
2013,141,-2592
2014,141,1608
2015,141,861
2016,141,-2226
2017,141,-10007
2018,141,-4180
2019,141,-9844
2020,141,-12479
2008,142,7996
2009,142,7401
2010,142,12640
2011,142,13027
2012,142,9940
2013,142,5620
2014,142,973
2015,142,-1040
2016,142,9700
2017,142,10800
2018,142,14700
2019,142,14000
2020,142,-5500
2008,143,358
2009,143,7081
2010,143,-2278
2011,143,3627
2012,143,-4180
2013,143,1730
2014,143,5540
2015,143,472
2016,143,1173
2017,143,-547
2018,143,8978
2019,143,-1370
2020,143,
2008,144,9329
2009,144,-13400
2010,144,-8247
2011,144,-1364
2012,144,-25352
2013,144,557
2014,144,-1495
2015,144,8079
2016,144,12596
2017,144,5934
2018,144,1107
2019,144,804
2020,144,1312
2008,145,-121
2009,145,-2
2010,145,356
2011,145,238
2012,145,72
2013,145,217
2014,145,-646
2015,145,1292
2016,145,941
2017,145,1207
2018,145,1110
2019,145,1141
2020,145,655
2008,146,315
2009,146,1804
2010,146,-1187
2011,146,-2995
2012,146,-4749
2013,146,-6421
2014,146,996
2015,146,4912
2016,146,395
2017,146,1321
2018,146,1889
2019,146,1371
2020,146,3421
2008,147,53623
2009,147,29011
2010,147,47633
2011,147,33196
2012,147,-8718
2013,147,-23789
2014,147,15654
2015,147,20476
2016,147,17993
2017,147,14547
2018,147,14885
2019,147,18625
2020,147,-2954
2008,148,946
2009,148,3278
2010,148,1314
2011,148,5379
2012,148,-2810
2013,148,1887
2014,148,5296
2015,148,2088
2016,148,1689
2017,148,1065
2018,148,1108
2019,148,-1317
2020,148,
2008,149,54489
2009,149,38826
2010,149,44794
2011,149,46371
2012,149,22162
2013,149,13418
2014,149,16072
2015,149,-2303
2016,149,8124
2017,149,150512
2018,149,-1092
2019,149,-24460
2020,149,
2008,150,127600
2009,150,142600
2010,150,212900
2011,150,170200
2012,150,-37600
2013,150,77400
2014,150,61600
2015,150,86600
2016,150,-47900
2017,150,82600
2018,150,19300
2019,150,93900
2020,150,66600
2008,151,
2009,151,
2010,151,
2011,151,931
2012,151,814
2013,151,1031
2014,151,1316
2015,151,1432
2016,151,1768
2017,151,792
2018,151,571
2019,151,173
2020,151,874
2008,152,
2009,152,
2010,152,
2011,152,
2012,152,
2013,152,
2014,152,0
2015,152,0
2016,152,0
2017,152,0
2018,152,0
2019,152,0
2020,152,0
2008,153,30800
2009,153,-15800
2010,153,41600
2011,153,11300
2012,153,4400
2013,153,-28300
2014,153,-4300
2015,153,-7900
2016,153,9900
2017,153,16500
2018,153,15200
2019,153,17600
2020,153,-2900
2008,154,
2009,154,
2010,154,
2011,154,
2012,154,
2013,154,696
2014,154,3501
2015,154,3055
2016,154,363
2017,154,339
2018,154,-34
2019,154,1186
2020,154,-1035
2008,155,
2009,155,
2010,155,
2011,155,
2012,155,
2013,155,
2014,155,299
2015,155,842
2016,155,1135
2017,155,985
2018,155,-50
2019,155,-18
2020,155,206
2008,156,
2009,156,
2010,156,
2011,156,12006
2012,156,2875
2013,156,6619
2014,156,14372
2015,156,20005
2016,156,21638
2017,156,23486
2018,156,22803
2019,156,25478
2020,156,24295
2008,157,
2009,157,
2010,157,
2011,157,
2012,157,576
2013,157,1042
2014,157,1258
2015,157,315
2016,157,1207
2017,157,45
2018,157,1783
2019,157,
2020,157,
2008,158,
2009,158,
2010,158,
2011,158,
2012,158,
2013,158,
2014,158,
2015,158,94
2016,158,-20
2017,158,-27
2018,158,-129
2019,158,5
2020,158,
2008,159,
2009,159,
2010,159,
2011,159,
2012,159,
2013,159,
2014,159,
2015,159,35
2016,159,5
2017,159,54
2018,159,92
2019,159,207
2020,159,
2008,160,
2009,160,
2010,160,
2011,160,41
2012,160,58
2013,160,72
2014,160,-350
2015,160,387
2016,160,554
2017,160,34
2018,160,116
2019,160,1186
2020,160,284
2008,161,
2009,161,
2010,161,
2011,161,
2012,161,
2013,161,
2014,161,564
2015,161,1117
2016,161,345
2017,161,-222
2018,161,-220
2019,161,542
2020,161,614
2008,162,
2009,162,
2010,162,
2011,162,
2012,162,
2013,162,
2014,162,11
2015,162,341
2016,162,-62
2017,162,202
2018,162,159
2019,162,422
2020,162,31
2008,163,
2009,163,
2010,163,
2011,163,
2012,163,
2013,163,
2014,163,16
2015,163,37
2016,163,12
2017,163,0
2018,163,31
2019,163,62
2020,163,66
2008,164,3499
2009,164,1212
2010,164,3436
2011,164,1419
2012,164,3367
2013,164,2285
2014,164,979
2015,164,1846
2016,164,2515
2017,164,183
2018,164,-19
2019,164,1268
2020,164,451
2008,165,
2009,165,
2010,165,
2011,165,
2012,165,
2013,165,
2014,165,
2015,165,
2016,165,
2017,165,
2018,165,
2019,165,
2020,165,
2008,166,
2009,166,
2010,166,
2011,166,
2012,166,
2013,166,
2014,166,38735
2015,166,29831
2016,166,45790
2017,166,48766
2018,166,55524
2019,166,56267
2020,166,64274
2008,167,28720
2009,167,46122
2010,167,-4339
2011,167,60587
2012,167,-32382
2013,167,-112520
2014,167,9
2015,167,120080
2016,167,112032
2017,167,90531
2018,167,45098
2019,167,9160
2020,167,-79413
2008,168,15625
2009,168,10257
2010,168,-2461
2011,168,6005
2012,168,12400
2013,168,9161
2014,168,-14312
2015,168,-9832
2016,168,-3097
2017,168,344
2018,168,-667
2019,168,-344
2020,168,-79004
2008,169,9692000
2009,169,6756000
2010,169,9157000
2011,169,10674000
2012,169,11659000
2013,169,9008000
2014,169,6492000
2015,169,3147000
2016,169,1936000
2017,169,3467000
2018,169,5970000
2019,169,5591000
2020,169,2650000
2008,170,-4515
2009,170,41302
2010,170,11901
2011,170,-30923
2012,170,68838
2013,170,125524
2014,170,50017
2015,170,12560
2016,170,28657
2017,170,32958
2018,170,39683
2019,170,19531
2020,170,-43264
2008,171,61617
2009,171,31530
2010,171,32184
2011,171,-9199
2012,171,-24840
2013,171,32774
2014,171,10739
2015,171,33822
2016,171,48542
2017,171,62341
2018,171,55309
2019,171,52311
2020,171,24607
2008,172,18066
2009,172,22245
2010,172,8369
2011,172,7540
2012,172,1970
2013,172,6106
2014,172,2699
2015,172,1831
2016,172,1120
2017,172,51
2018,172,6335
2019,172,12549
2020,172,-7116
2008,173,285000
2009,173,288000
2010,173,345000
2011,173,392000
2012,173,393000
2013,173,106000
2014,173,118000
2015,173,127000
2016,173,445000
2017,173,201000
2018,173,194000
2019,173,130000
2020,173,143000
2008,174,194657
2009,174,167416
2010,174,218219
2011,174,236973
2012,174,310476
2013,174,407505
2014,174,414066
2015,174,471042
2016,174,466373
2017,174,373485
2018,174,328108
2019,174,
2020,174,
2008,175,41375
2009,175,40405
2010,175,52566
2011,175,61198
2012,175,61980
2013,175,57172
2014,175,47619
2015,175,45182
2016,175,29198
2017,175,32535
2018,175,19293
2019,175,31312
2020,175,-84785
2008,176,4517
2009,176,5463
2010,176,4018
2011,176,2512
2012,176,18955
2013,176,3879
2014,176,8206
2015,176,9624
2016,176,4635
2017,176,4417
2018,176,4387
2019,176,8319
2020,176,-1804
2008,177,48603
2009,177,46168
2010,177,32236
2011,177,27959
2012,177,7675
2013,177,-8730
2014,177,1496
2015,177,9076
2016,177,5268
2017,177,11367
2018,177,5859
2019,177,429
2020,177,-4444
2008,178,49988
2009,178,26211
2010,178,24186
2011,178,20118
2012,178,17436
2013,178,34089
2014,178,25409
2015,178,26854
2016,178,19479
2017,178,29396
2018,178,9213
2019,178,22941
2020,178,-14449
2008,179,674
2009,179,398
2010,179,598
2011,179,-7120
2012,179,1830
2013,179,2044
2014,179,2060
2015,179,2235
2016,179,1671
2017,179,1485
2018,179,2636
2019,179,3117
2020,179,-6
2008,180,6473
2009,180,-7059
2010,180,-350
2011,180,2860
2012,180,4580
2013,180,1254
2014,180,2107
2015,180,1144
2016,180,3955
2017,180,7437
2018,180,11599
2019,180,9802
2020,180,-4231
2008,181,924
2009,181,638
2010,181,1221
2011,181,1323
2012,181,556
2013,181,716
2014,181,201
2015,181,679
2016,181,958
2017,181,-293
2018,181,-141
2019,181,786
2020,181,675
2008,182,2046
2009,182,-1063
2010,182,-120
2011,182,-1073
2012,182,414
2013,182,1719
2014,182,-547
2015,182,-2392
2016,182,213
2017,182,4676
2018,182,
2019,182,
2020,182,
2008,183,25343
2009,183,49464
2010,183,28514
2011,183,51081
2012,183,63087
2013,183,60724
2014,183,74465
2015,183,76933
2016,183,47315
2017,183,59062
2018,183,45725
2019,183,29769
2020,183,-8129
2008,184,-1646
2009,184,3330
2010,184,1799
2011,184,757
2012,184,8520
2013,184,1246
2014,184,
2015,184,
2016,184,
2017,184,
2018,184,
2019,184,
2020,184,
2008,185,
2009,185,3369
2010,185,6433
2011,185,11325
2012,185,11517
2013,185,15646
2014,185,14639
2015,185,13194
2016,185,16281
2017,185,6929
2018,185,14240
2019,185,16093
2020,185,-1713
2008,186,-314
2009,186,-445
2010,186,1945
2011,186,2620
2012,186,3781
2013,186,4047
2014,186,3829
2015,186,2682
2016,186,2653
2017,186,1531
2018,186,1249
2019,186,1806
2020,186,911
2008,187,
2009,187,
2010,187,
2011,187,
2012,187,798
2013,187,1081
2014,187,822
2015,187,414
2016,187,104
2017,187,167
2018,187,-140
2019,187,-1067
2020,187,257
2008,188,
2009,188,
2010,188,27306
2011,188,31430
2012,188,36541
2013,188,50816
2014,188,65377
2015,188,83061
2016,188,96767
2017,188,85927
2018,188,79697
2019,188,112032
2020,188,45153
2008,189,
2009,189,
2010,189,
2011,189,
2012,189,
2013,189,9522
2014,189,22696
2015,189,11739
2016,189,11881
2017,189,27774
2018,189,4463
2019,189,7516
2020,189,5948
2008,190,
2009,190,
2010,190,
2011,190,
2012,190,
2013,190,
2014,190,
2015,190,1737
2016,190,1631
2017,190,1332
2018,190,1608
2019,190,1208
2020,190,-518
2008,191,-560
2009,191,68
2010,191,-2365
2011,191,1343
2012,191,-496
2013,191,-100
2014,191,55
2015,191,630
2016,191,-25
2017,191,249
2018,191,271
2019,191,221
2020,191,34
2008,192,8
2009,192,-870
2010,192,-1128
2011,192,8
2012,192,-122
2013,192,-615
2014,192,-628
2015,192,-2167
2016,192,33
2017,192,-19
2018,192,16
2019,192,-4924
2020,192,-31
2008,193,0
2009,193,0
2010,193,0
2011,193,0
2012,193,0
2013,193,0
2014,193,0
2015,193,0
2016,193,0
2017,193,0
2018,193,0
2019,193,87
2020,193,
2008,194,37717
2009,194,42086
2010,194,42417
2011,194,43566
2012,194,41841
2013,194,47103
2014,194,53582
2015,194,66634
2016,194,79851
2017,194,100316
2018,194,105513
2019,194,75278
2020,194,100629
2008,195,
2009,195,
2010,195,
2011,195,768
2012,195,1002
2013,195,809
2014,195,1180
2015,195,1240
2016,195,984
2017,195,1039
2018,195,1239
2019,195,
2020,195,
2008,196,18266
2009,196,17098
2010,196,19482
2011,196,21327
2012,196,22006
2013,196,26652
2014,196,30646
2015,196,31502
2016,196,29698
2017,196,31765
2018,196,38230
2019,196,44829
2020,196,37848
2008,197,23752
2009,197,32861
2010,197,31033
2011,197,17512
2012,197,16991
2013,197,27542
2014,197,37073
2015,197,25166
2016,197,22376
2017,197,
2018,197,
2019,197,
2020,197,
2008,198,1458
2009,198,1394
2010,198,1045
2011,198,2403
2012,198,778
2013,198,1527
2014,198,2556
2015,198,2448
2016,198,2886
2017,198,2570
2018,198,3671
2019,198,4561
2020,198,4234
2008,199,4014
2009,199,1967
2010,199,1361
2011,199,2624
2012,199,2274
2013,199,915
2014,199,892
2015,199,38
2016,199,792
2017,199,1951
2018,199,2368
2019,199,1120
2020,199,2875
2008,200,64884
2009,200,12135
2010,200,3924
2011,200,1821
2012,200,2536
2013,200,839
2014,200,437
2015,200,116
2016,200,69
2017,200,-220
2018,200,224
2019,200,109
2020,200,100
2008,201,4241
2009,201,1205
2010,201,3986
2011,201,1305
2012,201,850
2013,201,768
2014,201,861
2015,201,1196
2016,201,989
2017,201,
2018,201,
2019,201,
2020,201,
2008,202,2735
2009,202,568
2010,202,257
2011,202,591
2012,202,176
2013,202,-121
2014,202,1046
2015,202,762
2016,202,1456
2017,202,710
2018,202,-4
2019,202,1867
2020,202,1162
2008,203,1131
2009,203,-819
2010,203,1771
2011,203,-9404
2012,203,746
2013,203,884
2014,203,1974
2015,203,82
2016,203,-135
2017,203,29
2018,203,1
2019,203,-438
2020,203,277
2008,204,232
2009,204,244
2010,204,220
2011,204,169
2012,204,263
2013,204,421
2014,204,482
2015,204,84
2016,204,147
2017,204,212
2018,204,-74
2019,204,216
2020,204,7
2008,205,2189
2009,205,4161
2010,205,5029
2011,205,5476
2012,205,1799
2013,205,3178
2014,205,3927
2015,205,3064
2016,205,1930
2017,205,2594
2018,205,2596
2019,205,
2020,205,
2008,206,1456
2009,206,1325
2010,206,1488
2011,206,474
2012,206,-1038
2013,206,-12
2014,206,-68
2015,206,213
2016,206,
2017,206,
2018,206,
2019,206,
2020,206,
2008,207,353
2009,207,534
2010,207,484
2011,207,602
2012,207,241
2013,207,576
2014,207,725
2015,207,1076
2016,207,294
2017,207,703
2018,207,
2019,207,
2020,207,
2008,208,541
2009,208,102
2010,208,244
2011,208,-212
2012,208,147
2013,208,279
2014,208,-223
2015,208,660
2016,208,936
2017,208,298
2018,208,-357
2019,208,-374
2020,208,-234
2008,209,
2009,209,
2010,209,
2011,209,204
2012,209,365
2013,209,8992
2014,209,12541
2015,209,13006
2016,209,12648
2017,209,13239
2018,209,12848
2019,209,14956
2020,209,18003
2008,210,
2009,210,
2010,210,
2011,210,
2012,210,
2013,210,
2014,210,-58
2015,210,56
2016,210,73
2017,210,-16
2018,210,-49
2019,210,195
2020,210,7
2008,211,
2009,211,222
2010,211,230
2011,211,284
2012,211,105
2013,211,-280
2014,211,-648
2015,211,-911
2016,211,-163
2017,211,160
2018,211,-66
2019,211,-269
2020,211,-544
2008,212,
2009,212,
2010,212,538
2011,212,564
2012,212,452
2013,212,359
2014,212,609
2015,212,-277
2016,212,-579
2017,212,-348
2018,212,650
2019,212,203
2020,212,-948
2008,213,
2009,213,
2010,213,644
2011,213,675
2012,213,700
2013,213,805
2014,213,877
2015,213,661
2016,213,14
2017,213,
2018,213,
2019,213,
2020,213,
2008,214,
2009,214,
2010,214,
2011,214,
2012,214,
2013,214,126
2014,214,135
2015,214,49
2016,214,315
2017,214,590
2018,214,663
2019,214,672
2020,214,636
2008,215,
2009,215,
2010,215,
2011,215,345
2012,215,329
2013,215,339
2014,215,121
2015,215,311
2016,215,156
2017,215,
2018,215,
2019,215,
2020,215,
2008,216,
2009,216,
2010,216,
2011,216,
2012,216,
2013,216,
2014,216,48
2015,216,8
2016,216,164
2017,216,-50
2018,216,-407
2019,216,-953
2020,216,-694
2008,217,
2009,217,
2010,217,
2011,217,
2012,217,
2013,217,819
2014,217,1090
2015,217,1130
2016,217,547
2017,217,-262
2018,217,458
2019,217,707
2020,217,128
2008,218,7925
2009,218,-996
2010,218,-1867
2011,218,7567
2012,218,172
2013,218,-3009
2014,218,-4586
2015,218,6011
2016,218,-5305
2017,218,2860
2018,218,6353
2019,218,11905
2020,218,-12873
2008,219,1526
2009,219,275
2010,219,218
2011,219,1725
2012,219,354
2013,219,255
2014,219,418
2015,219,327
2016,219,335
2017,219,441
2018,219,110
2019,219,225
2020,219,204
2008,220,815
2009,220,-548
2010,220,5537
2011,220,5133
2012,220,988
2013,220,-4241
2014,220,-2029
2015,220,557
2016,220,105
2017,220,151
2018,220,-3972
2019,220,-289
2020,220,
2008,221,5231
2009,221,5369
2010,221,4997
2011,221,4342
2012,221,4156
2013,221,5866
2014,221,6817
2015,221,3952
2016,221,2557
2017,221,3397
2018,221,558
2019,221,462
2020,221,-1756
2008,222,
2009,222,
2010,222,
2011,222,
2012,222,
2013,222,
2014,222,-71
2015,222,-87
2016,222,9
2017,222,112
2018,222,0
2019,222,14
2020,222,10
2008,223,
2009,223,
2010,223,
2011,223,
2012,223,
2013,223,
2014,223,81
2015,223,-637
2016,223,-223
2017,223,904
2018,223,
2019,223,
2020,223,
2008,224,
2009,224,
2010,224,
2011,224,
2012,224,
2013,224,
2014,224,
2015,224,
2016,224,
2017,224,
2018,224,
2019,224,
2020,224,
2008,225,
2009,225,
2010,225,-7
2011,225,208
2012,225,12
2013,225,-80
2014,225,-699
2015,225,-57
2016,225,1167
2017,225,632
2018,225,-281
2019,225,-49
2020,225,0
2008,226,3817
2009,226,1694
2010,226,2441
2011,226,2353
2012,226,-259
2013,226,-618
2014,226,-1675
2015,226,-22
2016,226,-1517
2017,226,204
2018,226,15
2019,226,1555
2020,226,1040
2008,227,
2009,227,
2010,227,
2011,227,14028
2012,227,15447
2013,227,14679
2014,227,7088
2015,227,-5341
2016,227,22387
2017,227,28161
2018,227,22413
2019,227,32300
2020,227,24871
2008,228,102
2009,228,53
2010,228,150
2011,228,-1510
2012,228,-1177
2013,228,-7
2014,228,114
2015,228,-2225
2016,228,-205
2017,228,3464
2018,228,8318
2019,228,-35
2020,228,-686
2008,229,
2009,229,
2010,229,
2011,229,1648
2012,229,1917
2013,229,1461
2014,229,1434
2015,229,1045
2016,229,1080
2017,229,1223
2018,229,619
2019,229,
2020,229,
2008,230,
2009,230,
2010,230,
2011,230,
2012,230,1303
2013,230,660
2014,230,2038
2015,230,2721
2016,230,4748
2017,230,5926
2018,230,5974
2019,230,4485
2020,230,-15677
2008,231,1073
2009,231,431
2010,231,362
2011,231,1264
2012,231,54
2013,231,763
2014,231,937
2015,231,670
2016,231,525
2017,231,1139
2018,231,567
2019,231,395
2020,231,34
2008,232,14457
2009,232,16687
2010,232,16024
2011,232,10339
2012,232,9937
2013,232,11749
2014,232,13413
2015,232,12206
2016,232,8850
2017,232,7355
2018,232,5021
2019,232,8104
2020,232,10757
2008,233,-1034
2009,233,-2544
2010,233,3724
2011,233,1079
2012,233,14794
2013,233,17610
2014,233,20368
2015,233,17290
2016,233,21696
2017,233,22160
2018,233,26642
2019,233,12185
2020,233,
2008,234,-3201
2009,234,481
2010,234,2200
2011,234,633
2012,234,2512
2013,234,1768
2014,234,641
2015,234,60
2016,234,-56
2017,234,111
2018,234,-58
2019,234,-3117
2020,234,1700
2008,235,-13397
2009,235,-1133
2010,235,-515
2011,235,-2606
2012,235,8934
2013,235,611
2014,235,21
2015,235,653
2016,235,-141
2017,235,-18
2018,235,17
2019,235,-11
2020,235,
2008,236,599
2009,236,-171
2010,236,-1881
2011,236,-2894
2012,236,499
2013,236,181
2014,236,936
2015,236,2893
2016,236,9
2017,236,53
2018,236,0
2019,236,0
2020,236,0
2008,237,11371
2009,237,6825
2010,237,13044
2011,237,1647
2012,237,2736
2013,237,4996
2014,237,6821
2015,237,8510
2016,237,7546
2017,237,15847
2018,237,9206
2019,237,12998
2020,237,8025
2008,238,8937
2009,238,4627
2010,238,3167
2011,238,3818
2012,238,3409
2013,238,3200
2014,238,3321
2015,238,3846
2016,238,7385
2017,238,6182
2018,238,7976
2019,238,8964
2020,238,396
2008,239,5144
2009,239,9223
2010,239,12112
2011,239,7495
2012,239,2897
2013,239,6521
2014,239,5600
2015,239,5475
2016,239,6149
2017,239,6548
2018,239,7815
2019,239,4975
2020,239,3673
2008,240,15148
2009,240,7027
2010,240,6222
2011,240,8149
2012,240,-7685
2013,240,-2949
2014,240,1760
2015,240,2499
2016,240,1273
2017,240,1134
2018,240,3007
2019,240,9175
2020,240,440
2008,241,1954
2009,241,2642
2010,241,1321
2011,241,612
2012,241,-1679
2013,241,82
2014,241,303
2015,241,459
2016,241,429
2017,241,530
2018,241,530
2019,241,138
2020,241,-202
2008,242,68204
2009,242,104682
2010,242,89415
2011,242,80315
2012,242,51702
2013,242,27065
2014,242,40244
2015,242,34448
2016,242,54551
2017,242,45700
2018,242,34501
2019,242,47654
2020,242,-134094
2008,243,
2009,243,
2010,243,
2011,243,
2012,243,
2013,243,
2014,243,
2015,243,
2016,243,
2017,243,
2018,243,
2019,243,
2020,243,
2008,244,-8441
2009,244,864
2010,244,2656
2011,244,-4578
2012,244,-13904
2013,244,-6385
2014,244,2048
2015,244,8372
2016,244,-18689
2017,244,14566
2018,244,
2019,244,
2020,244,
2008,245,
2009,245,
2010,245,
2011,245,-3404
2012,245,1942
2013,245,5197
2014,245,10133
2015,245,7905
2016,245,10399
2017,245,12122
2018,245,14554
2019,245,12192
2020,245,11009
2008,246,636754
2009,246,685573
2010,246,869531
2011,246,807758
2012,246,390282
2013,246,523704
2014,246,484749
2015,246,381000
2016,246,434000
2017,246,378000
2018,246,91000
2019,246,530000
2020,246,370000
2008,247,
2009,247,
2010,247,
2011,247,
2012,247,
2013,247,
2014,247,
2015,247,
2016,247,
2017,247,
2018,247,
2019,247,
2020,247,
2008,248,
2009,248,
2010,248,
2011,248,
2012,248,
2013,248,
2014,248,
2015,248,
2016,248,
2017,248,
2018,248,
2019,248,
2020,248,
2008,249,7071
2009,249,-3095
2010,249,3424
2011,249,3814
2012,249,-1621
2013,249,4380
2014,249,-1720
2015,249,-6452
2016,249,199
2017,249,420
2018,249,5765
2019,249,5003
2020,249,-14896
2008,250,
2009,250,
2010,250,
2011,250,
2012,250,
2013,250,
2014,250,
2015,250,
2016,250,
2017,250,4349
2018,250,4527
2019,250,4186
2020,250,4734
2008,251,
2009,251,
2010,251,
2011,251,
2012,251,
2013,251,
2014,251,
2015,251,
2016,251,
2017,251,
2018,251,
2019,251,
2020,251,
2008,252,
2009,252,
2010,252,
2011,252,
2012,252,
2013,252,
2014,252,
2015,252,
2016,252,
2017,252,
2018,252,
2019,252,
2020,252,
2008,253,
2009,253,
2010,253,
2011,253,
2012,253,
2013,253,1157
2014,253,2317
2015,253,1724
2016,253,5723
2017,253,5477
2018,253,3336
2019,253,3034
2020,253,968
2008,254,7464
2009,254,6576
2010,254,6953
2011,254,10218
2012,254,344
2013,254,1334
2014,254,4400
2015,254,10061
2016,254,9418
2017,254,11091
2018,254,8004
2019,254,11528
2020,254,-71086
2008,255,43
2009,255,15
2010,255,-28
2011,255,-68
2012,255,0
2013,255,-179
2014,255,-1
2015,255,-40
2016,255,0
2017,255,93
2018,255,27
2019,255,119
2020,255,-46
2008,256,
2009,256,
2010,256,
2011,256,
2012,256,
2013,256,
2014,256,
2015,256,
2016,256,
2017,256,
2018,256,
2019,256,
2020,256,
2008,257,
2009,257,
2010,257,
2011,257,
2012,257,
2013,257,462
2014,257,18848
2015,257,26619
2016,257,22519
2017,257,24765
2018,257,13988
2019,257,22659
2020,257,11593
2008,258,
2009,258,
2010,258,
2011,258,
2012,258,
2013,258,
2014,258,
2015,258,
2016,258,441
2017,258,725
2018,258,791
2019,258,-258
2020,258,1153
2008,259,
2009,259,
2010,259,
2011,259,
2012,259,
2013,259,
2014,259,
2015,259,
2016,259,
2017,259,
2018,259,
2019,259,
2020,259,
2008,260,
2009,260,
2010,260,
2011,260,
2012,260,
2013,260,
2014,260,
2015,260,
2016,260,
2017,260,
2018,260,
2019,260,
2020,260,
2008,261,
2009,261,
2010,261,
2011,261,
2012,261,
2013,261,
2014,261,
2015,261,
2016,261,
2017,261,
2018,261,
2019,261,
2020,261,
2008,262,
2009,262,
2010,262,
2011,262,
2012,262,
2013,262,40422
2014,262,27464
2015,262,29641
2016,262,38358
2017,262,42255
2018,262,46809
2019,262,47700
2020,262,11027
2008,263,69478
2009,263,54173
2010,263,104007
2011,263,87184
2012,263,-154651
2013,263,-13174
2014,263,15069
2015,263,-10333
2016,263,-23341
2017,263,2025
2018,263,8452
2019,263,
2020,263,
2008,264,-1069
2009,264,40323
2010,264,58775
2011,264,16952
2012,264,149561
2013,264,207483
2014,264,132277
2015,264,122602
2016,264,55365
2017,264,67121
2018,264,165767
2019,264,173555
2020,264,96960
2008,265,
2009,265,
2010,265,
2011,265,
2012,265,16
2013,265,
2014,265,215
2015,265,363
2016,265,217
2017,265,200
2018,265,275
2019,265,13
2020,265,119
2008,266,
2009,266,
2010,266,
2011,266,
2012,266,
2013,266,
2014,266,
2015,266,2334
2016,266,2251
2017,266,2382
2018,266,2362
2019,266,2666
2020,266,2661
2008,267,
2009,267,
2010,267,
2011,267,
2012,267,
2013,267,
2014,267,
2015,267,
2016,267,
2017,267,
2018,267,
2019,267,
2020,267,
2008,268,
2009,268,
2010,268,
2011,268,
2012,268,
2013,268,
2014,268,
2015,268,
2016,268,
2017,268,
2018,268,
2019,268,
2020,268,
2008,269,
2009,269,
2010,269,
2011,269,
2012,269,
2013,269,
2014,269,
2015,269,145000
2016,269,110000
2017,269,111860
2018,269,112811
2019,269,123928
2020,269,151979
2008,270,
2009,270,
2010,270,
2011,270,
2012,270,
2013,270,
2014,270,
2015,270,
2016,270,0
2017,270,-238
2018,270,0
2019,270,0
2020,270,0
2008,271,
2009,271,
2010,271,
2011,271,
2012,271,
2013,271,
2014,271,1042
2015,271,1035
2016,271,1081
2017,271,1240
2018,271,855
2019,271,-1840
2020,271,491
2008,272,
2009,272,
2010,272,
2011,272,
2012,272,
2013,272,
2014,272,108
2015,272,175
2016,272,59
2017,272,43
2018,272,-251
2019,272,66
2020,272,-20
2008,273,
2009,273,
2010,273,
2011,273,
2012,273,
2013,273,
2014,273,
2015,273,
2016,273,64
2017,273,80
2018,273,52
2019,273,52
2020,273,254
2008,274,
2009,274,
2010,274,
2011,274,
2012,274,
2013,274,
2014,274,0
2015,274,0
2016,274,0
2017,274,11
2018,274,0
2019,274,0
2020,274,0
2008,275,
2009,275,
2010,275,
2011,275,
2012,275,
2013,275,-1
2014,275,35
2015,275,-59
2016,275,-98
2017,275,-251
2018,275,10
2019,275,
2020,275,
2008,276,
2009,276,
2010,276,
2011,276,
2012,276,
2013,276,
2014,276,
2015,276,
2016,276,
2017,276,
2018,276,
2019,276,
2020,276,
2008,277,
2009,277,
2010,277,
2011,277,
2012,277,
2013,277,1599
2014,277,1161
2015,277,4198
2016,277,3233
2017,277,2202
2018,277,2884
2019,277,2704
2020,277,-1228
2008,278,
2009,278,
2010,278,
2011,278,
2012,278,
2013,278,
2014,278,158
2015,278,368
2016,278,421
2017,278,219
2018,278,-47
2019,278,-197
2020,278,
2008,279,
2009,279,
2010,279,
2011,279,
2012,279,
2013,279,
2014,279,
2015,279,43
2016,279,482
2017,279,333
2018,279,273
2019,279,185
2020,279,-90
2008,280,
2009,280,
2010,280,
2011,280,
2012,280,
2013,280,
2014,280,
2015,280,
2016,280,
2017,280,
2018,280,
2019,280,
2020,280,
2008,281,
2009,281,
2010,281,
2011,281,
2012,281,
2013,281,
2014,281,
2015,281,
2016,281,
2017,281,
2018,281,
2019,281,
2020,281,
2008,282,
2009,282,
2010,282,
2011,282,
2012,282,
2013,282,
2014,282,
2015,282,
2016,282,
2017,282,
2018,282,
2019,282,
2020,282,
2008,283,
2009,283,
2010,283,
2011,283,
2012,283,
2013,283,
2014,283,
2015,283,
2016,283,
2017,283,
2018,283,
2019,283,
2020,283,
2008,284,
2009,284,
2010,284,
2011,284,
2012,284,
2013,284,
2014,284,
2015,284,
2016,284,
2017,284,
2018,284,
2019,284,
2020,284,
2008,285,
2009,285,
2010,285,
2011,285,
2012,285,
2013,285,
2014,285,
2015,285,
2016,285,
2017,285,
2018,285,
2019,285,
2020,285,
2008,286,
2009,286,
2010,286,
2011,286,
2012,286,
2013,286,
2014,286,
2015,286,
2016,286,
2017,286,
2018,286,
2019,286,
2020,286,
2008,287,
2009,287,
2010,287,
2011,287,
2012,287,
2013,287,
2014,287,
2015,287,
2016,287,
2017,287,
2018,287,
2019,287,
2020,287,
2008,288,
2009,288,
2010,288,
2011,288,
2012,288,
2013,288,
2014,288,
2015,288,
2016,288,-37
2017,288,195
2018,288,-79
2019,288,215
2020,288,675
2008,289,
2009,289,
2010,289,
2011,289,
2012,289,
2013,289,
2014,289,
2015,289,
2016,289,
2017,289,
2018,289,
2019,289,
2020,289,
2008,290,
2009,290,
2010,290,
2011,290,
2012,290,
2013,290,
2014,290,
2015,290,342
2016,290,282
2017,290,15
2018,290,244
2019,290,183
2020,290,857
2008,291,
2009,291,
2010,291,
2011,291,
2012,291,
2013,291,
2014,291,
2015,291,
2016,291,
2017,291,
2018,291,
2019,291,
2020,291,
2008,292,
2009,292,
2010,292,
2011,292,
2012,292,
2013,292,
2014,292,2602
2015,292,3793
2016,292,3892
2017,292,3389
2018,292,5413
2019,292,4825
2020,292,3076
2008,293,
2009,293,
2010,293,
2011,293,
2012,293,2203
2013,293,13275
2014,293,-2362
2015,293,-1124
2016,293,3120
2017,293,-1930
2018,293,444
2019,293,-1470
2020,293,-528
2008,294,
2009,294,
2010,294,
2011,294,
2012,294,29216
2013,294,35624
2014,294,61714
2015,294,27529
2016,294,26997
2017,294,36427
2018,294,32112
2019,294,28553
2020,294,32641
2008,295,
2009,295,
2010,295,
2011,295,
2012,295,
2013,295,
2014,295,
2015,295,
2016,295,
2017,295,
2018,295,
2019,295,
2020,295,
2008,296,
2009,296,
2010,296,
2011,296,
2012,296,
2013,296,
2014,296,
2015,296,412
2016,296,731
2017,296,953
2018,296,867
2019,296,1018
2020,296,522
2008,297,
2009,297,
2010,297,
2011,297,
2012,297,
2013,297,
2014,297,
2015,297,247
2016,297,129
2017,297,4
2018,297,188
2019,297,202
2020,297,-16
2008,298,
2009,298,
2010,298,
2011,298,
2012,298,
2013,298,
2014,298,
2015,298,0
2016,298,0
2017,298,3654
2018,298,3239
2019,298,3201
2020,298,4411
2008,299,
2009,299,
2010,299,
2011,299,
2012,299,
2013,299,
2014,299,
2015,299,229
2016,299,1335
2017,299,1404
2018,299,1239
2019,299,1522
2020,299,256
2008,300,
2009,300,
2010,300,
2011,300,
2012,300,
2013,300,
2014,300,
2015,300,
2016,300,
2017,300,
2018,300,
2019,300,
2020,300,
2008,301,
2009,301,
2010,301,
2011,301,
2012,301,
2013,301,
2014,301,
2015,301,
2016,301,
2017,301,
2018,301,
2019,301,
2020,301,
2008,302,
2009,302,
2010,302,
2011,302,
2012,302,
2013,302,
2014,302,
2015,302,550
2016,302,868
2017,302,927
2018,302,703
2019,302,767
2020,302,632
2008,303,
2009,303,
2010,303,
2011,303,
2012,303,
2013,303,
2014,303,
2015,303,
2016,303,
2017,303,
2018,303,
2019,303,
2020,303,
2008,304,
2009,304,
2010,304,
2011,304,
2012,304,
2013,304,
2014,304,
2015,304,
2016,304,
2017,304,
2018,304,
2019,304,
2020,304,
2008,305,
2009,305,
2010,305,
2011,305,
2012,305,
2013,305,
2014,305,
2015,305,
2016,305,
2017,305,
2018,305,
2019,305,
2020,305,
2008,306,
2009,306,
2010,306,
2011,306,
2012,306,
2013,306,
2014,306,
2015,306,
2016,306,
2017,306,
2018,306,
2019,306,
2020,306,
2008,307,
2009,307,
2010,307,
2011,307,
2012,307,
2013,307,
2014,307,
2015,307,
2016,307,
2017,307,
2018,307,
2019,307,
2020,307,
2008,308,
2009,308,
2010,308,
2011,308,
2012,308,
2013,308,
2014,308,
2015,308,
2016,308,721
2017,308,997
2018,308,673
2019,308,67
2020,308,-751
2008,309,
2009,309,
2010,309,
2011,309,
2012,309,
2013,309,
2014,309,
2015,309,
2016,309,
2017,309,
2018,309,
2019,309,
2020,309,
2008,310,
2009,310,
2010,310,
2011,310,
2012,310,
2013,310,
2014,310,
2015,310,
2016,310,
2017,310,
2018,310,
2019,310,
2020,310,
2008,311,
2009,311,
2010,311,
2011,311,
2012,311,
2013,311,
2014,311,
2015,311,
2016,311,
2017,311,
2018,311,
2019,311,
2020,311,
2008,312,
2009,312,
2010,312,
2011,312,
2012,312,
2013,312,
2014,312,
2015,312,
2016,312,
2017,312,
2018,312,
2019,312,
2020,312,
2008,313,
2009,313,
2010,313,
2011,313,
2012,313,
2013,313,
2014,313,
2015,313,
2016,313,
2017,313,
2018,313,
2019,313,
2020,313,
2008,314,
2009,314,
2010,314,
2011,314,
2012,314,
2013,314,
2014,314,
2015,314,
2016,314,
2017,314,
2018,314,
2019,314,
2020,314,
2008,315,
2009,315,
2010,315,
2011,315,
2012,315,
2013,315,
2014,315,
2015,315,
2016,315,
2017,315,
2018,315,
2019,315,
2020,315,
2008,316,
2009,316,
2010,316,
2011,316,
2012,316,
2013,316,
2014,316,
2015,316,
2016,316,
2017,316,
2018,316,
2019,316,
2020,316,
2008,317,
2009,317,
2010,317,
2011,317,
2012,317,
2013,317,
2014,317,
2015,317,
2016,317,
2017,317,
2018,317,
2019,317,
2020,317,
2008,318,
2009,318,
2010,318,
2011,318,
2012,318,
2013,318,
2014,318,
2015,318,
2016,318,
2017,318,
2018,318,
2019,318,
2020,318,
2008,319,
2009,319,
2010,319,
2011,319,
2012,319,
2013,319,
2014,319,
2015,319,
2016,319,
2017,319,
2018,319,
2019,319,
2020,319,
2008,320,
2009,320,
2010,320,
2011,320,
2012,320,
2013,320,
2014,320,
2015,320,
2016,320,102
2017,320,108
2018,320,59
2019,320,111
2020,320,1
2008,321,
2009,321,
2010,321,
2011,321,
2012,321,
2013,321,
2014,321,
2015,321,
2016,321,
2017,321,
2018,321,
2019,321,
2020,321,
2008,322,
2009,322,
2010,322,
2011,322,
2012,322,
2013,322,
2014,322,
2015,322,
2016,322,
2017,322,
2018,322,
2019,322,
2020,322,
2008,323,
2009,323,
2010,323,
2011,323,
2012,323,
2013,323,
2014,323,
2015,323,
2016,323,
2017,323,
2018,323,
2019,323,
2020,323,
2008,324,
2009,324,
2010,324,
2011,324,
2012,324,
2013,324,
2014,324,
2015,324,
2016,324,
2017,324,
2018,324,
2019,324,
2020,324,
2008,325,
2009,325,
2010,325,
2011,325,
2012,325,
2013,325,
2014,325,
2015,325,
2016,325,
2017,325,
2018,325,
2019,325,
2020,325,
