Date,Id,cash dividends paid
2008,1,
2009,1,
2010,1,
2011,1,
2012,1,
2013,1,
2014,1,
2015,1,
2016,1,
2017,1,
2018,1,
2019,1,
2020,1,
2008,2,0
2009,2,0
2010,2,207
2011,2,0
2012,2,1049
2013,2,0
2014,2,188
2015,2,1200
2016,2,
2017,2,
2018,2,
2019,2,
2020,2,
2008,3,
2009,3,
2010,3,
2011,3,
2012,3,
2013,3,
2014,3,0
2015,3,0
2016,3,0
2017,3,0
2018,3,0
2019,3,0
2020,3,0
2008,4,
2009,4,
2010,4,
2011,4,
2012,4,
2013,4,
2014,4,0
2015,4,0
2016,4,0
2017,4,0
2018,4,0
2019,4,0
2020,4,
2008,5,
2009,5,
2010,5,
2011,5,
2012,5,
2013,5,
2014,5,0
2015,5,0
2016,5,0
2017,5,0
2018,5,0
2019,5,0
2020,5,
2008,6,
2009,6,
2010,6,
2011,6,
2012,6,
2013,6,
2014,6,0
2015,6,0
2016,6,0
2017,6,0
2018,6,
2019,6,
2020,6,
2008,7,
2009,7,
2010,7,
2011,7,
2012,7,0
2013,7,1250
2014,7,2075
2015,7,302
2016,7,3375
2017,7,494
2018,7,1323
2019,7,
2020,7,
2008,8,19775
2009,8,14703
2010,8,14703
2011,8,19603
2012,8,19511
2013,8,26015
2014,8,32519
2015,8,52030
2016,8,52030
2017,8,65037
2018,8,71541
2019,8,71541
2020,8,0
2008,9,10296
2009,9,10296
2010,9,10216
2011,9,10216
2012,9,10216
2013,9,0
2014,9,0
2015,9,0
2016,9,5107
2017,9,0
2018,9,0
2019,9,0
2020,9,0
2008,10,23251
2009,10,22533
2010,10,25765
2011,10,25684
2012,10,29877
2013,10,33087
2014,10,0
2015,10,26007
2016,10,17962
2017,10,19698
2018,10,19698
2019,10,51805
2020,10,32856
2008,11,6188
2009,11,8438
2010,11,6975
2011,11,6188
2012,11,0
2013,11,0
2014,11,0
2015,11,0
2016,11,0
2017,11,0
2018,11,0
2019,11,0
2020,11,0
2008,12,0
2009,12,0
2010,12,0
2011,12,0
2012,12,0
2013,12,0
2014,12,0
2015,12,0
2016,12,0
2017,12,0
2018,12,0
2019,12,0
2020,12,0
2008,13,162529
2009,13,3000
2010,13,2000
2011,13,16138
2012,13,17216
2013,13,17240
2014,13,2597
2015,13,4341
2016,13,8230
2017,13,2606
2018,13,9
2019,13,5012
2020,13,0
2008,14,
2009,14,
2010,14,
2011,14,
2012,14,
2013,14,
2014,14,
2015,14,
2016,14,
2017,14,
2018,14,
2019,14,
2020,14,
2008,15,
2009,15,
2010,15,
2011,15,
2012,15,
2013,15,
2014,15,
2015,15,
2016,15,
2017,15,
2018,15,
2019,15,
2020,15,
2008,16,
2009,16,
2010,16,
2011,16,
2012,16,
2013,16,
2014,16,
2015,16,
2016,16,
2017,16,
2018,16,
2019,16,
2020,16,
2008,17,
2009,17,
2010,17,
2011,17,
2012,17,0
2013,17,0
2014,17,0
2015,17,0
2016,17,0
2017,17,0
2018,17,133095
2019,17,192664
2020,17,208100
2008,18,
2009,18,
2010,18,
2011,18,
2012,18,
2013,18,
2014,18,
2015,18,0
2016,18,0
2017,18,0
2018,18,0
2019,18,0
2020,18,0
2008,19,31829
2009,19,31701
2010,19,34600
2011,19,34600
2012,19,40500
2013,19,39800
2014,19,46100
2015,19,45700
2016,19,52100
2017,19,52100
2018,19,57500
2019,19,57300
2020,19,62900
2008,20,
2009,20,
2010,20,
2011,20,
2012,20,
2013,20,
2014,20,
2015,20,0
2016,20,0
2017,20,1126
2018,20,2546
2019,20,2896
2020,20,740
2008,21,
2009,21,
2010,21,
2011,21,
2012,21,0
2013,21,0
2014,21,0
2015,21,0
2016,21,3211
2017,21,5305
2018,21,5999
2019,21,6657
2020,21,
2008,22,
2009,22,
2010,22,
2011,22,
2012,22,0
2013,22,0
2014,22,1251
2015,22,1251
2016,22,2894
2017,22,2894
2018,22,3215
2019,22,3215
2020,22,0
2008,23,0
2009,23,0
2010,23,0
2011,23,5250
2012,23,1750
2013,23,0
2014,23,0
2015,23,0
2016,23,1038
2017,23,0
2018,23,0
2019,23,0
2020,23,0
2008,24,7347
2009,24,7347
2010,24,7619
2011,24,8616
2012,24,9070
2013,24,9070
2014,24,9456
2015,24,10903
2016,24,12394
2017,24,15116
2018,24,14970
2019,24,17420
2020,24,18269
2008,25,
2009,25,
2010,25,
2011,25,
2012,25,14
2013,25,15
2014,25,58
2015,25,0
2016,25,2201
2017,25,0
2018,25,0
2019,25,
2020,25,
2008,26,24972
2009,26,6342
2010,26,10095
2011,26,14645
2012,26,16630
2013,26,16806
2014,26,18701
2015,26,19522
2016,26,19524
2017,26,19556
2018,26,0
2019,26,0
2020,26,0
2008,27,6749
2009,27,1348
2010,27,0
2011,27,0
2012,27,0
2013,27,0
2014,27,0
2015,27,0
2016,27,0
2017,27,3145
2018,27,3145
2019,27,0
2020,27,0
2008,28,66355
2009,28,23446
2010,28,21761
2011,28,21555
2012,28,15083
2013,28,3604
2014,28,3604
2015,28,16265
2016,28,54467
2017,28,18093
2018,28,28142
2019,28,25754
2020,28,29049
2008,29,1713
2009,29,0
2010,29,1713
2011,29,0
2012,29,0
2013,29,0
2014,29,0
2015,29,642
2016,29,557
2017,29,557
2018,29,
2019,29,
2020,29,
2008,30,6930
2009,30,8061
2010,30,8346
2011,30,8716
2012,30,9490
2013,30,33176
2014,30,20830
2015,30,14289
2016,30,649
2017,30,907
2018,30,0
2019,30,48
2020,30,644
2008,31,0
2009,31,400
2010,31,420
2011,31,0
2012,31,0
2013,31,0
2014,31,0
2015,31,0
2016,31,0
2017,31,0
2018,31,0
2019,31,0
2020,31,
2008,32,1204
2009,32,602
2010,32,602
2011,32,602
2012,32,602
2013,32,602
2014,32,602
2015,32,602
2016,32,602
2017,32,1505
2018,32,4956
2019,32,1806
2020,32,0
2008,33,0
2009,33,0
2010,33,0
2011,33,0
2012,33,0
2013,33,0
2014,33,0
2015,33,0
2016,33,0
2017,33,0
2018,33,0
2019,33,
2020,33,
2008,34,103474
2009,34,53308
2010,34,33432
2011,34,33433
2012,34,40434
2013,34,83695
2014,34,83159
2015,34,108421
2016,34,
2017,34,
2018,34,
2019,34,
2020,34,
2008,35,21321
2009,35,14187
2010,35,11630
2011,35,11467
2012,35,10702
2013,35,8094
2014,35,14608
2015,35,17543
2016,35,17275
2017,35,17156
2018,35,20970
2019,35,27238
2020,35,30906
2008,36,87231
2009,36,74862
2010,36,37926
2011,36,1215
2012,36,10271
2013,36,12473
2014,36,10277
2015,36,10277
2016,36,15415
2017,36,20553
2018,36,28135
2019,36,26559
2020,36,31802
2008,37,193337
2009,37,104958
2010,37,150286
2011,37,147984
2012,37,104756
2013,37,74168
2014,37,82458
2015,37,11694
2016,37,144830
2017,37,25629
2018,37,23071
2019,37,26271
2020,37,83999
2008,38,0
2009,38,33457
2010,38,420
2011,38,25832
2012,38,37361
2013,38,602238
2014,38,420
2015,38,22921
2016,38,43655
2017,38,59579
2018,38,54472
2019,38,6093
2020,38,29704
2008,39,0
2009,39,0
2010,39,4401
2011,39,4841
2012,39,5223
2013,39,5179
2014,39,3449
2015,39,1958
2016,39,1935
2017,39,1926
2018,39,2269
2019,39,1713
2020,39,10716
2008,40,11252
2009,40,11053
2010,40,6502
2011,40,4895
2012,40,8846
2013,40,57
2014,40,17199
2015,40,21927
2016,40,15162
2017,40,21742
2018,40,23970
2019,40,32419
2020,40,30412
2008,41,0
2009,41,0
2010,41,0
2011,41,0
2012,41,0
2013,41,0
2014,41,0
2015,41,0
2016,41,0
2017,41,0
2018,41,0
2019,41,0
2020,41,0
2008,42,3401000
2009,42,3135000
2010,42,3147000
2011,42,3517000
2012,42,2229000
2013,42,2044000
2014,42,2573000
2015,42,2297000
2016,42,2507000
2017,42,2873000
2018,42,3444000
2019,42,3957000
2020,42,4742000
2008,43,327500
2009,43,337800
2010,43,400800
2011,43,422100
2012,43,402000
2013,43,402000
2014,43,402000
2015,43,402000
2016,43,406200
2017,43,418400
2018,43,451100
2019,43,475200
2020,43,526100
2008,44,
2009,44,0
2010,44,0
2011,44,0
2012,44,
2013,44,0
2014,44,0
2015,44,0
2016,44,0
2017,44,
2018,44,
2019,44,
2020,44,
2008,45,
2009,45,
2010,45,
2011,45,
2012,45,
2013,45,
2014,45,
2015,45,
2016,45,
2017,45,
2018,45,
2019,45,
2020,45,
2008,46,133457
2009,46,141289
2010,46,2851
2011,46,159530
2012,46,47813
2013,46,77434
2014,46,43852
2015,46,101123
2016,46,110679
2017,46,136110
2018,46,137379
2019,46,73795
2020,46,93212
2008,47,299000
2009,47,301000
2010,47,217000
2011,47,298000
2012,47,40000
2013,47,87000
2014,47,106000
2015,47,118000
2016,47,131000
2017,47,155000
2018,47,185000
2019,47,232000
2020,47,256000
2008,48,
2009,48,
2010,48,0
2011,48,136000
2012,48,147000
2013,48,150000
2014,48,192000
2015,48,204000
2016,48,
2017,48,
2018,48,
2019,48,
2020,48,
2008,49,
2009,49,
2010,49,0
2011,49,0
2012,49,0
2013,49,0
2014,49,
2015,49,0
2016,49,283
2017,49,0
2018,49,0
2019,49,0
2020,49,0
2008,50,
2009,50,
2010,50,
2011,50,
2012,50,
2013,50,0
2014,50,3139
2015,50,3741
2016,50,2706
2017,50,2452
2018,50,2332
2019,50,2745
2020,50,2794
2008,51,
2009,51,
2010,51,
2011,51,
2012,51,
2013,51,
2014,51,
2015,51,
2016,51,
2017,51,
2018,51,
2019,51,
2020,51,
2008,52,
2009,52,
2010,52,
2011,52,
2012,52,
2013,52,
2014,52,
2015,52,0
2016,52,485
2017,52,956
2018,52,1521
2019,52,951
2020,52,
2008,53,21950
2009,53,17678
2010,53,0
2011,53,4410
2012,53,10792
2013,53,9965
2014,53,3430
2015,53,3477
2016,53,8502
2017,53,12250
2018,53,15435
2019,53,16580
2020,53,9198
2008,54,5193
2009,54,1621
2010,54,205
2011,54,1385
2012,54,375
2013,54,3884
2014,54,2950
2015,54,5391
2016,54,6438
2017,54,9438
2018,54,8434
2019,54,8611
2020,54,114
2008,55,4063
2009,55,1933
2010,55,0
2011,55,8129
2012,55,8518
2013,55,8525
2014,55,9351
2015,55,10471
2016,55,14543
2017,55,17443
2018,55,28914
2019,55,28716
2020,55,17007
2008,56,2990
2009,56,0
2010,56,0
2011,56,0
2012,56,0
2013,56,0
2014,56,0
2015,56,2097
2016,56,2621
2017,56,3145
2018,56,4193
2019,56,4569
2020,56,0
2008,57,7547
2009,57,5755
2010,57,7492
2011,57,8145
2012,57,8612
2013,57,17839
2014,57,4759
2015,57,5257
2016,57,7780
2017,57,11066
2018,57,11066
2019,57,
2020,57,
2008,58,75000
2009,58,75000
2010,58,75000
2011,58,37000
2012,58,45000
2013,58,92000
2014,58,90000
2015,58,91000
2016,58,102000
2017,58,101000
2018,58,105000
2019,58,119000
2020,58,66000
2008,59,4420
2009,59,2720
2010,59,2040
2011,59,4200
2012,59,2720
2013,59,2720
2014,59,4420
2015,59,6120
2016,59,7820
2017,59,11834
2018,59,13373
2019,59,15048
2020,59,15048
2008,60,3984
2009,60,3984
2010,60,3984
2011,60,3984
2012,60,3984
2013,60,0
2014,60,47
2015,60,141
2016,60,67
2017,60,4025
2018,60,182
2019,60,82
2020,60,0
2008,61,3600
2009,61,1432
2010,61,0
2011,61,2117
2012,61,2143
2013,61,0
2014,61,0
2015,61,0
2016,61,0
2017,61,3600
2018,61,5040
2019,61,4599
2020,61,0
2008,62,1327
2009,62,1324
2010,62,0
2011,62,0
2012,62,0
2013,62,524
2014,62,262
2015,62,803
2016,62,802
2017,62,802
2018,62,1333
2019,62,1330
2020,62,0
2008,63,0
2009,63,0
2010,63,0
2011,63,0
2012,63,0
2013,63,0
2014,63,0
2015,63,0
2016,63,0
2017,63,0
2018,63,3285
2019,63,3235
2020,63,3034
2008,64,1665000
2009,64,1050000
2010,64,1093000
2011,64,1326000
2012,64,1031000
2013,64,537000
2014,64,252000
2015,64,204000
2016,64,227000
2017,64,235000
2018,64,256000
2019,64,279000
2020,64,390000
2008,65,26593
2009,65,28302
2010,65,30277
2011,65,32910
2012,65,42124
2013,65,38175
2014,65,38585
2015,65,41246
2016,65,43907
2017,65,46568
2018,65,49229
2019,65,51890
2020,65,0
2008,66,
2009,66,
2010,66,0
2011,66,0
2012,66,0
2013,66,5223
2014,66,4452
2015,66,4475
2016,66,481
2017,66,8987
2018,66,10540
2019,66,11334
2020,66,0
2008,67,500
2009,67,0
2010,67,0
2011,67,0
2012,67,200
2013,67,200
2014,67,600
2015,67,600
2016,67,600
2017,67,0
2018,67,0
2019,67,0
2020,67,0
2008,68,0
2009,68,0
2010,68,0
2011,68,0
2012,68,1
2013,68,2097
2014,68,631
2015,68,1016
2016,68,362
2017,68,0
2018,68,0
2019,68,0
2020,68,0
2008,69,394500
2009,69,234700
2010,69,113300
2011,69,64300
2012,69,178700
2013,69,24400
2014,69,53800
2015,69,30500
2016,69,33000
2017,69,29200
2018,69,
2019,69,
2020,69,
2008,70,1359
2009,70,1359
2010,70,1568
2011,70,1882
2012,70,1255
2013,70,1777
2014,70,2404
2015,70,3137
2016,70,5750
2017,70,3503
2018,70,3503
2019,70,4034
2020,70,4050
2008,71,584
2009,71,534
2010,71,534
2011,71,623
2012,71,623
2013,71,498
2014,71,801
2015,71,801
2016,71,534
2017,71,1424
2018,71,1460
2019,71,1958
2020,71,0
2008,72,1579
2009,72,1521
2010,72,5965
2011,72,4508
2012,72,2237
2013,72,4388
2014,72,6313
2015,72,9264
2016,72,11474
2017,72,7704
2018,72,9162
2019,72,7708
2020,72,7567
2008,73,1012
2009,73,1012
2010,73,0
2011,73,674
2012,73,1124
2013,73,225
2014,73,225
2015,73,281
2016,73,512
2017,73,
2018,73,
2019,73,
2020,73,
2008,74,
2009,74,
2010,74,
2011,74,
2012,74,
2013,74,
2014,74,
2015,74,
2016,74,
2017,74,
2018,74,
2019,74,
2020,74,
2008,75,
2009,75,
2010,75,
2011,75,
2012,75,
2013,75,
2014,75,1057
2015,75,1601
2016,75,802
2017,75,0
2018,75,0
2019,75,0
2020,75,0
2008,76,387000
2009,76,450000
2010,76,776000
2011,76,811000
2012,76,811000
2013,76,845000
2014,76,507000
2015,76,875000
2016,76,875000
2017,76,718000
2018,76,731000
2019,76,746000
2020,76,779000
2008,77,73082
2009,77,72661
2010,77,74273
2011,77,121297
2012,77,22282
2013,77,76070
2014,77,73641
2015,77,81417
2016,77,87098
2017,77,89965
2018,77,113080
2019,77,150225
2020,77,0
2008,78,92922
2009,78,94540
2010,78,96814
2011,78,117242
2012,78,116785
2013,78,131341
2014,78,137393
2015,78,145000
2016,78,145400
2017,78,140900
2018,78,151400
2019,78,161500
2020,78,163300
2008,79,0
2009,79,0
2010,79,0
2011,79,0
2012,79,
2013,79,4586
2014,79,5240
2015,79,2682
2016,79,4703
2017,79,4940
2018,79,5161
2019,79,14480
2020,79,16072
2008,80,14057
2009,80,13662
2010,80,20349
2011,80,22557
2012,80,0
2013,80,24484
2014,80,26666
2015,80,33332
2016,80,33347
2017,80,40016
2018,80,40016
2019,80,75163
2020,80,47442
2008,81,268000
2009,81,278000
2010,81,259000
2011,81,22000
2012,81,14000
2013,81,20000
2014,81,0
2015,81,0
2016,81,0
2017,81,0
2018,81,0
2019,81,0
2020,81,0
2008,82,
2009,82,
2010,82,
2011,82,
2012,82,
2013,82,
2014,82,
2015,82,
2016,82,
2017,82,
2018,82,
2019,82,
2020,82,
2008,83,17399
2009,83,23219
2010,83,19126
2011,83,23612
2012,83,24399
2013,83,0
2014,83,0
2015,83,0
2016,83,0
2017,83,0
2018,83,0
2019,83,0
2020,83,0
2008,84,10788
2009,84,20413
2010,84,6951
2011,84,38647
2012,84,39610
2013,84,0
2014,84,3153
2015,84,8001
2016,84,44673
2017,84,29860
2018,84,33234
2019,84,40919
2020,84,0
2008,85,243
2009,85,243
2010,85,339
2011,85,583
2012,85,282
2013,85,146
2014,85,243
2015,85,0
2016,85,1983
2017,85,1003
2018,85,1172
2019,85,2633
2020,85,3027
2008,86,10788
2009,86,20413
2010,86,6951
2011,86,38647
2012,86,39610
2013,86,0
2014,86,3153
2015,86,8001
2016,86,44673
2017,86,29860
2018,86,33234
2019,86,40919
2020,86,0
2008,87,760
2009,87,381
2010,87,89
2011,87,85
2012,87,0
2013,87,0
2014,87,0
2015,87,0
2016,87,0
2017,87,0
2018,87,0
2019,87,0
2020,87,
2008,88,0
2009,88,0
2010,88,0
2011,88,0
2012,88,0
2013,88,0
2014,88,0
2015,88,0
2016,88,0
2017,88,0
2018,88,0
2019,88,
2020,88,
2008,89,1847
2009,89,0
2010,89,0
2011,89,0
2012,89,0
2013,89,0
2014,89,0
2015,89,0
2016,89,0
2017,89,0
2018,89,0
2019,89,
2020,89,
2008,90,
2009,90,0
2010,90,0
2011,90,0
2012,90,0
2013,90,0
2014,90,0
2015,90,0
2016,90,0
2017,90,0
2018,90,
2019,90,
2020,90,
2008,91,
2009,91,
2010,91,
2011,91,
2012,91,
2013,91,0
2014,91,0
2015,91,0
2016,91,0
2017,91,0
2018,91,0
2019,91,0
2020,91,
2008,92,
2009,92,
2010,92,
2011,92,
2012,92,
2013,92,
2014,92,
2015,92,1136
2016,92,0
2017,92,0
2018,92,0
2019,92,25
2020,92,
2008,93,
2009,93,
2010,93,
2011,93,
2012,93,
2013,93,
2014,93,
2015,93,
2016,93,
2017,93,
2018,93,
2019,93,
2020,93,
2008,94,
2009,94,
2010,94,
2011,94,
2012,94,
2013,94,
2014,94,
2015,94,
2016,94,
2017,94,
2018,94,
2019,94,
2020,94,
2008,95,7661
2009,95,0
2010,95,6320
2011,95,7051
2012,95,7992
2013,95,9330
2014,95,9350
2015,95,9356
2016,95,9427
2017,95,15292
2018,95,24079
2019,95,30939
2020,95,0
2008,96,0
2009,96,0
2010,96,0
2011,96,0
2012,96,0
2013,96,0
2014,96,
2015,96,
2016,96,
2017,96,
2018,96,
2019,96,
2020,96,
2008,97,0
2009,97,0
2010,97,0
2011,97,0
2012,97,0
2013,97,0
2014,97,0
2015,97,0
2016,97,0
2017,97,0
2018,97,0
2019,97,0
2020,97,0
2008,98,5500
2009,98,6600
2010,98,2548
2011,98,21914
2012,98,
2013,98,72635
2014,98,29919
2015,98,32936
2016,98,35719
2017,98,43807
2018,98,145268
2019,98,49231
2020,98,52053
2008,99,0
2009,99,0
2010,99,1003
2011,99,1000
2012,99,1000
2013,99,0
2014,99,0
2015,99,0
2016,99,0
2017,99,0
2018,99,
2019,99,
2020,99,
2008,100,8970
2009,100,8970
2010,100,11960
2011,100,21827
2012,100,49335
2013,100,43355
2014,100,59800
2015,100,61295
2016,100,65780
2017,100,119600
2018,100,149500
2019,100,55315
2020,100,80477
2008,101,1374
2009,101,0
2010,101,118
2011,101,0
2012,101,0
2013,101,0
2014,101,124
2015,101,0
2016,101,0
2017,101,307
2018,101,0
2019,101,0
2020,101,0
2008,102,2817
2009,102,1066
2010,102,0
2011,102,1478
2012,102,0
2013,102,700
2014,102,2413
2015,102,2551
2016,102,1831
2017,102,1261
2018,102,1356
2019,102,0
2020,102,0
2008,103,0
2009,103,0
2010,103,0
2011,103,0
2012,103,0
2013,103,0
2014,103,0
2015,103,0
2016,103,0
2017,103,0
2018,103,0
2019,103,
2020,103,
2008,104,2000
2009,104,3100
2010,104,3100
2011,104,4000
2012,104,5000
2013,104,3000
2014,104,1000
2015,104,1000
2016,104,2000
2017,104,2000
2018,104,2000
2019,104,3000
2020,104,4000
2008,105,
2009,105,
2010,105,
2011,105,
2012,105,0
2013,105,0
2014,105,0
2015,105,0
2016,105,0
2017,105,0
2018,105,0
2019,105,0
2020,105,0
2008,106,6052
2009,106,4120
2010,106,4119
2011,106,4396
2012,106,4187
2013,106,3377
2014,106,4208
2015,106,4105
2016,106,4177
2017,106,5815
2018,106,5942
2019,106,7540
2020,106,4
2008,107,2168
2009,107,0
2010,107,0
2011,107,0
2012,107,0
2013,107,0
2014,107,0
2015,107,0
2016,107,0
2017,107,0
2018,107,0
2019,107,0
2020,107,2999
2008,108,
2009,108,
2010,108,
2011,108,
2012,108,
2013,108,0
2014,108,0
2015,108,0
2016,108,0
2017,108,0
2018,108,0
2019,108,0
2020,108,0
2008,109,
2009,109,
2010,109,
2011,109,
2012,109,
2013,109,0
2014,109,0
2015,109,7000
2016,109,
2017,109,
2018,109,
2019,109,
2020,109,
2008,110,0
2009,110,0
2010,110,0
2011,110,0
2012,110,0
2013,110,0
2014,110,0
2015,110,0
2016,110,0
2017,110,0
2018,110,0
2019,110,0
2020,110,
2008,111,0
2009,111,1647
2010,111,0
2011,111,0
2012,111,0
2013,111,0
2014,111,0
2015,111,310
2016,111,0
2017,111,0
2018,111,0
2019,111,0
2020,111,0
2008,112,28723
2009,112,30844
2010,112,30690
2011,112,33145
2012,112,36772
2013,112,85192
2014,112,46028
2015,112,50631
2016,112,52506
2017,112,62807
2018,112,66733
2019,112,78306
2020,112,
2008,113,12103
2009,113,0
2010,113,0
2011,113,60
2012,113,0
2013,113,0
2014,113,0
2015,113,0
2016,113,9871
2017,113,9858
2018,113,13144
2019,113,13149
2020,113,0
2008,114,0
2009,114,0
2010,114,0
2011,114,0
2012,114,0
2013,114,0
2014,114,0
2015,114,1278
2016,114,2045
2017,114,1023
2018,114,0
2019,114,0
2020,114,
2008,115,3126
2009,115,779
2010,115,0
2011,115,0
2012,115,1040
2013,115,1361
2014,115,1005
2015,115,1021
2016,115,
2017,115,
2018,115,
2019,115,
2020,115,
2008,116,8073
2009,116,8050
2010,116,5750
2011,116,9201
2012,116,6900
2013,116,3911
2014,116,16146
2015,116,4613
2016,116,5467
2017,116,5384
2018,116,6071
2019,116,6060
2020,116,3924
2008,117,2706
2009,117,1993
2010,117,2582
2011,117,2998
2012,117,3205
2013,117,3690
2014,117,1682
2015,117,2403
2016,117,2566
2017,117,0
2018,117,0
2019,117,0
2020,117,0
2008,118,7209
2009,118,0
2010,118,0
2011,118,0
2012,118,0
2013,118,0
2014,118,0
2015,118,0
2016,118,0
2017,118,0
2018,118,13756
2019,118,10958
2020,118,0
2008,119,31408
2009,119,195
2010,119,147
2011,119,10768
2012,119,11731
2013,119,18524
2014,119,18166
2015,119,20390
2016,119,21138
2017,119,22310
2018,119,23115
2019,119,23876
2020,119,28322
2008,120,
2009,120,
2010,120,
2011,120,204
2012,120,204
2013,120,4295
2014,120,0
2015,120,0
2016,120,0
2017,120,0
2018,120,0
2019,120,0
2020,120,0
2008,121,
2009,121,
2010,121,
2011,121,
2012,121,0
2013,121,277000
2014,121,289304
2015,121,269278
2016,121,187546
2017,121,147480
2018,121,206237
2019,121,253186
2020,121,6973
2008,122,11820
2009,122,20918
2010,122,18109
2011,122,26202
2012,122,26193
2013,122,25089
2014,122,23075
2015,122,23075
2016,122,8195
2017,122,8195
2018,122,8195
2019,122,8195
2020,122,11915
2008,123,
2009,123,
2010,123,
2011,123,
2012,123,
2013,123,
2014,123,0
2015,123,0
2016,123,0
2017,123,0
2018,123,0
2019,123,0
2020,123,0
2008,124,
2009,124,
2010,124,
2011,124,
2012,124,
2013,124,
2014,124,
2015,124,0
2016,124,0
2017,124,270
2018,124,0
2019,124,0
2020,124,0
2008,125,
2009,125,
2010,125,
2011,125,
2012,125,
2013,125,
2014,125,
2015,125,4500
2016,125,3876
2017,125,4416
2018,125,5265
2019,125,5944
2020,125,6521
2008,126,11487
2009,126,11488
2010,126,2651
2011,126,7990
2012,126,0
2013,126,0
2014,126,0
2015,126,0
2016,126,0
2017,126,0
2018,126,0
2019,126,0
2020,126,0
2008,127,3479
2009,127,3479
2010,127,3479
2011,127,3500
2012,127,3479
2013,127,0
2014,127,875
2015,127,1739
2016,127,1740
2017,127,2609
2018,127,4347
2019,127,6520
2020,127,0
2008,128,72800
2009,128,36400
2010,128,59150
2011,128,72800
2012,128,125125
2013,128,218401
2014,128,86450
2015,128,72802
2016,128,72806
2017,128,75088
2018,128,83052
2019,128,
2020,128,
2008,129,23796
2009,129,12800
2010,129,16400
2011,129,18000
2012,129,21000
2013,129,123000
2014,129,27000
2015,129,28000
2016,129,30000
2017,129,38000
2018,129,
2019,129,
2020,129,
2008,130,0
2009,130,0
2010,130,0
2011,130,0
2012,130,0
2013,130,28923
2014,130,28800
2015,130,30000
2016,130,36000
2017,130,0
2018,130,0
2019,130,
2020,130,
2008,131,986
2009,131,986
2010,131,1085
2011,131,1282
2012,131,1578
2013,131,1873
2014,131,887
2015,131,6830
2016,131,7932
2017,131,9369
2018,131,9993
2019,131,13188
2020,131,0
2008,132,393485
2009,132,420218
2010,132,430751
2011,132,460280
2012,132,485300
2013,132,261844
2014,132,903792
2015,132,724671
2016,132,775461
2017,132,994357
2018,132,780973
2019,132,736000
2020,132,0
2008,133,8451
2009,133,2817
2010,133,2817
2011,133,5634
2012,133,0
2013,133,0
2014,133,0
2015,133,0
2016,133,
2017,133,
2018,133,
2019,133,
2020,133,
2008,134,34414
2009,134,14515
2010,134,27235
2011,134,33038
2012,134,22011
2013,134,38061
2014,134,54746
2015,134,58356
2016,134,39179
2017,134,42920
2018,134,44634
2019,134,27593
2020,134,0
2008,135,
2009,135,
2010,135,
2011,135,
2012,135,0
2013,135,0
2014,135,0
2015,135,0
2016,135,6137
2017,135,10007
2018,135,14161
2019,135,16220
2020,135,0
2008,136,1128
2009,136,1103
2010,136,0
2011,136,0
2012,136,0
2013,136,951
2014,136,0
2015,136,960
2016,136,1818
2017,136,1834
2018,136,2139
2019,136,0
2020,136,0
2008,137,2475
2009,137,1891
2010,137,1339
2011,137,1632
2012,137,2678
2013,137,3070
2014,137,3514
2015,137,3465
2016,137,3755
2017,137,10921
2018,137,4607
2019,137,5492
2020,137,0
2008,138,
2009,138,
2010,138,
2011,138,
2012,138,
2013,138,
2014,138,
2015,138,
2016,138,
2017,138,
2018,138,
2019,138,
2020,138,
2008,139,0
2009,139,0
2010,139,0
2011,139,0
2012,139,0
2013,139,0
2014,139,0
2015,139,0
2016,139,2033
2017,139,0
2018,139,0
2019,139,0
2020,139,0
2008,140,0
2009,140,2607
2010,140,2739
2011,140,2773
2012,140,1940
2013,140,2104
2014,140,0
2015,140,0
2016,140,0
2017,140,0
2018,140,0
2019,140,
2020,140,
2008,141,25139
2009,141,7250
2010,141,6250
2011,141,6250
2012,141,3746
2013,141,0
2014,141,0
2015,141,0
2016,141,0
2017,141,0
2018,141,0
2019,141,0
2020,141,0
2008,142,31141
2009,142,15452
2010,142,15515
2011,142,29633
2012,142,20559
2013,142,10905
2014,142,21152
2015,142,21152
2016,142,15700
2017,142,6700
2018,142,13400
2019,142,31200
2020,142,0
2008,143,0
2009,143,0
2010,143,0
2011,143,50
2012,143,287
2013,143,59
2014,143,0
2015,143,0
2016,143,0
2017,143,0
2018,143,0
2019,143,208
2020,143,
2008,144,13911
2009,144,10249
2010,144,0
2011,144,128
2012,144,204
2013,144,132
2014,144,214
2015,144,114
2016,144,0
2017,144,0
2018,144,0
2019,144,0
2020,144,0
2008,145,0
2009,145,1500
2010,145,243
2011,145,503
2012,145,2012
2013,145,610
2014,145,0
2015,145,0
2016,145,0
2017,145,0
2018,145,0
2019,145,2012
2020,145,
2008,146,1026
2009,146,0
2010,146,0
2011,146,0
2012,146,0
2013,146,0
2014,146,0
2015,146,0
2016,146,0
2017,146,0
2018,146,0
2019,146,0
2020,146,0
2008,147,83766
2009,147,0
2010,147,0
2011,147,40301
2012,147,0
2013,147,0
2014,147,0
2015,147,0
2016,147,0
2017,147,0
2018,147,0
2019,147,0
2020,147,0
2008,148,0
2009,148,0
2010,148,24
2011,148,52
2012,148,253
2013,148,63
2014,148,0
2015,148,0
2016,148,0
2017,148,0
2018,148,0
2019,148,0
2020,148,
2008,149,68821
2009,149,0
2010,149,0
2011,149,29751
2012,149,24966
2013,149,0
2014,149,0
2015,149,0
2016,149,0
2017,149,0
2018,149,0
2019,149,0
2020,149,
2008,150,644600
2009,150,534600
2010,150,289900
2011,150,478800
2012,150,145600
2013,150,4100
2014,150,0
2015,150,66900
2016,150,106000
2017,150,175600
2018,150,95500
2019,150,46600
2020,150,0
2008,151,
2009,151,
2010,151,
2011,151,806
2012,151,1000
2013,151,700
2014,151,0
2015,151,1991
2016,151,1987
2017,151,2130
2018,151,988
2019,151,2000
2020,151,0
2008,152,
2009,152,
2010,152,
2011,152,
2012,152,
2013,152,
2014,152,0
2015,152,106
2016,152,127
2017,152,0
2018,152,0
2019,152,0
2020,152,0
2008,153,84800
2009,153,2000
2010,153,1700
2011,153,1400
2012,153,300
2013,153,0
2014,153,0
2015,153,1400
2016,153,0
2017,153,0
2018,153,0
2019,153,31000
2020,153,0
2008,154,
2009,154,
2010,154,
2011,154,
2012,154,
2013,154,0
2014,154,0
2015,154,1800
2016,154,1799
2017,154,1178
2018,154,1198
2019,154,1800
2020,154,0
2008,155,
2009,155,
2010,155,
2011,155,
2012,155,
2013,155,
2014,155,11
2015,155,0
2016,155,1040
2017,155,805
2018,155,756
2019,155,743
2020,155,0
2008,156,
2009,156,
2010,156,
2011,156,20672
2012,156,0
2013,156,0
2014,156,11152
2015,156,33565
2016,156,38950
2017,156,41799
2018,156,55107
2019,156,59731
2020,156,63349
2008,157,
2009,157,
2010,157,
2011,157,
2012,157,0
2013,157,200
2014,157,410
2015,157,0
2016,157,0
2017,157,0
2018,157,0
2019,157,
2020,157,
2008,158,
2009,158,
2010,158,
2011,158,
2012,158,
2013,158,
2014,158,
2015,158,0
2016,158,0
2017,158,0
2018,158,0
2019,158,0
2020,158,
2008,159,
2009,159,
2010,159,
2011,159,
2012,159,
2013,159,
2014,159,
2015,159,
2016,159,0
2017,159,
2018,159,0
2019,159,0
2020,159,
2008,160,
2009,160,
2010,160,
2011,160,
2012,160,
2013,160,
2014,160,0
2015,160,0
2016,160,0
2017,160,0
2018,160,0
2019,160,0
2020,160,0
2008,161,
2009,161,
2010,161,
2011,161,
2012,161,
2013,161,
2014,161,
2015,161,0
2016,161,0
2017,161,0
2018,161,556
2019,161,278
2020,161,0
2008,162,
2009,162,
2010,162,
2011,162,
2012,162,
2013,162,
2014,162,0
2015,162,0
2016,162,0
2017,162,0
2018,162,0
2019,162,0
2020,162,0
2008,163,
2009,163,
2010,163,
2011,163,
2012,163,
2013,163,
2014,163,
2015,163,0
2016,163,0
2017,163,0
2018,163,0
2019,163,0
2020,163,0
2008,164,0
2009,164,0
2010,164,0
2011,164,0
2012,164,0
2013,164,0
2014,164,0
2015,164,0
2016,164,0
2017,164,0
2018,164,0
2019,164,0
2020,164,0
2008,165,
2009,165,
2010,165,
2011,165,
2012,165,
2013,165,
2014,165,
2015,165,
2016,165,
2017,165,
2018,165,
2019,165,
2020,165,
2008,166,
2009,166,
2010,166,
2011,166,
2012,166,
2013,166,
2014,166,
2015,166,0
2016,166,56700
2017,166,88200
2018,166,114000
2019,166,126553
2020,166,696721
2008,167,160843
2009,167,157721
2010,167,0
2011,167,0
2012,167,0
2013,167,0
2014,167,0
2015,167,0
2016,167,0
2017,167,0
2018,167,0
2019,167,0
2020,167,0
2008,168,10588
2009,168,6584
2010,168,6538
2011,168,11
2012,168,11
2013,168,9586
2014,168,6972
2015,168,4362
2016,168,4362
2017,168,4
2018,168,3
2019,168,5
2020,168,5
2008,169,4910000
2009,169,4166000
2010,169,3622000
2011,169,3695000
2012,169,3840000
2013,169,4600000
2014,169,4006000
2015,169,3457000
2016,169,2881000
2017,169,2880000
2018,169,2954000
2019,169,3018000
2020,169,1965000
2008,170,59289
2009,170,133398
2010,170,80717
2011,170,66977
2012,170,62745
2013,170,68150
2014,170,164854
2015,170,71398
2016,170,142800
2017,170,74408
2018,170,171139
2019,170,112362
2020,170,115169
2008,171,22575
2009,171,34924
2010,171,22224
2011,171,18705
2012,171,0
2013,171,0
2014,171,0
2015,171,0
2016,171,14360
2017,171,28414
2018,171,42064
2019,171,39108
2020,171,0
2008,172,12000
2009,172,6271
2010,172,7600
2011,172,6650
2012,172,3800
2013,172,2470
2014,172,1900
2015,172,3800
2016,172,456
2017,172,1140
2018,172,1900
2019,172,2660
2020,172,1900
2008,173,192000
2009,173,239000
2010,173,263000
2011,173,297000
2012,173,352000
2013,173,375000
2014,173,45000
2015,173,17000
2016,173,36000
2017,173,0
2018,173,15000
2019,173,62000
2020,173,69000
2008,174,223617
2009,174,103484
2010,174,169839
2011,174,206617
2012,174,232134
2013,174,277186
2014,174,312012
2015,174,691849
2016,174,429985
2017,174,442193
2018,174,486192
2019,174,
2020,174,
2008,175,38102
2009,175,38262
2010,175,153047
2011,175,61219
2012,175,76524
2013,175,83014
2014,175,82902
2015,175,61669
2016,175,66187
2017,175,56259
2018,175,46331
2019,175,33094
2020,175,0
2008,176,0
2009,176,5928
2010,176,9714
2011,176,2936
2012,176,2905
2013,176,0
2014,176,0
2015,176,3979
2016,176,5622
2017,176,3324
2018,176,3273
2019,176,6468
2020,176,6372
2008,177,62199
2009,177,62210
2010,177,51841
2011,177,46657
2012,177,41473
2013,177,15552
2014,177,0
2015,177,0
2016,177,15552
2017,177,5184
2018,177,15552
2019,177,6480
2020,177,0
2008,178,26840
2009,178,3143
2010,178,2148
2011,178,912
2012,178,2658
2013,178,0
2014,178,0
2015,178,0
2016,178,0
2017,178,0
2018,178,0
2019,178,0
2020,178,0
2008,179,0
2009,179,0
2010,179,0
2011,179,0
2012,179,2735
2013,179,2735
2014,179,2735
2015,179,2735
2016,179,2735
2017,179,2735
2018,179,3587
2019,179,5523
2020,179,39
2008,180,2148
2009,180,710
2010,180,0
2011,180,0
2012,180,0
2013,180,0
2014,180,0
2015,180,0
2016,180,0
2017,180,0
2018,180,0
2019,180,0
2020,180,0
2008,181,
2009,181,
2010,181,
2011,181,
2012,181,463
2013,181,556
2014,181,558
2015,181,567
2016,181,658
2017,181,657
2018,181,0
2019,181,0
2020,181,0
2008,182,0
2009,182,0
2010,182,0
2011,182,0
2012,182,0
2013,182,0
2014,182,0
2015,182,0
2016,182,0
2017,182,0
2018,182,
2019,182,
2020,182,
2008,183,7447
2009,183,0
2010,183,15056
2011,183,24015
2012,183,47155
2013,183,55575
2014,183,67364
2015,183,70732
2016,183,77643
2017,183,77643
2018,183,64140
2019,183,57372
2020,183,0
2008,184,0
2009,184,0
2010,184,0
2011,184,0
2012,184,0
2013,184,0
2014,184,
2015,184,
2016,184,
2017,184,
2018,184,
2019,184,
2020,184,
2008,185,
2009,185,1332
2010,185,2986
2011,185,5066
2012,185,2817
2013,185,5794
2014,185,7955
2015,185,8435
2016,185,8889
2017,185,11048
2018,185,18471
2019,185,20483
2020,185,1076
2008,186,1996
2009,186,1654
2010,186,1654
2011,186,1986
2012,186,1637
2013,186,1617
2014,186,1613
2015,186,1613
2016,186,1613
2017,186,1290
2018,186,1290
2019,186,0
2020,186,0
2008,187,
2009,187,
2010,187,
2011,187,
2012,187,23
2013,187,0
2014,187,0
2015,187,0
2016,187,0
2017,187,0
2018,187,0
2019,187,0
2020,187,0
2008,188,
2009,188,
2010,188,0
2011,188,0
2012,188,0
2013,188,0
2014,188,25000
2015,188,30014
2016,188,34883
2017,188,45491
2018,188,70464
2019,188,100850
2020,188,0
2008,189,
2009,189,
2010,189,
2011,189,
2012,189,
2013,189,0
2014,189,0
2015,189,0
2016,189,0
2017,189,34050
2018,189,34050
2019,189,0
2020,189,0
2008,190,
2009,190,
2010,190,
2011,190,
2012,190,
2013,190,
2014,190,
2015,190,2500
2016,190,2200
2017,190,2200
2018,190,2200
2019,190,2200
2020,190,0
2008,191,0
2009,191,0
2010,191,0
2011,191,0
2012,191,0
2013,191,0
2014,191,0
2015,191,0
2016,191,0
2017,191,0
2018,191,0
2019,191,0
2020,191,0
2008,192,0
2009,192,0
2010,192,0
2011,192,0
2012,192,0
2013,192,0
2014,192,0
2015,192,0
2016,192,0
2017,192,0
2018,192,0
2019,192,0
2020,192,0
2008,193,0
2009,193,0
2010,193,0
2011,193,0
2012,193,0
2013,193,0
2014,193,0
2015,193,0
2016,193,0
2017,193,0
2018,193,0
2019,193,0
2020,193,
2008,194,42220
2009,194,49259
2010,194,54355
2011,194,93138
2012,194,61354
2013,194,64643
2014,194,75395
2015,194,110770
2016,194,133730
2017,194,159607
2018,194,178887
2019,194,190916
2020,194,212718
2008,195,
2009,195,
2010,195,
2011,195,
2012,195,
2013,195,498
2014,195,400
2015,195,576
2016,195,767
2017,195,668
2018,195,669
2019,195,
2020,195,
2008,196,3732
2009,196,3695
2010,196,3320
2011,196,4490
2012,196,5076
2013,196,5975
2014,196,7240
2015,196,8962
2016,196,10169
2017,196,11550
2018,196,13751
2019,196,17620
2020,196,20891
2008,197,6500
2009,197,0
2010,197,7000
2011,197,12877
2012,197,5482
2013,197,6480
2014,197,7972
2015,197,20000
2016,197,2260
2017,197,
2018,197,
2019,197,
2020,197,
2008,198,0
2009,198,0
2010,198,50
2011,198,
2012,198,0
2013,198,0
2014,198,0
2015,198,750
2016,198,1500
2017,198,1996
2018,198,2698
2019,198,2896
2020,198,2992
2008,199,6286
2009,199,4490
2010,199,2245
2011,199,0
2012,199,2237
2013,199,3184
2014,199,0
2015,199,1167
2016,199,1657
2017,199,1959
2018,199,1263
2019,199,0
2020,199,0
2008,200,0
2009,200,0
2010,200,0
2011,200,0
2012,200,0
2013,200,0
2014,200,0
2015,200,0
2016,200,0
2017,200,0
2018,200,0
2019,200,0
2020,200,
2008,201,0
2009,201,0
2010,201,0
2011,201,0
2012,201,0
2013,201,0
2014,201,0
2015,201,0
2016,201,0
2017,201,
2018,201,
2019,201,
2020,201,
2008,202,0
2009,202,0
2010,202,0
2011,202,10292
2012,202,0
2013,202,2107
2014,202,2615
2015,202,2678
2016,202,2931
2017,202,3496
2018,202,11710
2019,202,5781
2020,202,0
2008,203,0
2009,203,0
2010,203,0
2011,203,0
2012,203,0
2013,203,0
2014,203,0
2015,203,0
2016,203,0
2017,203,0
2018,203,0
2019,203,0
2020,203,0
2008,204,0
2009,204,0
2010,204,0
2011,204,0
2012,204,0
2013,204,0
2014,204,0
2015,204,0
2016,204,0
2017,204,0
2018,204,0
2019,204,0
2020,204,0
2008,205,0
2009,205,0
2010,205,0
2011,205,0
2012,205,0
2013,205,0
2014,205,0
2015,205,1402
2016,205,1050
2017,205,55
2018,205,0
2019,205,
2020,205,
2008,206,0
2009,206,0
2010,206,0
2011,206,
2012,206,0
2013,206,0
2014,206,0
2015,206,0
2016,206,
2017,206,
2018,206,
2019,206,
2020,206,
2008,207,314
2009,207,0
2010,207,0
2011,207,0
2012,207,0
2013,207,0
2014,207,0
2015,207,0
2016,207,505
2017,207,0
2018,207,
2019,207,
2020,207,
2008,208,200
2009,208,200
2010,208,0
2011,208,0
2012,208,0
2013,208,0
2014,208,0
2015,208,0
2016,208,0
2017,208,0
2018,208,0
2019,208,0
2020,208,0
2008,209,
2009,209,
2010,209,
2011,209,
2012,209,0
2013,209,19
2014,209,6270
2015,209,6984
2016,209,7551
2017,209,7860
2018,209,9129
2019,209,10118
2020,209,10474
2008,210,
2009,210,
2010,210,
2011,210,
2012,210,
2013,210,
2014,210,0
2015,210,0
2016,210,0
2017,210,0
2018,210,0
2019,210,0
2020,210,0
2008,211,
2009,211,
2010,211,0
2011,211,0
2012,211,0
2013,211,0
2014,211,
2015,211,0
2016,211,0
2017,211,0
2018,211,0
2019,211,0
2020,211,0
2008,212,
2009,212,
2010,212,
2011,212,
2012,212,
2013,212,0
2014,212,0
2015,212,0
2016,212,0
2017,212,0
2018,212,0
2019,212,0
2020,212,0
2008,213,
2009,213,
2010,213,0
2011,213,0
2012,213,0
2013,213,0
2014,213,
2015,213,0
2016,213,0
2017,213,
2018,213,
2019,213,
2020,213,
2008,214,
2009,214,
2010,214,
2011,214,
2012,214,
2013,214,
2014,214,0
2015,214,0
2016,214,0
2017,214,0
2018,214,0
2019,214,0
2020,214,0
2008,215,
2009,215,
2010,215,
2011,215,
2012,215,
2013,215,
2014,215,
2015,215,
2016,215,
2017,215,
2018,215,
2019,215,
2020,215,
2008,216,
2009,216,
2010,216,
2011,216,
2012,216,
2013,216,
2014,216,
2015,216,
2016,216,
2017,216,
2018,216,
2019,216,0
2020,216,0
2008,217,
2009,217,
2010,217,
2011,217,
2012,217,
2013,217,0
2014,217,0
2015,217,0
2016,217,1813
2017,217,2719
2018,217,2698
2019,217,2688
2020,217,3463
2008,218,539
2009,218,3305
2010,218,0
2011,218,0
2012,218,8246
2013,218,264
2014,218,76
2015,218,0
2016,218,0
2017,218,0
2018,218,0
2019,218,9227
2020,218,9314
2008,219,0
2009,219,
2010,219,0
2011,219,0
2012,219,0
2013,219,0
2014,219,0
2015,219,0
2016,219,0
2017,219,0
2018,219,0
2019,219,0
2020,219,0
2008,220,
2009,220,
2010,220,0
2011,220,0
2012,220,0
2013,220,0
2014,220,0
2015,220,0
2016,220,0
2017,220,0
2018,220,0
2019,220,0
2020,220,
2008,221,2585
2009,221,2482
2010,221,3068
2011,221,4367
2012,221,1881
2013,221,3599
2014,221,3781
2015,221,4504
2016,221,4728
2017,221,4713
2018,221,5681
2019,221,5152
2020,221,4738
2008,222,
2009,222,
2010,222,
2011,222,
2012,222,
2013,222,
2014,222,0
2015,222,
2016,222,
2017,222,
2018,222,
2019,222,
2020,222,
2008,223,
2009,223,
2010,223,
2011,223,
2012,223,
2013,223,
2014,223,0
2015,223,0
2016,223,0
2017,223,0
2018,223,
2019,223,
2020,223,
2008,224,
2009,224,
2010,224,
2011,224,
2012,224,
2013,224,
2014,224,
2015,224,
2016,224,
2017,224,
2018,224,
2019,224,
2020,224,
2008,225,
2009,225,
2010,225,
2011,225,
2012,225,
2013,225,0
2014,225,315
2015,225,300
2016,225,328
2017,225,384
2018,225,748
2019,225,1530
2020,225,0
2008,226,1159
2009,226,1791
2010,226,21
2011,226,908
2012,226,905
2013,226,22
2014,226,21
2015,226,14
2016,226,17
2017,226,19
2018,226,72
2019,226,735
2020,226,1001
2008,227,
2009,227,
2010,227,
2011,227,0
2012,227,0
2013,227,0
2014,227,0
2015,227,0
2016,227,0
2017,227,0
2018,227,0
2019,227,0
2020,227,0
2008,228,0
2009,228,0
2010,228,0
2011,228,0
2012,228,0
2013,228,0
2014,228,0
2015,228,0
2016,228,0
2017,228,0
2018,228,0
2019,228,0
2020,228,0
2008,229,
2009,229,
2010,229,
2011,229,0
2012,229,0
2013,229,0
2014,229,0
2015,229,0
2016,229,0
2017,229,0
2018,229,0
2019,229,
2020,229,
2008,230,
2009,230,
2010,230,
2011,230,
2012,230,0
2013,230,0
2014,230,0
2015,230,0
2016,230,0
2017,230,0
2018,230,0
2019,230,3059
2020,230,2769
2008,231,572
2009,231,567
2010,231,0
2011,231,0
2012,231,0
2013,231,0
2014,231,0
2015,231,0
2016,231,0
2017,231,0
2018,231,0
2019,231,0
2020,231,0
2008,232,7913
2009,232,7913
2010,232,8934
2011,232,8935
2012,232,4544
2013,232,4559
2014,232,4559
2015,232,6403
2016,232,7764
2017,232,6987
2018,232,6987
2019,232,6919
2020,232,0
2008,233,0
2009,233,0
2010,233,0
2011,233,0
2012,233,0
2013,233,11844
2014,233,0
2015,233,31020
2016,233,0
2017,233,149142
2018,233,55141
2019,233,41828
2020,233,
2008,234,0
2009,234,0
2010,234,0
2011,234,0
2012,234,0
2013,234,0
2014,234,0
2015,234,0
2016,234,0
2017,234,0
2018,234,0
2019,234,0
2020,234,0
2008,235,0
2009,235,0
2010,235,0
2011,235,0
2012,235,0
2013,235,0
2014,235,0
2015,235,0
2016,235,0
2017,235,0
2018,235,0
2019,235,0
2020,235,
2008,236,0
2009,236,0
2010,236,0
2011,236,0
2012,236,0
2013,236,0
2014,236,0
2015,236,0
2016,236,0
2017,236,0
2018,236,0
2019,236,0
2020,236,0
2008,237,0
2009,237,0
2010,237,0
2011,237,0
2012,237,0
2013,237,0
2014,237,0
2015,237,0
2016,237,0
2017,237,0
2018,237,0
2019,237,0
2020,237,0
2008,238,0
2009,238,0
2010,238,0
2011,238,0
2012,238,0
2013,238,0
2014,238,0
2015,238,0
2016,238,0
2017,238,0
2018,238,0
2019,238,0
2020,238,0
2008,239,0
2009,239,0
2010,239,0
2011,239,0
2012,239,0
2013,239,5001
2014,239,5654
2015,239,6089
2016,239,6089
2017,239,7393
2018,239,9167
2019,239,10535
2020,239,0
2008,240,0
2009,240,0
2010,240,0
2011,240,0
2012,240,0
2013,240,0
2014,240,0
2015,240,0
2016,240,0
2017,240,0
2018,240,0
2019,240,0
2020,240,0
2008,241,1350
2009,241,0
2010,241,0
2011,241,0
2012,241,0
2013,241,0
2014,241,0
2015,241,0
2016,241,0
2017,241,0
2018,241,952
2019,241,952
2020,241,0
2008,242,76300
2009,242,0
2010,242,0
2011,242,61000
2012,242,70900
2013,242,0
2014,242,0
2015,242,0
2016,242,30484
2017,242,40675
2018,242,48300
2019,242,50844
2020,242,0
2008,243,
2009,243,
2010,243,
2011,243,
2012,243,
2013,243,
2014,243,
2015,243,
2016,243,
2017,243,
2018,243,
2019,243,
2020,243,
2008,244,0
2009,244,0
2010,244,0
2011,244,0
2012,244,0
2013,244,0
2014,244,0
2015,244,0
2016,244,0
2017,244,0
2018,244,
2019,244,
2020,244,
2008,245,
2009,245,
2010,245,
2011,245,0
2012,245,0
2013,245,0
2014,245,0
2015,245,1972
2016,245,4261
2017,245,6112
2018,245,6916
2019,245,6997
2020,245,0
2008,246,245000
2009,246,150000
2010,246,500000
2011,246,350000
2012,246,350000
2013,246,250098
2014,246,500459
2015,246,251000
2016,246,444000
2017,246,509000
2018,246,549000
2019,246,774000
2020,246,613000
2008,247,
2009,247,
2010,247,
2011,247,
2012,247,
2013,247,
2014,247,
2015,247,
2016,247,
2017,247,
2018,247,
2019,247,
2020,247,
2008,248,
2009,248,
2010,248,
2011,248,
2012,248,
2013,248,
2014,248,
2015,248,
2016,248,
2017,248,
2018,248,
2019,248,
2020,248,
2008,249,0
2009,249,0
2010,249,0
2011,249,0
2012,249,0
2013,249,5643
2014,249,9165
2015,249,101603
2016,249,43537
2017,249,53569
2018,249,75508
2019,249,37531
2020,249,32531
2008,250,
2009,250,
2010,250,
2011,250,
2012,250,
2013,250,
2014,250,
2015,250,
2016,250,
2017,250,2067
2018,250,9955
2019,250,9999
2020,250,8636
2008,251,
2009,251,
2010,251,
2011,251,
2012,251,
2013,251,
2014,251,
2015,251,
2016,251,
2017,251,
2018,251,
2019,251,
2020,251,
2008,252,
2009,252,
2010,252,
2011,252,
2012,252,
2013,252,
2014,252,
2015,252,
2016,252,
2017,252,
2018,252,
2019,252,
2020,252,
2008,253,
2009,253,
2010,253,
2011,253,
2012,253,
2013,253,
2014,253,1800
2015,253,1800
2016,253,1800
2017,253,4602
2018,253,4742
2019,253,5243
2020,253,0
2008,254,3577
2009,254,7871
2010,254,13665
2011,254,13885
2012,254,4476
2013,254,4476
2014,254,4455
2015,254,4429
2016,254,5568
2017,254,11244
2018,254,12427
2019,254,11292
2020,254,4510
2008,255,0
2009,255,0
2010,255,0
2011,255,0
2012,255,0
2013,255,0
2014,255,0
2015,255,0
2016,255,0
2017,255,0
2018,255,0
2019,255,0
2020,255,0
2008,256,
2009,256,
2010,256,
2011,256,
2012,256,
2013,256,
2014,256,
2015,256,
2016,256,
2017,256,
2018,256,
2019,256,
2020,256,
2008,257,
2009,257,
2010,257,
2011,257,
2012,257,
2013,257,0
2014,257,0
2015,257,0
2016,257,0
2017,257,13000
2018,257,18090
2019,257,36181
2020,257,0
2008,258,
2009,258,
2010,258,
2011,258,
2012,258,
2013,258,
2014,258,
2015,258,
2016,258,0
2017,258,900
2018,258,2126
2019,258,2329
2020,258,4111
2008,259,
2009,259,
2010,259,
2011,259,
2012,259,
2013,259,
2014,259,
2015,259,
2016,259,
2017,259,
2018,259,
2019,259,
2020,259,
2008,260,
2009,260,
2010,260,
2011,260,
2012,260,
2013,260,
2014,260,
2015,260,
2016,260,
2017,260,
2018,260,
2019,260,
2020,260,
2008,261,
2009,261,
2010,261,
2011,261,
2012,261,
2013,261,
2014,261,
2015,261,
2016,261,
2017,261,
2018,261,
2019,261,
2020,261,
2008,262,
2009,262,
2010,262,
2011,262,
2012,262,
2013,262,15000
2014,262,31501
2015,262,36000
2016,262,47326
2017,262,95347
2018,262,100981
2019,262,108001
2020,262,113190
2008,263,3862
2009,263,3365
2010,263,3365
2011,263,2163
2012,263,0
2013,263,
2014,263,0
2015,263,0
2016,263,0
2017,263,80032
2018,263,204
2019,263,
2020,263,
2008,264,145870
2009,264,109546
2010,264,109630
2011,264,102612
2012,264,102726
2013,264,132338
2014,264,221029
2015,264,206664
2016,264,221084
2017,264,323659
2018,264,293450
2019,264,300690
2020,264,0
2008,265,
2009,265,
2010,265,
2011,265,
2012,265,
2013,265,
2014,265,
2015,265,0
2016,265,0
2017,265,0
2018,265,0
2019,265,2
2020,265,0
2008,266,
2009,266,
2010,266,
2011,266,
2012,266,
2013,266,
2014,266,1942
2015,266,765
2016,266,993
2017,266,1020
2018,266,1634
2019,266,2837
2020,266,3236
2008,267,
2009,267,
2010,267,
2011,267,
2012,267,
2013,267,
2014,267,
2015,267,
2016,267,
2017,267,
2018,267,
2019,267,
2020,267,
2008,268,
2009,268,
2010,268,
2011,268,
2012,268,
2013,268,
2014,268,
2015,268,
2016,268,
2017,268,
2018,268,
2019,268,
2020,268,
2008,269,
2009,269,
2010,269,
2011,269,
2012,269,
2013,269,
2014,269,
2015,269,
2016,269,
2017,269,161827
2018,269,168300
2019,269,207800
2020,269,221007
2008,270,
2009,270,
2010,270,
2011,270,
2012,270,
2013,270,
2014,270,
2015,270,
2016,270,
2017,270,
2018,270,
2019,270,
2020,270,
2008,271,
2009,271,
2010,271,
2011,271,
2012,271,
2013,271,
2014,271,
2015,271,0
2016,271,0
2017,271,0
2018,271,1053
2019,271,0
2020,271,0
2008,272,
2009,272,
2010,272,
2011,272,
2012,272,
2013,272,
2014,272,0
2015,272,0
2016,272,0
2017,272,0
2018,272,0
2019,272,0
2020,272,0
2008,273,
2009,273,
2010,273,
2011,273,
2012,273,
2013,273,
2014,273,
2015,273,
2016,273,9
2017,273,0
2018,273,0
2019,273,0
2020,273,0
2008,274,
2009,274,
2010,274,
2011,274,
2012,274,
2013,274,
2014,274,0
2015,274,0
2016,274,0
2017,274,0
2018,274,0
2019,274,0
2020,274,10812
2008,275,
2009,275,
2010,275,
2011,275,
2012,275,
2013,275,
2014,275,
2015,275,0
2016,275,0
2017,275,0
2018,275,0
2019,275,
2020,275,
2008,276,
2009,276,
2010,276,
2011,276,
2012,276,
2013,276,
2014,276,
2015,276,
2016,276,
2017,276,
2018,276,
2019,276,
2020,276,
2008,277,
2009,277,
2010,277,
2011,277,
2012,277,
2013,277,0
2014,277,0
2015,277,0
2016,277,960
2017,277,0
2018,277,56
2019,277,56
2020,277,
2008,278,
2009,278,
2010,278,
2011,278,
2012,278,
2013,278,
2014,278,0
2015,278,112
2016,278,536
2017,278,0
2018,278,0
2019,278,0
2020,278,
2008,279,
2009,279,
2010,279,
2011,279,
2012,279,
2013,279,
2014,279,
2015,279,0
2016,279,0
2017,279,0
2018,279,0
2019,279,0
2020,279,0
2008,280,
2009,280,
2010,280,
2011,280,
2012,280,
2013,280,
2014,280,
2015,280,
2016,280,
2017,280,
2018,280,
2019,280,
2020,280,
2008,281,
2009,281,
2010,281,
2011,281,
2012,281,
2013,281,
2014,281,
2015,281,
2016,281,
2017,281,
2018,281,
2019,281,
2020,281,
2008,282,
2009,282,
2010,282,
2011,282,
2012,282,
2013,282,
2014,282,
2015,282,
2016,282,
2017,282,
2018,282,
2019,282,
2020,282,
2008,283,
2009,283,
2010,283,
2011,283,
2012,283,
2013,283,
2014,283,
2015,283,
2016,283,
2017,283,
2018,283,
2019,283,
2020,283,
2008,284,
2009,284,
2010,284,
2011,284,
2012,284,
2013,284,
2014,284,
2015,284,
2016,284,
2017,284,
2018,284,
2019,284,
2020,284,
2008,285,
2009,285,
2010,285,
2011,285,
2012,285,
2013,285,
2014,285,
2015,285,
2016,285,
2017,285,
2018,285,
2019,285,
2020,285,
2008,286,
2009,286,
2010,286,
2011,286,
2012,286,
2013,286,
2014,286,
2015,286,
2016,286,
2017,286,
2018,286,
2019,286,
2020,286,
2008,287,
2009,287,
2010,287,
2011,287,
2012,287,
2013,287,
2014,287,
2015,287,
2016,287,
2017,287,
2018,287,
2019,287,
2020,287,
2008,288,
2009,288,
2010,288,
2011,288,
2012,288,
2013,288,
2014,288,
2015,288,
2016,288,0
2017,288,0
2018,288,0
2019,288,0
2020,288,0
2008,289,
2009,289,
2010,289,
2011,289,
2012,289,
2013,289,
2014,289,
2015,289,
2016,289,
2017,289,
2018,289,
2019,289,
2020,289,
2008,290,
2009,290,
2010,290,
2011,290,
2012,290,
2013,290,
2014,290,
2015,290,0
2016,290,0
2017,290,0
2018,290,0
2019,290,0
2020,290,0
2008,291,
2009,291,
2010,291,
2011,291,
2012,291,
2013,291,
2014,291,
2015,291,
2016,291,
2017,291,
2018,291,
2019,291,
2020,291,
2008,292,
2009,292,
2010,292,
2011,292,
2012,292,
2013,292,
2014,292,0
2015,292,0
2016,292,0
2017,292,3800
2018,292,3973
2019,292,4027
2020,292,0
2008,293,
2009,293,
2010,293,
2011,293,
2012,293,0
2013,293,555074
2014,293,949000
2015,293,220000
2016,293,0
2017,293,0
2018,293,10017
2019,293,11598
2020,293,0
2008,294,
2009,294,
2010,294,
2011,294,
2012,294,0
2013,294,0
2014,294,0
2015,294,0
2016,294,0
2017,294,72126
2018,294,95548
2019,294,92153
2020,294,0
2008,295,
2009,295,
2010,295,
2011,295,
2012,295,
2013,295,
2014,295,
2015,295,
2016,295,
2017,295,
2018,295,
2019,295,
2020,295,
2008,296,
2009,296,
2010,296,
2011,296,
2012,296,
2013,296,
2014,296,
2015,296,
2016,296,0
2017,296,0
2018,296,0
2019,296,362
2020,296,0
2008,297,
2009,297,
2010,297,
2011,297,
2012,297,
2013,297,
2014,297,
2015,297,0
2016,297,0
2017,297,0
2018,297,0
2019,297,0
2020,297,0
2008,298,
2009,298,
2010,298,
2011,298,
2012,298,
2013,298,
2014,298,
2015,298,
2016,298,
2017,298,0
2018,298,2036
2019,298,2096
2020,298,0
2008,299,
2009,299,
2010,299,
2011,299,
2012,299,
2013,299,
2014,299,
2015,299,
2016,299,0
2017,299,1001
2018,299,1174
2019,299,1023
2020,299,0
2008,300,
2009,300,
2010,300,
2011,300,
2012,300,
2013,300,
2014,300,
2015,300,
2016,300,
2017,300,
2018,300,
2019,300,
2020,300,
2008,301,
2009,301,
2010,301,
2011,301,
2012,301,
2013,301,
2014,301,
2015,301,
2016,301,
2017,301,
2018,301,
2019,301,
2020,301,
2008,302,
2009,302,
2010,302,
2011,302,
2012,302,
2013,302,
2014,302,
2015,302,0
2016,302,0
2017,302,0
2018,302,375
2019,302,508
2020,302,533
2008,303,
2009,303,
2010,303,
2011,303,
2012,303,
2013,303,
2014,303,
2015,303,
2016,303,
2017,303,
2018,303,
2019,303,
2020,303,
2008,304,
2009,304,
2010,304,
2011,304,
2012,304,
2013,304,
2014,304,
2015,304,
2016,304,
2017,304,
2018,304,
2019,304,
2020,304,
2008,305,
2009,305,
2010,305,
2011,305,
2012,305,
2013,305,
2014,305,
2015,305,
2016,305,
2017,305,
2018,305,
2019,305,
2020,305,
2008,306,
2009,306,
2010,306,
2011,306,
2012,306,
2013,306,
2014,306,
2015,306,
2016,306,
2017,306,
2018,306,
2019,306,
2020,306,
2008,307,
2009,307,
2010,307,
2011,307,
2012,307,
2013,307,
2014,307,
2015,307,
2016,307,
2017,307,
2018,307,
2019,307,
2020,307,
2008,308,
2009,308,
2010,308,
2011,308,
2012,308,
2013,308,
2014,308,
2015,308,
2016,308,0
2017,308,0
2018,308,1000
2019,308,650
2020,308,638
2008,309,
2009,309,
2010,309,
2011,309,
2012,309,
2013,309,
2014,309,
2015,309,
2016,309,
2017,309,
2018,309,
2019,309,
2020,309,
2008,310,
2009,310,
2010,310,
2011,310,
2012,310,
2013,310,
2014,310,
2015,310,
2016,310,
2017,310,
2018,310,
2019,310,
2020,310,
2008,311,
2009,311,
2010,311,
2011,311,
2012,311,
2013,311,
2014,311,
2015,311,
2016,311,
2017,311,
2018,311,
2019,311,
2020,311,
2008,312,
2009,312,
2010,312,
2011,312,
2012,312,
2013,312,
2014,312,
2015,312,
2016,312,
2017,312,
2018,312,
2019,312,
2020,312,
2008,313,
2009,313,
2010,313,
2011,313,
2012,313,
2013,313,
2014,313,
2015,313,
2016,313,
2017,313,
2018,313,
2019,313,
2020,313,
2008,314,
2009,314,
2010,314,
2011,314,
2012,314,
2013,314,
2014,314,
2015,314,
2016,314,
2017,314,
2018,314,
2019,314,
2020,314,
2008,315,
2009,315,
2010,315,
2011,315,
2012,315,
2013,315,
2014,315,
2015,315,
2016,315,
2017,315,
2018,315,
2019,315,
2020,315,
2008,316,
2009,316,
2010,316,
2011,316,
2012,316,
2013,316,
2014,316,
2015,316,
2016,316,
2017,316,
2018,316,
2019,316,
2020,316,
2008,317,
2009,317,
2010,317,
2011,317,
2012,317,
2013,317,
2014,317,
2015,317,
2016,317,
2017,317,
2018,317,
2019,317,
2020,317,
2008,318,
2009,318,
2010,318,
2011,318,
2012,318,
2013,318,
2014,318,
2015,318,
2016,318,
2017,318,
2018,318,
2019,318,
2020,318,
2008,319,
2009,319,
2010,319,
2011,319,
2012,319,
2013,319,
2014,319,
2015,319,
2016,319,
2017,319,
2018,319,
2019,319,
2020,319,
2008,320,
2009,320,
2010,320,
2011,320,
2012,320,
2013,320,
2014,320,
2015,320,
2016,320,0
2017,320,250
2018,320,0
2019,320,0
2020,320,0
2008,321,
2009,321,
2010,321,
2011,321,
2012,321,
2013,321,
2014,321,
2015,321,
2016,321,
2017,321,
2018,321,
2019,321,
2020,321,
2008,322,
2009,322,
2010,322,
2011,322,
2012,322,
2013,322,
2014,322,
2015,322,
2016,322,
2017,322,
2018,322,
2019,322,
2020,322,
2008,323,
2009,323,
2010,323,
2011,323,
2012,323,
2013,323,
2014,323,
2015,323,
2016,323,
2017,323,
2018,323,
2019,323,
2020,323,
2008,324,
2009,324,
2010,324,
2011,324,
2012,324,
2013,324,
2014,324,
2015,324,
2016,324,
2017,324,
2018,324,
2019,324,
2020,324,
2008,325,
2009,325,
2010,325,
2011,325,
2012,325,
2013,325,
2014,325,
2015,325,
2016,325,
2017,325,
2018,325,
2019,325,
2020,325,
