Date,Id,EBITDA
2008,1,
2009,1,
2010,1,
2011,1,
2012,1,
2013,1,
2014,1,
2015,1,
2016,1,
2017,1,
2018,1,
2019,1,
2020,1,
2008,2,-1790
2009,2,170
2010,2,7050
2011,2,8839
2012,2,9385
2013,2,18870
2014,2,-8597
2015,2,17927
2016,2,
2017,2,
2018,2,
2019,2,
2020,2,
2008,3,
2009,3,
2010,3,
2011,3,
2012,3,
2013,3,
2014,3,741
2015,3,-4197
2016,3,-27573
2017,3,7376
2018,3,21131
2019,3,7955
2020,3,1828
2008,4,
2009,4,
2010,4,
2011,4,
2012,4,
2013,4,656
2014,4,-1435
2015,4,9112
2016,4,
2017,4,
2018,4,-7843
2019,4,5753
2020,4,
2008,5,
2009,5,
2010,5,
2011,5,
2012,5,
2013,5,
2014,5,4100
2015,5,4531
2016,5,3548
2017,5,-198
2018,5,3846
2019,5,3872
2020,5,
2008,6,
2009,6,
2010,6,
2011,6,
2012,6,
2013,6,
2014,6,2762
2015,6,3972
2016,6,-1500
2017,6,-8702
2018,6,
2019,6,
2020,6,
2008,7,
2009,7,
2010,7,
2011,7,
2012,7,8820
2013,7,10505
2014,7,10481
2015,7,13737
2016,7,21553
2017,7,33192
2018,7,34628
2019,7,
2020,7,
2008,8,127483
2009,8,91702
2010,8,125930
2011,8,137454
2012,8,178310
2013,8,209328
2014,8,277450
2015,8,362222
2016,8,440025
2017,8,478621
2018,8,492167
2019,8,518425
2020,8,378310
2008,9,181128
2009,9,189667
2010,9,180924
2011,9,183633
2012,9,
2013,9,108591
2014,9,79538
2015,9,157726
2016,9,166612
2017,9,207837
2018,9,216629
2019,9,223431
2020,9,191496
2008,10,189669
2009,10,198948
2010,10,193260
2011,10,199796
2012,10,175851
2013,10,189690
2014,10,203753
2015,10,222733
2016,10,171760
2017,10,190571
2018,10,207162
2019,10,227181
2020,10,191003
2008,11,46678
2009,11,40392
2010,11,45387
2011,11,13123
2012,11,26679
2013,11,-6624
2014,11,18682
2015,11,-13305
2016,11,-3378
2017,11,21116
2018,11,17540
2019,11,23167
2020,11,3354
2008,12,-131303
2009,12,-8563
2010,12,-16798
2011,12,-527
2012,12,44894
2013,12,1781
2014,12,8238
2015,12,-8958
2016,12,26551
2017,12,7017
2018,12,6416
2019,12,-14076
2020,12,-17728
2008,13,104700
2009,13,43883
2010,13,82846
2011,13,104720
2012,13,115807
2013,13,127036
2014,13,103099
2015,13,111597
2016,13,142803
2017,13,145162
2018,13,180563
2019,13,166395
2020,13,129900
2008,14,
2009,14,
2010,14,
2011,14,
2012,14,
2013,14,
2014,14,
2015,14,
2016,14,
2017,14,
2018,14,
2019,14,
2020,14,
2008,15,
2009,15,
2010,15,
2011,15,
2012,15,
2013,15,
2014,15,
2015,15,
2016,15,
2017,15,
2018,15,
2019,15,
2020,15,
2008,16,
2009,16,
2010,16,
2011,16,
2012,16,
2013,16,
2014,16,
2015,16,
2016,16,
2017,16,
2018,16,
2019,16,
2020,16,
2008,17,
2009,17,
2010,17,
2011,17,
2012,17,575725
2013,17,644781
2014,17,
2015,17,
2016,17,842799
2017,17,1042459
2018,17,1117377
2019,17,1276370
2020,17,1144834
2008,18,
2009,18,
2010,18,
2011,18,
2012,18,
2013,18,
2014,18,
2015,18,-910
2016,18,-3341
2017,18,-3907
2018,18,-5260
2019,18,-4903
2020,18,-4491
2008,19,216586
2009,19,255108
2010,19,301100
2011,19,327100
2012,19,322400
2013,19,328600
2014,19,294200
2015,19,363000
2016,19,358200
2017,19,421200
2018,19,438200
2019,19,467100
2020,19,320200
2008,20,
2009,20,
2010,20,
2011,20,
2012,20,
2013,20,
2014,20,
2015,20,10100
2016,20,8069
2017,20,12202
2018,20,11553
2019,20,14849
2020,20,21872
2008,21,
2009,21,
2010,21,
2011,21,
2012,21,58173
2013,21,51948
2014,21,64717
2015,21,58825
2016,21,68009
2017,21,65935
2018,21,68678
2019,21,79141
2020,21,
2008,22,
2009,22,
2010,22,
2011,22,20101
2012,22,20773
2013,22,17286
2014,22,17063
2015,22,14979
2016,22,14924
2017,22,12649
2018,22,11878
2019,22,10618
2020,22,4578
2008,23,23395
2009,23,22816
2010,23,20283
2011,23,13240
2012,23,18094
2013,23,14822
2014,23,12952
2015,23,18101
2016,23,19904
2017,23,13049
2018,23,14027
2019,23,-1991
2020,23,32711
2008,24,101663
2009,24,105044
2010,24,118173
2011,24,122152
2012,24,123628
2013,24,124394
2014,24,136546
2015,24,144969
2016,24,160875
2017,24,160725
2018,24,178255
2019,24,194002
2020,24,254012
2008,25,
2009,25,
2010,25,
2011,25,
2012,25,
2013,25,
2014,25,
2015,25,
2016,25,860
2017,25,6850
2018,25,12141
2019,25,
2020,25,
2008,26,173994
2009,26,164639
2010,26,180912
2011,26,216985
2012,26,231148
2013,26,219003
2014,26,260533
2015,26,248554
2016,26,248459
2017,26,-3667
2018,26,-1882624
2019,26,29994
2020,26,2088913
2008,27,31740
2009,27,15401
2010,27,23486
2011,27,21771
2012,27,10641
2013,27,8153
2014,27,17651
2015,27,27849
2016,27,36860
2017,27,38161
2018,27,15631
2019,27,26574
2020,27,23227
2008,28,175243
2009,28,115297
2010,28,165254
2011,28,63005
2012,28,85817
2013,28,111569
2014,28,181753
2015,28,211150
2016,28,292466
2017,28,233906
2018,28,275193
2019,28,239261
2020,28,261129
2008,29,12920
2009,29,13203
2010,29,7944
2011,29,5428
2012,29,3001
2013,29,9761
2014,29,8191
2015,29,8126
2016,29,7443
2017,29,5010
2018,29,
2019,29,
2020,29,
2008,30,160367
2009,30,163103
2010,30,129222
2011,30,114822
2012,30,95540
2013,30,126497
2014,30,123616
2015,30,-37397
2016,30,7111
2017,30,-303993
2018,30,38233
2019,30,12067
2020,30,332003
2008,31,1916
2009,31,920
2010,31,-1175
2011,31,124
2012,31,9
2013,31,-134
2014,31,86
2015,31,
2016,31,-32
2017,31,190
2018,31,118
2019,31,-955
2020,31,
2008,32,-2578
2009,32,-908
2010,32,1888
2011,32,1716
2012,32,-2759
2013,32,-2576
2014,32,1027
2015,32,2169
2016,32,17512
2017,32,5647
2018,32,11537
2019,32,8319
2020,32,3731
2008,33,6193
2009,33,9698
2010,33,-2070
2011,33,-2149
2012,33,-1257
2013,33,-7078
2014,33,-4923
2015,33,-12819
2016,33,2215
2017,33,-5467
2018,33,-26353
2019,33,
2020,33,
2008,34,1034897
2009,34,877705
2010,34,866958
2011,34,637669
2012,34,644578
2013,34,617340
2014,34,636743
2015,34,548026
2016,34,
2017,34,
2018,34,
2019,34,
2020,34,
2008,35,193249
2009,35,140535
2010,35,119945
2011,35,112323
2012,35,133767
2013,35,171301
2014,35,200557
2015,35,193723
2016,35,213711
2017,35,218767
2018,35,277010
2019,35,245950
2020,35,259590
2008,36,977897
2009,36,528898
2010,36,222870
2011,36,410145
2012,36,406111
2013,36,368677
2014,36,450219
2015,36,490960
2016,36,552380
2017,36,635618
2018,36,744822
2019,36,772674
2020,36,982812
2008,37,885390
2009,37,969267
2010,37,869030
2011,37,499450
2012,37,239757
2013,37,555728
2014,37,625471
2015,37,11417
2016,37,46632
2017,37,171402
2018,37,73587
2019,37,146334
2020,37,143813
2008,38,352961
2009,38,247040
2010,38,322045
2011,38,332067
2012,38,120169
2013,38,332865
2014,38,418807
2015,38,488597
2016,38,580570
2017,38,300155
2018,38,200380
2019,38,312994
2020,38,430752
2008,39,2459
2009,39,17532
2010,39,28741
2011,39,35177
2012,39,51967
2013,39,42516
2014,39,-608
2015,39,22448
2016,39,36057
2017,39,41790
2018,39,45469
2019,39,65874
2020,39,82434
2008,40,57354
2009,40,31005
2010,40,38422
2011,40,161957
2012,40,43683
2013,40,145674
2014,40,136287
2015,40,137136
2016,40,87312
2017,40,138574
2018,40,185103
2019,40,199470
2020,40,198637
2008,41,-13779
2009,41,-41574
2010,41,-33579
2011,41,-22340
2012,41,2562
2013,41,2716
2014,41,4462
2015,41,-340
2016,41,-3669
2017,41,6994
2018,41,22210
2019,41,16836
2020,41,2342
2008,42,13622000
2009,42,16008000
2010,42,16013000
2011,42,16484000
2012,42,13348000
2013,42,15483000
2014,42,8054000
2015,42,12893000
2016,42,13345000
2017,42,14588000
2018,42,15906000
2019,42,12671000
2020,42,13131000
2008,43,1015400
2009,43,1003200
2010,43,1176900
2011,43,1259600
2012,43,1501100
2013,43,1539100
2014,43,1498800
2015,43,1517400
2016,43,1518800
2017,43,1585400
2018,43,1633600
2019,43,1746300
2020,43,1812100
2008,44,-5972
2009,44,-8483
2010,44,-13660
2011,44,4379
2012,44,7300
2013,44,7864
2014,44,6667
2015,44,7173
2016,44,6546
2017,44,
2018,44,
2019,44,
2020,44,
2008,45,
2009,45,
2010,45,
2011,45,
2012,45,
2013,45,
2014,45,
2015,45,
2016,45,
2017,45,
2018,45,
2019,45,
2020,45,
2008,46,611129
2009,46,410558
2010,46,1005935
2011,46,546395
2012,46,523261
2013,46,631800
2014,46,595524
2015,46,624602
2016,46,787747
2017,46,638545
2018,46,804433
2019,46,922410
2020,46,1061136
2008,47,937000
2009,47,830000
2010,47,696000
2011,47,603000
2012,47,984000
2013,47,1265000
2014,47,770000
2015,47,611000
2016,47,917000
2017,47,1099000
2018,47,1061000
2019,47,1226000
2020,47,1200000
2008,48,1134000
2009,48,1205000
2010,48,1308000
2011,48,1541000
2012,48,1717000
2013,48,1740000
2014,48,1660000
2015,48,1525000
2016,48,
2017,48,
2018,48,
2019,48,
2020,48,
2008,49,
2009,49,
2010,49,53
2011,49,209
2012,49,448
2013,49,519
2014,49,2725
2015,49,3050
2016,49,1658
2017,49,225
2018,49,-4863
2019,49,930
2020,49,
2008,50,
2009,50,
2010,50,
2011,50,
2012,50,11270
2013,50,11192
2014,50,14448
2015,50,7915
2016,50,10002
2017,50,9358
2018,50,12340
2019,50,15166
2020,50,14383
2008,51,
2009,51,
2010,51,
2011,51,
2012,51,
2013,51,
2014,51,
2015,51,
2016,51,
2017,51,
2018,51,
2019,51,
2020,51,
2008,52,
2009,52,
2010,52,
2011,52,
2012,52,
2013,52,
2014,52,3741
2015,52,3286
2016,52,3836
2017,52,11608
2018,52,8192
2019,52,5551
2020,52,6637
2008,53,42858
2009,53,-3904
2010,53,19679
2011,53,23061
2012,53,20419
2013,53,14169
2014,53,20539
2015,53,27951
2016,53,31591
2017,53,46066
2018,53,8688
2019,53,39553
2020,53,22122
2008,54,28382
2009,54,-5841
2010,54,11427
2011,54,10341
2012,54,
2013,54,15541
2014,54,27757
2015,54,26831
2016,54,56728
2017,54,31358
2018,54,34132
2019,54,45803
2020,54,36111
2008,55,47806
2009,55,9625
2010,55,49348
2011,55,53003
2012,55,32299
2013,55,58420
2014,55,62133
2015,55,72056
2016,55,87671
2017,55,97997
2018,55,99779
2019,55,89409
2020,55,42568
2008,56,33295
2009,56,6689
2010,56,13586
2011,56,19671
2012,56,28767
2013,56,28569
2014,56,33346
2015,56,31112
2016,56,35708
2017,56,45497
2018,56,56502
2019,56,35016
2020,56,13605
2008,57,49601
2009,57,43792
2010,57,49079
2011,57,51882
2012,57,50401
2013,57,36550
2014,57,36446
2015,57,38169
2016,57,35364
2017,57,46524
2018,57,44988
2019,57,
2020,57,
2008,58,415000
2009,58,440000
2010,58,329000
2011,58,107000
2012,58,515000
2013,58,472000
2014,58,382000
2015,58,517000
2016,58,593000
2017,58,524000
2018,58,468000
2019,58,817000
2020,58,626000
2008,59,19385
2009,59,13472
2010,59,20269
2011,59,20370
2012,59,20035
2013,59,20208
2014,59,24627
2015,59,28499
2016,59,29921
2017,59,32973
2018,59,
2019,59,36979
2020,59,35935
2008,60,25531
2009,60,22964
2010,60,28018
2011,60,28265
2012,60,-8824
2013,60,1575
2014,60,18614
2015,60,13491
2016,60,15334
2017,60,19305
2018,60,10139
2019,60,11539
2020,60,3755
2008,61,12660
2009,61,-5444
2010,61,21866
2011,61,19535
2012,61,7500
2013,61,745
2014,61,13856
2015,61,5949
2016,61,11292
2017,61,17260
2018,61,19701
2019,61,19836
2020,61,16197
2008,62,20911
2009,62,-8364
2010,62,28001
2011,62,30238
2012,62,14844
2013,62,12008
2014,62,16887
2015,62,14883
2016,62,7366
2017,62,17281
2018,62,18181
2019,62,10877
2020,62,12478
2008,63,8456
2009,63,9179
2010,63,9233
2011,63,10172
2012,63,9217
2013,63,11831
2014,63,3139
2015,63,14625
2016,63,14934
2017,63,26360
2018,63,30056
2019,63,33779
2020,63,48955
2008,64,11144000
2009,64,11019000
2010,64,11782000
2011,64,4859000
2012,64,7311000
2013,64,6961000
2014,64,8476000
2015,64,6595000
2016,64,8615000
2017,64,7713000
2018,64,4766000
2019,64,8079000
2020,64,7253000
2008,65,67847
2009,65,65718
2010,65,75550
2011,65,82777
2012,65,81712
2013,65,84079
2014,65,90600
2015,65,94294
2016,65,96479
2017,65,102408
2018,65,106477
2019,65,113878
2020,65,18227
2008,66,
2009,66,
2010,66,-79
2011,66,57569
2012,66,32073
2013,66,62416
2014,66,63942
2015,66,53831
2016,66,81764
2017,66,86326
2018,66,91898
2019,66,106850
2020,66,51629
2008,67,6003
2009,67,9111
2010,67,8469
2011,67,6343
2012,67,5386
2013,67,6577
2014,67,5639
2015,67,4528
2016,67,16580
2017,67,7059
2018,67,7460
2019,67,4158
2020,67,17415
2008,68,4578
2009,68,-9426
2010,68,-529
2011,68,9340
2012,68,3517
2013,68,931
2014,68,-2608
2015,68,-1370
2016,68,-825
2017,68,-4675
2018,68,-2416
2019,68,-6030
2020,68,-5109
2008,69,900200
2009,69,817400
2010,69,485000
2011,69,434900
2012,69,300700
2013,69,478000
2014,69,464700
2015,69,425800
2016,69,385300
2017,69,443700
2018,69,
2019,69,
2020,69,
2008,70,6239
2009,70,6782
2010,70,7423
2011,70,5831
2012,70,9586
2013,70,13229
2014,70,18532
2015,70,17669
2016,70,14194
2017,70,11695
2018,70,10384
2019,70,11160
2020,70,11655
2008,71,2758
2009,71,2934
2010,71,3534
2011,71,3824
2012,71,2612
2013,71,4814
2014,71,5172
2015,71,3463
2016,71,5703
2017,71,6369
2018,71,6448
2019,71,4957
2020,71,1783
2008,72,32340
2009,72,51119
2010,72,35927
2011,72,29303
2012,72,
2013,72,44466
2014,72,60721
2015,72,81495
2016,72,62124
2017,72,55217
2018,72,55171
2019,72,47022
2020,72,89650
2008,73,4292
2009,73,1119
2010,73,2456
2011,73,4509
2012,73,1650
2013,73,2549
2014,73,2406
2015,73,3117
2016,73,4340
2017,73,
2018,73,
2019,73,
2020,73,
2008,74,
2009,74,
2010,74,
2011,74,
2012,74,
2013,74,
2014,74,
2015,74,
2016,74,
2017,74,
2018,74,
2019,74,
2020,74,
2008,75,
2009,75,
2010,75,
2011,75,
2012,75,
2013,75,
2014,75,2135
2015,75,1311
2016,75,2237
2017,75,-1612
2018,75,562
2019,75,-1561
2020,75,-4139
2008,76,1535000
2009,76,1858000
2010,76,2494000
2011,76,2584000
2012,76,2394000
2013,76,2855000
2014,76,2852000
2015,76,2900000
2016,76,2126000
2017,76,2140000
2018,76,2213000
2019,76,2380000
2020,76,2392000
2008,77,370770
2009,77,371635
2010,77,446283
2011,77,283870
2012,77,537121
2013,77,516832
2014,77,553202
2015,77,608031
2016,77,739985
2017,77,780570
2018,77,867501
2019,77,867935
2020,77,866574
2008,78,435904
2009,78,410991
2010,78,443100
2011,78,546720
2012,78,559585
2013,78,750704
2014,78,759250
2015,78,762000
2016,78,791400
2017,78,839400
2018,78,903800
2019,78,1053400
2020,78,970800
2008,79,17141
2009,79,25588
2010,79,37049
2011,79,35847
2012,79,38645
2013,79,45755
2014,79,35409
2015,79,40988
2016,79,39428
2017,79,37767
2018,79,45350
2019,79,67725
2020,79,73728
2008,80,48423
2009,80,58447
2010,80,73133
2011,80,66022
2012,80,79479
2013,80,95795
2014,80,77851
2015,80,85048
2016,80,100194
2017,80,88618
2018,80,86870
2019,80,45506
2020,80,84933
2008,81,1603000
2009,81,1386000
2010,81,1030000
2011,81,507000
2012,81,824000
2013,81,906000
2014,81,836000
2015,81,-121000
2016,81,191000
2017,81,471000
2018,81,653000
2019,81,503000
2020,81,592000
2008,82,
2009,82,
2010,82,
2011,82,
2012,82,12594
2013,82,52310
2014,82,82058
2015,82,-52879
2016,82,
2017,82,
2018,82,
2019,82,
2020,82,
2008,83,70605
2009,83,63804
2010,83,71656
2011,83,79433
2012,83,71571
2013,83,67273
2014,83,55052
2015,83,66177
2016,83,69820
2017,83,80346
2018,83,85784
2019,83,103461
2020,83,85325
2008,84,570438
2009,84,435203
2010,84,435796
2011,84,462097
2012,84,330465
2013,84,
2014,84,226095
2015,84,224369
2016,84,310086
2017,84,308449
2018,84,293046
2019,84,298566
2020,84,240039
2008,85,35178
2009,85,27444
2010,85,36035
2011,85,25995
2012,85,18177
2013,85,27918
2014,85,38547
2015,85,38382
2016,85,32440
2017,85,43897
2018,85,64164
2019,85,68476
2020,85,78531
2008,86,570438
2009,86,435203
2010,86,435796
2011,86,462097
2012,86,330465
2013,86,
2014,86,226095
2015,86,224369
2016,86,310086
2017,86,308449
2018,86,293046
2019,86,298566
2020,86,240039
2008,87,5390
2009,87,-1269
2010,87,1805
2011,87,-704
2012,87,-17951
2013,87,-340
2014,87,-8702
2015,87,-4191
2016,87,23475
2017,87,-695
2018,87,-3510
2019,87,-2836
2020,87,
2008,88,-5032
2009,88,413
2010,88,-1169
2011,88,-2583
2012,88,-1833
2013,88,-3877
2014,88,-2382
2015,88,-1187
2016,88,-2402
2017,88,313
2018,88,-1839
2019,88,
2020,88,
2008,89,29763
2009,89,2280
2010,89,-15716
2011,89,-7494
2012,89,-4135
2013,89,
2014,89,270
2015,89,
2016,89,19383
2017,89,
2018,89,6474
2019,89,
2020,89,
2008,90,6484
2009,90,10293
2010,90,18780
2011,90,24351
2012,90,30292
2013,90,40150
2014,90,49500
2015,90,60614
2016,90,141888
2017,90,137192
2018,90,
2019,90,
2020,90,
2008,91,
2009,91,
2010,91,
2011,91,
2012,91,
2013,91,1259
2014,91,3539
2015,91,-945
2016,91,4553
2017,91,4762
2018,91,6150
2019,91,5452
2020,91,
2008,92,
2009,92,
2010,92,
2011,92,
2012,92,
2013,92,
2014,92,1177
2015,92,15
2016,92,-539
2017,92,-1155
2018,92,1386
2019,92,-1844
2020,92,
2008,93,
2009,93,
2010,93,
2011,93,
2012,93,
2013,93,
2014,93,
2015,93,
2016,93,
2017,93,
2018,93,
2019,93,
2020,93,
2008,94,
2009,94,
2010,94,
2011,94,
2012,94,
2013,94,
2014,94,
2015,94,
2016,94,
2017,94,
2018,94,
2019,94,
2020,94,
2008,95,43155
2009,95,87958
2010,95,95766
2011,95,142889
2012,95,143636
2013,95,113459
2014,95,135546
2015,95,163118
2016,95,178394
2017,95,211872
2018,95,223828
2019,95,366613
2020,95,366771
2008,96,-24317
2009,96,9010
2010,96,27992
2011,96,-8147
2012,96,29177
2013,96,18244
2014,96,
2015,96,
2016,96,
2017,96,
2018,96,
2019,96,
2020,96,
2008,97,16463
2009,97,11266
2010,97,-4518
2011,97,-23842
2012,97,12098
2013,97,5278
2014,97,5812
2015,97,3716
2016,97,3544
2017,97,780
2018,97,4009
2019,97,10524
2020,97,7642
2008,98,76104
2009,98,122577
2010,98,166746
2011,98,185233
2012,98,169747
2013,98,160597
2014,98,160990
2015,98,201928
2016,98,233828
2017,98,252134
2018,98,275877
2019,98,295226
2020,98,400965
2008,99,13987
2009,99,18232
2010,99,18987
2011,99,18370
2012,99,17740
2013,99,16399
2014,99,24244
2015,99,23209
2016,99,21272
2017,99,-600
2018,99,
2019,99,
2020,99,
2008,100,132784
2009,100,107502
2010,100,162287
2011,100,195231
2012,100,201564
2013,100,213785
2014,100,228673
2015,100,258492
2016,100,285999
2017,100,293092
2018,100,289556
2019,100,278166
2020,100,342556
2008,101,3452
2009,101,3691
2010,101,2105
2011,101,1577
2012,101,-996
2013,101,3226
2014,101,540
2015,101,2785
2016,101,2562
2017,101,1616
2018,101,460
2019,101,1537
2020,101,7562
2008,102,21903
2009,102,17280
2010,102,26266
2011,102,24211
2012,102,26409
2013,102,21705
2014,102,26922
2015,102,33328
2016,102,20977
2017,102,27785
2018,102,26782
2019,102,39893
2020,102,35250
2008,103,-6023
2009,103,9010
2010,103,-5912
2011,103,9210
2012,103,13346
2013,103,11448
2014,103,18432
2015,103,20424
2016,103,24071
2017,103,6582
2018,103,-37105
2019,103,
2020,103,
2008,104,13097
2009,104,14323
2010,104,13692
2011,104,16142
2012,104,14034
2013,104,7301
2014,104,9147
2015,104,9048
2016,104,8686
2017,104,8199
2018,104,9834
2019,104,40125
2020,104,9206
2008,105,2345
2009,105,-1077
2010,105,-202
2011,105,55
2012,105,963
2013,105,1189
2014,105,1089
2015,105,-48
2016,105,567
2017,105,1886
2018,105,1019
2019,105,1078
2020,105,2448
2008,106,30536
2009,106,21260
2010,106,24767
2011,106,17214
2012,106,27365
2013,106,32225
2014,106,31447
2015,106,31062
2016,106,42030
2017,106,38759
2018,106,51822
2019,106,43750
2020,106,48423
2008,107,-10167
2009,107,-26520
2010,107,14599
2011,107,-5833
2012,107,-2763
2013,107,-6763
2014,107,-12813
2015,107,-14299
2016,107,7501
2017,107,6505
2018,107,7836
2019,107,9779
2020,107,73045
2008,108,
2009,108,
2010,108,
2011,108,
2012,108,
2013,108,
2014,108,751
2015,108,2310
2016,108,56080
2017,108,57736
2018,108,65710
2019,108,102130
2020,108,83871
2008,109,
2009,109,13774
2010,109,20511
2011,109,25871
2012,109,30958
2013,109,22972
2014,109,29187
2015,109,39960
2016,109,
2017,109,
2018,109,
2019,109,
2020,109,
2008,110,-3221
2009,110,-6287
2010,110,-7640
2011,110,-5005
2012,110,385
2013,110,-85
2014,110,-582
2015,110,-883
2016,110,-2095
2017,110,1350
2018,110,-58
2019,110,-282
2020,110,73
2008,111,18635
2009,111,-3063
2010,111,4078
2011,111,5411
2012,111,-2590
2013,111,1127
2014,111,-7753
2015,111,-4186
2016,111,-1450
2017,111,-592
2018,111,-369
2019,111,3137
2020,111,7156
2008,112,86119
2009,112,81566
2010,112,55414
2011,112,83013
2012,112,99183
2013,112,106551
2014,112,125374
2015,112,159554
2016,112,
2017,112,200085
2018,112,264910
2019,112,321042
2020,112,
2008,113,46430
2009,113,-20714
2010,113,11396
2011,113,17837
2012,113,13193
2013,113,31971
2014,113,38604
2015,113,55852
2016,113,71843
2017,113,82014
2018,113,82465
2019,113,58961
2020,113,39144
2008,114,289
2009,114,1612
2010,114,2424
2011,114,1831
2012,114,2018
2013,114,-187
2014,114,4405
2015,114,4367
2016,114,4060
2017,114,-1211
2018,114,381
2019,114,-1353
2020,114,
2008,115,13298
2009,115,-3222
2010,115,6114
2011,115,8994
2012,115,8575
2013,115,6623
2014,115,8935
2015,115,13881
2016,115,
2017,115,
2018,115,
2019,115,
2020,115,
2008,116,33168
2009,116,27597
2010,116,36534
2011,116,28335
2012,116,19590
2013,116,23122
2014,116,24732
2015,116,25947
2016,116,25919
2017,116,30909
2018,116,34534
2019,116,25951
2020,116,32558
2008,117,15820
2009,117,15275
2010,117,16174
2011,117,20155
2012,117,21517
2013,117,18633
2014,117,21640
2015,117,25690
2016,117,10150
2017,117,16679
2018,117,18997
2019,117,28439
2020,117,18416
2008,118,70345
2009,118,-21192
2010,118,47805
2011,118,62635
2012,118,38997
2013,118,65085
2014,118,38655
2015,118,47458
2016,118,32941
2017,118,51787
2018,118,46501
2019,118,39771
2020,118,30634
2008,119,85656
2009,119,45426
2010,119,73912
2011,119,95228
2012,119,103943
2013,119,102783
2014,119,133171
2015,119,211474
2016,119,196813
2017,119,243694
2018,119,294018
2019,119,318855
2020,119,285121
2008,120,
2009,120,
2010,120,
2011,120,104558
2012,120,114098
2013,120,233011
2014,120,269062
2015,120,-129484
2016,120,217549
2017,120,285619
2018,120,341081
2019,120,176784
2020,120,7142
2008,121,
2009,121,
2010,121,
2011,121,
2012,121,2860000
2013,121,2968000
2014,121,2942266
2015,121,2881365
2016,121,2296761
2017,121,2900449
2018,121,3735173
2019,121,2844987
2020,121,934409
2008,122,275202
2009,122,243230
2010,122,314834
2011,122,357962
2012,122,365882
2013,122,311676
2014,122,309512
2015,122,370209
2016,122,209530
2017,122,169567
2018,122,194688
2019,122,214590
2020,122,203187
2008,123,
2009,123,
2010,123,
2011,123,
2012,123,
2013,123,
2014,123,960
2015,123,1240
2016,123,1432
2017,123,995
2018,123,519
2019,123,4973
2020,123,4667
2008,124,
2009,124,
2010,124,
2011,124,
2012,124,
2013,124,
2014,124,
2015,124,3391
2016,124,4106
2017,124,4361
2018,124,4663
2019,124,6667
2020,124,-7613
2008,125,
2009,125,
2010,125,
2011,125,
2012,125,
2013,125,
2014,125,
2015,125,24979
2016,125,38967
2017,125,25118
2018,125,35267
2019,125,47593
2020,125,42165
2008,126,17013
2009,126,54691
2010,126,61738
2011,126,63795
2012,126,-19293
2013,126,21020
2014,126,218201
2015,126,13439
2016,126,946
2017,126,41378
2018,126,25890
2019,126,3169
2020,126,9677
2008,127,29136
2009,127,36133
2010,127,37203
2011,127,29394
2012,127,22171
2013,127,
2014,127,19920
2015,127,18879
2016,127,29890
2017,127,34473
2018,127,37790
2019,127,31470
2020,127,12342
2008,128,416878
2009,128,502769
2010,128,521492
2011,128,582849
2012,128,944217
2013,128,586581
2014,128,620217
2015,128,666216
2016,128,687922
2017,128,757080
2018,128,782053
2019,128,
2020,128,
2008,129,54058
2009,129,57726
2010,129,65629
2011,129,73057
2012,129,73800
2013,129,77213
2014,129,57951
2015,129,72503
2016,129,84062
2017,129,94373
2018,129,
2019,129,
2020,129,
2008,130,134805
2009,130,140517
2010,130,149494
2011,130,131188
2012,130,135460
2013,130,131832
2014,130,140311
2015,130,154236
2016,130,141805
2017,130,119506
2018,130,136510
2019,130,
2020,130,
2008,131,9013
2009,131,9966
2010,131,9948
2011,131,11874
2012,131,13031
2013,131,9697
2014,131,11714
2015,131,22016
2016,131,24266
2017,131,25557
2018,131,31999
2019,131,33559
2020,131,-4756
2008,132,1993544
2009,132,1990187
2010,132,2058064
2011,132,2162441
2012,132,2439710
2013,132,2602939
2014,132,2842346
2015,132,2495746
2016,132,3363252
2017,132,3754001
2018,132,3594103
2019,132,5476000
2020,132,2712000
2008,133,38967
2009,133,11969
2010,133,43107
2011,133,29683
2012,133,7258
2013,133,-994
2014,133,-8081
2015,133,-37973
2016,133,
2017,133,
2018,133,
2019,133,
2020,133,
2008,134,389061
2009,134,505377
2010,134,513876
2011,134,572553
2012,134,1022194
2013,134,596864
2014,134,630450
2015,134,674286
2016,134,684387
2017,134,768498
2018,134,795904
2019,134,658230
2020,134,458950
2008,135,
2009,135,
2010,135,
2011,135,
2012,135,12893
2013,135,14835
2014,135,19571
2015,135,19275
2016,135,25292
2017,135,31304
2018,135,34798
2019,135,41114
2020,135,-7202
2008,136,12573
2009,136,-1630
2010,136,4606
2011,136,-392
2012,136,8046
2013,136,1779
2014,136,7785
2015,136,18091
2016,136,22793
2017,136,25056
2018,136,5033
2019,136,6170
2020,136,35237
2008,137,5026
2009,137,3102
2010,137,4766
2011,137,6315
2012,137,7058
2013,137,7762
2014,137,7491
2015,137,8286
2016,137,9702
2017,137,9325
2018,137,10690
2019,137,13151
2020,137,4683
2008,138,
2009,138,
2010,138,
2011,138,
2012,138,
2013,138,
2014,138,
2015,138,
2016,138,
2017,138,
2018,138,
2019,138,
2020,138,
2008,139,-1170
2009,139,4118
2010,139,3577
2011,139,7593
2012,139,3812
2013,139,-8655
2014,139,6889
2015,139,8943
2016,139,18247
2017,139,21910
2018,139,-44852
2019,139,16135
2020,139,16230
2008,140,8776
2009,140,11991
2010,140,22458
2011,140,9215
2012,140,4828
2013,140,-307
2014,140,-4028
2015,140,602
2016,140,-2154
2017,140,-2101
2018,140,-3415
2019,140,
2020,140,
2008,141,15721
2009,141,-29114
2010,141,25108
2011,141,-21634
2012,141,-59108
2013,141,-68636
2014,141,-26675
2015,141,-11795
2016,141,-57345
2017,141,-32294
2018,141,-9425
2019,141,-33840
2020,141,-49691
2008,142,22243
2009,142,20586
2010,142,34414
2011,142,37331
2012,142,29490
2013,142,85434
2014,142,28509
2015,142,18320
2016,142,71900
2017,142,161300
2018,142,165100
2019,142,132800
2020,142,97400
2008,143,7455
2009,143,30322
2010,143,11201
2011,143,19749
2012,143,6779
2013,143,2493
2014,143,
2015,143,11765
2016,143,13125
2017,143,10670
2018,143,31214
2019,143,6572
2020,143,
2008,144,52588
2009,144,-34935
2010,144,-19049
2011,144,12795
2012,144,-52110
2013,144,-52656
2014,144,-13151
2015,144,4117
2016,144,-53127
2017,144,-30605
2018,144,5011
2019,144,16942
2020,144,18202
2008,145,6503
2009,145,8502
2010,145,8790
2011,145,7129
2012,145,6932
2013,145,6408
2014,145,1602
2015,145,8582
2016,145,7623
2017,145,7174
2018,145,5400
2019,145,5215
2020,145,4436
2008,146,5239
2009,146,11382
2010,146,6036
2011,146,6987
2012,146,-12600
2013,146,-18555
2014,146,-5857
2015,146,-8656
2016,146,-10113
2017,146,-9014
2018,146,2067
2019,146,4054
2020,146,-7144
2008,147,242983
2009,147,111175
2010,147,133515
2011,147,119434
2012,147,-131038
2013,147,-166736
2014,147,65649
2015,147,78670
2016,147,88822
2017,147,91028
2018,147,58073
2019,147,77024
2020,147,47661
2008,148,5954
2009,148,13704
2010,148,12462
2011,148,18588
2012,148,7388
2013,148,1898
2014,148,19415
2015,148,9923
2016,148,12022
2017,148,9589
2018,148,9038
2019,148,2485
2020,148,
2008,149,138038
2009,149,103749
2010,149,147955
2011,149,157116
2012,149,98718
2013,149,60708
2014,149,56331
2015,149,26464
2016,149,38992
2017,149,43277
2018,149,-5921
2019,149,-99316
2020,149,
2008,150,1869100
2009,150,1626500
2010,150,1756600
2011,150,1735200
2012,150,1012900
2013,150,1209300
2014,150,1250100
2015,150,1365800
2016,150,985600
2017,150,1420500
2018,150,935200
2019,150,971400
2020,150,814100
2008,151,
2009,151,
2010,151,
2011,151,2931
2012,151,2390
2013,151,3912
2014,151,4654
2015,151,5628
2016,151,8194
2017,151,8073
2018,151,9391
2019,151,8585
2020,151,10286
2008,152,
2009,152,
2010,152,
2011,152,
2012,152,
2013,152,
2014,152,3804
2015,152,2685
2016,152,-445
2017,152,
2018,152,-124
2019,152,1857
2020,152,310
2008,153,251700
2009,153,-3100
2010,153,165200
2011,153,-201400
2012,153,-483000
2013,153,-171900
2014,153,-16800
2015,153,-66300
2016,153,74600
2017,153,138700
2018,153,138000
2019,153,142700
2020,153,82100
2008,154,
2009,154,
2010,154,
2011,154,
2012,154,
2013,154,2764
2014,154,14218
2015,154,13091
2016,154,6493
2017,154,6015
2018,154,11119
2019,154,14992
2020,154,10705
2008,155,
2009,155,
2010,155,
2011,155,
2012,155,
2013,155,
2014,155,18943
2015,155,20059
2016,155,15037
2017,155,13915
2018,155,12886
2019,155,13329
2020,155,12472
2008,156,
2009,156,
2010,156,
2011,156,33035
2012,156,13686
2013,156,19055
2014,156,67170
2015,156,108707
2016,156,103682
2017,156,114793
2018,156,115912
2019,156,131061
2020,156,134237
2008,157,
2009,157,
2010,157,
2011,157,
2012,157,1975
2013,157,2771
2014,157,3878
2015,157,2869
2016,157,3824
2017,157,-27229
2018,157,-18588
2019,157,
2020,157,
2008,158,
2009,158,
2010,158,
2011,158,
2012,158,
2013,158,
2014,158,
2015,158,
2016,158,
2017,158,
2018,158,
2019,158,
2020,158,
2008,159,
2009,159,
2010,159,
2011,159,
2012,159,
2013,159,
2014,159,
2015,159,
2016,159,44
2017,159,567
2018,159,626
2019,159,1172
2020,159,
2008,160,
2009,160,
2010,160,
2011,160,1486
2012,160,1879
2013,160,1844
2014,160,587
2015,160,4511
2016,160,7112
2017,160,6270
2018,160,6785
2019,160,-779
2020,160,474
2008,161,
2009,161,
2010,161,
2011,161,
2012,161,
2013,161,
2014,161,2104
2015,161,4084
2016,161,3791
2017,161,2909
2018,161,2914
2019,161,4759
2020,161,4550
2008,162,
2009,162,
2010,162,
2011,162,
2012,162,
2013,162,
2014,162,1902
2015,162,2151
2016,162,
2017,162,
2018,162,3302
2019,162,4169
2020,162,1909
2008,163,
2009,163,
2010,163,
2011,163,
2012,163,
2013,163,
2014,163,115
2015,163,359
2016,163,
2017,163,
2018,163,
2019,163,1121
2020,163,1543
2008,164,11845
2009,164,5725
2010,164,5821
2011,164,7081
2012,164,2632
2013,164,-3332
2014,164,-10980
2015,164,-8108
2016,164,-5515
2017,164,-9380
2018,164,-4560
2019,164,-3466
2020,164,-298
2008,165,
2009,165,
2010,165,
2011,165,
2012,165,
2013,165,
2014,165,
2015,165,
2016,165,
2017,165,
2018,165,
2019,165,
2020,165,
2008,166,
2009,166,
2010,166,
2011,166,
2012,166,
2013,166,
2014,166,134637
2015,166,102615
2016,166,158799
2017,166,189482
2018,166,211710
2019,166,345806
2020,166,604337
2008,167,283682
2009,167,330047
2010,167,216269
2011,167,366805
2012,167,151834
2013,167,-161125
2014,167,-22398
2015,167,626843
2016,167,571687
2017,167,522119
2018,167,378234
2019,167,253837
2020,167,-128648
2008,168,55476
2009,168,43874
2010,168,9216
2011,168,35437
2012,168,66612
2013,168,50824
2014,168,30029
2015,168,28738
2016,168,10927
2017,168,17944
2018,168,18560
2019,168,19850
2020,168,-88995
2008,169,28673000
2009,169,21594000
2010,169,26191000
2011,169,27701000
2012,169,26973000
2013,169,24954000
2014,169,18240000
2015,169,6977000
2016,169,9210000
2017,169,15080000
2018,169,17782000
2019,169,14976000
2020,169,2671000
2008,170,938676
2009,170,270881
2010,170,118830
2011,170,261882
2012,170,462539
2013,170,431242
2014,170,185123
2015,170,223574
2016,170,445058
2017,170,419846
2018,170,448926
2019,170,399914
2020,170,410673
2008,171,215453
2009,171,136198
2010,171,133091
2011,171,-309026
2012,171,
2013,171,
2014,171,72550
2015,171,90152
2016,171,146199
2017,171,205673
2018,171,187786
2019,171,223335
2020,171,135771
2008,172,57862
2009,172,75620
2010,172,33712
2011,172,26694
2012,172,15673
2013,172,22441
2014,172,10524
2015,172,9602
2016,172,8618
2017,172,-326
2018,172,18106
2019,172,36069
2020,172,-33867
2008,173,1778000
2009,173,1586000
2010,173,1817000
2011,173,2103000
2012,173,2190000
2013,173,864000
2014,173,816000
2015,173,283000
2016,173,-842000
2017,173,501000
2018,173,343000
2019,173,990000
2020,173,-246000
2008,174,990075
2009,174,871777
2010,174,1010202
2011,174,1133688
2012,174,1345094
2013,174,1410883
2014,174,1540831
2015,174,1847854
2016,174,1900725
2017,174,1857884
2018,174,1793383
2019,174,
2020,174,
2008,175,151927
2009,175,153454
2010,175,191931
2011,175,230356
2012,175,247281
2013,175,234487
2014,175,186722
2015,175,186405
2016,175,163856
2017,175,147808
2018,175,110117
2019,175,242437
2020,175,3244
2008,176,30713
2009,176,31416
2010,176,21646
2011,176,19845
2012,176,11756
2013,176,17409
2014,176,29576
2015,176,34565
2016,176,22595
2017,176,22623
2018,176,32184
2019,176,41995
2020,176,19843
2008,177,198101
2009,177,152885
2010,177,130004
2011,177,120938
2012,177,61649
2013,177,7611
2014,177,38520
2015,177,57130
2016,177,42921
2017,177,61391
2018,177,34141
2019,177,83723
2020,177,-28914
2008,178,112497
2009,178,-228206
2010,178,96273
2011,178,111176
2012,178,105112
2013,178,98407
2014,178,110490
2015,178,23603
2016,178,-67842
2017,178,-172397
2018,178,36288
2019,178,-194578
2020,178,-12292
2008,179,-6981
2009,179,-300
2010,179,2618
2011,179,9190
2012,179,10140
2013,179,9159
2014,179,8553
2015,179,9270
2016,179,9670
2017,179,11988
2018,179,17681
2019,179,20725
2020,179,5303
2008,180,30557
2009,180,-17414
2010,180,-2059
2011,180,12754
2012,180,22227
2013,180,18620
2014,180,23785
2015,180,19004
2016,180,22561
2017,180,31831
2018,180,41279
2019,180,50421
2020,180,1589
2008,181,2862
2009,181,2215
2010,181,5547
2011,181,5244
2012,181,5084
2013,181,4621
2014,181,3331
2015,181,4206
2016,181,4640
2017,181,-2115
2018,181,-3119
2019,181,5685
2020,181,2860
2008,182,5389
2009,182,-35287
2010,182,-26878
2011,182,-30817
2012,182,-8243
2013,182,-15434
2014,182,1229
2015,182,4420
2016,182,-11989
2017,182,26061
2018,182,
2019,182,
2020,182,
2008,183,92326
2009,183,62680
2010,183,118355
2011,183,183317
2012,183,226144
2013,183,262963
2014,183,289693
2015,183,316164
2016,183,312548
2017,183,237977
2018,183,201685
2019,183,321870
2020,183,120177
2008,184,2572
2009,184,-707
2010,184,3148
2011,184,4239
2012,184,-12826
2013,184,3869
2014,184,
2015,184,
2016,184,
2017,184,
2018,184,
2019,184,
2020,184,
2008,185,
2009,185,12980
2010,185,22595
2011,185,38538
2012,185,42519
2013,185,57941
2014,185,62208
2015,185,66396
2016,185,75138
2017,185,83541
2018,185,91969
2019,185,167455
2020,185,83422
2008,186,8584
2009,186,7962
2010,186,10893
2011,186,9493
2012,186,15626
2013,186,12587
2014,186,12507
2015,186,7611
2016,186,7150
2017,186,5861
2018,186,-7033
2019,186,2375
2020,186,-1456
2008,187,
2009,187,
2010,187,
2011,187,
2012,187,2230
2013,187,3703
2014,187,4335
2015,187,3688
2016,187,-8643
2017,187,-3978
2018,187,-3666
2019,187,-13222
2020,187,-997
2008,188,
2009,188,
2010,188,98931
2011,188,118584
2012,188,107456
2013,188,182745
2014,188,233926
2015,188,292905
2016,188,337957
2017,188,384867
2018,188,469981
2019,188,663596
2020,188,569518
2008,189,
2009,189,
2010,189,
2011,189,
2012,189,
2013,189,90914
2014,189,117476
2015,189,79887
2016,189,174600
2017,189,174935
2018,189,81091
2019,189,110066
2020,189,146055
2008,190,
2009,190,
2010,190,
2011,190,
2012,190,
2013,190,
2014,190,
2015,190,6213
2016,190,5215
2017,190,5116
2018,190,6250
2019,190,5068
2020,190,850
2008,191,-5102
2009,191,-7059
2010,191,-3360
2011,191,-2074
2012,191,-6014
2013,191,-9247
2014,191,-10797
2015,191,-2101
2016,191,-5905
2017,191,-997
2018,191,2189
2019,191,3637
2020,191,3188
2008,192,-16021
2009,192,-24074
2010,192,-21519
2011,192,-6343
2012,192,-2429
2013,192,
2014,192,
2015,192,
2016,192,-15037
2017,192,-5168
2018,192,-14916
2019,192,-24352
2020,192,-18571
2008,193,-15648
2009,193,-15320
2010,193,-16319
2011,193,-20447
2012,193,
2013,193,-17612
2014,193,-12570
2015,193,-20158
2016,193,-12417
2017,193,-6815
2018,193,-2553
2019,193,3115
2020,193,
2008,194,174515
2009,194,192252
2010,194,182087
2011,194,191034
2012,194,192278
2013,194,225756
2014,194,274195
2015,194,316156
2016,194,366788
2017,194,450793
2018,194,491041
2019,194,542266
2020,194,566831
2008,195,
2009,195,
2010,195,
2011,195,2711
2012,195,3495
2013,195,3023
2014,195,3937
2015,195,4690
2016,195,4283
2017,195,6627
2018,195,7538
2019,195,
2020,195,
2008,196,48011
2009,196,43323
2010,196,49536
2011,196,54782
2012,196,59294
2013,196,71328
2014,196,89238
2015,196,99636
2016,196,110091
2017,196,123479
2018,196,154290
2019,196,202865
2020,196,208972
2008,197,58911
2009,197,91139
2010,197,89051
2011,197,68054
2012,197,82038
2013,197,105903
2014,197,99972
2015,197,91616
2016,197,87083
2017,197,
2018,197,
2019,197,
2020,197,
2008,198,-1112
2009,198,3907
2010,198,7612
2011,198,10042
2012,198,7679
2013,198,9975
2014,198,11759
2015,198,13178
2016,198,14649
2017,198,14853
2018,198,16127
2019,198,20561
2020,198,24343
2008,199,12928
2009,199,7435
2010,199,4566
2011,199,8314
2012,199,9502
2013,199,5214
2014,199,6767
2015,199,6776
2016,199,7891
2017,199,12631
2018,199,13280
2019,199,9917
2020,199,22643
2008,200,40553
2009,200,87928
2010,200,42239
2011,200,27447
2012,200,36427
2013,200,45084
2014,200,30936
2015,200,32317
2016,200,19471
2017,200,12393
2018,200,-397
2019,200,23951
2020,200,27200
2008,201,23020
2009,201,21251
2010,201,681
2011,201,378
2012,201,10474
2013,201,8468
2014,201,8144
2015,201,11092
2016,201,8616
2017,201,
2018,201,
2019,201,
2020,201,
2008,202,3296
2009,202,-686
2010,202,4585
2011,202,235
2012,202,6033
2013,202,5911
2014,202,6679
2015,202,5779
2016,202,8247
2017,202,3677
2018,202,2596
2019,202,5321
2020,202,9535
2008,203,9051
2009,203,-15300
2010,203,16854
2011,203,-47969
2012,203,9218
2013,203,3077
2014,203,1095
2015,203,-2416
2016,203,2628
2017,203,4039
2018,203,6579
2019,203,12789
2020,203,18169
2008,204,-6998
2009,204,439
2010,204,247
2011,204,-359
2012,204,98
2013,204,-301
2014,204,240
2015,204,1286
2016,204,1194
2017,204,-1082
2018,204,-3351
2019,204,-2548
2020,204,-570
2008,205,14529
2009,205,13979
2010,205,14069
2011,205,13570
2012,205,10088
2013,205,12101
2014,205,12979
2015,205,13639
2016,205,12753
2017,205,8857
2018,205,31245
2019,205,
2020,205,
2008,206,6609
2009,206,6814
2010,206,7661
2011,206,8477
2012,206,7789
2013,206,3147
2014,206,10323
2015,206,10650
2016,206,
2017,206,
2018,206,
2019,206,
2020,206,
2008,207,934
2009,207,1235
2010,207,1270
2011,207,2087
2012,207,1840
2013,207,2685
2014,207,3477
2015,207,7357
2016,207,6262
2017,207,7374
2018,207,
2019,207,
2020,207,
2008,208,2073
2009,208,
2010,208,-4144
2011,208,-1284
2012,208,442
2013,208,1462
2014,208,3093
2015,208,3094
2016,208,3462
2017,208,541
2018,208,787
2019,208,-956
2020,208,-1194
2008,209,
2009,209,
2010,209,
2011,209,
2012,209,
2013,209,39296
2014,209,42701
2015,209,43626
2016,209,45855
2017,209,50089
2018,209,54550
2019,209,62949
2020,209,85177
2008,210,
2009,210,
2010,210,
2011,210,
2012,210,
2013,210,
2014,210,
2015,210,-3674
2016,210,1150
2017,210,575
2018,210,783
2019,210,276
2020,210,-286
2008,211,
2009,211,686
2010,211,871
2011,211,1407
2012,211,864
2013,211,-1250
2014,211,-2563
2015,211,-1571
2016,211,-1102
2017,211,-1379
2018,211,282
2019,211,-2288
2020,211,-2371
2008,212,
2009,212,
2010,212,2938
2011,212,2361
2012,212,2321
2013,212,1963
2014,212,2692
2015,212,1962
2016,212,-1912
2017,212,-828
2018,212,2506
2019,212,7961
2020,212,1571
2008,213,
2009,213,
2010,213,5545
2011,213,5921
2012,213,7562
2013,213,6901
2014,213,7040
2015,213,7882
2016,213,8654
2017,213,
2018,213,
2019,213,
2020,213,
2008,214,
2009,214,
2010,214,
2011,214,
2012,214,
2013,214,505
2014,214,827
2015,214,1110
2016,214,2405
2017,214,2879
2018,214,3833
2019,214,4843
2020,214,4841
2008,215,
2009,215,
2010,215,
2011,215,1402
2012,215,1638
2013,215,1634
2014,215,1217
2015,215,2082
2016,215,1631
2017,215,
2018,215,
2019,215,
2020,215,
2008,216,
2009,216,
2010,216,
2011,216,
2012,216,
2013,216,
2014,216,1261
2015,216,1745
2016,216,2216
2017,216,2501
2018,216,1547
2019,216,163
2020,216,4717
2008,217,
2009,217,
2010,217,
2011,217,
2012,217,
2013,217,4118
2014,217,5135
2015,217,5269
2016,217,5782
2017,217,4971
2018,217,8213
2019,217,10562
2020,217,11966
2008,218,31958
2009,218,14487
2010,218,17993
2011,218,29288
2012,218,
2013,218,-1198
2014,218,
2015,218,
2016,218,-18504
2017,218,12413
2018,218,31037
2019,218,105039
2020,218,10633
2008,219,1456
2009,219,900
2010,219,995
2011,219,-425
2012,219,-4026
2013,219,983
2014,219,1468
2015,219,1140
2016,219,1256
2017,219,2254
2018,219,1896
2019,219,2791
2020,219,3220
2008,220,13589
2009,220,13656
2010,220,28257
2011,220,26236
2012,220,12945
2013,220,-10601
2014,220,-3563
2015,220,-69542
2016,220,-12347
2017,220,-1501
2018,220,81308
2019,220,23681
2020,220,
2008,221,44487
2009,221,50661
2010,221,56709
2011,221,51921
2012,221,59519
2013,221,
2014,221,67366
2015,221,65136
2016,221,64264
2017,221,71936
2018,221,64165
2019,221,68955
2020,221,58333
2008,222,
2009,222,
2010,222,
2011,222,
2012,222,
2013,222,
2014,222,109
2015,222,-200
2016,222,281
2017,222,404
2018,222,182
2019,222,303
2020,222,216
2008,223,
2009,223,
2010,223,
2011,223,
2012,223,
2013,223,
2014,223,
2015,223,1217
2016,223,24065
2017,223,13646
2018,223,
2019,223,
2020,223,
2008,224,
2009,224,
2010,224,
2011,224,
2012,224,
2013,224,
2014,224,
2015,224,
2016,224,
2017,224,
2018,224,
2019,224,
2020,224,
2008,225,
2009,225,
2010,225,-24
2011,225,721
2012,225,232
2013,225,117
2014,225,-1036
2015,225,2669
2016,225,3083
2017,225,5528
2018,225,3107
2019,225,275
2020,225,
2008,226,15993
2009,226,6247
2010,226,11238
2011,226,11168
2012,226,3720
2013,226,1803
2014,226,-1586
2015,226,-7905
2016,226,1714
2017,226,503
2018,226,5963
2019,226,8885
2020,226,7803
2008,227,
2009,227,
2010,227,
2011,227,114985
2012,227,112219
2013,227,140272
2014,227,105771
2015,227,115379
2016,227,170006
2017,227,168214
2018,227,195301
2019,227,183639
2020,227,147349
2008,228,-13437
2009,228,-4684
2010,228,-4069
2011,228,-3524
2012,228,-2176
2013,228,-1225
2014,228,-1326
2015,228,-1686
2016,228,-7543
2017,228,13443
2018,228,49648
2019,228,8748
2020,228,-2005
2008,229,
2009,229,
2010,229,
2011,229,9253
2012,229,8176
2013,229,5812
2014,229,6333
2015,229,7075
2016,229,7205
2017,229,9655
2018,229,9927
2019,229,
2020,229,
2008,230,
2009,230,
2010,230,
2011,230,
2012,230,9486
2013,230,4658
2014,230,9612
2015,230,11835
2016,230,16661
2017,230,19949
2018,230,19948
2019,230,20202
2020,230,13385
2008,231,4161
2009,231,1453
2010,231,-105
2011,231,5016
2012,231,
2013,231,
2014,231,
2015,231,3248
2016,231,1842
2017,231,3306
2018,231,1990
2019,231,3278
2020,231,2086
2008,232,55749
2009,232,60415
2010,232,57794
2011,232,26231
2012,232,38854
2013,232,39765
2014,232,43940
2015,232,48426
2016,232,41728
2017,232,42098
2018,232,26957
2019,232,52302
2020,232,62099
2008,233,10986
2009,233,4525
2010,233,23385
2011,233,14231
2012,233,91089
2013,233,104471
2014,233,110708
2015,233,113955
2016,233,116882
2017,233,130683
2018,233,136920
2019,233,172147
2020,233,
2008,234,-5097
2009,234,-112
2010,234,4782
2011,234,2171
2012,234,8657
2013,234,-4689
2014,234,-2501
2015,234,-257
2016,234,522
2017,234,210
2018,234,8098
2019,234,20512
2020,234,6279
2008,235,-2564
2009,235,21935
2010,235,28528
2011,235,-6097
2012,235,-265
2013,235,-6271
2014,235,-22336
2015,235,43430
2016,235,5567
2017,235,-976
2018,235,-29
2019,235,
2020,235,
2008,236,-4017
2009,236,-9044
2010,236,-509
2011,236,-3472
2012,236,2762
2013,236,1946
2014,236,-996
2015,236,-8826
2016,236,-10668
2017,236,30499
2018,236,574
2019,236,-1626
2020,236,-906
2008,237,18267
2009,237,43672
2010,237,38288
2011,237,-44197
2012,237,11898
2013,237,51459
2014,237,66566
2015,237,84098
2016,237,93044
2017,237,156271
2018,237,116165
2019,237,142930
2020,237,115138
2008,238,55260
2009,238,31278
2010,238,5850
2011,238,-3741
2012,238,-22759
2013,238,-1582
2014,238,-1643
2015,238,9563
2016,238,57606
2017,238,41683
2018,238,62155
2019,238,94218
2020,238,-70656
2008,239,30385
2009,239,37935
2010,239,49102
2011,239,33932
2012,239,47405
2013,239,45497
2014,239,46405
2015,239,46550
2016,239,56058
2017,239,69133
2018,239,75748
2019,239,77920
2020,239,68278
2008,240,44022
2009,240,35322
2010,240,24248
2011,240,38396
2012,240,19800
2013,240,13946
2014,240,24977
2015,240,24225
2016,240,7726
2017,240,34239
2018,240,
2019,240,
2020,240,17423
2008,241,10716
2009,241,11412
2010,241,7552
2011,241,4682
2012,241,-1704
2013,241,-1823
2014,241,539
2015,241,2604
2016,241,6210
2017,241,5308
2018,241,5947
2019,241,3139
2020,241,-2313
2008,242,586369
2009,242,571171
2010,242,554461
2011,242,594094
2012,242,558679
2013,242,289546
2014,242,301742
2015,242,356151
2016,242,404910
2017,242,396740
2018,242,374720
2019,242,632279
2020,242,91094
2008,243,
2009,243,
2010,243,
2011,243,
2012,243,
2013,243,
2014,243,
2015,243,
2016,243,
2017,243,
2018,243,
2019,243,
2020,243,
2008,244,51214
2009,244,75625
2010,244,51872
2011,244,53205
2012,244,31115
2013,244,4213
2014,244,87179
2015,244,65007
2016,244,93121
2017,244,129399
2018,244,
2019,244,
2020,244,
2008,245,
2009,245,
2010,245,
2011,245,5060
2012,245,21838
2013,245,43102
2014,245,57581
2015,245,46843
2016,245,51599
2017,245,56009
2018,245,67752
2019,245,72644
2020,245,62120
2008,246,2174668
2009,246,2213555
2010,246,2499131
2011,246,2261873
2012,246,2037894
2013,246,2153620
2014,246,1374251
2015,246,1567000
2016,246,1698000
2017,246,1688000
2018,246,2079000
2019,246,2729000
2020,246,2382000
2008,247,
2009,247,
2010,247,
2011,247,
2012,247,
2013,247,
2014,247,
2015,247,
2016,247,
2017,247,
2018,247,
2019,247,
2020,247,
2008,248,
2009,248,
2010,248,
2011,248,
2012,248,
2013,248,
2014,248,
2015,248,
2016,248,
2017,248,
2018,248,
2019,248,
2020,248,
2008,249,-30278
2009,249,-18403
2010,249,-10654
2011,249,-27072
2012,249,983
2013,249,-27435
2014,249,-41761
2015,249,40287
2016,249,19734
2017,249,-23172
2018,249,49588
2019,249,21210
2020,249,4393
2008,250,
2009,250,
2010,250,
2011,250,
2012,250,
2013,250,
2014,250,
2015,250,
2016,250,
2017,250,17165
2018,250,17274
2019,250,17566
2020,250,22298
2008,251,
2009,251,
2010,251,
2011,251,
2012,251,
2013,251,
2014,251,
2015,251,
2016,251,
2017,251,
2018,251,
2019,251,
2020,251,
2008,252,
2009,252,
2010,252,
2011,252,
2012,252,
2013,252,
2014,252,
2015,252,
2016,252,
2017,252,
2018,252,
2019,252,
2020,252,
2008,253,
2009,253,
2010,253,
2011,253,
2012,253,
2013,253,10228
2014,253,12048
2015,253,12859
2016,253,19719
2017,253,25431
2018,253,28910
2019,253,31867
2020,253,38035
2008,254,23551
2009,254,22324
2010,254,23773
2011,254,32901
2012,254,6463
2013,254,7317
2014,254,16222
2015,254,40234
2016,254,42425
2017,254,46406
2018,254,51920
2019,254,66537
2020,254,74322
2008,255,-931
2009,255,-1453
2010,255,-434
2011,255,
2012,255,
2013,255,-1291
2014,255,-1143
2015,255,-1237
2016,255,-1804
2017,255,-1401
2018,255,710
2019,255,944
2020,255,-377
2008,256,
2009,256,
2010,256,
2011,256,
2012,256,
2013,256,
2014,256,
2015,256,
2016,256,
2017,256,
2018,256,
2019,256,
2020,256,
2008,257,
2009,257,
2010,257,
2011,257,
2012,257,
2013,257,25906
2014,257,47223
2015,257,75822
2016,257,98848
2017,257,111548
2018,257,130520
2019,257,138299
2020,257,83643
2008,258,
2009,258,
2010,258,
2011,258,
2012,258,
2013,258,
2014,258,
2015,258,
2016,258,3784
2017,258,7170
2018,258,9520
2019,258,12048
2020,258,15823
2008,259,
2009,259,
2010,259,
2011,259,
2012,259,
2013,259,
2014,259,
2015,259,
2016,259,
2017,259,
2018,259,
2019,259,
2020,259,
2008,260,
2009,260,
2010,260,
2011,260,
2012,260,
2013,260,
2014,260,
2015,260,
2016,260,
2017,260,
2018,260,
2019,260,
2020,260,
2008,261,
2009,261,
2010,261,
2011,261,
2012,261,
2013,261,
2014,261,
2015,261,
2016,261,
2017,261,
2018,261,
2019,261,
2020,261,
2008,262,
2009,262,
2010,262,
2011,262,
2012,262,
2013,262,247198
2014,262,228161
2015,262,247378
2016,262,263896
2017,262,290133
2018,262,305934
2019,262,311978
2020,262,209177
2008,263,558384
2009,263,497804
2010,263,-245660
2011,263,-373894
2012,263,-1028950
2013,263,-151944
2014,263,1580238
2015,263,14038
2016,263,48913
2017,263,64245
2018,263,31325
2019,263,
2020,263,
2008,264,237342
2009,264,366986
2010,264,396398
2011,264,249316
2012,264,738362
2013,264,814765
2014,264,714283
2015,264,765292
2016,264,609985
2017,264,569472
2018,264,537791
2019,264,845699
2020,264,651623
2008,265,
2009,265,
2010,265,
2011,265,
2012,265,-2082
2013,265,
2014,265,-107
2015,265,-2635
2016,265,-4166
2017,265,-3032
2018,265,-339
2019,265,-7796
2020,265,-8806
2008,266,
2009,266,
2010,266,
2011,266,
2012,266,
2013,266,
2014,266,
2015,266,7027
2016,266,7909
2017,266,7942
2018,266,9349
2019,266,10430
2020,266,14489
2008,267,
2009,267,
2010,267,
2011,267,
2012,267,
2013,267,
2014,267,
2015,267,
2016,267,
2017,267,
2018,267,
2019,267,
2020,267,
2008,268,
2009,268,
2010,268,
2011,268,
2012,268,
2013,268,
2014,268,
2015,268,
2016,268,
2017,268,
2018,268,
2019,268,
2020,268,
2008,269,
2009,269,
2010,269,
2011,269,
2012,269,
2013,269,
2014,269,
2015,269,811000
2016,269,705000
2017,269,786812
2018,269,869351
2019,269,999089
2020,269,1047424
2008,270,
2009,270,
2010,270,
2011,270,
2012,270,
2013,270,
2014,270,
2015,270,
2016,270,
2017,270,
2018,270,
2019,270,
2020,270,
2008,271,
2009,271,
2010,271,
2011,271,
2012,271,
2013,271,
2014,271,3344
2015,271,4491
2016,271,5365
2017,271,6640
2018,271,7426
2019,271,-2708
2020,271,-7704
2008,272,
2009,272,
2010,272,
2011,272,
2012,272,
2013,272,
2014,272,101
2015,272,395
2016,272,119
2017,272,-228
2018,272,-1246
2019,272,417
2020,272,150
2008,273,
2009,273,
2010,273,
2011,273,
2012,273,
2013,273,
2014,273,
2015,273,
2016,273,355
2017,273,515
2018,273,412
2019,273,478
2020,273,1728
2008,274,
2009,274,
2010,274,
2011,274,
2012,274,
2013,274,
2014,274,
2015,274,
2016,274,
2017,274,
2018,274,
2019,274,42635
2020,274,27048
2008,275,
2009,275,
2010,275,
2011,275,
2012,275,
2013,275,521
2014,275,702
2015,275,414
2016,275,626
2017,275,1061
2018,275,1842
2019,275,
2020,275,
2008,276,
2009,276,
2010,276,
2011,276,
2012,276,
2013,276,
2014,276,
2015,276,
2016,276,
2017,276,
2018,276,
2019,276,
2020,276,
2008,277,
2009,277,
2010,277,
2011,277,
2012,277,
2013,277,8432
2014,277,8048
2015,277,17262
2016,277,19120
2017,277,15311
2018,277,18386
2019,277,17943
2020,277,9597
2008,278,
2009,278,
2010,278,
2011,278,
2012,278,
2013,278,
2014,278,
2015,278,
2016,278,
2017,278,
2018,278,
2019,278,
2020,278,
2008,279,
2009,279,
2010,279,
2011,279,
2012,279,
2013,279,
2014,279,
2015,279,2051
2016,279,2900
2017,279,2639
2018,279,2284
2019,279,1551
2020,279,940
2008,280,
2009,280,
2010,280,
2011,280,
2012,280,
2013,280,
2014,280,
2015,280,
2016,280,
2017,280,
2018,280,
2019,280,
2020,280,
2008,281,
2009,281,
2010,281,
2011,281,
2012,281,
2013,281,
2014,281,
2015,281,
2016,281,
2017,281,
2018,281,
2019,281,
2020,281,
2008,282,
2009,282,
2010,282,
2011,282,
2012,282,
2013,282,
2014,282,
2015,282,
2016,282,
2017,282,
2018,282,
2019,282,
2020,282,
2008,283,
2009,283,
2010,283,
2011,283,
2012,283,
2013,283,
2014,283,
2015,283,
2016,283,
2017,283,
2018,283,
2019,283,
2020,283,
2008,284,
2009,284,
2010,284,
2011,284,
2012,284,
2013,284,
2014,284,
2015,284,
2016,284,
2017,284,
2018,284,
2019,284,
2020,284,
2008,285,
2009,285,
2010,285,
2011,285,
2012,285,
2013,285,
2014,285,
2015,285,
2016,285,
2017,285,
2018,285,
2019,285,
2020,285,
2008,286,
2009,286,
2010,286,
2011,286,
2012,286,
2013,286,
2014,286,
2015,286,
2016,286,
2017,286,
2018,286,
2019,286,
2020,286,
2008,287,
2009,287,
2010,287,
2011,287,
2012,287,
2013,287,
2014,287,
2015,287,
2016,287,
2017,287,
2018,287,
2019,287,
2020,287,
2008,288,
2009,288,
2010,288,
2011,288,
2012,288,
2013,288,
2014,288,
2015,288,
2016,288,-76
2017,288,965
2018,288,311
2019,288,1239
2020,288,2947
2008,289,
2009,289,
2010,289,
2011,289,
2012,289,
2013,289,
2014,289,
2015,289,
2016,289,
2017,289,
2018,289,
2019,289,
2020,289,
2008,290,
2009,290,
2010,290,
2011,290,
2012,290,
2013,290,
2014,290,
2015,290,1286
2016,290,1553
2017,290,1590
2018,290,2388
2019,290,2244
2020,290,5227
2008,291,
2009,291,
2010,291,
2011,291,
2012,291,
2013,291,
2014,291,
2015,291,
2016,291,
2017,291,
2018,291,
2019,291,
2020,291,
2008,292,
2009,292,
2010,292,
2011,292,
2012,292,
2013,292,
2014,292,9204
2015,292,14671
2016,292,15493
2017,292,20375
2018,292,21235
2019,292,24995
2020,292,
2008,293,
2009,293,
2010,293,
2011,293,
2012,293,31622
2013,293,22305
2014,293,33911
2015,293,25505
2016,293,27141
2017,293,33491
2018,293,40745
2019,293,42473
2020,293,34028
2008,294,
2009,294,
2010,294,
2011,294,
2012,294,
2013,294,
2014,294,192255
2015,294,106734
2016,294,115515
2017,294,151029
2018,294,142962
2019,294,141936
2020,294,146771
2008,295,
2009,295,
2010,295,
2011,295,
2012,295,
2013,295,
2014,295,
2015,295,
2016,295,
2017,295,
2018,295,
2019,295,
2020,295,
2008,296,
2009,296,
2010,296,
2011,296,
2012,296,
2013,296,
2014,296,
2015,296,
2016,296,2811
2017,296,3909
2018,296,4855
2019,296,6568
2020,296,4996
2008,297,
2009,297,
2010,297,
2011,297,
2012,297,
2013,297,
2014,297,
2015,297,959
2016,297,
2017,297,
2018,297,
2019,297,1504
2020,297,689
2008,298,
2009,298,
2010,298,
2011,298,
2012,298,
2013,298,
2014,298,
2015,298,
2016,298,
2017,298,30711
2018,298,27391
2019,298,33444
2020,298,44892
2008,299,
2009,299,
2010,299,
2011,299,
2012,299,
2013,299,
2014,299,
2015,299,912
2016,299,3808
2017,299,5016
2018,299,3350
2019,299,4315
2020,299,4285
2008,300,
2009,300,
2010,300,
2011,300,
2012,300,
2013,300,
2014,300,
2015,300,
2016,300,
2017,300,
2018,300,
2019,300,
2020,300,
2008,301,
2009,301,
2010,301,
2011,301,
2012,301,
2013,301,
2014,301,
2015,301,
2016,301,
2017,301,
2018,301,
2019,301,
2020,301,
2008,302,
2009,302,
2010,302,
2011,302,
2012,302,
2013,302,
2014,302,
2015,302,6748
2016,302,5133
2017,302,5893
2018,302,4419
2019,302,4451
2020,302,4009
2008,303,
2009,303,
2010,303,
2011,303,
2012,303,
2013,303,
2014,303,
2015,303,
2016,303,
2017,303,
2018,303,
2019,303,
2020,303,
2008,304,
2009,304,
2010,304,
2011,304,
2012,304,
2013,304,
2014,304,
2015,304,
2016,304,
2017,304,
2018,304,
2019,304,
2020,304,
2008,305,
2009,305,
2010,305,
2011,305,
2012,305,
2013,305,
2014,305,
2015,305,
2016,305,
2017,305,
2018,305,
2019,305,
2020,305,
2008,306,
2009,306,
2010,306,
2011,306,
2012,306,
2013,306,
2014,306,
2015,306,
2016,306,
2017,306,
2018,306,
2019,306,
2020,306,
2008,307,
2009,307,
2010,307,
2011,307,
2012,307,
2013,307,
2014,307,
2015,307,
2016,307,
2017,307,
2018,307,
2019,307,
2020,307,
2008,308,
2009,308,
2010,308,
2011,308,
2012,308,
2013,308,
2014,308,
2015,308,
2016,308,3128
2017,308,4414
2018,308,4846
2019,308,3276
2020,308,3381
2008,309,
2009,309,
2010,309,
2011,309,
2012,309,
2013,309,
2014,309,
2015,309,
2016,309,
2017,309,
2018,309,
2019,309,
2020,309,
2008,310,
2009,310,
2010,310,
2011,310,
2012,310,
2013,310,
2014,310,
2015,310,
2016,310,
2017,310,
2018,310,
2019,310,
2020,310,
2008,311,
2009,311,
2010,311,
2011,311,
2012,311,
2013,311,
2014,311,
2015,311,
2016,311,
2017,311,
2018,311,
2019,311,
2020,311,
2008,312,
2009,312,
2010,312,
2011,312,
2012,312,
2013,312,
2014,312,
2015,312,
2016,312,
2017,312,
2018,312,
2019,312,
2020,312,
2008,313,
2009,313,
2010,313,
2011,313,
2012,313,
2013,313,
2014,313,
2015,313,
2016,313,
2017,313,
2018,313,
2019,313,
2020,313,
2008,314,
2009,314,
2010,314,
2011,314,
2012,314,
2013,314,
2014,314,
2015,314,
2016,314,
2017,314,
2018,314,
2019,314,
2020,314,
2008,315,
2009,315,
2010,315,
2011,315,
2012,315,
2013,315,
2014,315,
2015,315,
2016,315,
2017,315,
2018,315,
2019,315,
2020,315,
2008,316,
2009,316,
2010,316,
2011,316,
2012,316,
2013,316,
2014,316,
2015,316,
2016,316,
2017,316,
2018,316,
2019,316,
2020,316,
2008,317,
2009,317,
2010,317,
2011,317,
2012,317,
2013,317,
2014,317,
2015,317,
2016,317,
2017,317,
2018,317,
2019,317,
2020,317,
2008,318,
2009,318,
2010,318,
2011,318,
2012,318,
2013,318,
2014,318,
2015,318,
2016,318,
2017,318,
2018,318,
2019,318,
2020,318,
2008,319,
2009,319,
2010,319,
2011,319,
2012,319,
2013,319,
2014,319,
2015,319,
2016,319,
2017,319,
2018,319,
2019,319,
2020,319,
2008,320,
2009,320,
2010,320,
2011,320,
2012,320,
2013,320,
2014,320,
2015,320,
2016,320,570
2017,320,731
2018,320,823
2019,320,1215
2020,320,662
2008,321,
2009,321,
2010,321,
2011,321,
2012,321,
2013,321,
2014,321,
2015,321,
2016,321,
2017,321,
2018,321,
2019,321,
2020,321,
2008,322,
2009,322,
2010,322,
2011,322,
2012,322,
2013,322,
2014,322,
2015,322,
2016,322,
2017,322,
2018,322,
2019,322,
2020,322,
2008,323,
2009,323,
2010,323,
2011,323,
2012,323,
2013,323,
2014,323,
2015,323,
2016,323,
2017,323,
2018,323,
2019,323,
2020,323,
2008,324,
2009,324,
2010,324,
2011,324,
2012,324,
2013,324,
2014,324,
2015,324,
2016,324,
2017,324,
2018,324,
2019,324,
2020,324,
2008,325,
2009,325,
2010,325,
2011,325,
2012,325,
2013,325,
2014,325,
2015,325,
2016,325,
2017,325,
2018,325,
2019,325,
2020,325,
