Date,Id,pretax income
2008,1,
2009,1,
2010,1,
2011,1,
2012,1,
2013,1,
2014,1,
2015,1,
2016,1,
2017,1,
2018,1,
2019,1,
2020,1,
2008,2,-2131
2009,2,-1377
2010,2,850
2011,2,62
2012,2,1871
2013,2,3447
2014,2,-28691
2015,2,-32718
2016,2,
2017,2,
2018,2,
2019,2,
2020,2,
2008,3,
2009,3,
2010,3,
2011,3,
2012,3,
2013,3,
2014,3,-1544
2015,3,-12042
2016,3,-33751
2017,3,2119
2018,3,18140
2019,3,5662
2020,3,1480
2008,4,
2009,4,
2010,4,
2011,4,
2012,4,
2013,4,394
2014,4,-2311
2015,4,6276
2016,4,4457
2017,4,-1908
2018,4,-11152
2019,4,1175
2020,4,
2008,5,
2009,5,
2010,5,
2011,5,
2012,5,
2013,5,
2014,5,-545
2015,5,288
2016,5,-678
2017,5,-3876
2018,5,972
2019,5,1118
2020,5,
2008,6,
2009,6,
2010,6,
2011,6,
2012,6,
2013,6,
2014,6,1893
2015,6,2484
2016,6,-2234
2017,6,-9720
2018,6,
2019,6,
2020,6,
2008,7,
2009,7,
2010,7,
2011,7,
2012,7,3340
2013,7,2553
2014,7,1873
2015,7,3638
2016,7,10005
2017,7,7712
2018,7,5735
2019,7,
2020,7,
2008,8,53619
2009,8,10677
2010,8,45433
2011,8,54696
2012,8,82755
2013,8,104385
2014,8,164916
2015,8,243499
2016,8,312208
2017,8,335537
2018,8,325357
2019,8,307691
2020,8,156044
2008,9,34023
2009,9,50865
2010,9,57783
2011,9,45354
2012,9,-18151
2013,9,-25990
2014,9,-68765
2015,9,-1809
2016,9,4496
2017,9,39016
2018,9,58558
2019,9,53446
2020,9,29404
2008,10,59633
2009,10,74093
2010,10,83824
2011,10,79328
2012,10,67861
2013,10,30266
2014,10,26514
2015,10,20103
2016,10,25503
2017,10,40055
2018,10,67850
2019,10,80684
2020,10,50166
2008,11,39669
2009,11,29233
2010,11,31074
2011,11,-8213
2012,11,5572
2013,11,-26809
2014,11,-108
2015,11,-32673
2016,11,-23126
2017,11,3474
2018,11,4185
2019,11,8514
2020,11,-11391
2008,12,-201511
2009,12,-30567
2010,12,-32217
2011,12,-10759
2012,12,32984
2013,12,-9114
2014,12,-794
2015,12,-17592
2016,12,20521
2017,12,2133
2018,12,1377
2019,12,-20840
2020,12,-23476
2008,13,48233
2009,13,-5633
2010,13,32419
2011,13,46833
2012,13,46301
2013,13,40476
2014,13,21453
2015,13,17964
2016,13,46632
2017,13,53684
2018,13,37980
2019,13,15873
2020,13,-15605
2008,14,
2009,14,
2010,14,
2011,14,
2012,14,
2013,14,
2014,14,
2015,14,
2016,14,
2017,14,
2018,14,
2019,14,
2020,14,
2008,15,
2009,15,
2010,15,
2011,15,
2012,15,
2013,15,
2014,15,
2015,15,
2016,15,
2017,15,
2018,15,
2019,15,
2020,15,
2008,16,
2009,16,
2010,16,
2011,16,
2012,16,
2013,16,
2014,16,
2015,16,
2016,16,
2017,16,
2018,16,
2019,16,
2020,16,
2008,17,
2009,17,
2010,17,
2011,17,
2012,17,334599
2013,17,366400
2014,17,398233
2015,17,434169
2016,17,567353
2017,17,746156
2018,17,802944
2019,17,875364
2020,17,667035
2008,18,
2009,18,
2010,18,
2011,18,
2012,18,
2013,18,
2014,18,
2015,18,-1467
2016,18,-4922
2017,18,-5832
2018,18,-7270
2019,18,-7705
2020,18,-6335
2008,19,172426
2009,19,198272
2010,19,232900
2011,19,250600
2012,19,236200
2013,19,230200
2014,19,194200
2015,19,249400
2016,19,236700
2017,19,326700
2018,19,350800
2019,19,354600
2020,19,209600
2008,20,
2009,20,
2010,20,
2011,20,
2012,20,
2013,20,
2014,20,
2015,20,5370
2016,20,4421
2017,20,9231
2018,20,8741
2019,20,10499
2020,20,17032
2008,21,
2009,21,
2010,21,
2011,21,
2012,21,20551
2013,21,16511
2014,21,27484
2015,21,18950
2016,21,27086
2017,21,22964
2018,21,28252
2019,21,24409
2020,21,
2008,22,
2009,22,
2010,22,
2011,22,15083
2012,22,15811
2013,22,12501
2014,22,12346
2015,22,9561
2016,22,9294
2017,22,9500
2018,22,8655
2019,22,6418
2020,22,7
2008,23,1979
2009,23,2487
2010,23,6116
2011,23,-687
2012,23,2357
2013,23,309
2014,23,880
2015,23,7418
2016,23,6870
2017,23,2295
2018,23,3197
2019,23,-13482
2020,23,22216
2008,24,42738
2009,24,43102
2010,24,52499
2011,24,49771
2012,24,46510
2013,24,45112
2014,24,51428
2015,24,56057
2016,24,69799
2017,24,66862
2018,24,81169
2019,24,80201
2020,24,130177
2008,25,
2009,25,
2010,25,
2011,25,
2012,25,155
2013,25,323
2014,25,831
2015,25,3478
2016,25,382
2017,25,6435
2018,25,9580
2019,25,
2020,25,
2008,26,71479
2009,26,84687
2010,26,100319
2011,26,125420
2012,26,129829
2013,26,138586
2014,26,130731
2015,26,112694
2016,26,129096
2017,26,-115835
2018,26,-1981659
2019,26,-36159
2020,26,2010863
2008,27,9589
2009,27,-4514
2010,27,4422
2011,27,2001
2012,27,-9244
2013,27,-10865
2014,27,-599
2015,27,9251
2016,27,16523
2017,27,15219
2018,27,-6283
2019,27,-9451
2020,27,-11665
2008,28,58977
2009,28,10678
2010,28,61142
2011,28,-44286
2012,28,-27223
2013,28,537
2014,28,79684
2015,28,111549
2016,28,186972
2017,28,129081
2018,28,170469
2019,28,108723
2020,28,106366
2008,29,9054
2009,29,7930
2010,29,2067
2011,29,-1046
2012,29,-4144
2013,29,2324
2014,29,1855
2015,29,1752
2016,29,1182
2017,29,-1437
2018,29,
2019,29,
2020,29,
2008,30,109175
2009,30,104631
2010,30,70183
2011,30,51290
2012,30,20982
2013,30,43786
2014,30,35251
2015,30,-131764
2016,30,-78286
2017,30,-387142
2018,30,-17578
2019,30,-60051
2020,30,262041
2008,31,1364
2009,31,532
2010,31,-1745
2011,31,-429
2012,31,-792
2013,31,-677
2014,31,-124
2015,31,-1380
2016,31,-812
2017,31,-381
2018,31,-458
2019,31,-1473
2020,31,
2008,32,-3197
2009,32,-1617
2010,32,1100
2011,32,875
2012,32,-4376
2013,32,-4083
2014,32,134
2015,32,1520
2016,32,13195
2017,32,168
2018,32,6730
2019,32,4129
2020,32,976
2008,33,-12834
2009,33,-3954
2010,33,-13369
2011,33,-14053
2012,33,-13784
2013,33,-21001
2014,33,-17242
2015,33,-25355
2016,33,-9437
2017,33,-13494
2018,33,-40533
2019,33,
2020,33,
2008,34,420756
2009,34,309542
2010,34,259155
2011,34,53038
2012,34,-224224
2013,34,27467
2014,34,72360
2015,34,30852
2016,34,
2017,34,
2018,34,
2019,34,
2020,34,
2008,35,92208
2009,35,48031
2010,35,25905
2011,35,15604
2012,35,28616
2013,35,63154
2014,35,99483
2015,35,101643
2016,35,118595
2017,35,126653
2018,35,184635
2019,35,126648
2020,35,142558
2008,36,650338
2009,36,235177
2010,36,-102059
2011,36,84285
2012,36,77848
2013,36,50256
2014,36,175623
2015,36,222124
2016,36,280880
2017,36,348685
2018,36,465274
2019,36,481956
2020,36,700259
2008,37,254675
2009,37,383663
2010,37,253273
2011,37,-103467
2012,37,-332484
2013,37,-32657
2014,37,76559
2015,37,-21927
2016,37,5138
2017,37,121484
2018,37,18455
2019,37,99575
2020,37,76946
2008,38,184461
2009,38,108463
2010,38,192984
2011,38,149639
2012,38,-54767
2013,38,161159
2014,38,125328
2015,38,183381
2016,38,198129
2017,38,-67613
2018,38,-34213
2019,38,55909
2020,38,174059
2008,39,-8377
2009,39,-7832
2010,39,-4611
2011,39,-4667
2012,39,7261
2013,39,1297
2014,39,-34435
2015,39,-13335
2016,39,1738
2017,39,8151
2018,39,6604
2019,39,25500
2020,39,12241
2008,40,32564
2009,40,16133
2010,40,15990
2011,40,37251
2012,40,-67860
2013,40,30846
2014,40,21580
2015,40,23796
2016,40,19351
2017,40,42428
2018,40,77306
2019,40,77963
2020,40,75587
2008,41,-15058
2009,41,-45628
2010,41,-38221
2011,41,-26079
2012,41,-1987
2013,41,-3990
2014,41,-776
2015,41,-5009
2016,41,-8951
2017,41,2494
2018,41,4438
2019,41,3275
2020,41,-14117
2008,42,6379000
2009,42,9068000
2010,42,8074000
2011,42,8438000
2012,42,4820000
2013,42,7217000
2014,42,-78000
2015,42,5281000
2016,42,5780000
2017,42,7211000
2018,42,8201000
2019,42,4312000
2020,42,5463000
2008,43,534400
2009,43,546100
2010,43,711900
2011,43,714600
2012,43,876300
2013,43,937500
2014,43,869200
2015,43,881300
2016,43,933200
2017,43,988600
2018,43,1007700
2019,43,1077400
2020,43,1093100
2008,44,-6682
2009,44,-11415
2010,44,-19571
2011,44,-3286
2012,44,-1739
2013,44,-1987
2014,44,-2556
2015,44,-1537
2016,44,-1271
2017,44,
2018,44,
2019,44,
2020,44,
2008,45,
2009,45,
2010,45,
2011,45,
2012,45,
2013,45,
2014,45,
2015,45,
2016,45,
2017,45,
2018,45,
2019,45,
2020,45,
2008,46,295606
2009,46,100869
2010,46,722159
2011,46,209266
2012,46,161912
2013,46,281607
2014,46,289793
2015,46,296392
2016,46,416087
2017,46,288196
2018,46,409033
2019,46,430390
2020,46,461205
2008,47,572000
2009,47,233000
2010,47,134000
2011,47,42000
2012,47,318000
2013,47,126000
2014,47,161000
2015,47,76000
2016,47,354000
2017,47,576000
2018,47,490000
2019,47,581000
2020,47,469000
2008,48,495000
2009,48,658000
2010,48,682000
2011,48,796000
2012,48,789000
2013,48,861000
2014,48,708000
2015,48,448000
2016,48,
2017,48,
2018,48,
2019,48,
2020,48,
2008,49,
2009,49,
2010,49,-2
2011,49,57
2012,49,186
2013,49,146
2014,49,304
2015,49,183
2016,49,-781
2017,49,-1067
2018,49,-6122
2019,49,81
2020,49,316
2008,50,
2009,50,
2010,50,
2011,50,
2012,50,2914
2013,50,5109
2014,50,8588
2015,50,2566
2016,50,3683
2017,50,1990
2018,50,3303
2019,50,6437
2020,50,5495
2008,51,
2009,51,
2010,51,
2011,51,
2012,51,
2013,51,
2014,51,
2015,51,
2016,51,
2017,51,
2018,51,
2019,51,
2020,51,
2008,52,
2009,52,
2010,52,
2011,52,
2012,52,
2013,52,
2014,52,2051
2015,52,1410
2016,52,1639
2017,52,6539
2018,52,3103
2019,52,917
2020,52,909
2008,53,30457
2009,53,-20364
2010,53,6363
2011,53,11001
2012,53,8748
2013,53,3447
2014,53,10253
2015,53,17822
2016,53,21663
2017,53,35688
2018,53,287
2019,53,29927
2020,53,9294
2008,54,22087
2009,54,-12331
2010,54,4689
2011,54,2463
2012,54,6092
2013,54,10694
2014,54,24409
2015,54,23113
2016,54,52721
2017,54,27217
2018,54,29545
2019,54,38644
2020,54,27924
2008,55,25913
2009,55,-12837
2010,55,28182
2011,55,33209
2012,55,9099
2013,55,35530
2014,55,39179
2015,55,51584
2016,55,66892
2017,55,75454
2018,55,77849
2019,55,62234
2020,55,11980
2008,56,11730
2009,56,-9644
2010,56,-5123
2011,56,4543
2012,56,9046
2013,56,8842
2014,56,14842
2015,56,8132
2016,56,11347
2017,56,21852
2018,56,26621
2019,56,10456
2020,56,-10560
2008,57,44605
2009,57,39130
2010,57,44074
2011,57,44434
2012,57,41531
2013,57,27674
2014,57,27686
2015,57,28948
2016,57,25623
2017,57,35697
2018,57,30907
2019,57,
2020,57,
2008,58,286000
2009,58,337000
2010,58,213000
2011,58,-101000
2012,58,244000
2013,58,222000
2014,58,172000
2015,58,310000
2016,58,368000
2017,58,305000
2018,58,198000
2019,58,444000
2020,58,252000
2008,59,16031
2009,59,10580
2010,59,17436
2011,59,17389
2012,59,16290
2013,59,15585
2014,59,19702
2015,59,22878
2016,59,24059
2017,59,26575
2018,59,28365
2019,59,26937
2020,59,24902
2008,60,10342
2009,60,9396
2010,60,15176
2011,60,14116
2012,60,-32165
2013,60,-12426
2014,60,6964
2015,60,2693
2016,60,5334
2017,60,5716
2018,60,-1635
2019,60,-447
2020,60,-7542
2008,61,6596
2009,61,-12318
2010,61,15255
2011,61,11885
2012,61,-804
2013,61,-8009
2014,61,5931
2015,61,-1634
2016,61,4297
2017,61,8905
2018,61,13187
2019,61,10069
2020,61,7583
2008,62,6624
2009,62,-18653
2010,62,17036
2011,62,17719
2012,62,2640
2013,62,649
2014,62,6908
2015,62,5379
2016,62,762
2017,62,8152
2018,62,10242
2019,62,2723
2020,62,4293
2008,63,-7540
2009,63,-6529
2010,63,-6479
2011,63,-3442
2012,63,-3552
2013,63,-876
2014,63,-7801
2015,63,3418
2016,63,2882
2017,63,11771
2018,63,10509
2019,63,11392
2020,63,12663
2008,64,2897000
2009,64,3339000
2010,64,4127000
2011,64,-2624000
2012,64,-44000
2013,64,532000
2014,64,2347000
2015,64,447000
2016,64,2799000
2017,64,1777000
2018,64,-777000
2019,64,1739000
2020,64,1397000
2008,65,49686
2009,65,58463
2010,65,68874
2011,65,75230
2012,65,71309
2013,65,71314
2014,65,77033
2015,65,84050
2016,65,86642
2017,65,91945
2018,65,95753
2019,65,93187
2020,65,-2680
2008,66,
2009,66,
2010,66,-79
2011,66,9525
2012,66,-13980
2013,66,7429
2014,66,4952
2015,66,-18616
2016,66,23338
2017,66,29070
2018,66,32324
2019,66,23483
2020,66,-24520
2008,67,-692
2009,67,2350
2010,67,1981
2011,67,-427
2012,67,-1171
2013,67,2097
2014,67,1803
2015,67,603
2016,67,11780
2017,67,-309
2018,67,-404
2019,67,-6780
2020,67,5572
2008,68,-1097
2009,68,-14368
2010,68,-1846
2011,68,8444
2012,68,2997
2013,68,269
2014,68,-3365
2015,68,-2248
2016,68,-1741
2017,68,-5933
2018,68,-3397
2019,68,-7528
2020,68,-7132
2008,69,757700
2009,69,666400
2010,69,341200
2011,69,323700
2012,69,164700
2013,69,333900
2014,69,322600
2015,69,250500
2016,69,195100
2017,69,229700
2018,69,
2019,69,
2020,69,
2008,70,4038
2009,70,5555
2010,70,6229
2011,70,4206
2012,70,6680
2013,70,10353
2014,70,15786
2015,70,15226
2016,70,11679
2017,70,9589
2018,70,8162
2019,70,8608
2020,70,9292
2008,71,1828
2009,71,1983
2010,71,2351
2011,71,2588
2012,71,1340
2013,71,3481
2014,71,3680
2015,71,1708
2016,71,3761
2017,71,4287
2018,71,4096
2019,71,1347
2020,71,-2425
2008,72,10715
2009,72,34393
2010,72,21897
2011,72,14486
2012,72,20343
2013,72,27340
2014,72,44252
2015,72,60963
2016,72,46157
2017,72,39936
2018,72,36283
2019,72,27715
2020,72,68228
2008,73,3278
2009,73,17
2010,73,1356
2011,73,3282
2012,73,218
2013,73,473
2014,73,808
2015,73,1454
2016,73,2326
2017,73,
2018,73,
2019,73,
2020,73,
2008,74,
2009,74,
2010,74,
2011,74,
2012,74,
2013,74,
2014,74,
2015,74,
2016,74,
2017,74,
2018,74,
2019,74,
2020,74,
2008,75,
2009,75,
2010,75,
2011,75,
2012,75,
2013,75,
2014,75,1667
2015,75,660
2016,75,1415
2017,75,-2534
2018,75,-79
2019,75,-3575
2020,75,-5335
2008,76,796000
2009,76,1079000
2010,76,1638000
2011,76,1696000
2012,76,1372000
2013,76,1607000
2014,76,1707000
2015,76,1705000
2016,76,899000
2017,76,1226000
2018,76,1301000
2019,76,1465000
2020,76,1471000
2008,77,180747
2009,77,131944
2010,77,238856
2011,77,14203
2012,77,247422
2013,77,213989
2014,77,218458
2015,77,245735
2016,77,303409
2017,77,369119
2018,77,389524
2019,77,377316
2020,77,365205
2008,78,188861
2009,78,162601
2010,78,205629
2011,78,221226
2012,78,213409
2013,78,305966
2014,78,295062
2015,78,308000
2016,78,339700
2017,78,359400
2018,78,418400
2019,78,528100
2020,78,434600
2008,79,2284
2009,79,6317
2010,79,17207
2011,79,13978
2012,79,15963
2013,79,20415
2014,79,13274
2015,79,19499
2016,79,17511
2017,79,16077
2018,79,16864
2019,79,28001
2020,79,24359
2008,80,29378
2009,80,40231
2010,80,54253
2011,80,42395
2012,80,55104
2013,80,72651
2014,80,55527
2015,80,63881
2016,80,79343
2017,80,66869
2018,80,62875
2019,80,21105
2020,80,49308
2008,81,730000
2009,81,529000
2010,81,172000
2011,81,-177000
2012,81,77000
2013,81,228000
2014,81,214000
2015,81,-862000
2016,81,-347000
2017,81,-41000
2018,81,184000
2019,81,140000
2020,81,230000
2008,82,
2009,82,
2010,82,
2011,82,
2012,82,5899
2013,82,44727
2014,82,71559
2015,82,-68186
2016,82,
2017,82,
2018,82,
2019,82,
2020,82,
2008,83,46207
2009,83,40398
2010,83,47657
2011,83,52825
2012,83,43478
2013,83,38603
2014,83,29731
2015,83,36233
2016,83,39494
2017,83,47631
2018,83,53753
2019,83,62640
2020,83,42345
2008,84,266885
2009,84,177766
2010,84,130929
2011,84,118218
2012,84,-88072
2013,84,-571081
2014,84,35385
2015,84,73247
2016,84,111680
2017,84,129736
2018,84,49804
2019,84,51119
2020,84,-30365
2008,85,2685
2009,85,-5294
2010,85,5194
2011,85,-6324
2012,85,-11464
2013,85,913
2014,85,14060
2015,85,14658
2016,85,6408
2017,85,20796
2018,85,40084
2019,85,25223
2020,85,45991
2008,86,266885
2009,86,177766
2010,86,130929
2011,86,118218
2012,86,-88072
2013,86,-571081
2014,86,35385
2015,86,73247
2016,86,111680
2017,86,129736
2018,86,49804
2019,86,51119
2020,86,-30365
2008,87,1576
2009,87,-4245
2010,87,-1174
2011,87,-4160
2012,87,-22074
2013,87,-4397
2014,87,-12201
2015,87,-6056
2016,87,22317
2017,87,-2239
2018,87,-5115
2019,87,-4672
2020,87,
2008,88,-13093
2009,88,44
2010,88,-1648
2011,88,-8023
2012,88,-7068
2013,88,-4224
2014,88,-3127
2015,88,-1865
2016,88,-4508
2017,88,-2318
2018,88,-3318
2019,88,
2020,88,
2008,89,24977
2009,89,-3444
2010,89,-21841
2011,89,-13467
2012,89,-9468
2013,89,-8526
2014,89,-6420
2015,89,-3571
2016,89,12271
2017,89,-2545
2018,89,-1100
2019,89,
2020,89,
2008,90,3569
2009,90,7375
2010,90,14941
2011,90,16450
2012,90,16564
2013,90,20157
2014,90,22629
2015,90,21601
2016,90,48495
2017,90,24764
2018,90,
2019,90,
2020,90,
2008,91,
2009,91,
2010,91,
2011,91,
2012,91,-1947
2013,91,-1663
2014,91,-2938
2015,91,-1846
2016,91,3592
2017,91,3337
2018,91,4650
2019,91,3821
2020,91,
2008,92,
2009,92,
2010,92,
2011,92,
2012,92,
2013,92,
2014,92,536
2015,92,-705
2016,92,-1434
2017,92,-2099
2018,92,532
2019,92,-2305
2020,92,
2008,93,
2009,93,
2010,93,
2011,93,
2012,93,
2013,93,
2014,93,
2015,93,
2016,93,
2017,93,
2018,93,
2019,93,
2020,93,
2008,94,
2009,94,
2010,94,
2011,94,
2012,94,
2013,94,
2014,94,
2015,94,
2016,94,
2017,94,
2018,94,
2019,94,
2020,94,
2008,95,-2101
2009,95,46265
2010,95,53584
2011,95,72304
2012,95,72205
2013,95,36874
2014,95,66556
2015,95,88097
2016,95,107371
2017,95,130347
2018,95,138576
2019,95,150139
2020,95,139325
2008,96,-57860
2009,96,-23223
2010,96,-4899
2011,96,-38887
2012,96,5221
2013,96,-4560
2014,96,
2015,96,
2016,96,
2017,96,
2018,96,
2019,96,
2020,96,
2008,97,2057
2009,97,-1750
2010,97,-17414
2011,97,-33889
2012,97,6764
2013,97,367
2014,97,1143
2015,97,-259
2016,97,576
2017,97,-1436
2018,97,1817
2019,97,1355
2020,97,-1630
2008,98,59887
2009,98,102737
2010,98,144932
2011,98,158256
2012,98,137406
2013,98,129339
2014,98,128124
2015,98,150102
2016,98,168196
2017,98,178706
2018,98,204365
2019,98,216287
2020,98,321373
2008,99,6106
2009,99,9931
2010,99,9127
2011,99,5864
2012,99,1741
2013,99,-501
2014,99,6957
2015,99,5227
2016,99,6292
2017,99,-13937
2018,99,
2019,99,
2020,99,
2008,100,58645
2009,100,57175
2010,100,111557
2011,100,142988
2012,100,154039
2013,100,157093
2014,100,171036
2015,100,199122
2016,100,227416
2017,100,229222
2018,100,223891
2019,100,195791
2020,100,256314
2008,101,617
2009,101,1586
2010,101,277
2011,101,-278
2012,101,-2910
2013,101,1283
2014,101,-1577
2015,101,754
2016,101,865
2017,101,93
2018,101,-1046
2019,101,247
2020,101,4794
2008,102,2879
2009,102,-1240
2010,102,8979
2011,102,6347
2012,102,7850
2013,102,2414
2014,102,6891
2015,102,13240
2016,102,-102
2017,102,4855
2018,102,4486
2019,102,11933
2020,102,6676
2008,103,-25990
2009,103,-7382
2010,103,-18722
2011,103,-2854
2012,103,1814
2013,103,1059
2014,103,7490
2015,103,7490
2016,103,8928
2017,103,-5243
2018,103,-47254
2019,103,
2020,103,
2008,104,10901
2009,104,11775
2010,104,11366
2011,104,14030
2012,104,11651
2013,104,5011
2014,104,5468
2015,104,5942
2016,104,5842
2017,104,5371
2018,104,7006
2019,104,37081
2020,104,-7504
2008,105,1200
2009,105,-1924
2010,105,-988
2011,105,-760
2012,105,51
2013,105,356
2014,105,287
2015,105,-892
2016,105,-348
2017,105,899
2018,105,-190
2019,105,-333
2020,105,435
2008,106,20905
2009,106,12766
2010,106,16558
2011,106,9044
2012,106,12056
2013,106,17427
2014,106,17163
2015,106,15092
2016,106,26530
2017,106,23135
2018,106,34860
2019,106,18881
2020,106,22814
2008,107,-35341
2009,107,-44572
2010,107,201
2011,107,-17190
2012,107,-11972
2013,107,-14563
2014,107,-19590
2015,107,-18163
2016,107,5611
2017,107,5083
2018,107,6474
2019,107,4478
2020,107,67129
2008,108,
2009,108,
2010,108,
2011,108,
2012,108,
2013,108,-670
2014,108,-461
2015,108,-8167
2016,108,35306
2017,108,30909
2018,108,22605
2019,108,29769
2020,108,14287
2008,109,
2009,109,11736
2010,109,18624
2011,109,21284
2012,109,27078
2013,109,18524
2014,109,24110
2015,109,34566
2016,109,
2017,109,
2018,109,
2019,109,
2020,109,
2008,110,-4132
2009,110,-7248
2010,110,-8568
2011,110,-5376
2012,110,-5015
2013,110,-139
2014,110,-631
2015,110,-887
2016,110,-2179
2017,110,1282
2018,110,-79
2019,110,-290
2020,110,47
2008,111,11100
2009,111,-14056
2010,111,1743
2011,111,2146
2012,111,-4670
2013,111,-3160
2014,111,-9408
2015,111,-5381
2016,111,-2598
2017,111,-910
2018,111,-566
2019,111,2805
2020,111,4268
2008,112,60374
2009,112,61061
2010,112,36300
2011,112,55945
2012,112,71511
2013,112,78981
2014,112,90793
2015,112,115092
2016,112,149153
2017,112,150584
2018,112,211938
2019,112,224371
2020,112,
2008,113,31321
2009,113,-36314
2010,113,-2529
2011,113,2500
2012,113,-5119
2013,113,14619
2014,113,22676
2015,113,38467
2016,113,52385
2017,113,60730
2018,113,58287
2019,113,23443
2020,113,3222
2008,114,-1333
2009,114,409
2010,114,1498
2011,114,928
2012,114,1172
2013,114,-1240
2014,114,3511
2015,114,3510
2016,114,3218
2017,114,-2425
2018,114,-1249
2019,114,-4198
2020,114,
2008,115,6087
2009,115,-9723
2010,115,46
2011,115,2909
2012,115,2465
2013,115,612
2014,115,2149
2015,115,7011
2016,115,
2017,115,
2018,115,
2019,115,
2020,115,
2008,116,19497
2009,116,14548
2010,116,23776
2011,116,15454
2012,116,6219
2013,116,9811
2014,116,12157
2015,116,13473
2016,116,12446
2017,116,17804
2018,116,20960
2019,116,9776
2020,116,14509
2008,117,10274
2009,117,9576
2010,117,7998
2011,117,10755
2012,117,12196
2013,117,7844
2014,117,8321
2015,117,9105
2016,117,-6870
2017,117,-1512
2018,117,306
2019,117,4194
2020,117,-9038
2008,118,15870
2009,118,-60749
2010,118,5573
2011,118,14713
2012,118,-11542
2013,118,12748
2014,118,-4970
2015,118,2267
2016,118,-1748
2017,118,21273
2018,118,18546
2019,118,10436
2020,118,-1727
2008,119,60792
2009,119,20108
2010,119,45640
2011,119,66651
2012,119,74807
2013,119,71072
2014,119,93109
2015,119,163362
2016,119,148493
2017,119,192150
2018,119,239926
2019,119,244230
2020,119,202566
2008,120,
2009,120,
2010,120,
2011,120,23009
2012,120,35272
2013,120,75651
2014,120,94172
2015,120,-324714
2016,120,22309
2017,120,84417
2018,120,122343
2019,120,-51957
2020,120,-253723
2008,121,
2009,121,
2010,121,
2011,121,
2012,121,1460000
2013,121,1507000
2014,121,1122378
2015,121,597489
2016,121,-25369
2017,121,668929
2018,121,1624431
2019,121,1080737
2020,121,-653738
2008,122,203973
2009,122,169445
2010,122,242154
2011,122,265512
2012,122,264774
2013,122,208339
2014,122,204729
2015,122,260867
2016,122,105647
2017,122,63066
2018,122,84883
2019,122,105543
2020,122,101059
2008,123,
2009,123,
2010,123,
2011,123,
2012,123,
2013,123,
2014,123,373
2015,123,632
2016,123,725
2017,123,-228
2018,123,-2365
2019,123,1127
2020,123,890
2008,124,
2009,124,
2010,124,
2011,124,
2012,124,
2013,124,
2014,124,
2015,124,1634
2016,124,1138
2017,124,690
2018,124,335
2019,124,-147
2020,124,-14661
2008,125,
2009,125,
2010,125,
2011,125,
2012,125,
2013,125,
2014,125,
2015,125,10539
2016,125,19823
2017,125,8513
2018,125,17362
2019,125,20794
2020,125,11900
2008,126,-65113
2009,126,-15537
2010,126,2867
2011,126,5463
2012,126,-77157
2013,126,-32549
2014,126,168994
2015,126,7089
2016,126,-5144
2017,126,35197
2018,126,19848
2019,126,-2978
2020,126,4613
2008,127,9085
2009,127,20288
2010,127,18909
2011,127,8240
2012,127,1062
2013,127,6435
2014,127,6933
2015,127,15734
2016,127,25458
2017,127,26790
2018,127,30943
2019,127,24532
2020,127,5970
2008,128,166841
2009,128,242164
2010,128,260570
2011,128,271602
2012,128,591182
2013,128,247565
2014,128,247814
2015,128,278788
2016,128,278157
2017,128,350823
2018,128,395605
2019,128,
2020,128,
2008,129,22897
2009,129,30743
2010,129,41971
2011,129,47974
2012,129,45458
2013,129,47695
2014,129,41959
2015,129,52746
2016,129,62078
2017,129,66203
2018,129,
2019,129,
2020,129,
2008,130,122027
2009,130,124793
2010,130,133211
2011,130,115352
2012,130,114117
2013,130,114361
2014,130,123975
2015,130,136712
2016,130,116649
2017,130,99077
2018,130,119977
2019,130,
2020,130,
2008,131,4327
2009,131,5196
2010,131,6503
2011,131,7807
2012,131,8386
2013,131,5173
2014,131,7109
2015,131,12589
2016,131,15010
2017,131,15929
2018,131,21481
2019,131,21721
2020,131,-15886
2008,132,1129353
2009,132,1124366
2010,132,1108321
2011,132,1127448
2012,132,1146252
2013,132,1142899
2014,132,1261545
2015,132,1438314
2016,132,1775677
2017,132,2065432
2018,132,1519263
2019,132,471000
2020,132,-2166000
2008,133,4307
2009,133,-19278
2010,133,11064
2011,133,-4605
2012,133,-47711
2013,133,-32568
2014,133,-41523
2015,133,-80834
2016,133,
2017,133,
2018,133,
2019,133,
2020,133,
2008,134,162435
2009,134,252552
2010,134,276036
2011,134,283873
2012,134,659737
2013,134,256649
2014,134,260363
2015,134,289595
2016,134,273358
2017,134,354646
2018,134,397605
2019,134,257973
2020,134,168646
2008,135,
2009,135,
2010,135,
2011,135,
2012,135,3922
2013,135,6807
2014,135,10961
2015,135,10664
2016,135,16411
2017,135,22048
2018,135,24976
2019,135,30092
2020,135,-18414
2008,136,8028
2009,136,-6807
2010,136,810
2011,136,-4241
2012,136,4116
2013,136,-1747
2014,136,4560
2015,136,14254
2016,136,18338
2017,136,16712
2018,136,-2912
2019,136,-1313
2020,136,20683
2008,137,4802
2009,137,2622
2010,137,4184
2011,137,5573
2012,137,6299
2013,137,6940
2014,137,6634
2015,137,7416
2016,137,8881
2017,137,8452
2018,137,9192
2019,137,10650
2020,137,2284
2008,138,
2009,138,
2010,138,
2011,138,
2012,138,
2013,138,
2014,138,
2015,138,
2016,138,
2017,138,
2018,138,
2019,138,
2020,138,
2008,139,-17962
2009,139,1201
2010,139,-168
2011,139,-1122
2012,139,-500
2013,139,-12584
2014,139,1834
2015,139,5449
2016,139,12716
2017,139,15410
2018,139,-54018
2019,139,6010
2020,139,5967
2008,140,-9408
2009,140,-4736
2010,140,6369
2011,140,-5715
2012,140,-10322
2013,140,-12689
2014,140,-6126
2015,140,-843
2016,140,-2859
2017,140,-2312
2018,140,-3809
2019,140,
2020,140,
2008,141,656
2009,141,-41140
2010,141,14510
2011,141,-31944
2012,141,-69299
2013,141,-78126
2014,141,-35652
2015,141,-19270
2016,141,-64665
2017,141,-39640
2018,141,-12478
2019,141,-40493
2020,141,-56756
2008,142,21119
2009,142,19566
2010,142,33437
2011,142,36486
2012,142,28605
2013,142,79828
2014,142,24789
2015,142,10032
2016,142,39600
2017,142,94100
2018,142,111800
2019,142,83500
2020,142,23500
2008,143,-19463
2009,143,7301
2010,143,-7713
2011,143,-1432
2012,143,-14550
2013,143,-18373
2014,143,3454
2015,143,-3751
2016,143,-899
2017,143,-1005
2018,143,20699
2019,143,-7564
2020,143,
2008,144,25343
2009,144,-66743
2010,144,-48659
2011,144,-10635
2012,144,-73766
2013,144,-75578
2014,144,-31020
2015,144,-16019
2016,144,-79344
2017,144,-46667
2018,144,-4913
2019,144,-398
2020,144,324
2008,145,-2469
2009,145,61
2010,145,782
2011,145,-840
2012,145,-512
2013,145,-1455
2014,145,-4280
2015,145,3193
2016,145,2531
2017,145,4236
2018,145,3520
2019,145,2963
2020,145,1923
2008,146,-2872
2009,146,3261
2010,146,-2923
2011,146,2984
2012,146,-18148
2013,146,-28108
2014,146,-12193
2015,146,-17330
2016,146,-18138
2017,146,-16323
2018,146,-5939
2019,146,-6751
2020,146,-17864
2008,147,151405
2009,147,63918
2010,147,90267
2011,147,82672
2012,147,-173809
2013,147,-207277
2014,147,19417
2015,147,38314
2016,147,42304
2017,147,47487
2018,147,32064
2019,147,49096
2020,147,1550
2008,148,-11383
2009,148,-821
2010,148,-390
2011,148,5408
2012,148,-6965
2013,148,-10908
2014,148,7134
2015,148,-278
2016,148,2759
2017,148,2339
2018,148,2043
2019,148,-6715
2020,148,
2008,149,75716
2009,149,44314
2010,149,95033
2011,149,104751
2012,149,44113
2013,149,17258
2014,149,28010
2015,149,4537
2016,149,16595
2017,149,19095
2018,149,-33150
2019,149,-136978
2020,149,
2008,150,693000
2009,150,448400
2010,150,599600
2011,150,459200
2012,150,-287400
2013,150,100200
2014,150,138700
2015,150,197200
2016,150,-274400
2017,150,296500
2018,150,67000
2019,150,381700
2020,150,285900
2008,151,
2009,151,
2010,151,
2011,151,2787
2012,151,2036
2013,151,3510
2014,151,3341
2015,151,4336
2016,151,5378
2017,151,2144
2018,151,2793
2019,151,375
2020,151,1663
2008,152,
2009,152,
2010,152,
2011,152,
2012,152,
2013,152,
2014,152,185
2015,152,295
2016,152,-558
2017,152,-681
2018,152,-452
2019,152,259
2020,152,-27
2008,153,62700
2009,153,-133400
2010,153,44000
2011,153,-323300
2012,153,-587900
2013,153,-254700
2014,153,-98600
2015,153,-143300
2016,153,5000
2017,153,87400
2018,153,100500
2019,153,86400
2020,153,29000
2008,154,
2009,154,
2010,154,
2011,154,
2012,154,
2013,154,1958
2014,154,9974
2015,154,10141
2016,154,3166
2017,154,1818
2018,154,4119
2019,154,6591
2020,154,-3162
2008,155,
2009,155,
2010,155,
2011,155,
2012,155,
2013,155,
2014,155,2503
2015,155,5877
2016,155,5148
2017,155,4800
2018,155,3222
2019,155,2276
2020,155,1414
2008,156,
2009,156,
2010,156,
2011,156,28590
2012,156,8712
2013,156,15073
2014,156,39018
2015,156,58948
2016,156,63452
2017,156,79750
2018,156,82549
2019,156,88839
2020,156,88303
2008,157,
2009,157,
2010,157,
2011,157,
2012,157,1603
2013,157,2434
2014,157,3167
2015,157,1549
2016,157,2529
2017,157,-29255
2018,157,-20972
2019,157,
2020,157,
2008,158,
2009,158,
2010,158,
2011,158,
2012,158,
2013,158,
2014,158,
2015,158,230
2016,158,-136
2017,158,-160
2018,158,-560
2019,158,-368
2020,158,
2008,159,
2009,159,
2010,159,
2011,159,
2012,159,
2013,159,
2014,159,
2015,159,172
2016,159,23
2017,159,267
2018,159,457
2019,159,1032
2020,159,
2008,160,
2009,160,
2010,160,
2011,160,52
2012,160,87
2013,160,148
2014,160,-1152
2015,160,1394
2016,160,1879
2017,160,78
2018,160,-1747
2019,160,-3582
2020,160,-2363
2008,161,
2009,161,
2010,161,
2011,161,
2012,161,
2013,161,
2014,161,1735
2015,161,2448
2016,161,1431
2017,161,194
2018,161,48
2019,161,1307
2020,161,681
2008,162,
2009,162,
2010,162,
2011,162,
2012,162,
2013,162,
2014,162,892
2015,162,851
2016,162,552
2017,162,1345
2018,162,1040
2019,162,1002
2020,162,-1739
2008,163,
2009,163,
2010,163,
2011,163,
2012,163,
2013,163,
2014,163,20
2015,163,174
2016,163,20
2017,163,-62
2018,163,76
2019,163,249
2020,163,417
2008,164,10063
2009,164,2756
2010,164,1447
2011,164,3440
2012,164,-2345
2013,164,-8152
2014,164,-14829
2015,164,-9940
2016,164,-6918
2017,164,-11250
2018,164,-4768
2019,164,-3638
2020,164,-642
2008,165,
2009,165,
2010,165,
2011,165,
2012,165,
2013,165,
2014,165,
2015,165,
2016,165,
2017,165,
2018,165,
2019,165,
2020,165,
2008,166,
2009,166,
2010,166,
2011,166,
2012,166,
2013,166,
2014,166,120958
2015,166,92764
2016,166,143715
2017,166,175506
2018,166,196285
2019,166,195581
2020,166,220941
2008,167,90542
2009,167,118680
2010,167,-13807
2011,167,119389
2012,167,-122483
2013,167,-383600
2014,167,-261838
2015,167,343740
2016,167,308362
2017,167,331367
2018,167,185523
2019,167,35314
2020,167,-354929
2008,168,27191
2009,168,24340
2010,168,-15872
2011,168,98
2012,168,28802
2013,168,20778
2014,168,2599
2015,168,-1398
2016,168,-7319
2017,168,1117
2018,168,-2513
2019,168,-962
2020,168,-113226
2008,169,19250000
2009,169,12073000
2010,169,16540000
2011,169,18477000
2012,169,16600000
2013,169,13728000
2014,169,7342000
2015,169,-3980000
2016,169,892000
2017,169,6844000
2018,169,10107000
2019,169,5746000
2020,169,-5978000
2008,170,644512
2009,170,86090
2010,170,-37842
2011,170,64960
2012,170,268738
2013,170,183828
2014,170,-1986
2015,170,36741
2016,170,153541
2017,170,140189
2018,170,144012
2019,170,52302
2020,170,66276
2008,171,184242
2009,171,110696
2010,171,95980
2011,171,-355469
2012,171,-232547
2013,171,50117
2014,171,61382
2015,171,77613
2016,171,133835
2017,171,188893
2018,171,172710
2019,171,167007
2020,171,78814
2008,172,54179
2009,172,70388
2010,172,27982
2011,172,21430
2012,172,11712
2013,172,15051
2014,172,4839
2015,172,3517
2016,172,2875
2017,172,-5904
2018,172,11576
2019,172,28240
2020,172,-40866
2008,173,1217000
2009,173,1063000
2010,173,1239000
2011,173,1379000
2012,173,1349000
2013,173,-30000
2014,173,-120000
2015,173,-662000
2016,173,-1635000
2017,173,-106000
2018,173,-216000
2019,173,228000
2020,173,-974000
2008,174,589870
2009,174,494283
2010,174,605535
2011,174,695273
2012,174,856357
2013,174,956366
2014,174,1060080
2015,174,1277914
2016,174,1318693
2017,174,1256490
2018,174,1228473
2019,174,
2020,174,
2008,175,125963
2009,175,126545
2010,175,163352
2011,175,196886
2012,175,207717
2013,175,191172
2014,175,144380
2015,175,137270
2016,175,114967
2017,175,101897
2018,175,65751
2019,175,76971
2020,175,-157975
2008,176,20057
2009,176,22016
2010,176,12522
2011,176,10659
2012,176,1620
2013,176,8380
2014,176,20643
2015,176,26384
2016,176,14940
2017,176,15063
2018,176,25401
2019,176,29372
2020,176,6777
2008,177,166193
2009,177,112874
2010,177,90239
2011,177,78127
2012,177,17714
2013,177,-38479
2014,177,-1445
2015,177,19084
2016,177,7278
2017,177,26750
2018,177,568
2019,177,-24330
2020,177,-132649
2008,178,29448
2009,178,-324578
2010,178,28750
2011,178,51184
2012,178,44037
2013,178,50062
2014,178,64863
2015,178,-25559
2016,178,-122621
2017,178,-222171
2018,178,-23233
2019,178,-279046
2020,178,-84109
2008,179,-12677
2009,179,-4095
2010,179,-595
2011,179,5754
2012,179,6140
2013,179,5193
2014,179,4797
2015,179,5491
2016,179,5294
2017,179,7507
2018,179,13090
2019,179,16006
2020,179,422
2008,180,15250
2009,180,-30836
2010,180,-14606
2011,180,-1247
2012,180,1357
2013,180,-717
2014,180,6113
2015,180,2853
2016,180,8331
2017,180,18939
2018,180,28797
2019,180,21806
2020,180,-27587
2008,181,-2371
2009,181,-2063
2010,181,2378
2011,181,2713
2012,181,2865
2013,181,2624
2014,181,1472
2015,181,2180
2016,181,2585
2017,181,-4265
2018,181,-5188
2019,181,982
2020,181,-1037
2008,182,-18752
2009,182,-57570
2010,182,-39908
2011,182,-44387
2012,182,-20369
2013,182,-25626
2014,182,-8211
2015,182,-10081
2016,182,-25107
2017,182,18391
2018,182,
2019,182,
2020,182,
2008,183,64226
2009,183,34803
2010,183,89315
2011,183,154340
2012,183,188366
2013,183,220691
2014,183,237980
2015,183,251383
2016,183,245673
2017,183,173345
2018,183,135912
2019,183,117134
2020,183,-79825
2008,184,-16629
2009,184,-16797
2010,184,-14554
2011,184,-17393
2012,184,-28121
2013,184,-10642
2014,184,
2015,184,
2016,184,
2017,184,
2018,184,
2019,184,
2020,184,
2008,185,
2009,185,8895
2010,185,17869
2011,185,32350
2012,185,33760
2013,185,45221
2014,185,46426
2015,185,46143
2016,185,53400
2017,185,59414
2018,185,65282
2019,185,69176
2020,185,-33782
2008,186,5262
2009,186,5412
2010,186,7875
2011,186,5296
2012,186,11208
2013,186,9178
2014,186,9181
2015,186,4566
2016,186,4268
2017,186,2536
2018,186,-10544
2019,186,-1638
2020,186,-5266
2008,187,
2009,187,
2010,187,
2011,187,
2012,187,1705
2013,187,1617
2014,187,1436
2015,187,886
2016,187,-12155
2017,187,-6985
2018,187,-6226
2019,187,-15376
2020,187,-2552
2008,188,
2009,188,
2010,188,79472
2011,188,88910
2012,188,67664
2013,188,145246
2014,188,195486
2015,188,250971
2016,188,293089
2017,188,335695
2018,188,412188
2019,188,470727
2020,188,345519
2008,189,
2009,189,
2010,189,
2011,189,
2012,189,
2013,189,-35670
2014,189,12623
2015,189,7947
2016,189,98508
2017,189,105789
2018,189,9527
2019,189,32845
2020,189,-134430
2008,190,
2009,190,
2010,190,
2011,190,
2012,190,
2013,190,
2014,190,
2015,190,5769
2016,190,4736
2017,190,4517
2018,190,5556
2019,190,4338
2020,190,431
2008,191,-10507
2009,191,-12755
2010,191,-10095
2011,191,-8608
2012,191,-11741
2013,191,-15751
2014,191,-18067
2015,191,-5172
2016,191,-7436
2017,191,-2267
2018,191,1117
2019,191,2471
2020,191,1937
2008,192,-16356
2009,192,-24351
2010,192,-21673
2011,192,-6437
2012,192,-2497
2013,192,-7713
2014,192,-10723
2015,192,-24983
2016,192,-15204
2017,192,-5301
2018,192,-15019
2019,192,-25131
2020,192,-21029
2008,193,-17446
2009,193,-17169
2010,193,-17582
2011,193,-21569
2012,193,-22001
2013,193,-18169
2014,193,-13003
2015,193,-20784
2016,193,-13876
2017,193,-8497
2018,193,-4123
2019,193,-341
2020,193,
2008,194,138146
2009,194,152652
2010,194,150997
2011,194,160012
2012,194,160338
2013,194,180796
2014,194,214775
2015,194,265437
2016,194,317282
2017,194,389115
2018,194,417935
2019,194,444144
2020,194,455656
2008,195,
2009,195,
2010,195,
2011,195,1615
2012,195,2415
2013,195,1934
2014,195,2906
2015,195,3606
2016,195,2975
2017,195,5165
2018,195,5352
2019,195,
2020,195,
2008,196,40135
2009,196,33968
2010,196,40094
2011,196,46473
2012,196,50265
2013,196,61732
2014,196,79267
2015,196,88930
2016,196,97405
2017,196,110310
2018,196,139217
2019,196,161419
2020,196,162054
2008,197,36564
2009,197,67842
2010,197,67127
2011,197,47292
2012,197,59196
2013,197,80574
2014,197,79776
2015,197,70705
2016,197,67690
2017,197,
2018,197,
2019,197,
2020,197,
2008,198,-6511
2009,198,-1904
2010,198,2097
2011,198,3716
2012,198,1233
2013,198,1915
2014,198,3805
2015,198,6250
2016,198,7453
2017,198,7745
2018,198,10074
2019,198,11118
2020,198,13346
2008,199,9443
2009,199,3824
2010,199,760
2011,199,4699
2012,199,5820
2013,199,714
2014,199,1396
2015,199,954
2016,199,2047
2017,199,6559
2018,199,8381
2019,199,3696
2020,199,16722
2008,200,-196474
2009,200,-2563
2010,200,-16117
2011,200,-36387
2012,200,-13361
2013,200,-3943
2014,200,-15997
2015,200,-18359
2016,200,-37852
2017,200,-42175
2018,200,-45061
2019,200,-16359
2020,200,-22100
2008,201,12664
2009,201,8562
2010,201,-14408
2011,201,-8475
2012,201,1789
2013,201,-579
2014,201,-1331
2015,201,2876
2016,201,1167
2017,201,
2018,201,
2019,201,
2020,201,
2008,202,-1748
2009,202,-5661
2010,202,454
2011,202,-3666
2012,202,4759
2013,202,4521
2014,202,5218
2015,202,4644
2016,202,7011
2017,202,2464
2018,202,561
2019,202,2315
2020,202,5877
2008,203,-4838
2009,203,-28175
2010,203,3581
2011,203,-56475
2012,203,-5587
2013,203,-3304
2014,203,-4322
2015,203,-8623
2016,203,-3475
2017,203,-1465
2018,203,200
2019,203,5270
2020,203,9125
2008,204,-8715
2009,204,-452
2010,204,-77
2011,204,-888
2012,204,-416
2013,204,-915
2014,204,-443
2015,204,408
2016,204,-223
2017,204,-2250
2018,204,-4355
2019,204,-3865
2020,204,-1518
2008,205,9084
2009,205,9203
2010,205,9959
2011,205,8682
2012,205,4224
2013,205,6034
2014,205,6964
2015,205,7662
2016,205,4768
2017,205,2644
2018,205,1780
2019,205,
2020,205,
2008,206,2906
2009,206,2316
2010,206,2520
2011,206,1846
2012,206,-3289
2013,206,-7746
2014,206,30
2015,206,262
2016,206,
2017,206,
2018,206,
2019,206,
2020,206,
2008,207,481
2009,207,165
2010,207,14
2011,207,311
2012,207,46
2013,207,698
2014,207,403
2015,207,3715
2016,207,2677
2017,207,3502
2018,207,
2019,207,
2020,207,
2008,208,2016
2009,208,-307
2010,208,-4533
2011,208,-1473
2012,208,97
2013,208,1003
2014,208,2556
2015,208,2630
2016,208,2861
2017,208,-478
2018,208,-668
2019,208,-2993
2020,208,-2853
2008,209,
2009,209,
2010,209,-4
2011,209,728
2012,209,978
2013,209,29609
2014,209,33703
2015,209,35611
2016,209,37703
2017,209,40337
2018,209,43031
2019,209,48318
2020,209,60191
2008,210,
2009,210,
2010,210,
2011,210,
2012,210,
2013,210,
2014,210,-1012
2015,210,-4158
2016,210,213
2017,210,-183
2018,210,-8
2019,210,-855
2020,210,-1131
2008,211,
2009,211,436
2010,211,309
2011,211,326
2012,211,55
2013,211,-2264
2014,211,-4869
2015,211,-7446
2016,211,-3375
2017,211,-3229
2018,211,-1664
2019,211,-5314
2020,211,-4911
2008,212,
2009,212,
2010,212,1777
2011,212,1145
2012,212,1148
2013,212,584
2014,212,697
2015,212,-3562
2016,212,-8705
2017,212,-8687
2018,212,-3131
2019,212,-780
2020,212,-6373
2008,213,
2009,213,
2010,213,736
2011,213,889
2012,213,1157
2013,213,1238
2014,213,1128
2015,213,833
2016,213,1687
2017,213,
2018,213,
2019,213,
2020,213,
2008,214,
2009,214,
2010,214,
2011,214,
2012,214,
2013,214,82
2014,214,203
2015,214,51
2016,214,1128
2017,214,1202
2018,214,1918
2019,214,1822
2020,214,1201
2008,215,
2009,215,
2010,215,
2011,215,829
2012,215,888
2013,215,842
2014,215,287
2015,215,1008
2016,215,323
2017,215,
2018,215,
2019,215,
2020,215,
2008,216,
2009,216,
2010,216,
2011,216,
2012,216,
2013,216,
2014,216,55
2015,216,159
2016,216,300
2017,216,-305
2018,216,-1584
2019,216,-4126
2020,216,-3437
2008,217,
2009,217,
2010,217,
2011,217,
2012,217,
2013,217,2474
2014,217,3532
2015,217,4555
2016,217,5050
2017,217,3123
2018,217,5723
2019,217,3724
2020,217,7229
2008,218,12036
2009,218,-4659
2010,218,207
2011,218,12716
2012,218,-1764
2013,218,-19634
2014,218,-23692
2015,218,6440
2016,218,-28155
2017,218,4598
2018,218,24923
2019,218,46233
2020,218,-47025
2008,219,-1563
2009,219,-1089
2010,219,-288
2011,219,-1673
2012,219,-5179
2013,219,20
2014,219,629
2015,219,396
2016,219,509
2017,219,1346
2018,219,551
2019,219,721
2020,219,940
2008,220,4118
2009,220,3002
2010,220,8565
2011,220,4931
2012,220,-9698
2013,220,-29283
2014,220,-16241
2015,220,-85473
2016,220,-18595
2017,220,-5384
2018,220,78964
2019,220,17569
2020,220,
2008,221,11775
2009,221,13865
2010,221,16962
2011,221,7806
2012,221,13672
2013,221,15123
2014,221,20231
2015,221,16435
2016,221,13072
2017,221,17761
2018,221,12678
2019,221,9976
2020,221,1198
2008,222,
2009,222,
2010,222,
2011,222,
2012,222,
2013,222,
2014,222,-263
2015,222,-682
2016,222,-187
2017,222,50
2018,222,2
2019,222,44
2020,222,31
2008,223,
2009,223,
2010,223,
2011,223,
2012,223,
2013,223,
2014,223,659
2015,223,476
2016,223,13078
2017,223,2593
2018,223,
2019,223,
2020,223,
2008,224,
2009,224,
2010,224,
2011,224,
2012,224,
2013,224,
2014,224,
2015,224,
2016,224,
2017,224,
2018,224,
2019,224,
2020,224,
2008,225,
2009,225,
2010,225,-24
2011,225,718
2012,225,228
2013,225,73
2014,225,-1249
2015,225,2114
2016,225,2177
2017,225,4135
2018,225,1203
2019,225,-1236
2020,225,-106
2008,226,10448
2009,226,1351
2010,226,5343
2011,226,5688
2012,226,-945
2013,226,-3013
2014,226,-6943
2015,226,-11642
2016,226,-3040
2017,226,-2442
2018,226,3433
2019,226,6043
2020,226,4274
2008,227,
2009,227,
2010,227,
2011,227,30909
2012,227,20546
2013,227,22643
2014,227,17542
2015,227,-1718
2016,227,75502
2017,227,86506
2018,227,108104
2019,227,85273
2020,227,54791
2008,228,-19930
2009,228,-9711
2010,228,-8030
2011,228,-7533
2012,228,-6211
2013,228,-4215
2014,228,-4307
2015,228,-9204
2016,228,-14462
2017,228,7734
2018,228,33175
2019,228,-7010
2020,228,-16484
2008,229,
2009,229,
2010,229,
2011,229,6298
2012,229,5416
2013,229,3187
2014,229,3094
2015,229,2918
2016,229,2534
2017,229,3984
2018,229,2495
2019,229,
2020,229,
2008,230,
2009,230,
2010,230,
2011,230,
2012,230,3307
2013,230,-1456
2014,230,3977
2015,230,7222
2016,230,14009
2017,230,18166
2018,230,18350
2019,230,14889
2020,230,7965
2008,231,1727
2009,231,-820
2010,231,-2082
2011,231,3052
2012,231,-2844
2013,231,228
2014,231,412
2015,231,695
2016,231,202
2017,231,1428
2018,231,922
2019,231,2432
2020,231,1256
2008,232,38657
2009,232,48851
2010,232,48897
2011,232,18306
2012,232,33275
2013,232,34844
2014,232,39100
2015,232,42247
2016,232,35720
2017,232,33634
2018,232,19179
2019,232,31657
2020,232,42549
2008,233,-15492
2009,233,-20398
2010,233,7924
2011,233,-1781
2012,233,38438
2013,233,50548
2014,233,58188
2015,233,65049
2016,233,66116
2017,233,76603
2018,233,91468
2019,233,62156
2020,233,
2008,234,-15679
2009,234,-8991
2010,234,-3813
2011,234,-6613
2012,234,-271
2013,234,-11387
2014,234,-8281
2015,234,-6163
2016,234,-5125
2017,234,-4561
2018,234,5624
2019,234,16125
2020,234,1832
2008,235,-48561
2009,235,-21352
2010,235,-5409
2011,235,-39064
2012,235,-29763
2013,235,-10072
2014,235,-25543
2015,235,42662
2016,235,5567
2017,235,-982
2018,235,-112
2019,235,-934
2020,235,
2008,236,-6672
2009,236,-11384
2010,236,-2300
2011,236,-4985
2012,236,524
2013,236,183
2014,236,-2905
2015,236,-11124
2016,236,-11806
2017,236,30002
2018,236,560
2019,236,-1645
2020,236,-915
2008,237,-9416
2009,237,13407
2010,237,2076
2011,237,-93767
2012,237,-45919
2013,237,-10915
2014,237,146
2015,237,10808
2016,237,11608
2017,237,58415
2018,237,-10023
2019,237,-26898
2020,237,-81657
2008,238,28409
2009,238,3338
2010,238,-18597
2011,238,-26716
2012,238,-54844
2013,238,-36740
2014,238,-35059
2015,238,-37218
2016,238,-6750
2017,238,-36095
2018,238,-17747
2019,238,-15492
2020,238,-204096
2008,239,13221
2009,239,19625
2010,239,28943
2011,239,18906
2012,239,26957
2013,239,26656
2014,239,26668
2015,239,25618
2016,239,32410
2017,239,41539
2018,239,36550
2019,239,35865
2020,239,28358
2008,240,28910
2009,240,19078
2010,240,4529
2011,240,18131
2012,240,-3463
2013,240,-8843
2014,240,8829
2015,240,8311
2016,240,-11352
2017,240,12511
2018,240,40314
2019,240,-3986
2020,240,-15436
2008,241,2457
2009,241,4025
2010,241,1003
2011,241,-1866
2012,241,-7854
2013,241,-7516
2014,241,-4966
2015,241,-2219
2016,241,1501
2017,241,1041
2018,241,1918
2019,241,-842
2020,241,-6345
2008,242,211275
2009,242,156099
2010,242,179818
2011,242,219440
2012,242,161966
2013,242,35398
2014,242,77222
2015,242,112995
2016,242,170310
2017,242,158736
2018,242,120976
2019,242,273936
2020,242,-637983
2008,243,
2009,243,
2010,243,
2011,243,
2012,243,
2013,243,
2014,243,
2015,243,
2016,243,
2017,243,
2018,243,
2019,243,
2020,243,
2008,244,-37966
2009,244,-9122
2010,244,-31169
2011,244,-44902
2012,244,-56464
2013,244,-100915
2014,244,-24034
2015,244,-45859
2016,244,-35643
2017,244,41576
2018,244,
2019,244,
2020,244,
2008,245,
2009,245,
2010,245,
2011,245,-2774
2012,245,4032
2013,245,12199
2014,245,29672
2015,245,25512
2016,245,35712
2017,245,38915
2018,245,42075
2019,245,41349
2020,245,36302
2008,246,1519336
2009,246,1589563
2010,246,1887452
2011,246,1654139
2012,246,1422774
2013,246,1528581
2014,246,696724
2015,246,933000
2016,246,1056000
2017,246,1067000
2018,246,1490000
2019,246,1872000
2020,246,1576000
2008,247,
2009,247,
2010,247,
2011,247,
2012,247,
2013,247,
2014,247,
2015,247,
2016,247,
2017,247,
2018,247,
2019,247,
2020,247,
2008,248,
2009,248,
2010,248,
2011,248,
2012,248,
2013,248,
2014,248,
2015,248,
2016,248,
2017,248,
2018,248,
2019,248,
2020,248,
2008,249,-31115
2009,249,-32146
2010,249,-21985
2011,249,-37677
2012,249,-19830
2013,249,-45919
2014,249,-57653
2015,249,32509
2016,249,12665
2017,249,-25873
2018,249,47110
2019,249,16059
2020,249,-984
2008,250,
2009,250,
2010,250,
2011,250,
2012,250,
2013,250,
2014,250,
2015,250,
2016,250,
2017,250,15365
2018,250,15555
2019,250,13691
2020,250,17630
2008,251,
2009,251,
2010,251,
2011,251,
2012,251,
2013,251,
2014,251,
2015,251,
2016,251,
2017,251,
2018,251,
2019,251,
2020,251,
2008,252,
2009,252,
2010,252,
2011,252,
2012,252,
2013,252,
2014,252,
2015,252,
2016,252,
2017,252,
2018,252,
2019,252,
2020,252,
2008,253,
2009,253,
2010,253,
2011,253,
2012,253,
2013,253,3960
2014,253,4892
2015,253,3339
2016,253,12214
2017,253,13637
2018,253,12816
2019,253,12808
2020,253,13243
2008,254,22229
2009,254,20943
2010,254,22273
2011,254,31078
2012,254,3930
2013,254,5152
2014,254,14293
2015,254,33541
2016,254,34233
2017,254,38613
2018,254,42358
2019,254,52173
2020,254,59596
2008,255,-1642
2009,255,-1940
2010,255,-517
2011,255,-315
2012,255,-1525
2013,255,-1302
2014,255,-1163
2015,255,-1274
2016,255,-1899
2017,255,-1549
2018,255,428
2019,255,624
2020,255,-770
2008,256,
2009,256,
2010,256,
2011,256,
2012,256,
2013,256,
2014,256,
2015,256,
2016,256,
2017,256,
2018,256,
2019,256,
2020,256,
2008,257,
2009,257,
2010,257,
2011,257,
2012,257,
2013,257,2016
2014,257,24438
2015,257,54973
2016,257,65739
2017,257,86256
2018,257,107456
2019,257,106404
2020,257,48041
2008,258,
2009,258,
2010,258,
2011,258,
2012,258,
2013,258,
2014,258,
2015,258,
2016,258,1352
2017,258,3862
2018,258,4287
2019,258,4992
2020,258,3626
2008,259,
2009,259,
2010,259,
2011,259,
2012,259,
2013,259,
2014,259,
2015,259,
2016,259,
2017,259,
2018,259,
2019,259,
2020,259,
2008,260,
2009,260,
2010,260,
2011,260,
2012,260,
2013,260,
2014,260,
2015,260,
2016,260,
2017,260,
2018,260,
2019,260,
2020,260,
2008,261,
2009,261,
2010,261,
2011,261,
2012,261,
2013,261,
2014,261,
2015,261,
2016,261,
2017,261,
2018,261,
2019,261,
2020,261,
2008,262,
2009,262,
2010,262,
2011,262,
2012,262,
2013,262,89990
2014,262,67470
2015,262,95724
2016,262,114704
2017,262,143753
2018,262,161199
2019,262,165968
2020,262,64999
2008,263,-27122
2009,263,31152
2010,263,-561775
2011,263,-701784
2012,263,-1204205
2013,263,-364707
2014,263,1408516
2015,263,-29671
2016,263,-691
2017,263,28442
2018,263,-282
2019,263,
2020,263,
2008,264,22606
2009,264,257992
2010,264,305463
2011,264,84539
2012,264,500610
2013,264,544091
2014,264,452682
2015,264,561215
2016,264,448892
2017,264,447075
2018,264,421477
2019,264,738987
2020,264,531422
2008,265,
2009,265,
2010,265,
2011,265,
2012,265,-2199
2013,265,
2014,265,-395
2015,265,-4042
2016,265,-6071
2017,265,-6038
2018,265,-4582
2019,265,-12724
2020,265,-14635
2008,266,
2009,266,
2010,266,
2011,266,
2012,266,
2013,266,
2014,266,
2015,266,5274
2016,266,5902
2017,266,6070
2018,266,7329
2019,266,8349
2020,266,8525
2008,267,
2009,267,
2010,267,
2011,267,
2012,267,
2013,267,
2014,267,
2015,267,
2016,267,
2017,267,
2018,267,
2019,267,
2020,267,
2008,268,
2009,268,
2010,268,
2011,268,
2012,268,
2013,268,
2014,268,
2015,268,
2016,268,
2017,268,
2018,268,
2019,268,
2020,268,
2008,269,
2009,269,
2010,269,
2011,269,
2012,269,
2013,269,
2014,269,
2015,269,490000
2016,269,331000
2017,269,404626
2018,269,426506
2019,269,547527
2020,269,555605
2008,270,
2009,270,
2010,270,
2011,270,
2012,270,
2013,270,
2014,270,
2015,270,
2016,270,-831
2017,270,-161
2018,270,-1641
2019,270,-435
2020,270,-1845
2008,271,
2009,271,
2010,271,
2011,271,
2012,271,
2013,271,
2014,271,1996
2015,271,2738
2016,271,2702
2017,271,3655
2018,271,3891
2019,271,-8454
2020,271,-13481
2008,272,
2009,272,
2010,272,
2011,272,
2012,272,
2013,272,
2014,272,65
2015,272,358
2016,272,66
2017,272,-273
2018,272,-1303
2019,272,81
2020,272,-160
2008,273,
2009,273,
2010,273,
2011,273,
2012,273,
2013,273,
2014,273,
2015,273,
2016,273,220
2017,273,319
2018,273,153
2019,273,113
2020,273,869
2008,274,
2009,274,
2010,274,
2011,274,
2012,274,
2013,274,
2014,274,11481
2015,274,17444
2016,274,12629
2017,274,30700
2018,274,48314
2019,274,34683
2020,274,19961
2008,275,
2009,275,
2010,275,
2011,275,
2012,275,
2013,275,-185
2014,275,-87
2015,275,-329
2016,275,-565
2017,275,-696
2018,275,-938
2019,275,
2020,275,
2008,276,
2009,276,
2010,276,
2011,276,
2012,276,
2013,276,
2014,276,
2015,276,
2016,276,
2017,276,
2018,276,
2019,276,
2020,276,
2008,277,
2009,277,
2010,277,
2011,277,
2012,277,
2013,277,4308
2014,277,3032
2015,277,11193
2016,277,12819
2017,277,8565
2018,277,10959
2019,277,5800
2020,277,-3757
2008,278,
2009,278,
2010,278,
2011,278,
2012,278,
2013,278,
2014,278,362
2015,278,698
2016,278,768
2017,278,350
2018,278,-796
2019,278,-2567
2020,278,
2008,279,
2009,279,
2010,279,
2011,279,
2012,279,
2013,279,
2014,279,
2015,279,375
2016,279,1266
2017,279,1165
2018,279,758
2019,279,414
2020,279,-80
2008,280,
2009,280,
2010,280,
2011,280,
2012,280,
2013,280,
2014,280,
2015,280,
2016,280,
2017,280,
2018,280,
2019,280,
2020,280,
2008,281,
2009,281,
2010,281,
2011,281,
2012,281,
2013,281,
2014,281,
2015,281,
2016,281,
2017,281,
2018,281,
2019,281,
2020,281,
2008,282,
2009,282,
2010,282,
2011,282,
2012,282,
2013,282,
2014,282,
2015,282,
2016,282,
2017,282,
2018,282,
2019,282,
2020,282,
2008,283,
2009,283,
2010,283,
2011,283,
2012,283,
2013,283,
2014,283,
2015,283,
2016,283,
2017,283,
2018,283,
2019,283,
2020,283,
2008,284,
2009,284,
2010,284,
2011,284,
2012,284,
2013,284,
2014,284,
2015,284,
2016,284,
2017,284,
2018,284,
2019,284,
2020,284,
2008,285,
2009,285,
2010,285,
2011,285,
2012,285,
2013,285,
2014,285,
2015,285,
2016,285,
2017,285,
2018,285,
2019,285,
2020,285,
2008,286,
2009,286,
2010,286,
2011,286,
2012,286,
2013,286,
2014,286,
2015,286,
2016,286,
2017,286,
2018,286,
2019,286,
2020,286,
2008,287,
2009,287,
2010,287,
2011,287,
2012,287,
2013,287,
2014,287,
2015,287,
2016,287,
2017,287,
2018,287,
2019,287,
2020,287,
2008,288,
2009,288,
2010,288,
2011,288,
2012,288,
2013,288,
2014,288,
2015,288,
2016,288,-237
2017,288,596
2018,288,-236
2019,288,560
2020,288,2129
2008,289,
2009,289,
2010,289,
2011,289,
2012,289,
2013,289,
2014,289,
2015,289,
2016,289,
2017,289,
2018,289,
2019,289,
2020,289,
2008,290,
2009,290,
2010,290,
2011,290,
2012,290,
2013,290,
2014,290,
2015,290,654
2016,290,513
2017,290,68
2018,290,69
2019,290,-260
2020,290,2426
2008,291,
2009,291,
2010,291,
2011,291,
2012,291,
2013,291,
2014,291,
2015,291,
2016,291,
2017,291,
2018,291,
2019,291,
2020,291,
2008,292,
2009,292,
2010,292,
2011,292,
2012,292,
2013,292,
2014,292,8122
2015,292,12892
2016,292,13562
2017,292,17350
2018,292,16929
2019,292,20596
2020,292,9273
2008,293,
2009,293,
2010,293,
2011,293,
2012,293,13770
2013,293,876
2014,293,5485
2015,293,4240
2016,293,6260
2017,293,20467
2018,293,26282
2019,293,25518
2020,293,14345
2008,294,
2009,294,
2010,294,
2011,294,
2012,294,85403
2013,294,84537
2014,294,186092
2015,294,96320
2016,294,99134
2017,294,131975
2018,294,124265
2019,294,121710
2020,294,123713
2008,295,
2009,295,
2010,295,
2011,295,
2012,295,
2013,295,
2014,295,
2015,295,
2016,295,
2017,295,
2018,295,
2019,295,
2020,295,
2008,296,
2009,296,
2010,296,
2011,296,
2012,296,
2013,296,
2014,296,
2015,296,1031
2016,296,2643
2017,296,3067
2018,296,3008
2019,296,3460
2020,296,2079
2008,297,
2009,297,
2010,297,
2011,297,
2012,297,
2013,297,
2014,297,
2015,297,678
2016,297,337
2017,297,602
2018,297,758
2019,297,901
2020,297,-71
2008,298,
2009,298,
2010,298,
2011,298,
2012,298,
2013,298,
2014,298,
2015,298,-8
2016,298,-1187
2017,298,16689
2018,298,11241
2019,298,5465
2020,298,16679
2008,299,
2009,299,
2010,299,
2011,299,
2012,299,
2013,299,
2014,299,
2015,299,262
2016,299,3085
2017,299,4291
2018,299,2332
2019,299,2324
2020,299,1520
2008,300,
2009,300,
2010,300,
2011,300,
2012,300,
2013,300,
2014,300,
2015,300,
2016,300,
2017,300,
2018,300,
2019,300,
2020,300,
2008,301,
2009,301,
2010,301,
2011,301,
2012,301,
2013,301,
2014,301,
2015,301,
2016,301,
2017,301,
2018,301,
2019,301,
2020,301,
2008,302,
2009,302,
2010,302,
2011,302,
2012,302,
2013,302,
2014,302,
2015,302,1034
2016,302,2195
2017,302,2860
2018,302,2488
2019,302,3350
2020,302,2917
2008,303,
2009,303,
2010,303,
2011,303,
2012,303,
2013,303,
2014,303,
2015,303,
2016,303,
2017,303,
2018,303,
2019,303,
2020,303,
2008,304,
2009,304,
2010,304,
2011,304,
2012,304,
2013,304,
2014,304,
2015,304,
2016,304,
2017,304,
2018,304,
2019,304,
2020,304,
2008,305,
2009,305,
2010,305,
2011,305,
2012,305,
2013,305,
2014,305,
2015,305,
2016,305,
2017,305,
2018,305,
2019,305,
2020,305,
2008,306,
2009,306,
2010,306,
2011,306,
2012,306,
2013,306,
2014,306,
2015,306,
2016,306,
2017,306,
2018,306,
2019,306,
2020,306,
2008,307,
2009,307,
2010,307,
2011,307,
2012,307,
2013,307,
2014,307,
2015,307,
2016,307,
2017,307,
2018,307,
2019,307,
2020,307,
2008,308,
2009,308,
2010,308,
2011,308,
2012,308,
2013,308,
2014,308,
2015,308,
2016,308,2293
2017,308,3463
2018,308,3670
2019,308,1764
2020,308,1692
2008,309,
2009,309,
2010,309,
2011,309,
2012,309,
2013,309,
2014,309,
2015,309,
2016,309,
2017,309,
2018,309,
2019,309,
2020,309,
2008,310,
2009,310,
2010,310,
2011,310,
2012,310,
2013,310,
2014,310,
2015,310,
2016,310,
2017,310,
2018,310,
2019,310,
2020,310,
2008,311,
2009,311,
2010,311,
2011,311,
2012,311,
2013,311,
2014,311,
2015,311,
2016,311,
2017,311,
2018,311,
2019,311,
2020,311,
2008,312,
2009,312,
2010,312,
2011,312,
2012,312,
2013,312,
2014,312,
2015,312,
2016,312,
2017,312,
2018,312,
2019,312,
2020,312,
2008,313,
2009,313,
2010,313,
2011,313,
2012,313,
2013,313,
2014,313,
2015,313,
2016,313,
2017,313,
2018,313,
2019,313,
2020,313,
2008,314,
2009,314,
2010,314,
2011,314,
2012,314,
2013,314,
2014,314,
2015,314,
2016,314,
2017,314,
2018,314,
2019,314,
2020,314,
2008,315,
2009,315,
2010,315,
2011,315,
2012,315,
2013,315,
2014,315,
2015,315,
2016,315,
2017,315,
2018,315,
2019,315,
2020,315,
2008,316,
2009,316,
2010,316,
2011,316,
2012,316,
2013,316,
2014,316,
2015,316,
2016,316,
2017,316,
2018,316,
2019,316,
2020,316,
2008,317,
2009,317,
2010,317,
2011,317,
2012,317,
2013,317,
2014,317,
2015,317,
2016,317,
2017,317,
2018,317,
2019,317,
2020,317,
2008,318,
2009,318,
2010,318,
2011,318,
2012,318,
2013,318,
2014,318,
2015,318,
2016,318,
2017,318,
2018,318,
2019,318,
2020,318,
2008,319,
2009,319,
2010,319,
2011,319,
2012,319,
2013,319,
2014,319,
2015,319,
2016,319,
2017,319,
2018,319,
2019,319,
2020,319,
2008,320,
2009,320,
2010,320,
2011,320,
2012,320,
2013,320,
2014,320,
2015,320,
2016,320,498
2017,320,575
2018,320,405
2019,320,602
2020,320,27
2008,321,
2009,321,
2010,321,
2011,321,
2012,321,
2013,321,
2014,321,
2015,321,
2016,321,
2017,321,
2018,321,
2019,321,
2020,321,
2008,322,
2009,322,
2010,322,
2011,322,
2012,322,
2013,322,
2014,322,
2015,322,
2016,322,
2017,322,
2018,322,
2019,322,
2020,322,
2008,323,
2009,323,
2010,323,
2011,323,
2012,323,
2013,323,
2014,323,
2015,323,
2016,323,
2017,323,
2018,323,
2019,323,
2020,323,
2008,324,
2009,324,
2010,324,
2011,324,
2012,324,
2013,324,
2014,324,
2015,324,
2016,324,
2017,324,
2018,324,
2019,324,
2020,324,
2008,325,
2009,325,
2010,325,
2011,325,
2012,325,
2013,325,
2014,325,
2015,325,
2016,325,
2017,325,
2018,325,
2019,325,
2020,325,
