Date,Id,common shares outstanding
2008,1,
2009,1,
2010,1,
2011,1,
2012,1,
2013,1,
2014,1,
2015,1,
2016,1,
2017,1,
2018,1,
2019,1,
2020,1,
2008,2,7623
2009,2,21329
2010,2,25329
2011,2,26213
2012,2,26213
2013,2,29214
2014,2,55928
2015,2,56072
2016,2,
2017,2,
2018,2,
2019,2,
2020,2,
2008,3,
2009,3,
2010,3,
2011,3,
2012,3,
2013,3,
2014,3,71682
2015,3,126516
2016,3,30251
2017,3,30251
2018,3,68350
2019,3,77175
2020,3,89836
2008,4,
2009,4,
2010,4,
2011,4,
2012,4,
2013,4,3460
2014,4,3434
2015,4,3446
2016,4,4146
2017,4,4695
2018,4,7758
2019,4,7758
2020,4,
2008,5,
2009,5,
2010,5,
2011,5,
2012,5,
2013,5,
2014,5,1455
2015,5,1492
2016,5,1492
2017,5,1713
2018,5,1713
2019,5,1713
2020,5,
2008,6,
2009,6,
2010,6,
2011,6,
2012,6,
2013,6,
2014,6,12076
2015,6,12076
2016,6,12076
2017,6,12076
2018,6,
2019,6,
2020,6,
2008,7,
2009,7,
2010,7,
2011,7,
2012,7,60
2013,7,2000
2014,7,23919
2015,7,23919
2016,7,23919
2017,7,23919
2018,7,23919
2019,7,
2020,7,
2008,8,326722
2009,8,326722
2010,8,326722
2011,8,325187
2012,8,325187
2013,8,325187
2014,8,325187
2015,8,325187
2016,8,325187
2017,8,325187
2018,8,325187
2019,8,323887
2020,8,323887
2008,9,343200
2009,9,343200
2010,9,340530
2011,9,340530
2012,9,340530
2013,9,340530
2014,9,340530
2015,9,340530
2016,9,340530
2017,9,340530
2018,9,340530
2019,9,340530
2020,9,340530
2008,10,369515
2009,10,368494
2010,10,366911
2011,10,364950
2012,10,360067
2013,10,360055
2014,10,361208
2015,10,361192
2016,10,358154
2017,10,358154
2018,10,357360
2019,10,357255
2020,10,357125
2008,11,112500
2009,11,112500
2010,11,112500
2011,11,112500
2012,11,112500
2013,11,112500
2014,11,112500
2015,11,112500
2016,11,112500
2017,11,112500
2018,11,112500
2019,11,112500
2020,11,112500
2008,12,14040
2009,12,42925
2010,12,42925
2011,12,42925
2012,12,42925
2013,12,42925
2014,12,42925
2015,12,42925
2016,12,42925
2017,12,55269
2018,12,55269
2019,12,55269
2020,12,55269
2008,13,114193
2009,13,114193
2010,13,114479
2011,13,113410
2012,13,112943
2013,13,109695
2014,13,115091
2015,13,115366
2016,13,116478
2017,13,117290
2018,13,122604
2019,13,117858
2020,13,117996
2008,14,
2009,14,
2010,14,
2011,14,
2012,14,
2013,14,
2014,14,
2015,14,
2016,14,
2017,14,
2018,14,
2019,14,
2020,14,
2008,15,
2009,15,
2010,15,
2011,15,
2012,15,
2013,15,
2014,15,
2015,15,
2016,15,
2017,15,
2018,15,
2019,15,
2020,15,
2008,16,
2009,16,
2010,16,
2011,16,
2012,16,
2013,16,
2014,16,
2015,16,
2016,16,
2017,16,
2018,16,
2019,16,
2020,16,
2008,17,
2009,17,
2010,17,
2011,17,
2012,17,
2013,17,377843
2014,17,377843
2015,17,377843
2016,17,245418
2017,17,245447
2018,17,244414
2019,17,248630
2020,17,248095
2008,18,
2009,18,
2010,18,
2011,18,
2012,18,
2013,18,
2014,18,
2015,18,12771
2016,18,12771
2017,18,13205
2018,18,17108
2019,18,17108
2020,18,18199
2008,19,1153837
2009,19,1151784
2010,19,1157046
2011,19,1154907
2012,19,1152604
2013,19,1151366
2014,19,1153837
2015,19,1158157
2016,19,1158915
2017,19,1152547
2018,19,1146618
2019,19,1147896
2020,19,1771535
2008,20,
2009,20,
2010,20,
2011,20,
2012,20,
2013,20,
2014,20,
2015,20,6576
2016,20,6359
2017,20,5640
2018,20,7248
2019,20,7168
2020,20,7364
2008,21,
2009,21,
2010,21,
2011,21,
2012,21,28000
2013,21,28000
2014,21,28000
2015,21,34300
2016,21,34300
2017,21,34300
2018,21,34300
2019,21,34300
2020,21,
2008,22,
2009,22,
2010,22,
2011,22,27804
2012,22,27804
2013,22,27804
2014,22,27804
2015,22,32151
2016,22,32151
2017,22,32151
2018,22,32151
2019,22,32151
2020,22,32151
2008,23,17500
2009,23,17500
2010,23,17500
2011,23,17500
2012,23,17500
2013,23,17500
2014,23,38675
2015,23,38675
2016,23,38675
2017,23,38675
2018,23,38410
2019,23,37860
2020,23,37968
2008,24,90700
2009,24,90700
2010,24,90700
2011,24,90700
2012,24,90700
2013,24,90700
2014,24,90700
2015,24,90700
2016,24,90700
2017,24,90700
2018,24,90700
2019,24,90700
2020,24,90700
2008,25,
2009,25,
2010,25,
2011,25,
2012,25,12000
2013,25,12000
2014,25,13275
2015,25,14577
2016,25,14661
2017,25,18825
2018,25,18825
2019,25,
2020,25,
2008,26,97255
2009,26,97433
2010,26,97603
2011,26,97814
2012,26,97817
2013,26,97905
2014,26,97528
2015,26,97624
2016,26,97767
2017,26,97885
2018,26,97871
2019,26,97871
2020,26,1463152
2008,27,44923
2009,27,44923
2010,27,44923
2011,27,44923
2012,27,44923
2013,27,44923
2014,27,44923
2015,27,44923
2016,27,44923
2017,27,44923
2018,27,44923
2019,27,44923
2020,27,44923
2008,28,120120
2009,28,120120
2010,28,120120
2011,28,120120
2012,28,120120
2013,28,120120
2014,28,120120
2015,28,120120
2016,28,120120
2017,28,120120
2018,28,120120
2019,28,120120
2020,28,120120
2008,29,4282
2009,29,4282
2010,29,4282
2011,29,4282
2012,29,4282
2013,29,4282
2014,29,4282
2015,29,4282
2016,29,4282
2017,29,4282
2018,29,
2019,29,
2020,29,
2008,30,9987
2009,30,10109
2010,30,10109
2011,30,11088
2012,30,11067
2013,30,11067
2014,30,17634
2015,30,17640
2016,30,17640
2017,30,17640
2018,30,17640
2019,30,17618
2020,30,150834
2008,31,0
2009,31,0
2010,31,0
2011,31,0
2012,31,0
2013,31,0
2014,31,3
2015,31,3
2016,31,4
2017,31,5
2018,31,9
2019,31,56
2020,31,
2008,32,30105
2009,32,30105
2010,32,30105
2011,32,30105
2012,32,30105
2013,32,30105
2014,32,30105
2015,32,30105
2016,32,30105
2017,32,30105
2018,32,30105
2019,32,30105
2020,32,30105
2008,33,56935
2009,33,57089
2010,33,80836
2011,33,79605
2012,33,78691
2013,33,77756
2014,33,78613
2015,33,78760
2016,33,78739
2017,33,78766
2018,33,78766
2019,33,
2020,33,
2008,34,318447
2009,34,318447
2010,34,318447
2011,34,318447
2012,34,318447
2013,34,318447
2014,34,345409
2015,34,345409
2016,34,
2017,34,
2018,34,
2019,34,
2020,34,
2008,35,159120
2009,35,159120
2010,35,159120
2011,35,159120
2012,35,159120
2013,35,159120
2014,35,159120
2015,35,159120
2016,35,159120
2017,35,159120
2018,35,159120
2019,35,159120
2020,35,159120
2008,36,205256
2009,36,205304
2010,36,205358
2011,36,205421
2012,36,205532
2013,36,205532
2014,36,205532
2015,36,205532
2016,36,205532
2017,36,205982
2018,36,198982
2019,36,206032
2020,36,205521
2008,37,75252
2009,37,75252
2010,37,75252
2011,37,75252
2012,37,75252
2013,37,75252
2014,37,75252
2015,37,75288
2016,37,45886
2017,37,41943
2018,37,41948
2019,37,41988
2020,37,42217
2008,38,404073
2009,38,404073
2010,38,404073
2011,38,404073
2012,38,404073
2013,38,404073
2014,38,490684
2015,38,490684
2016,38,490684
2017,38,490684
2018,38,492457
2019,38,892457
2020,38,892457
2008,39,44451
2009,39,44451
2010,39,44451
2011,39,44173
2012,39,43880
2013,39,43542
2014,39,43539
2015,39,43352
2016,39,42799
2017,39,42799
2018,39,50396
2019,39,50365
2020,39,53106
2008,40,87614
2009,40,87614
2010,40,209580
2011,40,291414
2012,40,291234
2013,40,290954
2014,40,290954
2015,40,290954
2016,40,290954
2017,40,289904
2018,40,289204
2019,40,289204
2020,40,289204
2008,41,1328
2009,41,1414
2010,41,1461
2011,41,4236
2012,41,4236
2013,41,4434
2014,41,4434
2015,41,4434
2016,41,4434
2017,41,4434
2018,41,47287
2019,41,47296
2020,41,47296
2008,42,7186269
2009,42,9403358
2010,42,9403358
2011,42,9403358
2012,42,9403358
2013,42,9403358
2014,42,9403358
2015,42,9403358
2016,42,10166680
2017,42,10166680
2018,42,10166680
2019,42,10165131
2020,42,10163411
2008,43,2000909
2009,43,2000909
2010,43,2004396
2011,43,2009992
2012,43,2009992
2013,43,2009992
2014,43,2009992
2015,43,2009992
2016,43,2009992
2017,43,2009992
2018,43,2009992
2019,43,2009992
2020,43,2008466
2008,44,86891
2009,44,86892
2010,44,108240
2011,44,108248
2012,44,108248
2013,44,167020
2014,44,167020
2015,44,167020
2016,44,167020
2017,44,
2018,44,
2019,44,
2020,44,
2008,45,
2009,45,
2010,45,
2011,45,
2012,45,
2013,45,
2014,45,
2015,45,
2016,45,
2017,45,
2018,45,
2019,45,
2020,45,
2008,46,212548
2009,46,212548
2010,46,212548
2011,46,212548
2012,46,212548
2013,46,212548
2014,46,212548
2015,46,212548
2016,46,212548
2017,46,212548
2018,46,212548
2019,46,212548
2020,46,212548
2008,47,3085470
2009,47,3105988
2010,47,3105988
2011,47,3105988
2012,47,3105988
2013,47,3105988
2014,47,3105988
2015,47,3105988
2016,47,3109184
2017,47,3109184
2018,47,3109184
2019,47,3109184
2020,47,3109184
2008,48,
2009,48,
2010,48,5000000
2011,48,5000000
2012,48,5000000
2013,48,5000000
2014,48,5000000
2015,48,5000000
2016,48,
2017,48,
2018,48,
2019,48,
2020,48,
2008,49,
2009,49,
2010,49,5530
2011,49,5530
2012,49,46725
2013,49,50246
2014,49,57045
2015,49,56895
2016,49,48305
2017,49,59317
2018,49,59317
2019,49,59317
2020,49,59317
2008,50,
2009,50,
2010,50,
2011,50,
2012,50,24
2013,50,24
2014,50,3894
2015,50,3894
2016,50,3894
2017,50,3894
2018,50,3894
2019,50,3894
2020,50,5204
2008,51,
2009,51,
2010,51,
2011,51,
2012,51,
2013,51,
2014,51,
2015,51,
2016,51,
2017,51,
2018,51,
2019,51,
2020,51,
2008,52,
2009,52,
2010,52,
2011,52,
2012,52,
2013,52,
2014,52,3000
2015,52,3710
2016,52,3736
2017,52,3837
2018,52,3805
2019,52,3808
2020,52,
2008,53,21953
2009,53,22050
2010,53,22050
2011,53,22050
2012,53,22050
2013,53,22050
2014,53,22050
2015,53,22050
2016,53,22050
2017,53,22050
2018,53,22050
2019,53,18150
2020,53,18150
2008,54,18885
2009,54,18885
2010,54,18885
2011,54,18885
2012,54,19213
2013,54,19213
2014,54,19297
2015,54,19297
2016,54,19297
2017,54,19297
2018,54,19297
2019,54,19341
2020,54,19612
2008,55,55382
2009,55,54946
2010,55,54447
2011,55,56166
2012,55,56838
2013,55,57053
2014,55,58254
2015,55,58172
2016,55,58144
2017,55,58229
2018,55,57551
2019,55,57298
2020,55,56692
2008,56,6833
2009,56,6400
2010,56,8640
2011,56,8641
2012,56,8643
2013,56,10483
2014,56,10483
2015,56,10483
2016,56,10483
2017,56,10483
2018,56,10383
2019,56,10383
2020,56,10383
2008,57,110664
2009,57,110664
2010,57,110664
2011,57,110664
2012,57,110664
2013,57,110664
2014,57,110664
2015,57,110664
2016,57,110664
2017,57,110664
2018,57,110664
2019,57,
2020,57,
2008,58,183614
2009,58,184327
2010,58,185148
2011,58,218624
2012,58,218732
2013,58,218818
2014,58,221228
2015,58,221364
2016,58,221456
2017,58,218234
2018,58,263047
2019,58,263253
2020,58,263385
2008,59,17000
2009,59,17000
2010,59,17000
2011,59,17000
2012,59,17000
2013,59,17000
2014,59,17000
2015,59,17000
2016,59,16935
2017,59,16715
2018,59,16720
2019,59,16720
2020,59,16742
2008,60,199214
2009,60,199214
2010,60,199214
2011,60,199214
2012,60,199214
2013,60,199214
2014,60,199214
2015,60,199214
2016,60,199214
2017,60,199214
2018,60,199214
2019,60,199214
2020,60,199214
2008,61,14643
2009,61,14501
2010,61,14316
2011,61,14280
2012,61,14269
2013,61,14232
2014,61,14210
2015,61,14180
2016,61,14173
2017,61,14173
2018,61,14373
2019,61,14373
2020,61,14373
2008,62,26520
2009,62,26474
2010,62,26474
2011,62,26355
2012,62,26213
2013,62,26213
2014,62,26208
2015,62,26724
2016,62,26716
2017,62,26716
2018,62,26613
2019,62,26590
2020,62,26580
2008,63,159499
2009,63,159513
2010,63,159525
2011,63,159690
2012,63,159926
2013,63,164265
2014,63,164265
2015,63,164265
2016,63,164265
2017,63,164265
2018,63,164265
2019,63,156830
2020,63,160079
2008,64,19380644
2009,64,19244811
2010,64,19271867
2011,64,19280744
2012,64,19280744
2013,64,19280948
2014,64,19334860
2015,64,19363949
2016,64,21067160
2017,64,21067160
2018,64,21067160
2019,64,21067160
2020,64,21195996
2008,65,65836
2009,65,65819
2010,65,65819
2011,65,65819
2012,65,65819
2013,65,65819
2014,65,66525
2015,65,66525
2016,65,66525
2017,65,66525
2018,65,66525
2019,65,66525
2020,65,66525
2008,66,
2009,66,
2010,66,18750
2011,66,18750
2012,66,38253
2013,66,38518
2014,66,38470
2015,66,38986
2016,66,38986
2017,66,36822
2018,66,36822
2019,66,37057
2020,66,37057
2008,67,10000
2009,67,10000
2010,67,10000
2011,67,10000
2012,67,10000
2013,67,10000
2014,67,10000
2015,67,10000
2016,67,14000
2017,67,14000
2018,67,14000
2019,67,14000
2020,67,14000
2008,68,0
2009,68,0
2010,68,0
2011,68,3600
2012,68,3600
2013,68,3600
2014,68,3600
2015,68,3600
2016,68,3600
2017,68,4091
2018,68,5000
2019,68,5691
2020,68,11413
2008,69,1687397
2009,69,1712558
2010,69,1732916
2011,69,1755402
2012,69,1759138
2013,69,1821351
2014,69,1829020
2015,69,1853033
2016,69,1853084
2017,69,1853101
2018,69,
2019,69,
2020,69,
2008,70,10456
2009,70,10456
2010,70,10456
2011,70,10456
2012,70,10456
2013,70,10456
2014,70,10456
2015,70,10456
2016,70,10615
2017,70,10615
2018,70,10615
2019,70,10658
2020,70,10680
2008,71,17800
2009,71,17800
2010,71,17800
2011,71,17800
2012,71,17800
2013,71,17800
2014,71,17800
2015,71,17800
2016,71,17800
2017,71,17800
2018,71,17800
2019,71,17800
2020,71,17800
2008,72,25326
2009,72,28859
2010,72,27607
2011,72,27245
2012,72,25419
2013,72,27819
2014,72,30221
2015,72,31000
2016,72,31000
2017,72,31000
2018,72,30880
2019,72,30767
2020,72,30563
2008,73,6307
2009,73,6307
2010,73,6307
2011,73,6307
2012,73,6307
2013,73,6307
2014,73,6307
2015,73,7875
2016,73,7875
2017,73,
2018,73,
2019,73,
2020,73,
2008,74,
2009,74,
2010,74,
2011,74,
2012,74,
2013,74,
2014,74,
2015,74,
2016,74,
2017,74,
2018,74,
2019,74,
2020,74,
2008,75,
2009,75,
2010,75,
2011,75,
2012,75,
2013,75,
2014,75,4040
2015,75,4040
2016,75,4040
2017,75,4040
2018,75,4292
2019,75,4292
2020,75,6361
2008,76,2212487
2009,76,3375882
2010,76,3376648
2011,76,3378635
2012,76,3378732
2013,76,3379965
2014,76,3499511
2015,76,3499511
2016,76,3470733
2017,76,3414723
2018,76,3300841
2019,76,3292428
2020,76,3270216
2008,77,832042
2009,77,832042
2010,77,1276226
2011,77,1276226
2012,77,1276226
2013,77,1276226
2014,77,1276226
2015,77,1276226
2016,77,1276226
2017,77,1276226
2018,77,1300931
2019,77,1296981
2020,77,1285063
2008,78,1043401
2009,78,1126111
2010,78,1123026
2011,78,1119245
2012,78,1115054
2013,78,1411464
2014,78,1470375
2015,78,1474594
2016,78,1468787
2017,78,1474242
2018,78,1465954
2019,78,1475464
2020,78,1460647
2008,79,46871
2009,79,76619
2010,79,76619
2011,79,76619
2012,79,76619
2013,79,76619
2014,79,76619
2015,79,76619
2016,79,76619
2017,79,76619
2018,79,197344
2019,79,197344
2020,79,197344
2008,80,230885
2009,80,226450
2010,80,225568
2011,80,223754
2012,80,222595
2013,80,222320
2014,80,222216
2015,80,222311
2016,80,222311
2017,80,222311
2018,80,222684
2019,80,223956
2020,80,216645
2008,81,5291701
2009,81,5291701
2010,81,5291701
2011,81,5291701
2012,81,5291701
2013,81,5291701
2014,81,5291701
2015,81,5291701
2016,81,5377001
2017,81,5377001
2018,81,5377001
2019,81,5377001
2020,81,5377001
2008,82,
2009,82,
2010,82,
2011,82,
2012,82,14000
2013,82,14000
2014,82,15990
2015,82,16366
2016,82,
2017,82,
2018,82,
2019,82,
2020,82,
2008,83,86840
2009,83,86579
2010,83,86579
2011,83,86579
2012,83,84108
2013,83,86579
2014,83,86579
2015,83,86579
2016,83,86579
2017,83,87371
2018,83,87691
2019,83,87691
2020,83,87691
2008,84,719210
2009,84,719210
2010,84,719210
2011,84,719210
2012,84,719210
2013,84,719210
2014,84,719210
2015,84,719210
2016,84,719210
2017,84,700021
2018,84,695046
2019,84,691995
2020,84,1250250
2008,85,377801
2009,85,377801
2010,85,377801
2011,85,377801
2012,85,377801
2013,85,377801
2014,85,377801
2015,85,377801
2016,85,377219
2017,85,376366
2018,85,375538
2019,85,375538
2020,85,375731
2008,86,719210
2009,86,719210
2010,86,719210
2011,86,719210
2012,86,719210
2013,86,719210
2014,86,719210
2015,86,719210
2016,86,719210
2017,86,700021
2018,86,695046
2019,86,691995
2020,86,1250250
2008,87,1514
2009,87,1511
2010,87,1511
2011,87,1511
2012,87,1511
2013,87,1511
2014,87,1511
2015,87,1511
2016,87,110455
2017,87,110455
2018,87,110455
2019,87,129644
2020,87,
2008,88,154005
2009,88,162537
2010,88,167317
2011,88,165399
2012,88,192718
2013,88,229123
2014,88,251396
2015,88,270481
2016,88,1021517
2017,88,1044793
2018,88,1180630
2019,88,
2020,88,
2008,89,81429
2009,89,78846
2010,89,76980
2011,89,76982
2012,89,77033
2013,89,77044
2014,89,77044
2015,89,77044
2016,89,77044
2017,89,77044
2018,89,77044
2019,89,
2020,89,
2008,90,48563
2009,90,50404
2010,90,52418
2011,90,54938
2012,90,57304
2013,90,58621
2014,90,61937
2015,90,130109
2016,90,133724
2017,90,133959
2018,90,
2019,90,
2020,90,
2008,91,
2009,91,
2010,91,
2011,91,
2012,91,484
2013,91,528
2014,91,528
2015,91,528
2016,91,528
2017,91,590
2018,91,620
2019,91,620
2020,91,
2008,92,
2009,92,
2010,92,
2011,92,
2012,92,
2013,92,
2014,92,2983
2015,92,2983
2016,92,2983
2017,92,2983
2018,92,
2019,92,2983
2020,92,
2008,93,
2009,93,
2010,93,
2011,93,
2012,93,
2013,93,
2014,93,
2015,93,
2016,93,
2017,93,
2018,93,
2019,93,
2020,93,
2008,94,
2009,94,
2010,94,
2011,94,
2012,94,
2013,94,
2014,94,
2015,94,
2016,94,
2017,94,
2018,94,
2019,94,
2020,94,
2008,95,191520
2009,95,191520
2010,95,213494
2011,95,214192
2012,95,216502
2013,95,217201
2014,95,217182
2015,95,219234
2016,95,219252
2017,95,226330
2018,95,226354
2019,95,223120
2020,95,224786
2008,96,180503
2009,96,180503
2010,96,180503
2011,96,180503
2012,96,180503
2013,96,180503
2014,96,
2015,96,
2016,96,
2017,96,
2018,96,
2019,96,
2020,96,
2008,97,864
2009,97,864
2010,97,864
2011,97,864
2012,97,17740
2013,97,17739
2014,97,17741
2015,97,18700
2016,97,22742
2017,97,22742
2018,97,22742
2019,97,22742
2020,97,22742
2008,98,55000
2009,98,55000
2010,98,55693
2011,98,54148
2012,98,54313
2013,98,54398
2014,98,54423
2015,98,54978
2016,98,54758
2017,98,55399
2018,98,54657
2019,98,54791
2020,98,54722
2008,99,3373
2009,99,36630
2010,99,36170
2011,99,36134
2012,99,40690
2013,99,41421
2014,99,41421
2015,99,41421
2016,99,40657
2017,99,40657
2018,99,
2019,99,
2020,99,
2008,100,149500
2009,100,149500
2010,100,149500
2011,100,149500
2012,100,149500
2013,100,149500
2014,100,149500
2015,100,149500
2016,100,149500
2017,100,149500
2018,100,149500
2019,100,149500
2020,100,149653
2008,101,13222
2009,101,13091
2010,101,12670
2011,101,12236
2012,101,12182
2013,101,12618
2014,101,12650
2015,101,15413
2016,101,15335
2017,101,15628
2018,101,15258
2019,101,15201
2020,101,15151
2008,102,56891
2009,102,56991
2010,102,56991
2011,102,60157
2012,102,60157
2013,102,62047
2014,102,62047
2015,102,62047
2016,102,62047
2017,102,62047
2018,102,62047
2019,102,62047
2020,102,63323
2008,103,90534
2009,103,90534
2010,103,90534
2011,103,90534
2012,103,90534
2013,103,90534
2014,103,90534
2015,103,124974
2016,103,124974
2017,103,124974
2018,103,124974
2019,103,
2020,103,
2008,104,50000
2009,104,50000
2010,104,50000
2011,104,50000
2012,104,50000
2013,104,50000
2014,104,50000
2015,104,50000
2016,104,50000
2017,104,50000
2018,104,50000
2019,104,50000
2020,104,50000
2008,105,11570
2009,105,11570
2010,105,11570
2011,105,11570
2012,105,11570
2013,105,11570
2014,105,11570
2015,105,11570
2016,105,11570
2017,105,11570
2018,105,11570
2019,105,11570
2020,105,11570
2008,106,83979
2009,106,83932
2010,106,83932
2011,106,163538
2012,106,163538
2013,106,163538
2014,106,163538
2015,106,163538
2016,106,163538
2017,106,163538
2018,106,163538
2019,106,163538
2020,106,163538
2008,107,1001
2009,107,1001
2010,107,1001
2011,107,1832
2012,107,1832
2013,107,5232
2014,107,5232
2015,107,5232
2016,107,25232
2017,107,25232
2018,107,25232
2019,107,25215
2020,107,25215
2008,108,
2009,108,
2010,108,
2011,108,
2012,108,
2013,108,14065
2014,108,14065
2015,108,40785
2016,108,43086
2017,108,43190
2018,108,50871
2019,108,50949
2020,108,51040
2008,109,
2009,109,200000
2010,109,200000
2011,109,200000
2012,109,200000
2013,109,212000
2014,109,212180
2015,109,212180
2016,109,
2017,109,
2018,109,
2019,109,
2020,109,
2008,110,5274
2009,110,6374
2010,110,10297
2011,110,14433
2012,110,42580
2013,110,48580
2014,110,60700
2015,110,60700
2016,110,122700
2017,110,135700
2018,110,134700
2019,110,134700
2020,110,135700
2008,111,69135
2009,111,64613
2010,111,31275
2011,111,31275
2012,111,31275
2013,111,31275
2014,111,31275
2015,111,31275
2016,111,31275
2017,111,10325
2018,111,10410
2019,111,38150
2020,111,38150
2008,112,33992
2009,112,33845
2010,112,34100
2011,112,36804
2012,112,36773
2013,112,36823
2014,112,36823
2015,112,37505
2016,112,39255
2017,112,39255
2018,112,39153
2019,112,43106
2020,112,
2008,113,26682
2009,113,26907
2010,113,26907
2011,113,26907
2012,113,26907
2013,113,26907
2014,113,27003
2015,113,27383
2016,113,27383
2017,113,27383
2018,113,27393
2019,113,27393
2020,113,27393
2008,114,5113
2009,114,5113
2010,114,5113
2011,114,5113
2012,114,5113
2013,114,5113
2014,114,5113
2015,114,5113
2016,114,5113
2017,114,5113
2018,114,5113
2019,114,5113
2020,114,
2008,115,25994
2009,115,25994
2010,115,25994
2011,115,25994
2012,115,25994
2013,115,25994
2014,115,25994
2015,115,25976
2016,115,
2017,115,
2018,115,
2019,115,
2020,115,
2008,116,11530
2009,116,11501
2010,116,11501
2011,116,11501
2012,116,11273
2013,116,11533
2014,116,11533
2015,116,11471
2016,116,11300
2017,116,11152
2018,116,11019
2019,116,11364
2020,116,11187
2008,117,170611
2009,117,170611
2010,117,201688
2011,117,201688
2012,117,199299
2013,117,198022
2014,117,196798
2015,117,193305
2016,117,192813
2017,117,192813
2018,117,192813
2019,117,192813
2020,117,601748
2008,118,48043
2009,118,52219
2010,118,51796
2011,118,50942
2012,118,50248
2013,118,50190
2014,118,50144
2015,118,50144
2016,118,50144
2017,118,79716
2018,118,80364
2019,118,77089
2020,118,77089
2008,119,78987
2009,119,93105
2010,119,94602
2011,119,92185
2012,119,101530
2013,119,105776
2014,119,103598
2015,119,107753
2016,119,106598
2017,119,107318
2018,119,105466
2019,119,106655
2020,119,106657
2008,120,
2009,120,
2010,120,
2011,120,1242119
2012,120,1242119
2013,120,1242119
2014,120,1692119
2015,120,1692119
2016,120,1692119
2017,120,1687412
2018,120,1687412
2019,120,1692425
2020,120,1695111
2008,121,
2009,121,
2010,121,
2011,121,1348868
2012,121,1348868
2013,121,1350074
2014,121,1355320
2015,121,1362049
2016,121,1361631
2017,121,1363593
2018,121,1353832
2019,121,1350132
2020,121,1353910
2008,122,78033
2009,122,77045
2010,122,77061
2011,122,77061
2012,122,73855
2013,122,74398
2014,122,74398
2015,122,74398
2016,122,74398
2017,122,74398
2018,122,74398
2019,122,74398
2020,122,74398
2008,123,
2009,123,
2010,123,
2011,123,
2012,123,
2013,123,
2014,123,3800
2015,123,3800
2016,123,3766
2017,123,3690
2018,123,42533
2019,123,42533
2020,123,42551
2008,124,
2009,124,
2010,124,
2011,124,
2012,124,
2013,124,
2014,124,
2015,124,7727
2016,124,7902
2017,124,8068
2018,124,8307
2019,124,8307
2020,124,
2008,125,
2009,125,
2010,125,
2011,125,
2012,125,
2013,125,
2014,125,
2015,125,19507
2016,125,19754
2017,125,22097
2018,125,22077
2019,125,22234
2020,125,22206
2008,126,375004
2009,126,373501
2010,126,483239
2011,126,483309
2012,126,385895
2013,126,385895
2014,126,387030
2015,126,387885
2016,126,389891
2017,126,433516
2018,126,433516
2019,126,433516
2020,126,432674
2008,127,4375
2009,127,4375
2010,127,4375
2011,127,4375
2012,127,4375
2013,127,4375
2014,127,4375
2015,127,4375
2016,127,4375
2017,127,4375
2018,127,4375
2019,127,4375
2020,127,4375
2008,128,227500
2009,128,227500
2010,128,227501
2011,128,227501
2012,128,227501
2013,128,227502
2014,128,227503
2015,128,227507
2016,128,227536
2017,128,227542
2018,128,227542
2019,128,
2020,128,
2008,129,57841
2009,129,56637
2010,129,55899
2011,129,55763
2012,129,55763
2013,129,55025
2014,129,54963
2015,129,54754
2016,129,54682
2017,129,54682
2018,129,
2019,129,
2020,129,
2008,130,199787
2009,130,199883
2010,130,199949
2011,130,199995
2012,130,199996
2013,130,199996
2014,130,199999
2015,130,200000
2016,130,200000
2017,130,200000
2018,130,200000
2019,130,
2020,130,
2008,131,9860
2009,131,9860
2010,131,9860
2011,131,9860
2012,131,9860
2013,131,9860
2014,131,9860
2015,131,18612
2016,131,18612
2017,131,18612
2018,131,18612
2019,131,18612
2020,131,18612
2008,132,648542
2009,132,648542
2010,132,648542
2011,132,648542
2012,132,648542
2013,132,812947
2014,132,813156
2015,132,823382
2016,132,820348
2017,132,817802
2018,132,817965
2019,132,818011
2020,132,818824
2008,133,142729
2009,133,142729
2010,133,140836
2011,133,187782
2012,133,187782
2013,133,187782
2014,133,187782
2015,133,187782
2016,133,
2017,133,
2018,133,
2019,133,
2020,133,
2008,134,85483
2009,134,85332
2010,134,84817
2011,134,84656
2012,134,84647
2013,134,84537
2014,134,83821
2015,134,83078
2016,134,93501
2017,134,92421
2018,134,91386
2019,134,130550
2020,134,129773
2008,135,
2009,135,
2010,135,
2011,135,
2012,135,29600
2013,135,29600
2014,135,29600
2015,135,36100
2016,135,36126
2017,135,36126
2018,135,36126
2019,135,36126
2020,135,36126
2008,136,13994
2009,136,13652
2010,136,13586
2011,136,13586
2012,136,13586
2013,136,13586
2014,136,13586
2015,136,13659
2016,136,13981
2017,136,14131
2018,136,14261
2019,136,14261
2020,136,14261
2008,137,10706
2009,137,10834
2010,137,10600
2011,137,10495
2012,137,10979
2013,137,10976
2014,137,10889
2015,137,10755
2016,137,10931
2017,137,10990
2018,137,10997
2019,137,10979
2020,137,10885
2008,138,
2009,138,
2010,138,
2011,138,
2012,138,
2013,138,
2014,138,
2015,138,
2016,138,
2017,138,
2018,138,
2019,138,
2020,138,
2008,139,14773
2009,139,14773
2010,139,14773
2011,139,14773
2012,139,26425
2013,139,26425
2014,139,26425
2015,139,26425
2016,139,27499
2017,139,30616
2018,139,36414
2019,139,36414
2020,139,39913
2008,140,3454
2009,140,6900
2010,140,6900
2011,140,6900
2012,140,6900
2013,140,6900
2014,140,18441
2015,140,18441
2016,140,18441
2017,140,18441
2018,140,18441
2019,140,
2020,140,
2008,141,125000
2009,141,125000
2010,141,125000
2011,141,124868
2012,141,124566
2013,141,124131
2014,141,123687
2015,141,123154
2016,141,122873
2017,141,122696
2018,141,106790
2019,141,106790
2020,141,106790
2008,142,77412
2009,142,77572
2010,142,77572
2011,142,77572
2012,142,77893
2013,142,78343
2014,142,78343
2015,142,78343
2016,142,134416
2017,142,134416
2018,142,134416
2019,142,134416
2020,142,134416
2008,143,149321
2009,143,149296
2010,143,149294
2011,143,148897
2012,143,148696
2013,143,150000
2014,143,150000
2015,143,150000
2016,143,150000
2017,143,150000
2018,143,150000
2019,143,150000
2020,143,
2008,144,30959
2009,144,31181
2010,144,31568
2011,144,31568
2012,144,31568
2013,144,31568
2014,144,31568
2015,144,31568
2016,144,31568
2017,144,65016
2018,144,65016
2019,144,65016
2020,144,65016
2008,145,27350
2009,145,27350
2010,145,30491
2011,145,30491
2012,145,30491
2013,145,30491
2014,145,30491
2015,145,30491
2016,145,30491
2017,145,30491
2018,145,30491
2019,145,30491
2020,145,30491
2008,146,39922
2009,146,40009
2010,146,40518
2011,146,41076
2012,146,41076
2013,146,41076
2014,146,94236
2015,146,94236
2016,146,94236
2017,146,97756
2018,146,135781
2019,146,161355
2020,146,171586
2008,147,239332
2009,147,237062
2010,147,237062
2011,147,237062
2012,147,236022
2013,147,231505
2014,147,261458
2015,147,261458
2016,147,261378
2017,147,260538
2018,147,260112
2019,147,258520
2020,147,259808
2008,148,129858
2009,148,128815
2010,148,128716
2011,148,128354
2012,148,127691
2013,148,126524
2014,148,126336
2015,148,126336
2016,148,126336
2017,148,126336
2018,148,132000
2019,148,132000
2020,148,
2008,149,402597
2009,149,401612
2010,149,401735
2011,149,397710
2012,149,395305
2013,149,394494
2014,149,393890
2015,149,391060
2016,149,390644
2017,149,486840
2018,149,486722
2019,149,490059
2020,149,
2008,150,1136402
2009,150,1136402
2010,150,1136402
2011,150,1136402
2012,150,1136402
2013,150,1136402
2014,150,1136402
2015,150,1136402
2016,150,1136402
2017,150,1136402
2018,150,1137269
2019,150,1137944
2020,150,1139193
2008,151,
2009,151,
2010,151,
2011,151,28740
2012,151,28740
2013,151,28740
2014,151,28740
2015,151,28632
2016,151,28400
2017,151,28400
2018,151,28409
2019,151,28690
2020,151,28437
2008,152,
2009,152,
2010,152,
2011,152,
2012,152,
2013,152,
2014,152,105699
2015,152,105699
2016,152,105699
2017,152,110705
2018,152,115584
2019,152,195037
2020,152,195037
2008,153,222697
2009,153,222697
2010,153,222697
2011,153,219195
2012,153,219195
2013,153,422949
2014,153,517290
2015,153,517290
2016,153,517290
2017,153,517290
2018,153,517322
2019,153,517383
2020,153,517384
2008,154,
2009,154,
2010,154,
2011,154,
2012,154,
2013,154,5000
2014,154,22316
2015,154,22491
2016,154,22260
2017,154,22247
2018,154,21953
2019,154,21916
2020,154,21882
2008,155,
2009,155,
2010,155,
2011,155,
2012,155,
2013,155,
2014,155,14878
2015,155,14867
2016,155,14855
2017,155,14855
2018,155,14855
2019,155,14855
2020,155,14855
2008,156,
2009,156,
2010,156,272000
2011,156,272000
2012,156,272000
2013,156,272000
2014,156,272000
2015,156,272000
2016,156,272000
2017,156,272000
2018,156,272000
2019,156,272000
2020,156,268375
2008,157,
2009,157,
2010,157,
2011,157,
2012,157,10000
2013,157,10000
2014,157,13600
2015,157,13589
2016,157,13572
2017,157,13572
2018,157,14086
2019,157,
2020,157,
2008,158,
2009,158,
2010,158,
2011,158,
2012,158,
2013,158,
2014,158,
2015,158,2484
2016,158,2500
2017,158,2500
2018,158,2915
2019,158,3076
2020,158,
2008,159,
2009,159,
2010,159,
2011,159,
2012,159,
2013,159,
2014,159,
2015,159,
2016,159,10000
2017,159,
2018,159,10000
2019,159,10000
2020,159,
2008,160,
2009,160,
2010,160,
2011,160,10660
2012,160,10660
2013,160,10660
2014,160,10660
2015,160,13818
2016,160,14818
2017,160,16040
2018,160,16040
2019,160,18307
2020,160,20746
2008,161,
2009,161,
2010,161,
2011,161,
2012,161,
2013,161,
2014,161,13897
2015,161,13897
2016,161,13897
2017,161,13897
2018,161,13839
2019,161,13839
2020,161,13729
2008,162,
2009,162,
2010,162,
2011,162,
2012,162,
2013,162,
2014,162,14449
2015,162,14449
2016,162,14449
2017,162,14449
2018,162,14449
2019,162,14449
2020,162,14449
2008,163,
2009,163,
2010,163,
2011,163,
2012,163,
2013,163,
2014,163,3175
2015,163,3175
2016,163,3175
2017,163,3175
2018,163,3175
2019,163,3175
2020,163,3175
2008,164,4114
2009,164,4114
2010,164,4114
2011,164,4114
2012,164,4114
2013,164,4114
2014,164,4114
2015,164,4114
2016,164,4114
2017,164,4114
2018,164,4936
2019,164,4936
2020,164,13454
2008,165,
2009,165,
2010,165,
2011,165,
2012,165,
2013,165,
2014,165,
2015,165,
2016,165,
2017,165,
2018,165,
2019,165,
2020,165,
2008,166,
2009,166,
2010,166,
2011,166,
2012,166,
2013,166,
2014,166,
2015,166,600000
2016,166,600000
2017,166,600000
2018,166,599778
2019,166,599778
2020,166,960163
2008,167,927772
2009,167,927811
2010,167,928324
2011,167,928355
2012,167,928381
2013,167,931754
2014,167,931754
2015,167,931754
2016,167,936010
2017,167,936010
2018,167,936010
2019,167,941780
2020,167,941780
2008,168,43788
2009,168,43692
2010,168,43534
2011,168,43534
2012,168,43573
2013,168,43573
2014,168,43573
2015,168,43573
2016,168,43573
2017,168,43573
2018,168,43573
2019,168,43573
2020,168,43573
2008,169,3622405
2009,169,3622407
2010,169,3622495
2011,169,3622704
2012,169,3622797
2013,169,3622797
2014,169,3601140
2015,169,3601140
2016,169,3601140
2017,169,3601140
2018,169,3601140
2019,169,3572550
2020,169,3572550
2008,170,148220
2009,170,148220
2010,170,148220
2011,170,148220
2012,170,142804
2013,170,142804
2014,170,142804
2015,170,142804
2016,170,148817
2017,170,148817
2018,170,148817
2019,170,148817
2020,170,148870
2008,171,123090
2009,171,123024
2010,171,124964
2011,171,124964
2012,171,124964
2013,171,305528
2014,171,305528
2015,171,305528
2016,171,305528
2017,171,295768
2018,171,328640
2019,171,328640
2020,171,328640
2008,172,4000
2009,172,3800
2010,172,4000
2011,172,4000
2012,172,4000
2013,172,4000
2014,172,3800
2015,172,3800
2016,172,3800
2017,172,3800
2018,172,3800
2019,172,3800
2020,172,3800
2008,173,345612
2009,173,346165
2010,173,347707
2011,173,348157
2012,173,349069
2013,173,349114
2014,173,349114
2015,173,349114
2016,173,1003871
2017,173,996121
2018,173,996221
2019,173,996253
2020,173,993445
2008,174,456933
2009,174,458038
2010,174,466077
2011,174,461165
2012,174,468557
2013,174,473403
2014,174,478024
2015,174,480507
2016,174,476454
2017,174,478497
2018,174,479123
2019,174,
2020,174,
2008,175,30481
2009,175,30609
2010,175,30609
2011,175,30609
2012,175,30609
2013,175,30609
2014,175,30609
2015,175,30609
2016,175,33094
2017,175,33094
2018,175,33094
2019,175,33094
2020,175,33094
2008,176,59482
2009,176,58872
2010,176,58744
2011,176,58284
2012,176,57666
2013,176,57534
2014,176,57054
2015,176,57054
2016,176,55501
2017,176,54714
2018,176,53988
2019,176,53130
2020,176,53130
2008,177,259202
2009,177,259207
2010,177,259207
2011,177,259207
2012,177,259207
2013,177,259207
2014,177,259207
2015,177,259207
2016,177,259207
2017,177,259207
2018,177,259207
2019,177,259207
2020,177,259207
2008,178,33779
2009,178,33779
2010,178,91850
2011,178,91850
2012,178,99800
2013,178,100543
2014,178,101085
2015,178,101238
2016,178,101287
2017,178,101287
2018,178,213044
2019,178,275704
2020,178,275704
2008,179,7334
2009,179,7334
2010,179,27350
2011,179,27350
2012,179,27350
2013,179,27350
2014,179,27350
2015,179,27350
2016,179,27350
2017,179,27350
2018,179,27350
2019,179,27350
2020,179,27350
2008,180,103067
2009,180,101486
2010,180,101486
2011,180,101486
2012,180,101486
2013,180,101486
2014,180,101486
2015,180,101486
2016,180,101486
2017,180,101486
2018,180,101486
2019,180,101145
2020,180,100175
2008,181,1854
2009,181,1853
2010,181,1857
2011,181,1853
2012,181,1853
2013,181,1859
2014,181,1870
2015,181,1883
2016,181,1879
2017,181,1879
2018,181,1879
2019,181,1879
2020,181,1879
2008,182,28393
2009,182,28393
2010,182,84526
2011,182,84526
2012,182,84526
2013,182,84526
2014,182,84526
2015,182,84526
2016,182,84526
2017,182,291471
2018,182,
2019,182,
2020,182,
2008,183,168410
2009,183,168410
2010,183,168410
2011,183,168410
2012,183,168410
2013,183,168410
2014,183,168410
2015,183,168790
2016,183,168790
2017,183,168790
2018,183,168776
2019,183,168640
2020,183,168640
2008,184,84170
2009,184,84170
2010,184,84170
2011,184,160000
2012,184,160000
2013,184,160000
2014,184,
2015,184,
2016,184,
2017,184,
2018,184,
2019,184,
2020,184,
2008,185,
2009,185,
2010,185,
2011,185,68000
2012,185,68000
2013,185,68000
2014,185,68000
2015,185,68000
2016,185,68000
2017,185,68000
2018,185,68000
2019,185,68000
2020,185,68000
2008,186,33209
2009,186,33085
2010,186,33085
2011,186,33085
2012,186,32362
2013,186,32259
2014,186,32259
2015,186,32259
2016,186,32259
2017,186,32259
2018,186,32259
2019,186,32259
2020,186,32259
2008,187,
2009,187,
2010,187,
2011,187,
2012,187,1817
2013,187,1817
2014,187,2253
2015,187,2253
2016,187,5506
2017,187,5506
2018,187,6746
2019,187,10209
2020,187,10209
2008,188,
2009,188,
2010,188,250000
2011,188,250000
2012,188,250000
2013,188,250000
2014,188,250000
2015,188,250124
2016,188,249232
2017,188,252779
2018,188,249720
2019,188,252310
2020,188,252767
2008,189,
2009,189,
2010,189,
2011,189,
2012,189,
2013,189,140000
2014,189,140000
2015,189,140000
2016,189,227000
2017,189,227000
2018,189,227000
2019,189,226191
2020,189,226191
2008,190,
2009,190,
2010,190,
2011,190,
2012,190,
2013,190,
2014,190,
2015,190,
2016,190,4400
2017,190,4400
2018,190,4400
2019,190,4400
2020,190,4400
2008,191,19134
2009,191,19803
2010,191,19803
2011,191,21060
2012,191,21780
2013,191,53722
2014,191,53722
2015,191,59067
2016,191,59067
2017,191,59067
2018,191,228667
2019,191,228881
2020,191,228881
2008,192,6021
2009,192,6558
2010,192,7264
2011,192,7264
2012,192,11386
2013,192,11625
2014,192,11625
2015,192,13043
2016,192,15773
2017,192,17837
2018,192,17845
2019,192,17845
2020,192,17845
2008,193,183301
2009,193,183652
2010,193,254188
2011,193,254341
2012,193,254341
2013,193,269011
2014,193,280835
2015,193,421451
2016,193,431451
2017,193,456962
2018,193,463451
2019,193,463451
2020,193,
2008,194,197035
2009,194,197653
2010,194,198919
2011,194,199339
2012,194,200619
2013,194,202615
2014,194,204417
2015,194,205440
2016,194,205234
2017,194,208262
2018,194,203972
2019,194,204959
2020,194,205758
2008,195,
2009,195,
2010,195,
2011,195,3341
2012,195,3341
2013,195,3341
2014,195,3341
2015,195,11149
2016,195,11149
2017,195,11149
2018,195,11088
2019,195,
2020,195,
2008,196,36145
2009,196,36365
2010,196,36177
2011,196,36048
2012,196,35948
2013,196,36288
2014,196,37409
2015,196,37407
2016,196,37407
2017,196,37407
2018,196,37407
2019,196,37407
2020,196,37407
2008,197,12400
2009,197,12396
2010,197,12395
2011,197,12200
2012,197,12190
2013,197,12190
2014,197,12160
2015,197,12157
2016,197,12157
2017,197,
2018,197,
2019,197,
2020,197,
2008,198,23642
2009,198,72560
2010,198,72560
2011,198,72560
2012,198,72560
2013,198,134897
2014,198,134897
2015,198,134897
2016,198,134897
2017,198,134897
2018,198,132199
2019,198,130111
2020,198,127990
2008,199,8980
2009,199,8980
2010,199,8980
2011,199,8980
2012,199,8980
2013,199,8980
2014,199,8980
2015,199,8980
2016,199,8980
2017,199,8980
2018,199,8980
2019,199,8980
2020,199,8980
2008,200,1045204
2009,200,1861474
2010,200,1861492
2011,200,1861495
2012,200,1861495
2013,200,1861499
2014,200,1861535
2015,200,3145282
2016,200,3145282
2017,200,3981881
2018,200,3981881
2019,200,4508697
2020,200,5061226
2008,201,16097
2009,201,16097
2010,201,16097
2011,201,16210
2012,201,16210
2013,201,16680
2014,201,16680
2015,201,16680
2016,201,16680
2017,201,
2018,201,
2019,201,
2020,201,
2008,202,11328
2009,202,11304
2010,202,11304
2011,202,11110
2012,202,11382
2013,202,23003
2014,202,11436
2015,202,11661
2016,202,11652
2017,202,11738
2018,202,11647
2019,202,11785
2020,202,11605
2008,203,3621
2009,203,3621
2010,203,83537
2011,203,83537
2012,203,83537
2013,203,83537
2014,203,83537
2015,203,83537
2016,203,83537
2017,203,83537
2018,203,83537
2019,203,83537
2020,203,83537
2008,204,11182
2009,204,11182
2010,204,11182
2011,204,11182
2012,204,11182
2013,204,11182
2014,204,11182
2015,204,11182
2016,204,11182
2017,204,11182
2018,204,11182
2019,204,11182
2020,204,11182
2008,205,50346
2009,205,50616
2010,205,51884
2011,205,51795
2012,205,50934
2013,205,50878
2014,205,50545
2015,205,49527
2016,205,48375
2017,205,48375
2018,205,48236
2019,205,
2020,205,
2008,206,4875
2009,206,4804
2010,206,4758
2011,206,4702
2012,206,6249
2013,206,7612
2014,206,7606
2015,206,7591
2016,206,
2017,206,
2018,206,
2019,206,
2020,206,
2008,207,8919
2009,207,8883
2010,207,9337
2011,207,9235
2012,207,9228
2013,207,9228
2014,207,9291
2015,207,9351
2016,207,9351
2017,207,9351
2018,207,
2019,207,
2020,207,
2008,208,8395
2009,208,25185
2010,208,25185
2011,208,25185
2012,208,25185
2013,208,25185
2014,208,25774
2015,208,25585
2016,208,25585
2017,208,25585
2018,208,25585
2019,208,25585
2020,208,25585
2008,209,
2009,209,
2010,209,10
2011,209,538
2012,209,5150
2013,209,13742
2014,209,14290
2015,209,15465
2016,209,15410
2017,209,15450
2018,209,15456
2019,209,15429
2020,209,15407
2008,210,
2009,210,
2010,210,
2011,210,
2012,210,
2013,210,
2014,210,613
2015,210,2086
2016,210,2086
2017,210,2498
2018,210,2498
2019,210,2498
2020,210,2498
2008,211,
2009,211,2115
2010,211,2115
2011,211,2115
2012,211,2452
2013,211,2830
2014,211,3309
2015,211,3216
2016,211,5130
2017,211,7345
2018,211,10498
2019,211,12561
2020,211,12778
2008,212,
2009,212,
2010,212,281
2011,212,281
2012,212,281
2013,212,281
2014,212,22281
2015,212,25439
2016,212,27688
2017,212,35656
2018,212,35859
2019,212,40102
2020,212,50777
2008,213,
2009,213,
2010,213,2876
2011,213,2876
2012,213,2876
2013,213,3221
2014,213,3216
2015,213,3210
2016,213,3197
2017,213,
2018,213,
2019,213,
2020,213,
2008,214,
2009,214,
2010,214,
2011,214,
2012,214,
2013,214,10400
2014,214,10400
2015,214,11192
2016,214,11273
2017,214,14117
2018,214,14858
2019,214,14897
2020,214,14832
2008,215,
2009,215,
2010,215,
2011,215,2625
2012,215,2625
2013,215,2625
2014,215,3035
2015,215,3035
2016,215,3085
2017,215,
2018,215,
2019,215,
2020,215,
2008,216,
2009,216,
2010,216,
2011,216,
2012,216,
2013,216,
2014,216,8320
2015,216,8320
2016,216,11631
2017,216,11631
2018,216,14765
2019,216,19676
2020,216,19676
2008,217,
2009,217,
2010,217,
2011,217,
2012,217,
2013,217,15550
2014,217,
2015,217,18126
2016,217,18126
2017,217,18121
2018,217,17943
2019,217,18035
2020,217,19520
2008,218,50693
2009,218,50609
2010,218,50609
2011,218,50526
2012,218,50948
2013,218,50860
2014,218,50860
2015,218,71273
2016,218,70979
2017,218,70979
2018,218,70979
2019,218,70979
2020,218,71644
2008,219,1155
2009,219,1146
2010,219,1141
2011,219,1137
2012,219,1132
2013,219,1132
2014,219,1132
2015,219,1132
2016,219,1123
2017,219,1123
2018,219,1108
2019,219,1108
2020,219,1061
2008,220,31532
2009,220,32700
2010,220,32700
2011,220,32700
2012,220,32700
2013,220,32700
2014,220,32700
2015,220,32700
2016,220,32700
2017,220,32700
2018,220,32700
2019,220,32700
2020,220,
2008,221,15884
2009,221,15975
2010,221,16338
2011,221,16291
2012,221,27011
2013,221,26814
2014,221,28116
2015,221,30419
2016,221,31461
2017,221,31799
2018,221,31430
2019,221,30935
2020,221,30259
2008,222,
2009,222,
2010,222,
2011,222,
2012,222,
2013,222,
2014,222,11385
2015,222,11385
2016,222,11385
2017,222,11385
2018,222,12385
2019,222,12385
2020,222,12385
2008,223,
2009,223,
2010,223,
2011,223,
2012,223,
2013,223,
2014,223,3620
2015,223,11677
2016,223,10802
2017,223,11522
2018,223,
2019,223,
2020,223,
2008,224,
2009,224,
2010,224,
2011,224,
2012,224,
2013,224,
2014,224,
2015,224,
2016,224,
2017,224,
2018,224,
2019,224,
2020,224,
2008,225,
2009,225,
2010,225,102008
2011,225,102008
2012,225,13158
2013,225,11411
2014,225,17321
2015,225,17966
2016,225,17966
2017,225,19151
2018,225,19151
2019,225,33993
2020,225,33993
2008,226,92263
2009,226,88158
2010,226,88065
2011,226,88065
2012,226,88065
2013,226,88065
2014,226,88065
2015,226,88188
2016,226,88188
2017,226,88188
2018,226,88188
2019,226,88188
2020,226,88188
2008,227,
2009,227,
2010,227,
2011,227,19203
2012,227,19203
2013,227,50000
2014,227,195000
2015,227,195000
2016,227,195000
2017,227,195000
2018,227,191402
2019,227,191855
2020,227,192282
2008,228,17788
2009,228,17788
2010,228,17788
2011,228,17788
2012,228,17788
2013,228,17788
2014,228,17788
2015,228,105938
2016,228,110188
2017,228,110273
2018,228,110273
2019,228,110273
2020,228,110273
2008,229,
2009,229,
2010,229,
2011,229,101
2012,229,101
2013,229,101
2014,229,101
2015,229,15392
2016,229,15392
2017,229,15138
2018,229,16894
2019,229,
2020,229,
2008,230,
2009,230,
2010,230,
2011,230,
2012,230,10637
2013,230,10637
2014,230,10637
2015,230,13712
2016,230,13712
2017,230,13712
2018,230,13301
2019,230,13209
2020,230,13026
2008,231,4711
2009,231,4709
2010,231,4672
2011,231,7821
2012,231,7398
2013,231,7530
2014,231,7202
2015,231,7067
2016,231,6936
2017,231,7018
2018,231,7052
2019,231,7052
2020,231,7052
2008,232,51054
2009,232,51054
2010,232,51054
2011,232,51054
2012,232,51054
2013,232,51223
2014,232,51223
2015,232,51223
2016,232,51757
2017,232,51757
2018,232,51254
2019,232,49784
2020,232,49784
2008,233,11192
2009,233,11192
2010,233,11192
2011,233,11132
2012,233,28200
2013,233,28200
2014,233,28200
2015,233,28200
2016,233,27849
2017,233,26898
2018,233,28262
2019,233,28262
2020,233,
2008,234,35096
2009,234,35096
2010,234,35096
2011,234,35096
2012,234,35096
2013,234,34679
2014,234,34197
2015,234,34197
2016,234,34197
2017,234,34197
2018,234,34629
2019,234,35076
2020,234,35225
2008,235,42503
2009,235,42503
2010,235,43597
2011,235,43597
2012,235,43597
2013,235,43597
2014,235,43597
2015,235,435118
2016,235,435118
2017,235,435118
2018,235,435118
2019,235,435118
2020,235,
2008,236,34000
2009,236,34000
2010,236,34000
2011,236,34000
2012,236,34000
2013,236,34000
2014,236,34000
2015,236,34000
2016,236,34000
2017,236,34000
2018,236,40800
2019,236,40800
2020,236,40800
2008,237,520278
2009,237,520278
2010,237,520278
2011,237,520278
2012,237,1094270
2013,237,1094270
2014,237,1094270
2015,237,1094270
2016,237,1094270
2017,237,1094270
2018,237,1094270
2019,237,1094270
2020,237,1330252
2008,238,231390
2009,238,231390
2010,238,231390
2011,238,231390
2012,238,231390
2013,238,231390
2014,238,137709
2015,238,413127
2016,238,413127
2017,238,413127
2018,238,628882
2019,238,628882
2020,238,628882
2008,239,434903
2009,239,434903
2010,239,434903
2011,239,434903
2012,239,434903
2013,239,434903
2014,239,434903
2015,239,434903
2016,239,434903
2017,239,434903
2018,239,434903
2019,239,434903
2020,239,434903
2008,240,67739
2009,240,67739
2010,240,67739
2011,240,67739
2012,240,67739
2013,240,67739
2014,240,67739
2015,240,67739
2016,240,67739
2017,240,67739
2018,240,67739
2019,240,67739
2020,240,67739
2008,241,21267
2009,241,20979
2010,241,20699
2011,241,20518
2012,241,20449
2013,241,20449
2014,241,20449
2015,241,47597
2016,241,47597
2017,241,47597
2018,241,47597
2019,241,47597
2020,241,47597
2008,242,254400
2009,242,254275
2010,242,254275
2011,242,253395
2012,242,253395
2013,242,253395
2014,242,253529
2015,242,254035
2016,242,254035
2017,242,254218
2018,242,254218
2019,242,254218
2020,242,251218
2008,243,
2009,243,
2010,243,
2011,243,
2012,243,
2013,243,
2014,243,
2015,243,
2016,243,
2017,243,
2018,243,
2019,243,
2020,243,
2008,244,116825
2009,244,116825
2010,244,116825
2011,244,116825
2012,244,116825
2013,244,116825
2014,244,116825
2015,244,188357
2016,244,188357
2017,244,188357
2018,244,
2019,244,
2020,244,
2008,245,
2009,245,
2010,245,
2011,245,65506
2012,245,65506
2013,245,70421
2014,245,70421
2015,245,80421
2016,245,80396
2017,245,80351
2018,245,80316
2019,245,80252
2020,245,80252
2008,246,1306110
2009,246,1306110
2010,246,1306110
2011,246,1306110
2012,246,1306110
2013,246,1306110
2014,246,1306110
2015,246,1306110
2016,246,1306110
2017,246,1306110
2018,246,1306110
2019,246,1300852
2020,246,1300852
2008,247,
2009,247,
2010,247,
2011,247,
2012,247,
2013,247,
2014,247,
2015,247,
2016,247,
2017,247,
2018,247,
2019,247,
2020,247,
2008,248,
2009,248,
2010,248,
2011,248,
2012,248,
2013,248,
2014,248,
2015,248,
2016,248,
2017,248,
2018,248,
2019,248,
2020,248,
2008,249,293418
2009,249,289021
2010,249,294013
2011,249,280697
2012,249,274606
2013,249,273975
2014,249,271626
2015,249,263923
2016,249,261207
2017,249,255670
2018,249,253754
2019,249,259976
2020,249,259690
2008,250,
2009,250,
2010,250,
2011,250,
2012,250,
2013,250,
2014,250,
2015,250,
2016,250,
2017,250,36644
2018,250,45452
2019,250,45452
2020,250,45940
2008,251,
2009,251,
2010,251,
2011,251,
2012,251,
2013,251,
2014,251,
2015,251,
2016,251,
2017,251,
2018,251,
2019,251,
2020,251,
2008,252,
2009,252,
2010,252,
2011,252,
2012,252,
2013,252,
2014,252,
2015,252,
2016,252,
2017,252,
2018,252,
2019,252,
2020,252,
2008,253,
2009,253,
2010,253,
2011,253,
2012,253,
2013,253,15788
2014,253,15788
2015,253,15788
2016,253,15788
2017,253,15752
2018,253,15880
2019,253,15857
2020,253,15806
2008,254,38207
2009,254,37960
2010,254,37755
2011,254,37299
2012,254,37299
2013,254,37168
2014,254,38598
2015,254,39065
2016,254,37659
2017,254,37811
2018,254,37711
2019,254,37540
2020,254,37690
2008,255,4983
2009,255,4983
2010,255,4983
2011,255,4983
2012,255,4983
2013,255,13789
2014,255,18916
2015,255,18916
2016,255,26124
2017,255,30168
2018,255,34152
2019,255,44621
2020,255,46021
2008,256,
2009,256,
2010,256,
2011,256,
2012,256,
2013,256,
2014,256,
2015,256,
2016,256,
2017,256,
2018,256,
2019,256,
2020,256,
2008,257,
2009,257,
2010,257,
2011,257,
2012,257,
2013,257,200000
2014,257,200000
2015,257,200000
2016,257,200000
2017,257,201005
2018,257,201005
2019,257,201005
2020,257,201328
2008,258,
2009,258,
2010,258,
2011,258,
2012,258,
2013,258,
2014,258,
2015,258,
2016,258,20474
2017,258,25606
2018,258,25873
2019,258,25210
2020,258,25032
2008,259,
2009,259,
2010,259,
2011,259,
2012,259,
2013,259,
2014,259,
2015,259,
2016,259,
2017,259,
2018,259,
2019,259,
2020,259,
2008,260,
2009,260,
2010,260,
2011,260,
2012,260,
2013,260,
2014,260,
2015,260,
2016,260,
2017,260,
2018,260,
2019,260,
2020,260,
2008,261,
2009,261,
2010,261,
2011,261,
2012,261,
2013,261,
2014,261,
2015,261,
2016,261,
2017,261,
2018,261,
2019,261,
2020,261,
2008,262,
2009,262,
2010,262,
2011,262,
2012,262,
2013,262,941744
2014,262,941744
2015,262,941744
2016,262,541744
2017,262,541744
2018,262,540544
2019,262,540544
2020,262,540544
2008,263,10
2009,263,19
2010,263,19
2011,263,19
2012,263,161
2013,263,161
2014,263,64268
2015,263,64268
2016,263,114768
2017,263,114768
2018,263,114768
2019,263,
2020,263,
2008,264,729711
2009,264,731016
2010,264,732495
2011,264,733434
2012,264,733953
2013,264,735617
2014,264,737052
2015,264,738402
2016,264,735692
2017,264,733964
2018,264,732388
2019,264,733735
2020,264,734990
2008,265,
2009,265,
2010,265,
2011,265,
2012,265,89242
2013,265,
2014,265,89242
2015,265,89242
2016,265,89149
2017,265,87855
2018,265,88824
2019,265,89201
2020,265,128653
2008,266,
2009,266,
2010,266,
2011,266,
2012,266,
2013,266,
2014,266,
2015,266,27000
2016,266,31040
2017,266,32673
2018,266,32673
2019,266,32673
2020,266,42673
2008,267,
2009,267,
2010,267,
2011,267,
2012,267,
2013,267,
2014,267,
2015,267,
2016,267,
2017,267,
2018,267,
2019,267,
2020,267,
2008,268,
2009,268,
2010,268,
2011,268,
2012,268,
2013,268,
2014,268,
2015,268,
2016,268,
2017,268,
2018,268,
2019,268,
2020,268,
2008,269,
2009,269,
2010,269,
2011,269,
2012,269,
2013,269,
2014,269,
2015,269,
2016,269,809136
2017,269,809136
2018,269,809136
2019,269,809136
2020,269,809136
2008,270,
2009,270,
2010,270,
2011,270,
2012,270,
2013,270,
2014,270,
2015,270,
2016,270,13
2017,270,14
2018,270,14
2019,270,55
2020,270,50
2008,271,
2009,271,
2010,271,
2011,271,
2012,271,
2013,271,
2014,271,5678
2015,271,5678
2016,271,5678
2017,271,6583
2018,271,6583
2019,271,6583
2020,271,6796
2008,272,
2009,272,
2010,272,
2011,272,
2012,272,
2013,272,
2014,272,1700
2015,272,1700
2016,272,
2017,272,1910
2018,272,1910
2019,272,2006
2020,272,2006
2008,273,
2009,273,
2010,273,
2011,273,
2012,273,
2013,273,
2014,273,
2015,273,
2016,273,1420
2017,273,1420
2018,273,1420
2019,273,1489
2020,273,4159
2008,274,
2009,274,
2010,274,
2011,274,
2012,274,
2013,274,
2014,274,5
2015,274,57
2016,274,36007
2017,274,36007
2018,274,36007
2019,274,36107
2020,274,36107
2008,275,
2009,275,
2010,275,
2011,275,
2012,275,
2013,275,19249
2014,275,19249
2015,275,19249
2016,275,19249
2017,275,21053
2018,275,21849
2019,275,
2020,275,
2008,276,
2009,276,
2010,276,
2011,276,
2012,276,
2013,276,
2014,276,
2015,276,
2016,276,
2017,276,
2018,276,
2019,276,
2020,276,
2008,277,
2009,277,
2010,277,
2011,277,
2012,277,
2013,277,2389
2014,277,2389
2015,277,3000
2016,277,12000
2017,277,12509
2018,277,12509
2019,277,12509
2020,277,
2008,278,
2009,278,
2010,278,
2011,278,
2012,278,
2013,278,
2014,278,1
2015,278,1
2016,278,1
2017,278,8375
2018,278,8375
2019,278,8375
2020,278,
2008,279,
2009,279,
2010,279,
2011,279,
2012,279,
2013,279,
2014,279,
2015,279,7193
2016,279,7193
2017,279,7193
2018,279,7193
2019,279,7193
2020,279,7191
2008,280,
2009,280,
2010,280,
2011,280,
2012,280,
2013,280,
2014,280,
2015,280,
2016,280,
2017,280,
2018,280,
2019,280,
2020,280,
2008,281,
2009,281,
2010,281,
2011,281,
2012,281,
2013,281,
2014,281,
2015,281,
2016,281,
2017,281,
2018,281,
2019,281,
2020,281,
2008,282,
2009,282,
2010,282,
2011,282,
2012,282,
2013,282,
2014,282,
2015,282,
2016,282,
2017,282,
2018,282,
2019,282,
2020,282,
2008,283,
2009,283,
2010,283,
2011,283,
2012,283,
2013,283,
2014,283,
2015,283,
2016,283,
2017,283,
2018,283,
2019,283,
2020,283,
2008,284,
2009,284,
2010,284,
2011,284,
2012,284,
2013,284,
2014,284,
2015,284,
2016,284,
2017,284,
2018,284,
2019,284,
2020,284,
2008,285,
2009,285,
2010,285,
2011,285,
2012,285,
2013,285,
2014,285,
2015,285,
2016,285,
2017,285,
2018,285,
2019,285,
2020,285,
2008,286,
2009,286,
2010,286,
2011,286,
2012,286,
2013,286,
2014,286,
2015,286,
2016,286,
2017,286,
2018,286,
2019,286,
2020,286,
2008,287,
2009,287,
2010,287,
2011,287,
2012,287,
2013,287,
2014,287,
2015,287,
2016,287,
2017,287,
2018,287,
2019,287,
2020,287,
2008,288,
2009,288,
2010,288,
2011,288,
2012,288,
2013,288,
2014,288,
2015,288,
2016,288,1900
2017,288,3096
2018,288,3096
2019,288,3096
2020,288,3096
2008,289,
2009,289,
2010,289,
2011,289,
2012,289,
2013,289,
2014,289,
2015,289,
2016,289,
2017,289,
2018,289,
2019,289,
2020,289,
2008,290,
2009,290,
2010,290,
2011,290,
2012,290,
2013,290,
2014,290,
2015,290,15372
2016,290,15372
2017,290,15372
2018,290,16065
2019,290,16063
2020,290,16223
2008,291,
2009,291,
2010,291,
2011,291,
2012,291,
2013,291,
2014,291,
2015,291,
2016,291,
2017,291,
2018,291,
2019,291,
2020,291,
2008,292,
2009,292,
2010,292,
2011,292,
2012,292,
2013,292,
2014,292,4582
2015,292,4582
2016,292,4582
2017,292,5842
2018,292,5842
2019,292,5758
2020,292,5826
2008,293,
2009,293,
2010,293,
2011,293,
2012,293,23164
2013,293,23164
2014,293,23164
2015,293,23164
2016,293,23164
2017,293,26359
2018,293,26359
2019,293,26145
2020,293,25688
2008,294,
2009,294,
2010,294,
2011,294,
2012,294,170107
2013,294,170107
2014,294,170107
2015,294,170107
2016,294,170107
2017,294,170107
2018,294,170066
2019,294,170223
2020,294,169975
2008,295,
2009,295,
2010,295,
2011,295,
2012,295,
2013,295,
2014,295,
2015,295,
2016,295,
2017,295,
2018,295,
2019,295,
2020,295,
2008,296,
2009,296,
2010,296,
2011,296,
2012,296,
2013,296,
2014,296,
2015,296,7258
2016,296,7258
2017,296,7258
2018,296,7258
2019,296,7258
2020,296,7260
2008,297,
2009,297,
2010,297,
2011,297,
2012,297,
2013,297,
2014,297,
2015,297,1750
2016,297,1750
2017,297,1750
2018,297,1750
2019,297,2625
2020,297,2625
2008,298,
2009,298,
2010,298,
2011,298,
2012,298,
2013,298,
2014,298,
2015,298,8150
2016,298,8095
2017,298,17039
2018,298,16930
2019,298,16927
2020,298,17530
2008,299,
2009,299,
2010,299,
2011,299,
2012,299,
2013,299,
2014,299,
2015,299,9437
2016,299,11247
2017,299,14312
2018,299,14329
2019,299,18978
2020,299,18978
2008,300,
2009,300,
2010,300,
2011,300,
2012,300,
2013,300,
2014,300,
2015,300,
2016,300,
2017,300,
2018,300,
2019,300,
2020,300,
2008,301,
2009,301,
2010,301,
2011,301,
2012,301,
2013,301,
2014,301,
2015,301,
2016,301,
2017,301,
2018,301,
2019,301,
2020,301,
2008,302,
2009,302,
2010,302,
2011,302,
2012,302,
2013,302,
2014,302,
2015,302,2500
2016,302,2500
2017,302,2500
2018,302,2500
2019,302,2539
2020,302,2539
2008,303,
2009,303,
2010,303,
2011,303,
2012,303,
2013,303,
2014,303,
2015,303,
2016,303,
2017,303,
2018,303,
2019,303,
2020,303,
2008,304,
2009,304,
2010,304,
2011,304,
2012,304,
2013,304,
2014,304,
2015,304,
2016,304,
2017,304,
2018,304,
2019,304,
2020,304,
2008,305,
2009,305,
2010,305,
2011,305,
2012,305,
2013,305,
2014,305,
2015,305,
2016,305,
2017,305,
2018,305,
2019,305,
2020,305,
2008,306,
2009,306,
2010,306,
2011,306,
2012,306,
2013,306,
2014,306,
2015,306,
2016,306,
2017,306,
2018,306,
2019,306,
2020,306,
2008,307,
2009,307,
2010,307,
2011,307,
2012,307,
2013,307,
2014,307,
2015,307,
2016,307,
2017,307,
2018,307,
2019,307,
2020,307,
2008,308,
2009,308,
2010,308,
2011,308,
2012,308,
2013,308,
2014,308,
2015,308,
2016,308,12103
2017,308,12103
2018,308,12103
2019,308,11826
2020,308,11720
2008,309,
2009,309,
2010,309,
2011,309,
2012,309,
2013,309,
2014,309,
2015,309,
2016,309,
2017,309,
2018,309,
2019,309,
2020,309,
2008,310,
2009,310,
2010,310,
2011,310,
2012,310,
2013,310,
2014,310,
2015,310,
2016,310,
2017,310,
2018,310,
2019,310,
2020,310,
2008,311,
2009,311,
2010,311,
2011,311,
2012,311,
2013,311,
2014,311,
2015,311,
2016,311,
2017,311,
2018,311,
2019,311,
2020,311,
2008,312,
2009,312,
2010,312,
2011,312,
2012,312,
2013,312,
2014,312,
2015,312,
2016,312,
2017,312,
2018,312,
2019,312,
2020,312,
2008,313,
2009,313,
2010,313,
2011,313,
2012,313,
2013,313,
2014,313,
2015,313,
2016,313,
2017,313,
2018,313,
2019,313,
2020,313,
2008,314,
2009,314,
2010,314,
2011,314,
2012,314,
2013,314,
2014,314,
2015,314,
2016,314,
2017,314,
2018,314,
2019,314,
2020,314,
2008,315,
2009,315,
2010,315,
2011,315,
2012,315,
2013,315,
2014,315,
2015,315,
2016,315,
2017,315,
2018,315,
2019,315,
2020,315,
2008,316,
2009,316,
2010,316,
2011,316,
2012,316,
2013,316,
2014,316,
2015,316,
2016,316,
2017,316,
2018,316,
2019,316,
2020,316,
2008,317,
2009,317,
2010,317,
2011,317,
2012,317,
2013,317,
2014,317,
2015,317,
2016,317,
2017,317,
2018,317,
2019,317,
2020,317,
2008,318,
2009,318,
2010,318,
2011,318,
2012,318,
2013,318,
2014,318,
2015,318,
2016,318,
2017,318,
2018,318,
2019,318,
2020,318,
2008,319,
2009,319,
2010,319,
2011,319,
2012,319,
2013,319,
2014,319,
2015,319,
2016,319,
2017,319,
2018,319,
2019,319,
2020,319,
2008,320,
2009,320,
2010,320,
2011,320,
2012,320,
2013,320,
2014,320,
2015,320,
2016,320,3155
2017,320,3155
2018,320,3155
2019,320,3464
2020,320,3453
2008,321,
2009,321,
2010,321,
2011,321,
2012,321,
2013,321,
2014,321,
2015,321,
2016,321,
2017,321,
2018,321,
2019,321,
2020,321,
2008,322,
2009,322,
2010,322,
2011,322,
2012,322,
2013,322,
2014,322,
2015,322,
2016,322,
2017,322,
2018,322,
2019,322,
2020,322,
2008,323,
2009,323,
2010,323,
2011,323,
2012,323,
2013,323,
2014,323,
2015,323,
2016,323,
2017,323,
2018,323,
2019,323,
2020,323,
2008,324,
2009,324,
2010,324,
2011,324,
2012,324,
2013,324,
2014,324,
2015,324,
2016,324,
2017,324,
2018,324,
2019,324,
2020,324,
2008,325,
2009,325,
2010,325,
2011,325,
2012,325,
2013,325,
2014,325,
2015,325,
2016,325,
2017,325,
2018,325,
2019,325,
2020,325,
