Date,Id,total intangibles
2008,1,
2009,1,
2010,1,
2011,1,
2012,1,
2013,1,
2014,1,
2015,1,
2016,1,
2017,1,
2018,1,
2019,1,
2020,1,
2008,2,2526
2009,2,28986
2010,2,32006
2011,2,25287
2012,2,38210
2013,2,36945
2014,2,217008
2015,2,216739
2016,2,
2017,2,
2018,2,
2019,2,
2020,2,
2008,3,
2009,3,
2010,3,
2011,3,
2012,3,
2013,3,
2014,3,9802
2015,3,14012
2016,3,10162
2017,3,1972
2018,3,5422
2019,3,5887
2020,3,29564
2008,4,
2009,4,
2010,4,
2011,4,
2012,4,
2013,4,382
2014,4,433
2015,4,1216
2016,4,5249
2017,4,4095
2018,4,4368
2019,4,4922
2020,4,
2008,5,
2009,5,
2010,5,
2011,5,
2012,5,
2013,5,
2014,5,5423
2015,5,4456
2016,5,4831
2017,5,4174
2018,5,3672
2019,5,3170
2020,5,
2008,6,
2009,6,
2010,6,
2011,6,
2012,6,
2013,6,
2014,6,471
2015,6,583
2016,6,863
2017,6,171
2018,6,
2019,6,
2020,6,
2008,7,
2009,7,
2010,7,
2011,7,
2012,7,12478
2013,7,17862
2014,7,18292
2015,7,29554
2016,7,22968
2017,7,20544
2018,7,25931
2019,7,
2020,7,
2008,8,108379
2009,8,103294
2010,8,104193
2011,8,102801
2012,8,103215
2013,8,100397
2014,8,99158
2015,8,99291
2016,8,190263
2017,8,194585
2018,8,209139
2019,8,228281
2020,8,219567
2008,9,827472
2009,9,820265
2010,9,831386
2011,9,827978
2012,9,839146
2013,9,832574
2014,9,846575
2015,9,852211
2016,9,847059
2017,9,826198
2018,9,833805
2019,9,848853
2020,9,866099
2008,10,648234
2009,10,641254
2010,10,652622
2011,10,649420
2012,10,660968
2013,10,654528
2014,10,668354
2015,10,673986
2016,10,668665
2017,10,648977
2018,10,658888
2019,10,676183
2020,10,695646
2008,11,73685
2009,11,73544
2010,11,101058
2011,11,95434
2012,11,91116
2013,11,73307
2014,11,71680
2015,11,61194
2016,11,58873
2017,11,51264
2018,11,51065
2019,11,50858
2020,11,50460
2008,12,4553
2009,12,3732
2010,12,3095
2011,12,2761
2012,12,3211
2013,12,2772
2014,12,2676
2015,12,2252
2016,12,1809
2017,12,1672
2018,12,7326
2019,12,6092
2020,12,5590
2008,13,127255
2009,13,131372
2010,13,133489
2011,13,213526
2012,13,239577
2013,13,285623
2014,13,282996
2015,13,568100
2016,13,281650
2017,13,272608
2018,13,278989
2019,13,272563
2020,13,255384
2008,14,
2009,14,
2010,14,
2011,14,
2012,14,
2013,14,
2014,14,
2015,14,
2016,14,
2017,14,
2018,14,
2019,14,
2020,14,
2008,15,
2009,15,
2010,15,
2011,15,
2012,15,
2013,15,
2014,15,
2015,15,
2016,15,
2017,15,
2018,15,
2019,15,
2020,15,
2008,16,
2009,16,
2010,16,
2011,16,
2012,16,
2013,16,
2014,16,
2015,16,
2016,16,
2017,16,
2018,16,
2019,16,
2020,16,
2008,17,
2009,17,
2010,17,
2011,17,
2012,17,
2013,17,1029345
2014,17,1052440
2015,17,1094988
2016,17,1139576
2017,17,1225638
2018,17,1430979
2019,17,1623120
2020,17,1764472
2008,18,
2009,18,
2010,18,
2011,18,
2012,18,
2013,18,
2014,18,
2015,18,4719
2016,18,5182
2017,18,4030
2018,18,2752
2019,18,1402
2020,18,1390
2008,19,925420
2009,19,1204845
2010,19,1427900
2011,19,1469600
2012,19,1651700
2013,19,1582400
2014,19,1870800
2015,19,1932200
2016,19,2531200
2017,19,2335500
2018,19,2383900
2019,19,2481100
2020,19,2355800
2008,20,
2009,20,
2010,20,
2011,20,
2012,20,
2013,20,
2014,20,
2015,20,85041
2016,20,84903
2017,20,85439
2018,20,87079
2019,20,87929
2020,20,102313
2008,21,
2009,21,
2010,21,
2011,21,
2012,21,49369
2013,21,46525
2014,21,108435
2015,21,117834
2016,21,189423
2017,21,183231
2018,21,182799
2019,21,227016
2020,21,
2008,22,
2009,22,
2010,22,
2011,22,22037
2012,22,20152
2013,22,18494
2014,22,16964
2015,22,18495
2016,22,17988
2017,22,15286
2018,22,15262
2019,22,15332
2020,22,15437
2008,23,72557
2009,23,78962
2010,23,64017
2011,23,53079
2012,23,54618
2013,23,39302
2014,23,44101
2015,23,48729
2016,23,51808
2017,23,53151
2018,23,52818
2019,23,50535
2020,23,25244
2008,24,8842
2009,24,15977
2010,24,27413
2011,24,27950
2012,24,33462
2013,24,33613
2014,24,50070
2015,24,67977
2016,24,73580
2017,24,100269
2018,24,113924
2019,24,151910
2020,24,158474
2008,25,
2009,25,
2010,25,
2011,25,
2012,25,213
2013,25,415
2014,25,447
2015,25,639
2016,25,628
2017,25,1642
2018,25,7952
2019,25,
2020,25,
2008,26,3711
2009,26,3334
2010,26,3716
2011,26,44132
2012,26,107523
2013,26,58971
2014,26,32555
2015,26,47108
2016,26,74026
2017,26,79187
2018,26,53740
2019,26,48295
2020,26,35139
2008,27,16746
2009,27,16165
2010,27,15976
2011,27,15486
2012,27,10564
2013,27,10288
2014,27,10341
2015,27,13732
2016,27,22106
2017,27,22378
2018,27,23692
2019,27,25577
2020,27,23497
2008,28,885726
2009,28,896296
2010,28,920593
2011,28,903187
2012,28,881817
2013,28,773709
2014,28,752495
2015,28,707313
2016,28,683056
2017,28,682602
2018,28,771744
2019,28,722591
2020,28,631169
2008,29,8453
2009,29,8392
2010,29,8255
2011,29,8309
2012,29,8615
2013,29,9073
2014,29,10242
2015,29,10055
2016,29,10041
2017,29,10659
2018,29,
2019,29,
2020,29,
2008,30,7988
2009,30,13695
2010,30,18444
2011,30,20553
2012,30,28025
2013,30,48272
2014,30,80010
2015,30,87150
2016,30,65226
2017,30,5127
2018,30,6397
2019,30,6794
2020,30,10847
2008,31,4039
2009,31,3454
2010,31,2629
2011,31,2204
2012,31,1665
2013,31,1643
2014,31,5108
2015,31,5081
2016,31,4702
2017,31,5071
2018,31,4830
2019,31,4466
2020,31,
2008,32,0
2009,32,0
2010,32,0
2011,32,0
2012,32,0
2013,32,0
2014,32,32
2015,32,46
2016,32,127
2017,32,61
2018,32,37
2019,32,18
2020,32,10
2008,33,5268
2009,33,5253
2010,33,5675
2011,33,6389
2012,33,6498
2013,33,6605
2014,33,6883
2015,33,7134
2016,33,7113
2017,33,7029
2018,33,6695
2019,33,
2020,33,
2008,34,2079335
2009,34,2083969
2010,34,2150431
2011,34,2017371
2012,34,1696495
2013,34,1602117
2014,34,1677800
2015,34,1678912
2016,34,
2017,34,
2018,34,
2019,34,
2020,34,
2008,35,442589
2009,35,469876
2010,35,494678
2011,35,477617
2012,35,486352
2013,35,443253
2014,35,448441
2015,35,424669
2016,35,445514
2017,35,475103
2018,35,577478
2019,35,563435
2020,35,525707
2008,36,591234
2009,36,579768
2010,36,597462
2011,36,598852
2012,36,590959
2013,36,546881
2014,36,581539
2015,36,585191
2016,36,608140
2017,36,592366
2018,36,614146
2019,36,689816
2020,36,664321
2008,37,2172864
2009,37,2179543
2010,37,2250706
2011,37,2098402
2012,37,1751942
2013,37,1652175
2014,37,1725242
2015,37,44432
2016,37,52099
2017,37,11386
2018,37,352033
2019,37,360456
2020,37,553555
2008,38,110503
2009,38,108252
2010,38,473561
2011,38,438087
2012,38,77251
2013,38,111172
2014,38,160014
2015,38,193821
2016,38,343951
2017,38,282847
2018,38,274069
2019,38,261157
2020,38,656387
2008,39,91498
2009,39,91866
2010,39,96829
2011,39,92873
2012,39,86309
2013,39,79605
2014,39,43779
2015,39,70135
2016,39,66698
2017,39,62703
2018,39,83176
2019,39,148504
2020,39,198100
2008,40,69698
2009,40,44963
2010,40,136277
2011,40,131069
2012,40,97499
2013,40,91904
2014,40,104206
2015,40,109288
2016,40,96542
2017,40,107135
2018,40,140580
2019,40,156457
2020,40,165451
2008,41,98726
2009,41,83627
2010,41,29031
2011,41,7636
2012,41,3157
2013,41,5843
2014,41,6504
2015,41,6696
2016,41,7516
2017,41,61526
2018,41,73801
2019,41,62253
2020,41,63659
2008,42,25779000
2009,42,34403000
2010,42,39071000
2011,42,39075000
2012,42,35970000
2013,42,33229000
2014,42,30639000
2015,42,29059000
2016,42,29485000
2017,42,30470000
2018,42,33287000
2019,42,33330000
2020,42,31447000
2008,43,483200
2009,43,372200
2010,43,470600
2011,43,470900
2012,43,470400
2013,43,461800
2014,43,452500
2015,43,520100
2016,43,516000
2017,43,505700
2018,43,519400
2019,43,542700
2020,43,577900
2008,44,12962
2009,44,12518
2010,44,6528
2011,44,6376
2012,44,3516
2013,44,3054
2014,44,3304
2015,44,3111
2016,44,3066
2017,44,
2018,44,
2019,44,
2020,44,
2008,45,
2009,45,
2010,45,
2011,45,
2012,45,
2013,45,
2014,45,
2015,45,
2016,45,
2017,45,
2018,45,
2019,45,
2020,45,
2008,46,423520
2009,46,439619
2010,46,1505139
2011,46,1820257
2012,46,1955403
2013,46,2058542
2014,46,1634627
2015,46,1780381
2016,46,1970632
2017,46,2064964
2018,46,2423235
2019,46,2889743
2020,46,3372711
2008,47,634000
2009,47,1487000
2010,47,1552000
2011,47,1503000
2012,47,1393000
2013,47,1306000
2014,47,1318000
2015,47,1348000
2016,47,1724000
2017,47,1863000
2018,47,2302000
2019,47,2379000
2020,47,2737000
2008,48,678000
2009,48,791000
2010,48,1776000
2011,48,2157000
2012,48,2202000
2013,48,2210000
2014,48,2249000
2015,48,1994000
2016,48,
2017,48,
2018,48,
2019,48,
2020,48,
2008,49,
2009,49,
2010,49,409
2011,49,32
2012,49,364
2013,49,336
2014,49,3970
2015,49,2494
2016,49,419
2017,49,305
2018,49,136
2019,49,140
2020,49,161
2008,50,
2009,50,
2010,50,
2011,50,
2012,50,27977
2013,50,31314
2014,50,32250
2015,50,30435
2016,50,29422
2017,50,52542
2018,50,49487
2019,50,46517
2020,50,44761
2008,51,
2009,51,
2010,51,
2011,51,
2012,51,
2013,51,
2014,51,
2015,51,
2016,51,
2017,51,
2018,51,
2019,51,
2020,51,
2008,52,
2009,52,
2010,52,
2011,52,
2012,52,
2013,52,
2014,52,292
2015,52,1461
2016,52,4566
2017,52,6058
2018,52,9260
2019,52,8389
2020,52,
2008,53,54962
2009,53,44038
2010,53,44411
2011,53,44009
2012,53,41563
2013,53,44721
2014,53,48705
2015,53,52322
2016,53,58984
2017,53,53175
2018,53,45290
2019,53,45216
2020,53,41165
2008,54,6407
2009,54,6975
2010,54,6992
2011,54,23958
2012,54,3428
2013,54,3397
2014,54,3613
2015,54,3858
2016,54,3896
2017,54,4259
2018,54,4484
2019,54,4834
2020,54,4488
2008,55,138690
2009,55,126702
2010,55,147086
2011,55,154380
2012,55,211396
2013,55,204150
2014,55,221439
2015,55,239567
2016,55,240931
2017,55,216323
2018,55,225655
2019,55,236597
2020,55,230547
2008,56,153176
2009,56,153850
2010,56,153754
2011,56,152630
2012,56,151395
2013,56,151572
2014,56,155552
2015,56,157771
2016,56,155713
2017,56,149603
2018,56,145000
2019,56,134705
2020,56,120837
2008,57,32398
2009,57,32349
2010,57,48153
2011,57,83321
2012,57,80846
2013,57,77044
2014,57,74699
2015,57,86894
2016,57,113979
2017,57,114645
2018,57,241419
2019,57,
2020,57,
2008,58,31000
2009,58,43000
2010,58,59000
2011,58,618000
2012,58,655000
2013,58,623000
2014,58,561000
2015,58,722000
2016,58,792000
2017,58,735000
2018,58,2132000
2019,58,2154000
2020,58,1997000
2008,59,692
2009,59,620
2010,59,554
2011,59,698
2012,59,942
2013,59,1153
2014,59,1219
2015,59,1336
2016,59,1350
2017,59,1867
2018,59,8865
2019,59,9050
2020,59,9000
2008,60,24158
2009,60,25965
2010,60,31244
2011,60,27893
2012,60,17209
2013,60,14630
2014,60,15981
2015,60,17620
2016,60,16870
2017,60,16024
2018,60,16968
2019,60,16520
2020,60,14840
2008,61,8497
2009,61,9984
2010,61,10688
2011,61,11435
2012,61,12238
2013,61,15403
2014,61,14690
2015,61,15126
2016,61,14353
2017,61,12605
2018,61,12376
2019,61,13558
2020,61,14627
2008,62,2315
2009,62,2339
2010,62,2370
2011,62,2355
2012,62,2466
2013,62,2503
2014,62,2419
2015,62,2378
2016,62,1828
2017,62,348
2018,62,127
2019,62,256
2020,62,133
2008,63,57270
2009,63,53898
2010,63,50523
2011,63,27143
2012,63,24824
2013,63,22708
2014,63,20442
2015,63,20407
2016,63,21871
2017,63,49802
2018,63,1602
2019,63,2817
2020,63,122087
2008,64,50383000
2009,64,49909000
2010,64,51815000
2011,64,45557000
2012,64,40337000
2013,64,36212000
2014,64,36770000
2015,64,35863000
2016,64,36563000
2017,64,36654000
2018,64,35658000
2019,64,30750000
2020,64,29587000
2008,65,98109
2009,65,100978
2010,65,100333
2011,65,100116
2012,65,100050
2013,65,99980
2014,65,106270
2015,65,107839
2016,65,144385
2017,65,151695
2018,65,152097
2019,65,152307
2020,65,153488
2008,66,
2009,66,
2010,66,0
2011,66,305654
2012,66,363131
2013,66,363483
2014,66,387002
2015,66,391874
2016,66,397614
2017,66,426499
2018,66,435387
2019,66,466360
2020,66,446571
2008,67,17714
2009,67,16155
2010,67,14596
2011,67,13612
2012,67,11477
2013,67,11777
2014,67,11706
2015,67,11539
2016,67,19484
2017,67,19521
2018,67,19644
2019,67,19655
2020,67,19634
2008,68,31476
2009,68,17505
2010,68,11710
2011,68,11645
2012,68,13670
2013,68,11694
2014,68,11928
2015,68,11938
2016,68,8070
2017,68,7350
2018,68,6488
2019,68,6785
2020,68,5815
2008,69,999200
2009,69,1063500
2010,69,1116400
2011,69,1084000
2012,69,1123400
2013,69,1045400
2014,69,1104700
2015,69,1338100
2016,69,1309500
2017,69,1368800
2018,69,
2019,69,
2020,69,
2008,70,131
2009,70,78
2010,70,103
2011,70,110
2012,70,23401
2013,70,23556
2014,70,23824
2015,70,23933
2016,70,23813
2017,70,32316
2018,70,31942
2019,70,31682
2020,70,44581
2008,71,5928
2009,71,6185
2010,71,6537
2011,71,6289
2012,71,7572
2013,71,7598
2014,71,7951
2015,71,7095
2016,71,7093
2017,71,8692
2018,71,8833
2019,71,9153
2020,71,7819
2008,72,13487
2009,72,11292
2010,72,10742
2011,72,9597
2012,72,9448
2013,72,9447
2014,72,25896
2015,72,26048
2016,72,22409
2017,72,18403
2018,72,17820
2019,72,15535
2020,72,17908
2008,73,2
2009,73,2
2010,73,19
2011,73,23
2012,73,21
2013,73,18
2014,73,13
2015,73,14
2016,73,25
2017,73,
2018,73,
2019,73,
2020,73,
2008,74,
2009,74,
2010,74,
2011,74,
2012,74,
2013,74,
2014,74,
2015,74,
2016,74,
2017,74,
2018,74,
2019,74,
2020,74,
2008,75,
2009,75,
2010,75,
2011,75,
2012,75,
2013,75,
2014,75,790
2015,75,774
2016,75,655
2017,75,500
2018,75,296
2019,75,963
2020,75,175
2008,76,39000
2009,76,4082000
2010,76,4262000
2011,76,4444000
2012,76,4593000
2013,76,4710000
2014,76,5076000
2015,76,5275000
2016,76,810000
2017,76,850000
2018,76,907000
2019,76,990000
2020,76,1125000
2008,77,164802
2009,77,163472
2010,77,1300575
2011,77,1412420
2012,77,1427883
2013,77,1475661
2014,77,1359077
2015,77,1490174
2016,77,1580605
2017,77,1781297
2018,77,2159699
2019,77,2347909
2020,77,2568727
2008,78,569886
2009,78,2066666
2010,78,2106077
2011,78,2180281
2012,78,2234357
2013,78,2924724
2014,78,3175611
2015,78,3274000
2016,78,3343700
2017,78,3511100
2018,78,3636200
2019,78,4593100
2020,78,4737200
2008,79,17165
2009,79,20888
2010,79,175783
2011,79,183122
2012,79,193272
2013,79,214132
2014,79,209879
2015,79,211911
2016,79,189141
2017,79,186951
2018,79,484812
2019,79,496315
2020,79,504380
2008,80,92776
2009,80,114542
2010,80,112502
2011,80,459046
2012,80,450457
2013,80,447898
2014,80,394530
2015,80,397417
2016,80,397663
2017,80,427692
2018,80,432636
2019,80,615108
2020,80,626685
2008,81,3841000
2009,81,4833000
2010,81,4628000
2011,81,4366000
2012,81,4284000
2013,81,4206000
2014,81,3927000
2015,81,2953000
2016,81,2881000
2017,81,2789000
2018,81,3020000
2019,81,2564000
2020,81,2439000
2008,82,
2009,82,
2010,82,
2011,82,
2012,82,589
2013,82,1511
2014,82,1549
2015,82,5576
2016,82,
2017,82,
2018,82,
2019,82,
2020,82,
2008,83,34969
2009,83,40178
2010,83,40157
2011,83,40939
2012,83,40995
2013,83,40984
2014,83,841
2015,83,824
2016,83,869
2017,83,3150
2018,83,2870
2019,83,5140
2020,83,5224
2008,84,1299869
2009,84,1352322
2010,84,1426916
2011,84,1529470
2012,84,1501522
2013,84,1161522
2014,84,977733
2015,84,997652
2016,84,988003
2017,84,1138329
2018,84,1139840
2019,84,670368
2020,84,625128
2008,85,5692
2009,85,6306
2010,85,6053
2011,85,6129
2012,85,6326
2013,85,5733
2014,85,5859
2015,85,5828
2016,85,6441
2017,85,8561
2018,85,18590
2019,85,20757
2020,85,21138
2008,86,1299869
2009,86,1352322
2010,86,1426916
2011,86,1529470
2012,86,1501522
2013,86,1161522
2014,86,977733
2015,86,997652
2016,86,988003
2017,86,1138329
2018,86,1139840
2019,86,670368
2020,86,625128
2008,87,23551
2009,87,22291
2010,87,22573
2011,87,21152
2012,87,12148
2013,87,11803
2014,87,7311
2015,87,6645
2016,87,6952
2017,87,7263
2018,87,6633
2019,87,6309
2020,87,
2008,88,11552
2009,88,11539
2010,88,11525
2011,88,7117
2012,88,4805
2013,88,2674
2014,88,2674
2015,88,2674
2016,88,17849
2017,88,16620
2018,88,12873
2019,88,
2020,88,
2008,89,12058
2009,89,14206
2010,89,12488
2011,89,10580
2012,89,10211
2013,89,9914
2014,89,9019
2015,89,9047
2016,89,5015
2017,89,9864
2018,89,9109
2019,89,
2020,89,
2008,90,2281
2009,90,3420
2010,90,7129
2011,90,12186
2012,90,19539
2013,90,27093
2014,90,35685
2015,90,1842481
2016,90,1693229
2017,90,1671317
2018,90,
2019,90,
2020,90,
2008,91,
2009,91,
2010,91,
2011,91,
2012,91,12246
2013,91,13866
2014,91,12946
2015,91,12792
2016,91,12763
2017,91,13924
2018,91,24312
2019,91,24272
2020,91,
2008,92,
2009,92,
2010,92,
2011,92,
2012,92,
2013,92,
2014,92,1631
2015,92,1695
2016,92,1637
2017,92,1049
2018,92,504
2019,92,171
2020,92,
2008,93,
2009,93,
2010,93,
2011,93,
2012,93,
2013,93,
2014,93,
2015,93,
2016,93,
2017,93,
2018,93,
2019,93,
2020,93,
2008,94,
2009,94,
2010,94,
2011,94,
2012,94,
2013,94,
2014,94,
2015,94,
2016,94,
2017,94,
2018,94,
2019,94,
2020,94,
2008,95,306540
2009,95,318087
2010,95,688372
2011,95,697262
2012,95,696474
2013,95,620980
2014,95,669930
2015,95,713563
2016,95,797038
2017,95,884591
2018,95,1482680
2019,95,1583019
2020,95,1642794
2008,96,21381
2009,96,19078
2010,96,17227
2011,96,15755
2012,96,23
2013,96,23
2014,96,
2015,96,
2016,96,
2017,96,
2018,96,
2019,96,
2020,96,
2008,97,69234
2009,97,67432
2010,97,61524
2011,97,37114
2012,97,32939
2013,97,26823
2014,97,25670
2015,97,17595
2016,97,17594
2017,97,17594
2018,97,17594
2019,97,17594
2020,97,18539
2008,98,93305
2009,98,96006
2010,98,126864
2011,98,121933
2012,98,125276
2013,98,119414
2014,98,116950
2015,98,117906
2016,98,357086
2017,98,344350
2018,98,373084
2019,98,370279
2020,98,356737
2008,99,44940
2009,99,54707
2010,99,59537
2011,99,60122
2012,99,60091
2013,99,55770
2014,99,54481
2015,99,62871
2016,99,48100
2017,99,49931
2018,99,
2019,99,
2020,99,
2008,100,414462
2009,100,414666
2010,100,408615
2011,100,405734
2012,100,364619
2013,100,327273
2014,100,325110
2015,100,322498
2016,100,327792
2017,100,320910
2018,100,316855
2019,100,314829
2020,100,631866
2008,101,2637
2009,101,2581
2010,101,2690
2011,101,2621
2012,101,2516
2013,101,3027
2014,101,2940
2015,101,2902
2016,101,2834
2017,101,2814
2018,101,2747
2019,101,2689
2020,101,2650
2008,102,56061
2009,102,54911
2010,102,65036
2011,102,66189
2012,102,67131
2013,102,66920
2014,102,71571
2015,102,74388
2016,102,71096
2017,102,65468
2018,102,66419
2019,102,67616
2020,102,61380
2008,103,25087
2009,103,21598
2010,103,19273
2011,103,15856
2012,103,15255
2013,103,14029
2014,103,14413
2015,103,16445
2016,103,15400
2017,103,14992
2018,103,12327
2019,103,
2020,103,
2008,104,1174
2009,104,1195
2010,104,648
2011,104,790
2012,104,1528
2013,104,3951
2014,104,5020
2015,104,4608
2016,104,4107
2017,104,8433
2018,104,8545
2019,104,7941
2020,104,7249
2008,105,31
2009,105,99
2010,105,111
2011,105,178
2012,105,176
2013,105,139
2014,105,110
2015,105,105
2016,105,100
2017,105,115
2018,105,412
2019,105,294
2020,105,225
2008,106,13419
2009,106,13093
2010,106,13936
2011,106,25600
2012,106,35632
2013,106,34784
2014,106,40943
2015,106,61250
2016,106,60621
2017,106,87439
2018,106,85968
2019,106,84342
2020,106,90533
2008,107,12583
2009,107,10537
2010,107,1816
2011,107,1300
2012,107,977
2013,107,1998
2014,107,929
2015,107,536
2016,107,360
2017,107,714
2018,107,1243
2019,107,1551
2020,107,2195
2008,108,
2009,108,
2010,108,
2011,108,
2012,108,
2013,108,0
2014,108,2
2015,108,88156
2016,108,218440
2017,108,208091
2018,108,445924
2019,108,430609
2020,108,435990
2008,109,
2009,109,76750
2010,109,77005
2011,109,77351
2012,109,78718
2013,109,80997
2014,109,81095
2015,109,80762
2016,109,
2017,109,
2018,109,
2019,109,
2020,109,
2008,110,61
2009,110,47
2010,110,32
2011,110,3669
2012,110,30270
2013,110,12
2014,110,0
2015,110,0
2016,110,0
2017,110,0
2018,110,0
2019,110,0
2020,110,0
2008,111,6754
2009,111,1003
2010,111,9
2011,111,4
2012,111,0
2013,111,0
2014,111,0
2015,111,0
2016,111,0
2017,111,0
2018,111,42
2019,111,238
2020,111,195
2008,112,117387
2009,112,115367
2010,112,122777
2011,112,189558
2012,112,182539
2013,112,175846
2014,112,178893
2015,112,321443
2016,112,332773
2017,112,362162
2018,112,453980
2019,112,874826
2020,112,
2008,113,40107
2009,113,41073
2010,113,44281
2011,113,48027
2012,113,47617
2013,113,47900
2014,113,52584
2015,113,58943
2016,113,65217
2017,113,75108
2018,113,84241
2019,113,83228
2020,113,73355
2008,114,246
2009,114,177
2010,114,186
2011,114,195
2012,114,200
2013,114,410
2014,114,694
2015,114,1099
2016,114,1338
2017,114,1758
2018,114,2342
2019,114,2601
2020,114,
2008,115,16216
2009,115,15938
2010,115,15169
2011,115,16787
2012,115,13757
2013,115,14223
2014,115,14761
2015,115,14555
2016,115,
2017,115,
2018,115,
2019,115,
2020,115,
2008,116,10366
2009,116,10692
2010,116,10409
2011,116,9082
2012,116,7915
2013,116,7290
2014,116,7359
2015,116,7525
2016,116,9284
2017,116,9283
2018,116,39054
2019,116,51668
2020,116,43017
2008,117,4465
2009,117,5680
2010,117,6813
2011,117,7963
2012,117,7620
2013,117,10214
2014,117,12372
2015,117,13827
2016,117,18891
2017,117,18340
2018,117,17998
2019,117,20419
2020,117,22487
2008,118,78799
2009,118,79964
2010,118,81018
2011,118,82100
2012,118,86049
2013,118,89521
2014,118,91335
2015,118,70702
2016,118,61117
2017,118,57603
2018,118,54701
2019,118,52544
2020,118,46996
2008,119,199015
2009,119,221609
2010,119,233550
2011,119,236962
2012,119,248067
2013,119,258547
2014,119,304022
2015,119,380581
2016,119,420747
2017,119,467538
2018,119,469430
2019,119,541197
2020,119,592679
2008,120,
2009,120,
2010,120,
2011,120,110247
2012,120,104004
2013,120,539332
2014,120,508643
2015,120,517977
2016,120,594622
2017,120,581501
2018,120,617668
2019,120,654495
2020,120,629043
2008,121,
2009,121,
2010,121,
2011,121,3909000
2012,121,4174000
2013,121,4384000
2014,121,4987637
2015,121,5231280
2016,121,5217792
2017,121,4707096
2018,121,4793384
2019,121,4925624
2020,121,3957408
2008,122,13112
2009,122,14225
2010,122,17038
2011,122,18621
2012,122,48761
2013,122,59664
2014,122,49604
2015,122,46984
2016,122,66087
2017,122,74415
2018,122,64015
2019,122,43511
2020,122,40079
2008,123,
2009,123,
2010,123,
2011,123,
2012,123,
2013,123,
2014,123,283
2015,123,307
2016,123,325
2017,123,802
2018,123,9173
2019,123,9748
2020,123,9974
2008,124,
2009,124,
2010,124,
2011,124,
2012,124,
2013,124,
2014,124,
2015,124,30073
2016,124,32091
2017,124,34541
2018,124,34524
2019,124,34338
2020,124,30155
2008,125,
2009,125,
2010,125,
2011,125,
2012,125,
2013,125,
2014,125,
2015,125,39123
2016,125,58432
2017,125,62718
2018,125,70170
2019,125,96570
2020,125,94727
2008,126,117800
2009,126,118425
2010,126,118072
2011,126,121349
2012,126,129346
2013,126,128370
2014,126,1004
2015,126,801
2016,126,6
2017,126,6
2018,126,6
2019,126,8
2020,126,7
2008,127,2650
2009,127,1738
2010,127,26536
2011,127,13165
2012,127,3
2013,127,64
2014,127,31
2015,127,0
2016,127,1
2017,127,9
2018,127,88
2019,127,42
2020,127,62
2008,128,56760
2009,128,3140657
2010,128,3138988
2011,128,3150582
2012,128,3418457
2013,128,3353353
2014,128,3325036
2015,128,3264982
2016,128,3149541
2017,128,2924409
2018,128,3088751
2019,128,
2020,128,
2008,129,155694
2009,129,153794
2010,129,308057
2011,129,331166
2012,129,322585
2013,129,192734
2014,129,219310
2015,129,299960
2016,129,370557
2017,129,410571
2018,129,
2019,129,
2020,129,
2008,130,48922
2009,130,44636
2010,130,50231
2011,130,54348
2012,130,51062
2013,130,49986
2014,130,52744
2015,130,51546
2016,130,49262
2017,130,47505
2018,130,45023
2019,130,
2020,130,
2008,131,295
2009,131,187
2010,131,61394
2011,131,69214
2012,131,70264
2013,131,72056
2014,131,75860
2015,131,155100
2016,131,157945
2017,131,165155
2018,131,172956
2019,131,174880
2020,131,177760
2008,132,4588348
2009,132,4597351
2010,132,16187581
2011,132,17238446
2012,132,20996841
2013,132,25080605
2014,132,25182029
2015,132,24844588
2016,132,28382686
2017,132,27424561
2018,132,57626877
2019,132,59472000
2020,132,62497000
2008,133,
2009,133,
2010,133,0
2011,133,0
2012,133,0
2013,133,0
2014,133,0
2015,133,0
2016,133,
2017,133,
2018,133,
2019,133,
2020,133,
2008,134,76147
2009,134,3156697
2010,134,3155323
2011,134,3167180
2012,134,3426856
2013,134,3360391
2014,134,3332176
2015,134,3271680
2016,134,3183017
2017,134,3006969
2018,134,3183160
2019,134,2953389
2020,134,2989686
2008,135,
2009,135,
2010,135,
2011,135,
2012,135,143335
2013,135,158126
2014,135,157483
2015,135,155882
2016,135,156711
2017,135,158307
2018,135,168351
2019,135,178460
2020,135,200039
2008,136,680
2009,136,700
2010,136,589
2011,136,382
2012,136,472
2013,136,1268
2014,136,2141
2015,136,7946
2016,136,10458
2017,136,18867
2018,136,15131
2019,136,18341
2020,136,33248
2008,137,1454
2009,137,1645
2010,137,1745
2011,137,1837
2012,137,1675
2013,137,1583
2014,137,1530
2015,137,1486
2016,137,1491
2017,137,2918
2018,137,2772
2019,137,2670
2020,137,2622
2008,138,
2009,138,
2010,138,
2011,138,
2012,138,
2013,138,
2014,138,
2015,138,
2016,138,
2017,138,
2018,138,
2019,138,
2020,138,
2008,139,33651
2009,139,14108
2010,139,17185
2011,139,13146
2012,139,14296
2013,139,7036
2014,139,9670
2015,139,16149
2016,139,31356
2017,139,44148
2018,139,30917
2019,139,35773
2020,139,44786
2008,140,58709
2009,140,58572
2010,140,59556
2011,140,59160
2012,140,51722
2013,140,51942
2014,140,38
2015,140,1
2016,140,0
2017,140,438
2018,140,816
2019,140,
2020,140,
2008,141,466775
2009,141,450094
2010,141,449573
2011,141,449233
2012,141,415026
2013,141,344020
2014,141,317591
2015,141,295673
2016,141,250517
2017,141,215260
2018,141,200671
2019,141,161212
2020,141,103869
2008,142,13536
2009,142,13101
2010,142,9552
2011,142,9282
2012,142,9107
2013,142,12986
2014,142,56871
2015,142,60917
2016,142,717400
2017,142,1008200
2018,142,994000
2019,142,988800
2020,142,982300
2008,143,31724
2009,143,31304
2010,143,30704
2011,143,30979
2012,143,31288
2013,143,31131
2014,143,31256
2015,143,31111
2016,143,31003
2017,143,30797
2018,143,30652
2019,143,30406
2020,143,
2008,144,191920
2009,144,173378
2010,144,163069
2011,144,159147
2012,144,157174
2013,144,157049
2014,144,77666
2015,144,78093
2016,144,61683
2017,144,55669
2018,144,53431
2019,144,62578
2020,144,62933
2008,145,305
2009,145,258
2010,145,346
2011,145,290
2012,145,228
2013,145,182
2014,145,115
2015,145,53
2016,145,33
2017,145,10
2018,145,7
2019,145,4
2020,145,
2008,146,67306
2009,146,70312
2010,146,74034
2011,146,38152
2012,146,41726
2013,146,80936
2014,146,80897
2015,146,55555
2016,146,54826
2017,146,9878
2018,146,10507
2019,146,72582
2020,146,73203
2008,147,930883
2009,147,904283
2010,147,901468
2011,147,947303
2012,147,745999
2013,147,617464
2014,147,601593
2015,147,552340
2016,147,612147
2017,147,593004
2018,147,226672
2019,147,220349
2020,147,187722
2008,148,19942
2009,148,19839
2010,148,19919
2011,148,20117
2012,148,20496
2013,148,20401
2014,148,20479
2015,148,20352
2016,148,20345
2017,148,20196
2018,148,19878
2019,148,19816
2020,148,
2008,149,660404
2009,149,659538
2010,149,658649
2011,149,661677
2012,149,662311
2013,149,658652
2014,149,480035
2015,149,481216
2016,149,470133
2017,149,586034
2018,149,566708
2019,149,435569
2020,149,
2008,150,3433600
2009,150,3563000
2010,150,3922200
2011,150,4429600
2012,150,3901600
2013,150,3428000
2014,150,4152200
2015,150,3886000
2016,150,3445100
2017,150,3102100
2018,150,2371800
2019,150,2383800
2020,150,2270700
2008,151,
2009,151,
2010,151,
2011,151,2662
2012,151,2886
2013,151,13081
2014,151,22235
2015,151,27878
2016,151,47211
2017,151,43348
2018,151,48745
2019,151,52776
2020,151,48843
2008,152,
2009,152,
2010,152,
2011,152,
2012,152,
2013,152,
2014,152,2681
2015,152,778
2016,152,719
2017,152,905
2018,152,1593
2019,152,2374
2020,152,5705
2008,153,1649500
2009,153,1620000
2010,153,1588900
2011,153,1191400
2012,153,649200
2013,153,516900
2014,153,508800
2015,153,416000
2016,153,394600
2017,153,383900
2018,153,369400
2019,153,363300
2020,153,366900
2008,154,
2009,154,
2010,154,
2011,154,
2012,154,
2013,154,1578
2014,154,4920
2015,154,6932
2016,154,10630
2017,154,13706
2018,154,14236
2019,154,15813
2020,154,13466
2008,155,
2009,155,
2010,155,
2011,155,
2012,155,
2013,155,
2014,155,15281
2015,155,12164
2016,155,13116
2017,155,18512
2018,155,19501
2019,155,19747
2020,155,19895
2008,156,
2009,156,
2010,156,0
2011,156,0
2012,156,0
2013,156,0
2014,156,631
2015,156,1831
2016,156,2215
2017,156,11189
2018,156,12896
2019,156,14287
2020,156,15892
2008,157,
2009,157,
2010,157,
2011,157,
2012,157,1485
2013,157,1209
2014,157,3098
2015,157,3728
2016,157,4358
2017,157,2251
2018,157,1684
2019,157,
2020,157,
2008,158,
2009,158,
2010,158,
2011,158,
2012,158,
2013,158,
2014,158,
2015,158,1813
2016,158,1770
2017,158,1609
2018,158,1309
2019,158,1108
2020,158,
2008,159,
2009,159,
2010,159,
2011,159,
2012,159,
2013,159,
2014,159,
2015,159,
2016,159,419
2017,159,288
2018,159,315
2019,159,656
2020,159,
2008,160,
2009,160,
2010,160,
2011,160,1557
2012,160,1440
2013,160,460
2014,160,2793
2015,160,5702
2016,160,12845
2017,160,22644
2018,160,12297
2019,160,17322
2020,160,15411
2008,161,
2009,161,
2010,161,
2011,161,
2012,161,
2013,161,
2014,161,3648
2015,161,13714
2016,161,14517
2017,161,13938
2018,161,13697
2019,161,14497
2020,161,14759
2008,162,
2009,162,
2010,162,
2011,162,
2012,162,
2013,162,
2014,162,12259
2015,162,13715
2016,162,14919
2017,162,16214
2018,162,17225
2019,162,18078
2020,162,18105
2008,163,
2009,163,
2010,163,
2011,163,
2012,163,
2013,163,
2014,163,151
2015,163,446
2016,163,690
2017,163,939
2018,163,1539
2019,163,1628
2020,163,3535
2008,164,12379
2009,164,13404
2010,164,13112
2011,164,14266
2012,164,14299
2013,164,14147
2014,164,3759
2015,164,2027
2016,164,2332
2017,164,1127
2018,164,0
2019,164,0
2020,164,8228
2008,165,
2009,165,
2010,165,
2011,165,
2012,165,
2013,165,
2014,165,
2015,165,
2016,165,
2017,165,
2018,165,
2019,165,
2020,165,
2008,166,
2009,166,
2010,166,
2011,166,
2012,166,
2013,166,
2014,166,
2015,166,1408011
2016,166,1425233
2017,166,1438319
2018,166,1452339
2019,166,1422815
2020,166,6875247
2008,167,484575
2009,167,445549
2010,167,414206
2011,167,378258
2012,167,348767
2013,167,97083
2014,167,286134
2015,167,227416
2016,167,194894
2017,167,152691
2018,167,112127
2019,167,77970
2020,167,47225
2008,168,72291
2009,168,66496
2010,168,407468
2011,168,392827
2012,168,381612
2013,168,368847
2014,168,362386
2015,168,343121
2016,168,340079
2017,168,332914
2018,168,323902
2019,168,333676
2020,168,254160
2008,169,7715000
2009,169,8057000
2010,169,11172000
2011,169,10950000
2012,169,4487000
2013,169,3877000
2014,169,3645000
2015,169,2433000
2016,169,3269000
2017,169,2925000
2018,169,3170000
2019,169,3059000
2020,169,2936000
2008,170,266617
2009,170,249117
2010,170,201535
2011,170,310946
2012,170,291532
2013,170,523223
2014,170,498079
2015,170,986829
2016,170,802545
2017,170,760501
2018,170,930780
2019,170,1110716
2020,170,1049858
2008,171,296389
2009,171,314231
2010,171,346147
2011,171,333494
2012,171,330557
2013,171,316977
2014,171,317776
2015,171,317830
2016,171,323862
2017,171,332181
2018,171,355986
2019,171,368866
2020,171,377669
2008,172,3655
2009,172,3625
2010,172,3425
2011,172,2689
2012,172,2181
2013,172,2134
2014,172,2197
2015,172,1680
2016,172,2014
2017,172,1893
2018,172,2068
2019,172,8179
2020,172,6302
2008,173,755000
2009,173,756000
2010,173,760000
2011,173,752000
2012,173,756000
2013,173,758000
2014,173,760000
2015,173,758000
2016,173,755000
2017,173,753000
2018,173,702000
2019,173,698000
2020,173,701000
2008,174,3928804
2009,174,3856977
2010,174,4045404
2011,174,4441484
2012,174,4494458
2013,174,4306353
2014,174,4735764
2015,174,5039131
2016,174,5348758
2017,174,4847871
2018,174,4823725
2019,174,
2020,174,
2008,175,196247
2009,175,191460
2010,175,189083
2011,175,202005
2012,175,198440
2013,175,196340
2014,175,193553
2015,175,190792
2016,175,605635
2017,175,602005
2018,175,604708
2019,175,590552
2020,175,579862
2008,176,48995
2009,176,49076
2010,176,52096
2011,176,52961
2012,176,53038
2013,176,52030
2014,176,51700
2015,176,51758
2016,176,51780
2017,176,63289
2018,176,62457
2019,176,83456
2020,176,99369
2008,177,78231
2009,177,74651
2010,177,68621
2011,177,67222
2012,177,67827
2013,177,64023
2014,177,60150
2015,177,57751
2016,177,54715
2017,177,52061
2018,177,50161
2019,177,44131
2020,177,35834
2008,178,829934
2009,178,536525
2010,178,563744
2011,178,576273
2012,178,603692
2013,178,584778
2014,178,637936
2015,178,646241
2016,178,512410
2017,178,284985
2018,178,284753
2019,178,48976
2020,178,179246
2008,179,216
2009,179,152
2010,179,557
2011,179,624
2012,179,571
2013,179,736
2014,179,759
2015,179,636
2016,179,654
2017,179,743
2018,179,1007
2019,179,2395
2020,179,3439
2008,180,169175
2009,180,157008
2010,180,154173
2011,180,145091
2012,180,138073
2013,180,132788
2014,180,127927
2015,180,122821
2016,180,115132
2017,180,109679
2018,180,103132
2019,180,76083
2020,180,72489
2008,181,2880
2009,181,2149
2010,181,1096
2011,181,852
2012,181,1037
2013,181,1133
2014,181,1418
2015,181,1481
2016,181,1890
2017,181,1185
2018,181,1088
2019,181,910
2020,181,689
2008,182,57908
2009,182,46678
2010,182,45255
2011,182,41669
2012,182,35130
2013,182,31389
2014,182,27151
2015,182,29072
2016,182,24874
2017,182,19616
2018,182,
2019,182,
2020,182,
2008,183,14218
2009,183,13817
2010,183,14888
2011,183,18051
2012,183,20678
2013,183,26090
2014,183,29220
2015,183,33596
2016,183,37576
2017,183,43593
2018,183,42879
2019,183,42484
2020,183,45570
2008,184,3523
2009,184,3031
2010,184,1950
2011,184,2595
2012,184,2000
2013,184,1587
2014,184,
2015,184,
2016,184,
2017,184,
2018,184,
2019,184,
2020,184,
2008,185,
2009,185,8233
2010,185,9095
2011,185,11807
2012,185,16548
2013,185,26552
2014,185,29649
2015,185,31479
2016,185,28823
2017,185,30995
2018,185,38583
2019,185,18508
2020,185,19181
2008,186,13651
2009,186,13570
2010,186,16921
2011,186,16511
2012,186,17866
2013,186,17515
2014,186,17271
2015,186,18933
2016,186,18945
2017,186,23282
2018,186,12710
2019,186,12943
2020,186,16496
2008,187,
2009,187,
2010,187,
2011,187,
2012,187,964
2013,187,8464
2014,187,9171
2015,187,4300
2016,187,3908
2017,187,2727
2018,187,2196
2019,187,1717
2020,187,1796
2008,188,
2009,188,
2010,188,473840
2011,188,477959
2012,188,421367
2013,188,408321
2014,188,414353
2015,188,423596
2016,188,422464
2017,188,426269
2018,188,424402
2019,188,434972
2020,188,437890
2008,189,
2009,189,
2010,189,
2011,189,
2012,189,
2013,189,1130327
2014,189,1117347
2015,189,1102281
2016,189,1096953
2017,189,1093089
2018,189,1089180
2019,189,1085528
2020,189,915594
2008,190,
2009,190,
2010,190,
2011,190,
2012,190,
2013,190,
2014,190,
2015,190,1338
2016,190,1127
2017,190,970
2018,190,717
2019,190,352
2020,190,282
2008,191,25429
2009,191,25999
2010,191,24498
2011,191,22310
2012,191,19939
2013,191,29612
2014,191,24610
2015,191,1496
2016,191,1407
2017,191,1403
2018,191,1962
2019,191,2332
2020,191,3194
2008,192,11989
2009,192,8979
2010,192,5188
2011,192,5171
2012,192,11199
2013,192,9125
2014,192,6993
2015,192,265
2016,192,261
2017,192,35
2018,192,30
2019,192,20
2020,192,11
2008,193,2255
2009,193,1265
2010,193,836
2011,193,461
2012,193,363
2013,193,298
2014,193,330
2015,193,381
2016,193,571
2017,193,666
2018,193,546
2019,193,423
2020,193,
2008,194,382457
2009,194,400165
2010,194,419253
2011,194,515368
2012,194,644683
2013,194,764305
2014,194,729492
2015,194,699735
2016,194,836450
2017,194,1080436
2018,194,1252019
2019,194,1739733
2020,194,1677927
2008,195,
2009,195,
2010,195,
2011,195,320
2012,195,309
2013,195,268
2014,195,392
2015,195,705
2016,195,521
2017,195,3865
2018,195,3581
2019,195,
2020,195,
2008,196,72877
2009,196,72691
2010,196,79038
2011,196,102826
2012,196,111155
2013,196,132000
2014,196,133312
2015,196,143072
2016,196,174445
2017,196,181657
2018,196,257437
2019,196,281218
2020,196,356507
2008,197,76309
2009,197,73290
2010,197,65791
2011,197,80324
2012,197,80480
2013,197,71333
2014,197,72769
2015,197,70744
2016,197,74792
2017,197,
2018,197,
2019,197,
2020,197,
2008,198,59731
2009,198,58432
2010,198,61229
2011,198,66563
2012,198,66544
2013,198,73857
2014,198,72298
2015,198,70148
2016,198,73323
2017,198,76804
2018,198,78001
2019,198,84692
2020,198,90000
2008,199,24099
2009,199,26056
2010,199,27606
2011,199,28290
2012,199,29059
2013,199,28959
2014,199,21758
2015,199,20793
2016,199,26610
2017,199,24934
2018,199,29952
2019,199,29205
2020,199,27759
2008,200,630755
2009,200,85187
2010,200,86808
2011,200,77385
2012,200,72849
2013,200,67792
2014,200,59990
2015,200,106724
2016,200,98749
2017,200,99067
2018,200,55608
2019,200,73631
2020,200,
2008,201,91931
2009,201,118174
2010,201,115816
2011,201,83022
2012,201,84762
2013,201,84131
2014,201,86848
2015,201,88475
2016,201,84625
2017,201,
2018,201,
2019,201,
2020,201,
2008,202,13420
2009,202,12678
2010,202,11526
2011,202,6561
2012,202,19866
2013,202,15370
2014,202,15079
2015,202,14692
2016,202,21296
2017,202,7332
2018,202,17751
2019,202,24380
2020,202,37653
2008,203,102899
2009,203,86703
2010,203,83877
2011,203,31507
2012,203,29379
2013,203,27979
2014,203,26749
2015,203,22637
2016,203,22066
2017,203,22464
2018,203,23524
2019,203,22997
2020,203,43172
2008,204,1371
2009,204,966
2010,204,1056
2011,204,1125
2012,204,1387
2013,204,3011
2014,204,3122
2015,204,10679
2016,204,10438
2017,204,9830
2018,204,7202
2019,204,5597
2020,204,5450
2008,205,66401
2009,205,66958
2010,205,68848
2011,205,73550
2012,205,74148
2013,205,74306
2014,205,72267
2015,205,71309
2016,205,79044
2017,205,242700
2018,205,244444
2019,205,
2020,205,
2008,206,10138
2009,206,12612
2010,206,13017
2011,206,31175
2012,206,33974
2013,206,31495
2014,206,29916
2015,206,28300
2016,206,
2017,206,
2018,206,
2019,206,
2020,206,
2008,207,2126
2009,207,9001
2010,207,9785
2011,207,12789
2012,207,12301
2013,207,11943
2014,207,19470
2015,207,20054
2016,207,19958
2017,207,22059
2018,207,
2019,207,
2020,207,
2008,208,0
2009,208,1305
2010,208,1078
2011,208,892
2012,208,1125
2013,208,984
2014,208,1215
2015,208,1551
2016,208,3069
2017,208,5269
2018,208,4704
2019,208,3279
2020,208,2147
2008,209,
2009,209,
2010,209,
2011,209,
2012,209,0
2013,209,5110
2014,209,6399
2015,209,7190
2016,209,17251
2017,209,21848
2018,209,39083
2019,209,54001
2020,209,74273
2008,210,
2009,210,
2010,210,
2011,210,
2012,210,
2013,210,
2014,210,955
2015,210,5881
2016,210,3855
2017,210,3909
2018,210,3994
2019,210,3882
2020,210,3735
2008,211,
2009,211,408
2010,211,281
2011,211,507
2012,211,1331
2013,211,1747
2014,211,4789
2015,211,4026
2016,211,3921
2017,211,4048
2018,211,4529
2019,211,6142
2020,211,6090
2008,212,
2009,212,
2010,212,1486
2011,212,1169
2012,212,1111
2013,212,2462
2014,212,4640
2015,212,9539
2016,212,18372
2017,212,16944
2018,212,14734
2019,212,13092
2020,212,13635
2008,213,
2009,213,
2010,213,8740
2011,213,9212
2012,213,8534
2013,213,8975
2014,213,10138
2015,213,10847
2016,213,11317
2017,213,
2018,213,
2019,213,
2020,213,
2008,214,
2009,214,
2010,214,
2011,214,
2012,214,
2013,214,1166
2014,214,2404
2015,214,11064
2016,214,14144
2017,214,13801
2018,214,20712
2019,214,21024
2020,214,21665
2008,215,
2009,215,
2010,215,
2011,215,172
2012,215,198
2013,215,147
2014,215,104
2015,215,307
2016,215,1715
2017,215,
2018,215,
2019,215,
2020,215,
2008,216,
2009,216,
2010,216,
2011,216,
2012,216,
2013,216,
2014,216,
2015,216,
2016,216,2979
2017,216,3851
2018,216,4382
2019,216,7438
2020,216,3236
2008,217,
2009,217,
2010,217,
2011,217,
2012,217,
2013,217,30829
2014,217,
2015,217,28522
2016,217,28626
2017,217,37416
2018,217,58301
2019,217,56900
2020,217,120518
2008,218,164727
2009,218,158962
2010,218,153215
2011,218,170429
2012,218,173844
2013,218,170230
2014,218,151058
2015,218,134353
2016,218,111993
2017,218,106709
2018,218,104918
2019,218,109676
2020,218,112042
2008,219,5262
2009,219,5300
2010,219,5312
2011,219,4837
2012,219,1346
2013,219,1358
2014,219,1403
2015,219,1426
2016,219,1527
2017,219,1473
2018,219,1781
2019,219,1248
2020,219,1143
2008,220,3274
2009,220,21033
2010,220,16213
2011,220,15227
2012,220,12804
2013,220,11488
2014,220,10943
2015,220,10721
2016,220,10371
2017,220,10379
2018,220,10392
2019,220,10392
2020,220,
2008,221,23968
2009,221,23834
2010,221,23061
2011,221,22696
2012,221,39823
2013,221,44071
2014,221,46073
2015,221,45956
2016,221,61262
2017,221,75422
2018,221,72735
2019,221,76926
2020,221,70877
2008,222,
2009,222,
2010,222,
2011,222,
2012,222,
2013,222,
2014,222,777
2015,222,741
2016,222,335
2017,222,428
2018,222,335
2019,222,302
2020,222,172
2008,223,
2009,223,
2010,223,
2011,223,
2012,223,
2013,223,
2014,223,
2015,223,9303
2016,223,7246
2017,223,5325
2018,223,
2019,223,
2020,223,
2008,224,
2009,224,
2010,224,
2011,224,
2012,224,
2013,224,
2014,224,
2015,224,
2016,224,
2017,224,
2018,224,
2019,224,
2020,224,
2008,225,
2009,225,
2010,225,49
2011,225,56
2012,225,54
2013,225,60
2014,225,60
2015,225,643
2016,225,641
2017,225,2736
2018,225,357
2019,225,0
2020,225,0
2008,226,22418
2009,226,22091
2010,226,21318
2011,226,21247
2012,226,21126
2013,226,21050
2014,226,20990
2015,226,20916
2016,226,20967
2017,226,21214
2018,226,21164
2019,226,21985
2020,226,26937
2008,227,
2009,227,
2010,227,
2011,227,567389
2012,227,524593
2013,227,1209726
2014,227,1191211
2015,227,1178465
2016,227,1156148
2017,227,1146268
2018,227,1207596
2019,227,1165630
2020,227,1108584
2008,228,1178
2009,228,241
2010,228,202
2011,228,148
2012,228,127
2013,228,86
2014,228,59
2015,228,423
2016,228,366
2017,228,322
2018,228,366
2019,228,224
2020,228,225
2008,229,
2009,229,
2010,229,
2011,229,5331
2012,229,5422
2013,229,6293
2014,229,7134
2015,229,12154
2016,229,17058
2017,229,17749
2018,229,19004
2019,229,
2020,229,
2008,230,
2009,230,
2010,230,
2011,230,
2012,230,77204
2013,230,76332
2014,230,75256
2015,230,74661
2016,230,74563
2017,230,74472
2018,230,76388
2019,230,75992
2020,230,76191
2008,231,12862
2009,231,13205
2010,231,12130
2011,231,11632
2012,231,9316
2013,231,9497
2014,231,10246
2015,231,10681
2016,231,8901
2017,231,4463
2018,231,3747
2019,231,4171
2020,231,4032
2008,232,94794
2009,232,94295
2010,232,93861
2011,232,73636
2012,232,74147
2013,232,73986
2014,232,76267
2015,232,75910
2016,232,92658
2017,232,91665
2018,232,91319
2019,232,91196
2020,232,109164
2008,233,150850
2009,233,143308
2010,233,141270
2011,233,138277
2012,233,565914
2013,233,556863
2014,233,572869
2015,233,626938
2016,233,679986
2017,233,715859
2018,233,749697
2019,233,2054147
2020,233,
2008,234,114399
2009,234,106170
2010,234,120328
2011,234,125922
2012,234,112853
2013,234,83233
2014,234,83735
2015,234,89682
2016,234,89715
2017,234,79968
2018,234,85369
2019,234,88905
2020,234,86775
2008,235,16479
2009,235,16101
2010,235,11086
2011,235,265
2012,235,67
2013,235,48
2014,235,29
2015,235,0
2016,235,0
2017,235,0
2018,235,0
2019,235,0
2020,235,
2008,236,1040
2009,236,1550
2010,236,1207
2011,236,690
2012,236,259
2013,236,329
2014,236,366
2015,236,178
2016,236,4
2017,236,
2018,236,4373
2019,236,4373
2020,236,4373
2008,237,90500
2009,237,93389
2010,237,107380
2011,237,87445
2012,237,148363
2013,237,149727
2014,237,150703
2015,237,146523
2016,237,219062
2017,237,335478
2018,237,366127
2019,237,456544
2020,237,557628
2008,238,71165
2009,238,82090
2010,238,59018
2011,238,54955
2012,238,100736
2013,238,96504
2014,238,107121
2015,238,152744
2016,238,213095
2017,238,213222
2018,238,263540
2019,238,275746
2020,238,287919
2008,239,2371
2009,239,2377
2010,239,3816
2011,239,3377
2012,239,4473
2013,239,4179
2014,239,3716
2015,239,3554
2016,239,2700
2017,239,2850
2018,239,15424
2019,239,13514
2020,239,9492
2008,240,39094
2009,240,50900
2010,240,52447
2011,240,65080
2012,240,60689
2013,240,44551
2014,240,49560
2015,240,51230
2016,240,63179
2017,240,67512
2018,240,71811
2019,240,100008
2020,240,100776
2008,241,3788
2009,241,3742
2010,241,3613
2011,241,3529
2012,241,3509
2013,241,3581
2014,241,3346
2015,241,3390
2016,241,3329
2017,241,3193
2018,241,3138
2019,241,3076
2020,241,2698
2008,242,2312901
2009,242,2322979
2010,242,2196006
2011,242,2154477
2012,242,2072978
2013,242,811053
2014,242,868296
2015,242,921346
2016,242,950607
2017,242,871607
2018,242,960887
2019,242,985792
2020,242,925179
2008,243,
2009,243,
2010,243,
2011,243,
2012,243,
2013,243,
2014,243,
2015,243,
2016,243,
2017,243,
2018,243,
2019,243,
2020,243,
2008,244,408279
2009,244,472044
2010,244,461008
2011,244,416613
2012,244,382940
2013,244,366823
2014,244,334388
2015,244,472260
2016,244,447392
2017,244,426619
2018,244,
2019,244,
2020,244,
2008,245,
2009,245,
2010,245,
2011,245,2024
2012,245,1842
2013,245,1828
2014,245,1904
2015,245,1872
2016,245,1835
2017,245,1790
2018,245,1788
2019,245,3921
2020,245,32725
2008,246,452962
2009,246,513550
2010,246,521358
2011,246,557597
2012,246,523881
2013,246,576911
2014,246,529394
2015,246,545000
2016,246,513000
2017,246,516000
2018,246,545000
2019,246,648000
2020,246,755000
2008,247,
2009,247,
2010,247,
2011,247,
2012,247,
2013,247,
2014,247,
2015,247,
2016,247,
2017,247,
2018,247,
2019,247,
2020,247,
2008,248,
2009,248,
2010,248,
2011,248,
2012,248,
2013,248,
2014,248,
2015,248,
2016,248,
2017,248,
2018,248,
2019,248,
2020,248,
2008,249,102424
2009,249,83462
2010,249,73876
2011,249,329782
2012,249,314883
2013,249,244778
2014,249,229711
2015,249,167134
2016,249,156583
2017,249,117233
2018,249,114768
2019,249,147559
2020,249,125921
2008,250,
2009,250,
2010,250,
2011,250,
2012,250,
2013,250,
2014,250,
2015,250,
2016,250,
2017,250,13654
2018,250,15044
2019,250,15096
2020,250,27524
2008,251,
2009,251,
2010,251,
2011,251,
2012,251,
2013,251,
2014,251,
2015,251,
2016,251,
2017,251,
2018,251,
2019,251,
2020,251,
2008,252,
2009,252,
2010,252,
2011,252,
2012,252,
2013,252,
2014,252,
2015,252,
2016,252,
2017,252,
2018,252,
2019,252,
2020,252,
2008,253,
2009,253,
2010,253,
2011,253,
2012,253,
2013,253,9159
2014,253,11408
2015,253,25825
2016,253,27540
2017,253,73160
2018,253,80061
2019,253,83179
2020,253,124875
2008,254,261
2009,254,849
2010,254,1011
2011,254,5122
2012,254,5108
2013,254,10541
2014,254,10688
2015,254,57932
2016,254,53874
2017,254,49611
2018,254,98641
2019,254,107282
2020,254,196217
2008,255,43
2009,255,34
2010,255,672
2011,255,
2012,255,
2013,255,67
2014,255,77
2015,255,67
2016,255,120
2017,255,123
2018,255,105
2019,255,100
2020,255,145
2008,256,
2009,256,
2010,256,
2011,256,
2012,256,
2013,256,
2014,256,
2015,256,
2016,256,
2017,256,
2018,256,
2019,256,
2020,256,
2008,257,
2009,257,
2010,257,
2011,257,
2012,257,
2013,257,32513
2014,257,23241
2015,257,21474
2016,257,24041
2017,257,28933
2018,257,35884
2019,257,43445
2020,257,47365
2008,258,
2009,258,
2010,258,
2011,258,
2012,258,
2013,258,
2014,258,
2015,258,
2016,258,2232
2017,258,2717
2018,258,12459
2019,258,30947
2020,258,85818
2008,259,
2009,259,
2010,259,
2011,259,
2012,259,
2013,259,
2014,259,
2015,259,
2016,259,
2017,259,
2018,259,
2019,259,
2020,259,
2008,260,
2009,260,
2010,260,
2011,260,
2012,260,
2013,260,
2014,260,
2015,260,
2016,260,
2017,260,
2018,260,
2019,260,
2020,260,
2008,261,
2009,261,
2010,261,
2011,261,
2012,261,
2013,261,
2014,261,
2015,261,
2016,261,
2017,261,
2018,261,
2019,261,
2020,261,
2008,262,
2009,262,
2010,262,
2011,262,
2012,262,
2013,262,131767
2014,262,124759
2015,262,122092
2016,262,123084
2017,262,124414
2018,262,122368
2019,262,171567
2020,262,175629
2008,263,3613750
2009,263,3428605
2010,263,2728437
2011,263,2018964
2012,263,416775
2013,263,29063
2014,263,121115
2015,263,111716
2016,263,317325
2017,263,306913
2018,263,296850
2019,263,
2020,263,
2008,264,177729
2009,264,171913
2010,264,163117
2011,264,166921
2012,264,152982
2013,264,162539
2014,264,182820
2015,264,193835
2016,264,199382
2017,264,214831
2018,264,206938
2019,264,203451
2020,264,205200
2008,265,
2009,265,
2010,265,
2011,265,
2012,265,22
2013,265,
2014,265,172
2015,265,1731
2016,265,11077
2017,265,18820
2018,265,18382
2019,265,19553
2020,265,18827
2008,266,
2009,266,
2010,266,
2011,266,
2012,266,
2013,266,
2014,266,
2015,266,19162
2016,266,26596
2017,266,39194
2018,266,39047
2019,266,40793
2020,266,58544
2008,267,
2009,267,
2010,267,
2011,267,
2012,267,
2013,267,
2014,267,
2015,267,
2016,267,
2017,267,
2018,267,
2019,267,
2020,267,
2008,268,
2009,268,
2010,268,
2011,268,
2012,268,
2013,268,
2014,268,
2015,268,
2016,268,
2017,268,
2018,268,
2019,268,
2020,268,
2008,269,
2009,269,
2010,269,
2011,269,
2012,269,
2013,269,
2014,269,
2015,269,4472000
2016,269,4487000
2017,269,4676561
2018,269,5431923
2019,269,6731989
2020,269,7060110
2008,270,
2009,270,
2010,270,
2011,270,
2012,270,
2013,270,
2014,270,
2015,270,
2016,270,985
2017,270,738
2018,270,492
2019,270,951
2020,270,990
2008,271,
2009,271,
2010,271,
2011,271,
2012,271,
2013,271,
2014,271,3715
2015,271,4537
2016,271,5807
2017,271,5332
2018,271,4993
2019,271,12798
2020,271,3636
2008,272,
2009,272,
2010,272,
2011,272,
2012,272,
2013,272,
2014,272,4
2015,272,2
2016,272,
2017,272,23
2018,272,64
2019,272,35
2020,272,65
2008,273,
2009,273,
2010,273,
2011,273,
2012,273,
2013,273,
2014,273,
2015,273,
2016,273,4590
2017,273,5899
2018,273,5845
2019,273,6555
2020,273,12057
2008,274,
2009,274,
2010,274,
2011,274,
2012,274,
2013,274,
2014,274,0
2015,274,0
2016,274,0
2017,274,24
2018,274,73
2019,274,188
2020,274,257
2008,275,
2009,275,
2010,275,
2011,275,
2012,275,
2013,275,1126
2014,275,941
2015,275,1009
2016,275,1813
2017,275,4917
2018,275,6418
2019,275,
2020,275,
2008,276,
2009,276,
2010,276,
2011,276,
2012,276,
2013,276,
2014,276,
2015,276,
2016,276,
2017,276,
2018,276,
2019,276,
2020,276,
2008,277,
2009,277,
2010,277,
2011,277,
2012,277,
2013,277,11967
2014,277,13270
2015,277,22266
2016,277,21993
2017,277,23309
2018,277,24812
2019,277,24529
2020,277,30237
2008,278,
2009,278,
2010,278,
2011,278,
2012,278,
2013,278,
2014,278,1823
2015,278,1886
2016,278,1439
2017,278,2152
2018,278,1639
2019,278,1329
2020,278,
2008,279,
2009,279,
2010,279,
2011,279,
2012,279,
2013,279,
2014,279,
2015,279,7827
2016,279,7083
2017,279,7113
2018,279,6444
2019,279,5819
2020,279,5178
2008,280,
2009,280,
2010,280,
2011,280,
2012,280,
2013,280,
2014,280,
2015,280,
2016,280,
2017,280,
2018,280,
2019,280,
2020,280,
2008,281,
2009,281,
2010,281,
2011,281,
2012,281,
2013,281,
2014,281,
2015,281,
2016,281,
2017,281,
2018,281,
2019,281,
2020,281,
2008,282,
2009,282,
2010,282,
2011,282,
2012,282,
2013,282,
2014,282,
2015,282,
2016,282,
2017,282,
2018,282,
2019,282,
2020,282,
2008,283,
2009,283,
2010,283,
2011,283,
2012,283,
2013,283,
2014,283,
2015,283,
2016,283,
2017,283,
2018,283,
2019,283,
2020,283,
2008,284,
2009,284,
2010,284,
2011,284,
2012,284,
2013,284,
2014,284,
2015,284,
2016,284,
2017,284,
2018,284,
2019,284,
2020,284,
2008,285,
2009,285,
2010,285,
2011,285,
2012,285,
2013,285,
2014,285,
2015,285,
2016,285,
2017,285,
2018,285,
2019,285,
2020,285,
2008,286,
2009,286,
2010,286,
2011,286,
2012,286,
2013,286,
2014,286,
2015,286,
2016,286,
2017,286,
2018,286,
2019,286,
2020,286,
2008,287,
2009,287,
2010,287,
2011,287,
2012,287,
2013,287,
2014,287,
2015,287,
2016,287,
2017,287,
2018,287,
2019,287,
2020,287,
2008,288,
2009,288,
2010,288,
2011,288,
2012,288,
2013,288,
2014,288,
2015,288,
2016,288,2480
2017,288,3207
2018,288,3156
2019,288,4644
2020,288,5304
2008,289,
2009,289,
2010,289,
2011,289,
2012,289,
2013,289,
2014,289,
2015,289,
2016,289,
2017,289,
2018,289,
2019,289,
2020,289,
2008,290,
2009,290,
2010,290,
2011,290,
2012,290,
2013,290,
2014,290,
2015,290,3996
2016,290,5163
2017,290,6773
2018,290,9820
2019,290,9275
2020,290,8512
2008,291,
2009,291,
2010,291,
2011,291,
2012,291,
2013,291,
2014,291,
2015,291,
2016,291,
2017,291,
2018,291,
2019,291,
2020,291,
2008,292,
2009,292,
2010,292,
2011,292,
2012,292,
2013,292,
2014,292,42
2015,292,692
2016,292,913
2017,292,16188
2018,292,17349
2019,292,17379
2020,292,15909
2008,293,
2009,293,
2010,293,
2011,293,
2012,293,323600
2013,293,318183
2014,293,316234
2015,293,309786
2016,293,311677
2017,293,178583
2018,293,177959
2019,293,183278
2020,293,186586
2008,294,
2009,294,
2010,294,
2011,294,
2012,294,1298
2013,294,1122
2014,294,2053
2015,294,2747
2016,294,25811
2017,294,26034
2018,294,26406
2019,294,35268
2020,294,36675
2008,295,
2009,295,
2010,295,
2011,295,
2012,295,
2013,295,
2014,295,
2015,295,
2016,295,
2017,295,
2018,295,
2019,295,
2020,295,
2008,296,
2009,296,
2010,296,
2011,296,
2012,296,
2013,296,
2014,296,
2015,296,134
2016,296,221
2017,296,3173
2018,296,4699
2019,296,5516
2020,296,4256
2008,297,
2009,297,
2010,297,
2011,297,
2012,297,
2013,297,
2014,297,
2015,297,748
2016,297,1397
2017,297,1094
2018,297,929
2019,297,784
2020,297,6465
2008,298,
2009,298,
2010,298,
2011,298,
2012,298,
2013,298,
2014,298,
2015,298,990
2016,298,777
2017,298,41059
2018,298,38032
2019,298,51973
2020,298,55689
2008,299,
2009,299,
2010,299,
2011,299,
2012,299,
2013,299,
2014,299,
2015,299,3140
2016,299,3418
2017,299,11019
2018,299,5566
2019,299,5702
2020,299,5514
2008,300,
2009,300,
2010,300,
2011,300,
2012,300,
2013,300,
2014,300,
2015,300,
2016,300,
2017,300,
2018,300,
2019,300,
2020,300,
2008,301,
2009,301,
2010,301,
2011,301,
2012,301,
2013,301,
2014,301,
2015,301,
2016,301,
2017,301,
2018,301,
2019,301,
2020,301,
2008,302,
2009,302,
2010,302,
2011,302,
2012,302,
2013,302,
2014,302,
2015,302,4679
2016,302,3514
2017,302,2278
2018,302,1498
2019,302,3399
2020,302,2616
2008,303,
2009,303,
2010,303,
2011,303,
2012,303,
2013,303,
2014,303,
2015,303,
2016,303,
2017,303,
2018,303,
2019,303,
2020,303,
2008,304,
2009,304,
2010,304,
2011,304,
2012,304,
2013,304,
2014,304,
2015,304,
2016,304,
2017,304,
2018,304,
2019,304,
2020,304,
2008,305,
2009,305,
2010,305,
2011,305,
2012,305,
2013,305,
2014,305,
2015,305,
2016,305,
2017,305,
2018,305,
2019,305,
2020,305,
2008,306,
2009,306,
2010,306,
2011,306,
2012,306,
2013,306,
2014,306,
2015,306,
2016,306,
2017,306,
2018,306,
2019,306,
2020,306,
2008,307,
2009,307,
2010,307,
2011,307,
2012,307,
2013,307,
2014,307,
2015,307,
2016,307,
2017,307,
2018,307,
2019,307,
2020,307,
2008,308,
2009,308,
2010,308,
2011,308,
2012,308,
2013,308,
2014,308,
2015,308,
2016,308,98
2017,308,98
2018,308,98
2019,308,1272
2020,308,1167
2008,309,
2009,309,
2010,309,
2011,309,
2012,309,
2013,309,
2014,309,
2015,309,
2016,309,
2017,309,
2018,309,
2019,309,
2020,309,
2008,310,
2009,310,
2010,310,
2011,310,
2012,310,
2013,310,
2014,310,
2015,310,
2016,310,
2017,310,
2018,310,
2019,310,
2020,310,
2008,311,
2009,311,
2010,311,
2011,311,
2012,311,
2013,311,
2014,311,
2015,311,
2016,311,
2017,311,
2018,311,
2019,311,
2020,311,
2008,312,
2009,312,
2010,312,
2011,312,
2012,312,
2013,312,
2014,312,
2015,312,
2016,312,
2017,312,
2018,312,
2019,312,
2020,312,
2008,313,
2009,313,
2010,313,
2011,313,
2012,313,
2013,313,
2014,313,
2015,313,
2016,313,
2017,313,
2018,313,
2019,313,
2020,313,
2008,314,
2009,314,
2010,314,
2011,314,
2012,314,
2013,314,
2014,314,
2015,314,
2016,314,
2017,314,
2018,314,
2019,314,
2020,314,
2008,315,
2009,315,
2010,315,
2011,315,
2012,315,
2013,315,
2014,315,
2015,315,
2016,315,
2017,315,
2018,315,
2019,315,
2020,315,
2008,316,
2009,316,
2010,316,
2011,316,
2012,316,
2013,316,
2014,316,
2015,316,
2016,316,
2017,316,
2018,316,
2019,316,
2020,316,
2008,317,
2009,317,
2010,317,
2011,317,
2012,317,
2013,317,
2014,317,
2015,317,
2016,317,
2017,317,
2018,317,
2019,317,
2020,317,
2008,318,
2009,318,
2010,318,
2011,318,
2012,318,
2013,318,
2014,318,
2015,318,
2016,318,
2017,318,
2018,318,
2019,318,
2020,318,
2008,319,
2009,319,
2010,319,
2011,319,
2012,319,
2013,319,
2014,319,
2015,319,
2016,319,
2017,319,
2018,319,
2019,319,
2020,319,
2008,320,
2009,320,
2010,320,
2011,320,
2012,320,
2013,320,
2014,320,
2015,320,
2016,320,114
2017,320,236
2018,320,867
2019,320,2404
2020,320,2659
2008,321,
2009,321,
2010,321,
2011,321,
2012,321,
2013,321,
2014,321,
2015,321,
2016,321,
2017,321,
2018,321,
2019,321,
2020,321,
2008,322,
2009,322,
2010,322,
2011,322,
2012,322,
2013,322,
2014,322,
2015,322,
2016,322,
2017,322,
2018,322,
2019,322,
2020,322,
2008,323,
2009,323,
2010,323,
2011,323,
2012,323,
2013,323,
2014,323,
2015,323,
2016,323,
2017,323,
2018,323,
2019,323,
2020,323,
2008,324,
2009,324,
2010,324,
2011,324,
2012,324,
2013,324,
2014,324,
2015,324,
2016,324,
2017,324,
2018,324,
2019,324,
2020,324,
2008,325,
2009,325,
2010,325,
2011,325,
2012,325,
2013,325,
2014,325,
2015,325,
2016,325,
2017,325,
2018,325,
2019,325,
2020,325,
